nanda_code,diagnosis_en,diagnosis_pt,classification,code,label_en,label_pt,edition,role,applicability,applicability_en,applicability_pt,confidence,verification_status,source_language,source_reference,source_page,review_date,notes
00004,Risk for infection,Risco de infecção,NIC,6540,Infection Control,Controle de Infecção,"Nursing Interventions Classification (NIC), 8th edition",primary,Compatibility primary selected for the diagnosis; consider alternative/context-specific links before finalising a care plan.,Compatibility primary selected for the diagnosis; consider alternative/context-specific links before finalising a care plan.,Mapeamento primário de compatibilidade selecionado para o diagnóstico; considerar vínculos alternativos/específicos ao contexto antes de finalizar o plano de cuidados.,high,curated_current_edition,es,Institutional Spanish NIC 8th edition source reviewed; current code/label cross-check against NIC 8th current classification listing; https://www.salusplay.com/blog/clasificacion-completa-intervenciones-enfermeria-nic-2024/,,2026-09-07,"Selection remains patient/context dependent; use the licensed classification definitions, activities/indicators and scales."
00004,Risk for infection,Risco de infecção,NOC,1924,Risk Control: Infectious Process,Controle de Risco: Processo Infeccioso,"Nursing Outcomes Classification (NOC), 7th edition",primary,Compatibility primary selected for the diagnosis; consider alternative/context-specific links before finalising a care plan.,Compatibility primary selected for the diagnosis; consider alternative/context-specific links before finalising a care plan.,Mapeamento primário de compatibilidade selecionado para o diagnóstico; considerar vínculos alternativos/específicos ao contexto antes de finalizar o plano de cuidados.,high,curated_current_edition,es,Institutional Spanish NOC 7th edition source reviewed; current code/label cross-check against NOC 7th current classification listing; https://www.salusplay.com/apuntes/pae-y-diagnosticos-de-enfermeria-nanda-noc-y-nic/anexo-2-clasificacion-completa-de-resultados-de-enfermeria-noc-2024-8,,2026-09-07,"Selection remains patient/context dependent; use the licensed classification definitions, activities/indicators and scales."
00007,Hyperthermia,Hipertermia,NIC,3900,Temperature Regulation,Regulação da Temperatura,"Nursing Interventions Classification (NIC), 8th edition",primary,Compatibility primary selected for the diagnosis; consider alternative/context-specific links before finalising a care plan.,Compatibility primary selected for the diagnosis; consider alternative/context-specific links before finalising a care plan.,Mapeamento primário de compatibilidade selecionado para o diagnóstico; considerar vínculos alternativos/específicos ao contexto antes de finalizar o plano de cuidados.,high,curated_current_edition,es,Institutional Spanish NIC 8th edition source reviewed; current code/label cross-check against NIC 8th current classification listing; https://www.salusplay.com/blog/clasificacion-completa-intervenciones-enfermeria-nic-2024/,,2026-09-07,"Selection remains patient/context dependent; use the licensed classification definitions, activities/indicators and scales."
00007,Hyperthermia,Hipertermia,NOC,0800,Thermoregulation,Termorregulação,"Nursing Outcomes Classification (NOC), 7th edition",primary,Compatibility primary selected for the diagnosis; consider alternative/context-specific links before finalising a care plan.,Compatibility primary selected for the diagnosis; consider alternative/context-specific links before finalising a care plan.,Mapeamento primário de compatibilidade selecionado para o diagnóstico; considerar vínculos alternativos/específicos ao contexto antes de finalizar o plano de cuidados.,high,curated_current_edition,es,Institutional Spanish NOC 7th edition source reviewed; current code/label cross-check against NOC 7th current classification listing; https://www.salusplay.com/apuntes/pae-y-diagnosticos-de-enfermeria-nanda-noc-y-nic/anexo-2-clasificacion-completa-de-resultados-de-enfermeria-noc-2024-8,,2026-09-07,"Selection remains patient/context dependent; use the licensed classification definitions, activities/indicators and scales."
00008,Ineffective thermoregulation,Termorregulação ineficaz,NIC,3900,Temperature Regulation,Regulação da Temperatura,"Nursing Interventions Classification (NIC), 8th edition",primary,Compatibility primary selected for the diagnosis; consider alternative/context-specific links before finalising a care plan.,Compatibility primary selected for the diagnosis; consider alternative/context-specific links before finalising a care plan.,Mapeamento primário de compatibilidade selecionado para o diagnóstico; considerar vínculos alternativos/específicos ao contexto antes de finalizar o plano de cuidados.,high,curated_current_edition,es,Institutional Spanish NIC 8th edition source reviewed; current code/label cross-check against NIC 8th current classification listing; https://www.salusplay.com/blog/clasificacion-completa-intervenciones-enfermeria-nic-2024/,,2026-09-07,"Selection remains patient/context dependent; use the licensed classification definitions, activities/indicators and scales."
00008,Ineffective thermoregulation,Termorregulação ineficaz,NOC,0800,Thermoregulation,Termorregulação,"Nursing Outcomes Classification (NOC), 7th edition",primary,Compatibility primary selected for the diagnosis; consider alternative/context-specific links before finalising a care plan.,Compatibility primary selected for the diagnosis; consider alternative/context-specific links before finalising a care plan.,Mapeamento primário de compatibilidade selecionado para o diagnóstico; considerar vínculos alternativos/específicos ao contexto antes de finalizar o plano de cuidados.,high,curated_current_edition,es,Institutional Spanish NOC 7th edition source reviewed; current code/label cross-check against NOC 7th current classification listing; https://www.salusplay.com/apuntes/pae-y-diagnosticos-de-enfermeria-nanda-noc-y-nic/anexo-2-clasificacion-completa-de-resultados-de-enfermeria-noc-2024-8,,2026-09-07,"Selection remains patient/context dependent; use the licensed classification definitions, activities/indicators and scales."
00010,Risk for autonomic dysreflexia,Risco de disreflexia autonômica,NIC,2620,Neurologic Monitoring,Monitoração Neurológica,"Nursing Interventions Classification (NIC), 8th edition",primary,Compatibility primary selected for the diagnosis; consider alternative/context-specific links before finalising a care plan.,Compatibility primary selected for the diagnosis; consider alternative/context-specific links before finalising a care plan.,Mapeamento primário de compatibilidade selecionado para o diagnóstico; considerar vínculos alternativos/específicos ao contexto antes de finalizar o plano de cuidados.,high,curated_current_edition,es,Institutional Spanish NIC 8th edition source reviewed; current code/label cross-check against NIC 8th current classification listing; https://www.salusplay.com/blog/clasificacion-completa-intervenciones-enfermeria-nic-2024/,,2026-09-07,"Selection remains patient/context dependent; use the licensed classification definitions, activities/indicators and scales."
00010,Risk for autonomic dysreflexia,Risco de disreflexia autonômica,NOC,0910,Neurological Function: Autonomic,Função Neurológica: Autonômica,"Nursing Outcomes Classification (NOC), 7th edition",primary,Compatibility primary selected for the diagnosis; consider alternative/context-specific links before finalising a care plan.,Compatibility primary selected for the diagnosis; consider alternative/context-specific links before finalising a care plan.,Mapeamento primário de compatibilidade selecionado para o diagnóstico; considerar vínculos alternativos/específicos ao contexto antes de finalizar o plano de cuidados.,high,current_edition_verified,es,Institutional Spanish NOC 7th edition source reviewed; current code/label cross-check against NOC 7th current classification listing; https://www.salusplay.com/apuntes/pae-y-diagnosticos-de-enfermeria-nanda-noc-y-nic/anexo-2-clasificacion-completa-de-resultados-de-enfermeria-noc-2024-8,,2026-09-07,"Selection remains patient/context dependent; use the licensed classification definitions, activities/indicators and scales."
00016,Impaired urinary elimination,Eliminação urinária prejudicada,NIC,0590,Urinary Elimination Management,Controle da Eliminação Urinária,"Nursing Interventions Classification (NIC), 8th edition",primary,Compatibility primary selected for the diagnosis; consider alternative/context-specific links before finalising a care plan.,Compatibility primary selected for the diagnosis; consider alternative/context-specific links before finalising a care plan.,Mapeamento primário de compatibilidade selecionado para o diagnóstico; considerar vínculos alternativos/específicos ao contexto antes de finalizar o plano de cuidados.,high,curated_current_edition,es,Institutional Spanish NIC 8th edition source reviewed; current code/label cross-check against NIC 8th current classification listing; https://www.salusplay.com/blog/clasificacion-completa-intervenciones-enfermeria-nic-2024/,,2026-09-07,"Selection remains patient/context dependent; use the licensed classification definitions, activities/indicators and scales."
00016,Impaired urinary elimination,Eliminação urinária prejudicada,NOC,0503,Urinary Elimination,Eliminação Urinária,"Nursing Outcomes Classification (NOC), 7th edition",primary,Compatibility primary selected for the diagnosis; consider alternative/context-specific links before finalising a care plan.,Compatibility primary selected for the diagnosis; consider alternative/context-specific links before finalising a care plan.,Mapeamento primário de compatibilidade selecionado para o diagnóstico; considerar vínculos alternativos/específicos ao contexto antes de finalizar o plano de cuidados.,high,curated_current_edition,es,Institutional Spanish NOC 7th edition source reviewed; current code/label cross-check against NOC 7th current classification listing; https://www.salusplay.com/apuntes/pae-y-diagnosticos-de-enfermeria-nanda-noc-y-nic/anexo-2-clasificacion-completa-de-resultados-de-enfermeria-noc-2024-8,,2026-09-07,"Selection remains patient/context dependent; use the licensed classification definitions, activities/indicators and scales."
00017,Stress urinary incontinence,Incontinência urinária de esforço,NIC,0610,Urinary Incontinence Care,Cuidados na Incontinência Urinária,"Nursing Interventions Classification (NIC), 8th edition",primary,Compatibility primary selected for the diagnosis; consider alternative/context-specific links before finalising a care plan.,Compatibility primary selected for the diagnosis; consider alternative/context-specific links before finalising a care plan.,Mapeamento primário de compatibilidade selecionado para o diagnóstico; considerar vínculos alternativos/específicos ao contexto antes de finalizar o plano de cuidados.,high,curated_current_edition,es,Institutional Spanish NIC 8th edition source reviewed; current code/label cross-check against NIC 8th current classification listing; https://www.salusplay.com/blog/clasificacion-completa-intervenciones-enfermeria-nic-2024/,,2026-09-07,"Selection remains patient/context dependent; use the licensed classification definitions, activities/indicators and scales."
00017,Stress urinary incontinence,Incontinência urinária de esforço,NOC,0502,Urinary Continence,Continência Urinária,"Nursing Outcomes Classification (NOC), 7th edition",primary,Compatibility primary selected for the diagnosis; consider alternative/context-specific links before finalising a care plan.,Compatibility primary selected for the diagnosis; consider alternative/context-specific links before finalising a care plan.,Mapeamento primário de compatibilidade selecionado para o diagnóstico; considerar vínculos alternativos/específicos ao contexto antes de finalizar o plano de cuidados.,high,curated_current_edition,es,Institutional Spanish NOC 7th edition source reviewed; current code/label cross-check against NOC 7th current classification listing; https://www.salusplay.com/apuntes/pae-y-diagnosticos-de-enfermeria-nanda-noc-y-nic/anexo-2-clasificacion-completa-de-resultados-de-enfermeria-noc-2024-8,,2026-09-07,"Selection remains patient/context dependent; use the licensed classification definitions, activities/indicators and scales."
00019,Urge urinary incontinence,Incontinência urinária de urgência,NIC,0610,Urinary Incontinence Care,Cuidados na Incontinência Urinária,"Nursing Interventions Classification (NIC), 8th edition",primary,Compatibility primary selected for the diagnosis; consider alternative/context-specific links before finalising a care plan.,Compatibility primary selected for the diagnosis; consider alternative/context-specific links before finalising a care plan.,Mapeamento primário de compatibilidade selecionado para o diagnóstico; considerar vínculos alternativos/específicos ao contexto antes de finalizar o plano de cuidados.,high,curated_current_edition,es,Institutional Spanish NIC 8th edition source reviewed; current code/label cross-check against NIC 8th current classification listing; https://www.salusplay.com/blog/clasificacion-completa-intervenciones-enfermeria-nic-2024/,,2026-09-07,"Selection remains patient/context dependent; use the licensed classification definitions, activities/indicators and scales."
00019,Urge urinary incontinence,Incontinência urinária de urgência,NOC,0502,Urinary Continence,Continência Urinária,"Nursing Outcomes Classification (NOC), 7th edition",primary,Compatibility primary selected for the diagnosis; consider alternative/context-specific links before finalising a care plan.,Compatibility primary selected for the diagnosis; consider alternative/context-specific links before finalising a care plan.,Mapeamento primário de compatibilidade selecionado para o diagnóstico; considerar vínculos alternativos/específicos ao contexto antes de finalizar o plano de cuidados.,high,curated_current_edition,es,Institutional Spanish NOC 7th edition source reviewed; current code/label cross-check against NOC 7th current classification listing; https://www.salusplay.com/apuntes/pae-y-diagnosticos-de-enfermeria-nanda-noc-y-nic/anexo-2-clasificacion-completa-de-resultados-de-enfermeria-noc-2024-8,,2026-09-07,"Selection remains patient/context dependent; use the licensed classification definitions, activities/indicators and scales."
00022,Risk for urge urinary incontinence,Risco de incontinência urinária de urgência,NIC,0610,Urinary Incontinence Care,Cuidados na Incontinência Urinária,"Nursing Interventions Classification (NIC), 8th edition",primary,Compatibility primary selected for the diagnosis; consider alternative/context-specific links before finalising a care plan.,Compatibility primary selected for the diagnosis; consider alternative/context-specific links before finalising a care plan.,Mapeamento primário de compatibilidade selecionado para o diagnóstico; considerar vínculos alternativos/específicos ao contexto antes de finalizar o plano de cuidados.,high,curated_current_edition,es,Institutional Spanish NIC 8th edition source reviewed; current code/label cross-check against NIC 8th current classification listing; https://www.salusplay.com/blog/clasificacion-completa-intervenciones-enfermeria-nic-2024/,,2026-09-07,"Selection remains patient/context dependent; use the licensed classification definitions, activities/indicators and scales."
00022,Risk for urge urinary incontinence,Risco de incontinência urinária de urgência,NOC,0502,Urinary Continence,Continência Urinária,"Nursing Outcomes Classification (NOC), 7th edition",primary,Compatibility primary selected for the diagnosis; consider alternative/context-specific links before finalising a care plan.,Compatibility primary selected for the diagnosis; consider alternative/context-specific links before finalising a care plan.,Mapeamento primário de compatibilidade selecionado para o diagnóstico; considerar vínculos alternativos/específicos ao contexto antes de finalizar o plano de cuidados.,high,curated_current_edition,es,Institutional Spanish NOC 7th edition source reviewed; current code/label cross-check against NOC 7th current classification listing; https://www.salusplay.com/apuntes/pae-y-diagnosticos-de-enfermeria-nanda-noc-y-nic/anexo-2-clasificacion-completa-de-resultados-de-enfermeria-noc-2024-8,,2026-09-07,"Selection remains patient/context dependent; use the licensed classification definitions, activities/indicators and scales."
00026,Excessive fluid volume,Volume excessivo de fluido,NIC,4120,Fluid Management,Controle de Líquidos,"Nursing Interventions Classification (NIC), 8th edition",primary,Compatibility primary selected for the diagnosis; consider alternative/context-specific links before finalising a care plan.,Compatibility primary selected for the diagnosis; consider alternative/context-specific links before finalising a care plan.,Mapeamento primário de compatibilidade selecionado para o diagnóstico; considerar vínculos alternativos/específicos ao contexto antes de finalizar o plano de cuidados.,high,curated_current_edition,es,Institutional Spanish NIC 8th edition source reviewed; current code/label cross-check against NIC 8th current classification listing; https://www.salusplay.com/blog/clasificacion-completa-intervenciones-enfermeria-nic-2024/,,2026-09-07,"Selection remains patient/context dependent; use the licensed classification definitions, activities/indicators and scales."
00026,Excessive fluid volume,Volume excessivo de fluido,NOC,0603,Fluid Overload Severity,Gravidade da Sobrecarga Hídrica,"Nursing Outcomes Classification (NOC), 7th edition",primary,Compatibility primary selected for the diagnosis; consider alternative/context-specific links before finalising a care plan.,Compatibility primary selected for the diagnosis; consider alternative/context-specific links before finalising a care plan.,Mapeamento primário de compatibilidade selecionado para o diagnóstico; considerar vínculos alternativos/específicos ao contexto antes de finalizar o plano de cuidados.,high,curated_current_edition,es,Institutional Spanish NOC 7th edition source reviewed; current code/label cross-check against NOC 7th current classification listing; https://www.salusplay.com/apuntes/pae-y-diagnosticos-de-enfermeria-nanda-noc-y-nic/anexo-2-clasificacion-completa-de-resultados-de-enfermeria-noc-2024-8,,2026-09-07,"Selection remains patient/context dependent; use the licensed classification definitions, activities/indicators and scales."
00030,Impaired gas exchange,Troca gasosa prejudicada,NIC,3350,Respiratory Monitoring,Monitoração Respiratória,"Nursing Interventions Classification (NIC), 8th edition",primary,Compatibility primary selected for the diagnosis; consider alternative/context-specific links before finalising a care plan.,Compatibility primary selected for the diagnosis; consider alternative/context-specific links before finalising a care plan.,Mapeamento primário de compatibilidade selecionado para o diagnóstico; considerar vínculos alternativos/específicos ao contexto antes de finalizar o plano de cuidados.,high,curated_current_edition,es,Institutional Spanish NIC 8th edition source reviewed; current code/label cross-check against NIC 8th current classification listing; https://www.salusplay.com/blog/clasificacion-completa-intervenciones-enfermeria-nic-2024/,,2026-09-07,"Selection remains patient/context dependent; use the licensed classification definitions, activities/indicators and scales."
00030,Impaired gas exchange,Troca gasosa prejudicada,NOC,0402,Respiratory Status: Gas Exchange,Estado Respiratório: Troca Gasosa,"Nursing Outcomes Classification (NOC), 7th edition",primary,Compatibility primary selected for the diagnosis; consider alternative/context-specific links before finalising a care plan.,Compatibility primary selected for the diagnosis; consider alternative/context-specific links before finalising a care plan.,Mapeamento primário de compatibilidade selecionado para o diagnóstico; considerar vínculos alternativos/específicos ao contexto antes de finalizar o plano de cuidados.,high,curated_current_edition,es,Institutional Spanish NOC 7th edition source reviewed; current code/label cross-check against NOC 7th current classification listing; https://www.salusplay.com/apuntes/pae-y-diagnosticos-de-enfermeria-nanda-noc-y-nic/anexo-2-clasificacion-completa-de-resultados-de-enfermeria-noc-2024-8,,2026-09-07,"Selection remains patient/context dependent; use the licensed classification definitions, activities/indicators and scales."
00031,Ineffective airway clearance,Desobstrução ineficaz das vias aéreas,NIC,3250,Cough Enhancement,Melhora da Tosse,"Nursing Interventions Classification (NIC), 8th edition",primary,Compatibility primary selected for the diagnosis; consider alternative/context-specific links before finalising a care plan.,Compatibility primary selected for the diagnosis; consider alternative/context-specific links before finalising a care plan.,Mapeamento primário de compatibilidade selecionado para o diagnóstico; considerar vínculos alternativos/específicos ao contexto antes de finalizar o plano de cuidados.,high,curated_current_edition,es,Institutional Spanish NIC 8th edition source reviewed; current code/label cross-check against NIC 8th current classification listing; https://www.salusplay.com/blog/clasificacion-completa-intervenciones-enfermeria-nic-2024/,,2026-09-07,"Selection remains patient/context dependent; use the licensed classification definitions, activities/indicators and scales."
00031,Ineffective airway clearance,Desobstrução ineficaz das vias aéreas,NOC,0410,Respiratory Status: Airway Patency,Estado Respiratório: Permeabilidade das Vias Aéreas,"Nursing Outcomes Classification (NOC), 7th edition",primary,Compatibility primary selected for the diagnosis; consider alternative/context-specific links before finalising a care plan.,Compatibility primary selected for the diagnosis; consider alternative/context-specific links before finalising a care plan.,Mapeamento primário de compatibilidade selecionado para o diagnóstico; considerar vínculos alternativos/específicos ao contexto antes de finalizar o plano de cuidados.,high,curated_current_edition,es,Institutional Spanish NOC 7th edition source reviewed; current code/label cross-check against NOC 7th current classification listing; https://www.salusplay.com/apuntes/pae-y-diagnosticos-de-enfermeria-nanda-noc-y-nic/anexo-2-clasificacion-completa-de-resultados-de-enfermeria-noc-2024-8,,2026-09-07,"Selection remains patient/context dependent; use the licensed classification definitions, activities/indicators and scales."
00032,Ineffective breathing pattern,Padrão respiratório ineficaz,NIC,3390,Ventilation Assistance,Assistência Ventilatória,"Nursing Interventions Classification (NIC), 8th edition",primary,Compatibility primary selected for the diagnosis; consider alternative/context-specific links before finalising a care plan.,Compatibility primary selected for the diagnosis; consider alternative/context-specific links before finalising a care plan.,Mapeamento primário de compatibilidade selecionado para o diagnóstico; considerar vínculos alternativos/específicos ao contexto antes de finalizar o plano de cuidados.,high,curated_current_edition,es,Institutional Spanish NIC 8th edition source reviewed; current code/label cross-check against NIC 8th current classification listing; https://www.salusplay.com/blog/clasificacion-completa-intervenciones-enfermeria-nic-2024/,,2026-09-07,"Selection remains patient/context dependent; use the licensed classification definitions, activities/indicators and scales."
00032,Ineffective breathing pattern,Padrão respiratório ineficaz,NOC,0403,Respiratory Status: Ventilation,Estado Respiratório: Ventilação,"Nursing Outcomes Classification (NOC), 7th edition",primary,Compatibility primary selected for the diagnosis; consider alternative/context-specific links before finalising a care plan.,Compatibility primary selected for the diagnosis; consider alternative/context-specific links before finalising a care plan.,Mapeamento primário de compatibilidade selecionado para o diagnóstico; considerar vínculos alternativos/específicos ao contexto antes de finalizar o plano de cuidados.,high,curated_current_edition,es,Institutional Spanish NOC 7th edition source reviewed; current code/label cross-check against NOC 7th current classification listing; https://www.salusplay.com/apuntes/pae-y-diagnosticos-de-enfermeria-nanda-noc-y-nic/anexo-2-clasificacion-completa-de-resultados-de-enfermeria-noc-2024-8,,2026-09-07,"Selection remains patient/context dependent; use the licensed classification definitions, activities/indicators and scales."
00033,Impaired spontaneous ventilation,Ventilação espontânea prejudicada,NIC,3390,Ventilation Assistance,Assistência Ventilatória,"Nursing Interventions Classification (NIC), 8th edition",primary,Compatibility primary selected for the diagnosis; consider alternative/context-specific links before finalising a care plan.,Compatibility primary selected for the diagnosis; consider alternative/context-specific links before finalising a care plan.,Mapeamento primário de compatibilidade selecionado para o diagnóstico; considerar vínculos alternativos/específicos ao contexto antes de finalizar o plano de cuidados.,high,curated_current_edition,es,Institutional Spanish NIC 8th edition source reviewed; current code/label cross-check against NIC 8th current classification listing; https://www.salusplay.com/blog/clasificacion-completa-intervenciones-enfermeria-nic-2024/,,2026-09-07,"Selection remains patient/context dependent; use the licensed classification definitions, activities/indicators and scales."
00033,Impaired spontaneous ventilation,Ventilação espontânea prejudicada,NOC,0403,Respiratory Status: Ventilation,Estado Respiratório: Ventilação,"Nursing Outcomes Classification (NOC), 7th edition",primary,Compatibility primary selected for the diagnosis; consider alternative/context-specific links before finalising a care plan.,Compatibility primary selected for the diagnosis; consider alternative/context-specific links before finalising a care plan.,Mapeamento primário de compatibilidade selecionado para o diagnóstico; considerar vínculos alternativos/específicos ao contexto antes de finalizar o plano de cuidados.,high,curated_current_edition,es,Institutional Spanish NOC 7th edition source reviewed; current code/label cross-check against NOC 7th current classification listing; https://www.salusplay.com/apuntes/pae-y-diagnosticos-de-enfermeria-nanda-noc-y-nic/anexo-2-clasificacion-completa-de-resultados-de-enfermeria-noc-2024-8,,2026-09-07,"Selection remains patient/context dependent; use the licensed classification definitions, activities/indicators and scales."
00039,Risk for aspiration,Risco de aspiração,NIC,3200,Aspiration Precautions,Precauções contra Aspiração,"Nursing Interventions Classification (NIC), 8th edition",primary,Compatibility primary selected for the diagnosis; consider alternative/context-specific links before finalising a care plan.,Compatibility primary selected for the diagnosis; consider alternative/context-specific links before finalising a care plan.,Mapeamento primário de compatibilidade selecionado para o diagnóstico; considerar vínculos alternativos/específicos ao contexto antes de finalizar o plano de cuidados.,high,curated_current_edition,es,Institutional Spanish NIC 8th edition source reviewed; current code/label cross-check against NIC 8th current classification listing; https://www.salusplay.com/blog/clasificacion-completa-intervenciones-enfermeria-nic-2024/,,2026-09-07,"Selection remains patient/context dependent; use the licensed classification definitions, activities/indicators and scales."
00039,Risk for aspiration,Risco de aspiração,NOC,0410,Respiratory Status: Airway Patency,Estado Respiratório: Permeabilidade das Vias Aéreas,"Nursing Outcomes Classification (NOC), 7th edition",primary,Compatibility primary selected for the diagnosis; consider alternative/context-specific links before finalising a care plan.,Compatibility primary selected for the diagnosis; consider alternative/context-specific links before finalising a care plan.,Mapeamento primário de compatibilidade selecionado para o diagnóstico; considerar vínculos alternativos/específicos ao contexto antes de finalizar o plano de cuidados.,high,curated_current_edition,es,Institutional Spanish NOC 7th edition source reviewed; current code/label cross-check against NOC 7th current classification listing; https://www.salusplay.com/apuntes/pae-y-diagnosticos-de-enfermeria-nanda-noc-y-nic/anexo-2-clasificacion-completa-de-resultados-de-enfermeria-noc-2024-8,,2026-09-07,"Selection remains patient/context dependent; use the licensed classification definitions, activities/indicators and scales."
00042,Risk for latex allergy reaction,Risco de reação alérgica ao látex,NIC,6570,Latex Precautions,Precauções com Látex,"Nursing Interventions Classification (NIC), 8th edition",primary,Compatibility primary selected for the diagnosis; consider alternative/context-specific links before finalising a care plan.,Compatibility primary selected for the diagnosis; consider alternative/context-specific links before finalising a care plan.,Mapeamento primário de compatibilidade selecionado para o diagnóstico; considerar vínculos alternativos/específicos ao contexto antes de finalizar o plano de cuidados.,high,curated_current_edition,es,Institutional Spanish NIC 8th edition source reviewed; current code/label cross-check against NIC 8th current classification listing; https://www.salusplay.com/blog/clasificacion-completa-intervenciones-enfermeria-nic-2024/,,2026-09-07,"Selection remains patient/context dependent; use the licensed classification definitions, activities/indicators and scales."
00042,Risk for latex allergy reaction,Risco de reação alérgica ao látex,NOC,0707,Immune Hypersensitivity Response,Resposta de Hipersensibilidade Imunológica,"Nursing Outcomes Classification (NOC), 7th edition",primary,Compatibility primary selected for the diagnosis; consider alternative/context-specific links before finalising a care plan.,Compatibility primary selected for the diagnosis; consider alternative/context-specific links before finalising a care plan.,Mapeamento primário de compatibilidade selecionado para o diagnóstico; considerar vínculos alternativos/específicos ao contexto antes de finalizar o plano de cuidados.,high,curated_current_edition,es,Institutional Spanish NOC 7th edition source reviewed; current code/label cross-check against NOC 7th current classification listing; https://www.salusplay.com/apuntes/pae-y-diagnosticos-de-enfermeria-nanda-noc-y-nic/anexo-2-clasificacion-completa-de-resultados-de-enfermeria-noc-2024-8,,2026-09-07,"Selection remains patient/context dependent; use the licensed classification definitions, activities/indicators and scales."
00044,Impaired tissue integrity,Integridade tecidual comprometida,NIC,3660,Wound Care,Cuidados com Feridas,"Nursing Interventions Classification (NIC), 8th edition",primary,Compatibility primary selected for the diagnosis; consider alternative/context-specific links before finalising a care plan.,Compatibility primary selected for the diagnosis; consider alternative/context-specific links before finalising a care plan.,Mapeamento primário de compatibilidade selecionado para o diagnóstico; considerar vínculos alternativos/específicos ao contexto antes de finalizar o plano de cuidados.,high,curated_current_edition,es,Institutional Spanish NIC 8th edition source reviewed; current code/label cross-check against NIC 8th current classification listing; https://www.salusplay.com/blog/clasificacion-completa-intervenciones-enfermeria-nic-2024/,,2026-09-07,"Selection remains patient/context dependent; use the licensed classification definitions, activities/indicators and scales."
00044,Impaired tissue integrity,Integridade tecidual comprometida,NOC,1101,Tissue Integrity: Skin & Mucous Membranes,Integridade Tissular: Pele e Mucosas,"Nursing Outcomes Classification (NOC), 7th edition",primary,Compatibility primary selected for the diagnosis; consider alternative/context-specific links before finalising a care plan.,Compatibility primary selected for the diagnosis; consider alternative/context-specific links before finalising a care plan.,Mapeamento primário de compatibilidade selecionado para o diagnóstico; considerar vínculos alternativos/específicos ao contexto antes de finalizar o plano de cuidados.,high,curated_current_edition,es,Institutional Spanish NOC 7th edition source reviewed; current code/label cross-check against NOC 7th current classification listing; https://www.salusplay.com/apuntes/pae-y-diagnosticos-de-enfermeria-nanda-noc-y-nic/anexo-2-clasificacion-completa-de-resultados-de-enfermeria-noc-2024-8,,2026-09-07,"Selection remains patient/context dependent; use the licensed classification definitions, activities/indicators and scales."
00045,Impaired oral mucous membrane integrity,Integridade da membrana mucosa oral comprometida,NIC,1710,Oral Health Maintenance,Manutenção da Saúde Oral,"Nursing Interventions Classification (NIC), 8th edition",primary,Compatibility primary selected for the diagnosis; consider alternative/context-specific links before finalising a care plan.,Compatibility primary selected for the diagnosis; consider alternative/context-specific links before finalising a care plan.,Mapeamento primário de compatibilidade selecionado para o diagnóstico; considerar vínculos alternativos/específicos ao contexto antes de finalizar o plano de cuidados.,high,curated_current_edition,es,Institutional Spanish NIC 8th edition source reviewed; current code/label cross-check against NIC 8th current classification listing; https://www.salusplay.com/blog/clasificacion-completa-intervenciones-enfermeria-nic-2024/,,2026-09-07,"Selection remains patient/context dependent; use the licensed classification definitions, activities/indicators and scales."
00045,Impaired oral mucous membrane integrity,Integridade da membrana mucosa oral comprometida,NOC,1101,Tissue Integrity: Skin & Mucous Membranes,Integridade Tissular: Pele e Mucosas,"Nursing Outcomes Classification (NOC), 7th edition",primary,Compatibility primary selected for the diagnosis; consider alternative/context-specific links before finalising a care plan.,Compatibility primary selected for the diagnosis; consider alternative/context-specific links before finalising a care plan.,Mapeamento primário de compatibilidade selecionado para o diagnóstico; considerar vínculos alternativos/específicos ao contexto antes de finalizar o plano de cuidados.,high,curated_current_edition,es,Institutional Spanish NOC 7th edition source reviewed; current code/label cross-check against NOC 7th current classification listing; https://www.salusplay.com/apuntes/pae-y-diagnosticos-de-enfermeria-nanda-noc-y-nic/anexo-2-clasificacion-completa-de-resultados-de-enfermeria-noc-2024-8,,2026-09-07,"Selection remains patient/context dependent; use the licensed classification definitions, activities/indicators and scales."
00046,Impaired skin integrity,Integridade da pele comprometida,NIC,3660,Wound Care,Cuidados com Feridas,"Nursing Interventions Classification (NIC), 8th edition",primary,Compatibility primary selected for the diagnosis; consider alternative/context-specific links before finalising a care plan.,Compatibility primary selected for the diagnosis; consider alternative/context-specific links before finalising a care plan.,Mapeamento primário de compatibilidade selecionado para o diagnóstico; considerar vínculos alternativos/específicos ao contexto antes de finalizar o plano de cuidados.,high,curated_current_edition,es,Institutional Spanish NIC 8th edition source reviewed; current code/label cross-check against NIC 8th current classification listing; https://www.salusplay.com/blog/clasificacion-completa-intervenciones-enfermeria-nic-2024/,,2026-09-07,"Selection remains patient/context dependent; use the licensed classification definitions, activities/indicators and scales."
00046,Impaired skin integrity,Integridade da pele comprometida,NOC,1101,Tissue Integrity: Skin & Mucous Membranes,Integridade Tissular: Pele e Mucosas,"Nursing Outcomes Classification (NOC), 7th edition",primary,Compatibility primary selected for the diagnosis; consider alternative/context-specific links before finalising a care plan.,Compatibility primary selected for the diagnosis; consider alternative/context-specific links before finalising a care plan.,Mapeamento primário de compatibilidade selecionado para o diagnóstico; considerar vínculos alternativos/específicos ao contexto antes de finalizar o plano de cuidados.,high,curated_current_edition,es,Institutional Spanish NOC 7th edition source reviewed; current code/label cross-check against NOC 7th current classification listing; https://www.salusplay.com/apuntes/pae-y-diagnosticos-de-enfermeria-nanda-noc-y-nic/anexo-2-clasificacion-completa-de-resultados-de-enfermeria-noc-2024-8,,2026-09-07,"Selection remains patient/context dependent; use the licensed classification definitions, activities/indicators and scales."
00047,Risk for impaired skin integrity,Risco de integridade da pele comprometida,NIC,3590,Skin Surveillance,Supervisão da Pele,"Nursing Interventions Classification (NIC), 8th edition",primary,Compatibility primary selected for the diagnosis; consider alternative/context-specific links before finalising a care plan.,Compatibility primary selected for the diagnosis; consider alternative/context-specific links before finalising a care plan.,Mapeamento primário de compatibilidade selecionado para o diagnóstico; considerar vínculos alternativos/específicos ao contexto antes de finalizar o plano de cuidados.,high,curated_current_edition,es,Institutional Spanish NIC 8th edition source reviewed; current code/label cross-check against NIC 8th current classification listing; https://www.salusplay.com/blog/clasificacion-completa-intervenciones-enfermeria-nic-2024/,,2026-09-07,"Selection remains patient/context dependent; use the licensed classification definitions, activities/indicators and scales."
00047,Risk for impaired skin integrity,Risco de integridade da pele comprometida,NOC,1902,Risk Control,Controle de Risco,"Nursing Outcomes Classification (NOC), 7th edition",primary,Compatibility primary selected for the diagnosis; consider alternative/context-specific links before finalising a care plan.,Compatibility primary selected for the diagnosis; consider alternative/context-specific links before finalising a care plan.,Mapeamento primário de compatibilidade selecionado para o diagnóstico; considerar vínculos alternativos/específicos ao contexto antes de finalizar o plano de cuidados.,high,curated_current_edition,es,Institutional Spanish NOC 7th edition source reviewed; current code/label cross-check against NOC 7th current classification listing; https://www.salusplay.com/apuntes/pae-y-diagnosticos-de-enfermeria-nanda-noc-y-nic/anexo-2-clasificacion-completa-de-resultados-de-enfermeria-noc-2024-8,,2026-09-07,"Selection remains patient/context dependent; use the licensed classification definitions, activities/indicators and scales."
00051,Impaired verbal communication,Comunicação verbal prejudicada,NIC,4976,Communication Enhancement: Speech Deficit,Melhora da Comunicação: Déficit da Fala,"Nursing Interventions Classification (NIC), 8th edition",primary,Compatibility primary selected for the diagnosis; consider alternative/context-specific links before finalising a care plan.,Compatibility primary selected for the diagnosis; consider alternative/context-specific links before finalising a care plan.,Mapeamento primário de compatibilidade selecionado para o diagnóstico; considerar vínculos alternativos/específicos ao contexto antes de finalizar o plano de cuidados.,high,curated_current_edition,es,Institutional Spanish NIC 8th edition source reviewed; current code/label cross-check against NIC 8th current classification listing; https://www.salusplay.com/blog/clasificacion-completa-intervenciones-enfermeria-nic-2024/,,2026-09-07,"Selection remains patient/context dependent; use the licensed classification definitions, activities/indicators and scales."
00051,Impaired verbal communication,Comunicação verbal prejudicada,NOC,0902,Communication,Comunicação,"Nursing Outcomes Classification (NOC), 7th edition",primary,Compatibility primary selected for the diagnosis; consider alternative/context-specific links before finalising a care plan.,Compatibility primary selected for the diagnosis; consider alternative/context-specific links before finalising a care plan.,Mapeamento primário de compatibilidade selecionado para o diagnóstico; considerar vínculos alternativos/específicos ao contexto antes de finalizar o plano de cuidados.,high,curated_current_edition,es,Institutional Spanish NOC 7th edition source reviewed; current code/label cross-check against NOC 7th current classification listing; https://www.salusplay.com/apuntes/pae-y-diagnosticos-de-enfermeria-nanda-noc-y-nic/anexo-2-clasificacion-completa-de-resultados-de-enfermeria-noc-2024-8,,2026-09-07,"Selection remains patient/context dependent; use the licensed classification definitions, activities/indicators and scales."
00052,Impaired social interaction,Interação social prejudicada,NIC,5100,Socialization Enhancement,Melhora da Socialização,"Nursing Interventions Classification (NIC), 8th edition",primary,Compatibility primary selected for the diagnosis; consider alternative/context-specific links before finalising a care plan.,Compatibility primary selected for the diagnosis; consider alternative/context-specific links before finalising a care plan.,Mapeamento primário de compatibilidade selecionado para o diagnóstico; considerar vínculos alternativos/específicos ao contexto antes de finalizar o plano de cuidados.,high,curated_current_edition,es,Institutional Spanish NIC 8th edition source reviewed; current code/label cross-check against NIC 8th current classification listing; https://www.salusplay.com/blog/clasificacion-completa-intervenciones-enfermeria-nic-2024/,,2026-09-07,"Selection remains patient/context dependent; use the licensed classification definitions, activities/indicators and scales."
00052,Impaired social interaction,Interação social prejudicada,NOC,1502,Social Interaction Skills,Habilidades de Interação Social,"Nursing Outcomes Classification (NOC), 7th edition",primary,Compatibility primary selected for the diagnosis; consider alternative/context-specific links before finalising a care plan.,Compatibility primary selected for the diagnosis; consider alternative/context-specific links before finalising a care plan.,Mapeamento primário de compatibilidade selecionado para o diagnóstico; considerar vínculos alternativos/específicos ao contexto antes de finalizar o plano de cuidados.,high,curated_current_edition,es,Institutional Spanish NOC 7th edition source reviewed; current code/label cross-check against NOC 7th current classification listing; https://www.salusplay.com/apuntes/pae-y-diagnosticos-de-enfermeria-nanda-noc-y-nic/anexo-2-clasificacion-completa-de-resultados-de-enfermeria-noc-2024-8,,2026-09-07,"Selection remains patient/context dependent; use the licensed classification definitions, activities/indicators and scales."
00055,Ineffective role performance,Desempenho de função ineficaz,NIC,5370,Role Enhancement,Melhora do Papel,"Nursing Interventions Classification (NIC), 8th edition",primary,Compatibility primary selected for the diagnosis; consider alternative/context-specific links before finalising a care plan.,Compatibility primary selected for the diagnosis; consider alternative/context-specific links before finalising a care plan.,Mapeamento primário de compatibilidade selecionado para o diagnóstico; considerar vínculos alternativos/específicos ao contexto antes de finalizar o plano de cuidados.,high,curated_current_edition,es,Institutional Spanish NIC 8th edition source reviewed; current code/label cross-check against NIC 8th current classification listing; https://www.salusplay.com/blog/clasificacion-completa-intervenciones-enfermeria-nic-2024/,,2026-09-07,"Selection remains patient/context dependent; use the licensed classification definitions, activities/indicators and scales."
00055,Ineffective role performance,Desempenho de função ineficaz,NOC,1501,Role Performance,Desempenho de Papel,"Nursing Outcomes Classification (NOC), 7th edition",primary,Compatibility primary selected for the diagnosis; consider alternative/context-specific links before finalising a care plan.,Compatibility primary selected for the diagnosis; consider alternative/context-specific links before finalising a care plan.,Mapeamento primário de compatibilidade selecionado para o diagnóstico; considerar vínculos alternativos/específicos ao contexto antes de finalizar o plano de cuidados.,high,curated_current_edition,es,Institutional Spanish NOC 7th edition source reviewed; current code/label cross-check against NOC 7th current classification listing; https://www.salusplay.com/apuntes/pae-y-diagnosticos-de-enfermeria-nanda-noc-y-nic/anexo-2-clasificacion-completa-de-resultados-de-enfermeria-noc-2024-8,,2026-09-07,"Selection remains patient/context dependent; use the licensed classification definitions, activities/indicators and scales."
00068,Readiness for enhanced spiritual well-being,Prontidão para um maior bem-estar espiritual,NIC,5420,Spiritual Support,Apoio Espiritual,"Nursing Interventions Classification (NIC), 8th edition",primary,Compatibility primary selected for the diagnosis; consider alternative/context-specific links before finalising a care plan.,Compatibility primary selected for the diagnosis; consider alternative/context-specific links before finalising a care plan.,Mapeamento primário de compatibilidade selecionado para o diagnóstico; considerar vínculos alternativos/específicos ao contexto antes de finalizar o plano de cuidados.,high,curated_current_edition,es,Institutional Spanish NIC 8th edition source reviewed; current code/label cross-check against NIC 8th current classification listing; https://www.salusplay.com/blog/clasificacion-completa-intervenciones-enfermeria-nic-2024/,,2026-09-07,"Selection remains patient/context dependent; use the licensed classification definitions, activities/indicators and scales."
00068,Readiness for enhanced spiritual well-being,Prontidão para um maior bem-estar espiritual,NOC,2001,Spiritual Health,Saúde Espiritual,"Nursing Outcomes Classification (NOC), 7th edition",primary,Compatibility primary selected for the diagnosis; consider alternative/context-specific links before finalising a care plan.,Compatibility primary selected for the diagnosis; consider alternative/context-specific links before finalising a care plan.,Mapeamento primário de compatibilidade selecionado para o diagnóstico; considerar vínculos alternativos/específicos ao contexto antes de finalizar o plano de cuidados.,high,curated_current_edition,es,Institutional Spanish NOC 7th edition source reviewed; current code/label cross-check against NOC 7th current classification listing; https://www.salusplay.com/apuntes/pae-y-diagnosticos-de-enfermeria-nanda-noc-y-nic/anexo-2-clasificacion-completa-de-resultados-de-enfermeria-noc-2024-8,,2026-09-07,"Selection remains patient/context dependent; use the licensed classification definitions, activities/indicators and scales."
00075,Readiness for enhanced family coping,Prontidão para um melhor enfrentamento familiar,NIC,7140,Family Support,Apoio Familiar,"Nursing Interventions Classification (NIC), 8th edition",primary,Compatibility primary selected for the diagnosis; consider alternative/context-specific links before finalising a care plan.,Compatibility primary selected for the diagnosis; consider alternative/context-specific links before finalising a care plan.,Mapeamento primário de compatibilidade selecionado para o diagnóstico; considerar vínculos alternativos/específicos ao contexto antes de finalizar o plano de cuidados.,high,curated_current_edition,es,Institutional Spanish NIC 8th edition source reviewed; current code/label cross-check against NIC 8th current classification listing; https://www.salusplay.com/blog/clasificacion-completa-intervenciones-enfermeria-nic-2024/,,2026-09-07,"Selection remains patient/context dependent; use the licensed classification definitions, activities/indicators and scales."
00075,Readiness for enhanced family coping,Prontidão para um melhor enfrentamento familiar,NOC,2600,Family Coping,Enfrentamento Familiar,"Nursing Outcomes Classification (NOC), 7th edition",primary,Compatibility primary selected for the diagnosis; consider alternative/context-specific links before finalising a care plan.,Compatibility primary selected for the diagnosis; consider alternative/context-specific links before finalising a care plan.,Mapeamento primário de compatibilidade selecionado para o diagnóstico; considerar vínculos alternativos/específicos ao contexto antes de finalizar o plano de cuidados.,high,curated_current_edition,es,Institutional Spanish NOC 7th edition source reviewed; current code/label cross-check against NOC 7th current classification listing; https://www.salusplay.com/apuntes/pae-y-diagnosticos-de-enfermeria-nanda-noc-y-nic/anexo-2-clasificacion-completa-de-resultados-de-enfermeria-noc-2024-8,,2026-09-07,"Selection remains patient/context dependent; use the licensed classification definitions, activities/indicators and scales."
00076,Readiness for enhanced community coping,Prontidão para uma melhor adaptação à comunidade,NIC,8500,Community Health Development,Desenvolvimento da Saúde Comunitária,"Nursing Interventions Classification (NIC), 8th edition",primary,Compatibility primary selected for the diagnosis; consider alternative/context-specific links before finalising a care plan.,Compatibility primary selected for the diagnosis; consider alternative/context-specific links before finalising a care plan.,Mapeamento primário de compatibilidade selecionado para o diagnóstico; considerar vínculos alternativos/específicos ao contexto antes de finalizar o plano de cuidados.,high,curated_current_edition,es,Institutional Spanish NIC 8th edition source reviewed; current code/label cross-check against NIC 8th current classification listing; https://www.salusplay.com/blog/clasificacion-completa-intervenciones-enfermeria-nic-2024/,,2026-09-07,"Selection remains patient/context dependent; use the licensed classification definitions, activities/indicators and scales."
00076,Readiness for enhanced community coping,Prontidão para uma melhor adaptação à comunidade,NOC,2704,Community Resilience,Resiliência da Comunidade,"Nursing Outcomes Classification (NOC), 7th edition",primary,Compatibility primary selected for the diagnosis; consider alternative/context-specific links before finalising a care plan.,Compatibility primary selected for the diagnosis; consider alternative/context-specific links before finalising a care plan.,Mapeamento primário de compatibilidade selecionado para o diagnóstico; considerar vínculos alternativos/específicos ao contexto antes de finalizar o plano de cuidados.,high,current_edition_verified,es,Institutional Spanish NOC 7th edition source reviewed; current code/label cross-check against NOC 7th current classification listing; https://www.salusplay.com/apuntes/pae-y-diagnosticos-de-enfermeria-nanda-noc-y-nic/anexo-2-clasificacion-completa-de-resultados-de-enfermeria-noc-2024-8,,2026-09-07,"Selection remains patient/context dependent; use the licensed classification definitions, activities/indicators and scales."
00076,Readiness for enhanced community coping,Prontidão para uma melhor adaptação à comunidade,NOC,2701,Community Health Status,Estado de Saúde da Comunidade,"Nursing Outcomes Classification (NOC), 7th edition",alternative,Use when the desired outcome is overall community health status rather than resilience/coping capacity.,Use when the desired outcome is overall community health status rather than resilience/coping capacity.,"Usar quando o desfecho desejado for o estado geral de saúde da comunidade, e não a capacidade de resiliência/enfrentamento.",high,contextual_current_edition,es,Institutional Spanish NOC 7th edition source reviewed; current code/label cross-check against NOC 7th current classification listing; https://www.salusplay.com/apuntes/pae-y-diagnosticos-de-enfermeria-nanda-noc-y-nic/anexo-2-clasificacion-completa-de-resultados-de-enfermeria-noc-2024-8,,2026-09-07,"Selection remains patient/context dependent; use the licensed classification definitions, activities/indicators and scales."
00080,Ineffective family health management,Gestão ineficaz da saúde familiar,NIC,7110,Family Involvement Promotion,Promoção do Envolvimento Familiar,"Nursing Interventions Classification (NIC), 8th edition",primary,Compatibility primary selected for the diagnosis; consider alternative/context-specific links before finalising a care plan.,Compatibility primary selected for the diagnosis; consider alternative/context-specific links before finalising a care plan.,Mapeamento primário de compatibilidade selecionado para o diagnóstico; considerar vínculos alternativos/específicos ao contexto antes de finalizar o plano de cuidados.,high,curated_current_edition,es,Institutional Spanish NIC 8th edition source reviewed; current code/label cross-check against NIC 8th current classification listing; https://www.salusplay.com/blog/clasificacion-completa-intervenciones-enfermeria-nic-2024/,,2026-09-07,"Selection remains patient/context dependent; use the licensed classification definitions, activities/indicators and scales."
00080,Ineffective family health management,Gestão ineficaz da saúde familiar,NOC,2606,Family Health Status,Estado de Saúde Familiar,"Nursing Outcomes Classification (NOC), 7th edition",primary,Compatibility primary selected for the diagnosis; consider alternative/context-specific links before finalising a care plan.,Compatibility primary selected for the diagnosis; consider alternative/context-specific links before finalising a care plan.,Mapeamento primário de compatibilidade selecionado para o diagnóstico; considerar vínculos alternativos/específicos ao contexto antes de finalizar o plano de cuidados.,high,curated_current_edition,es,Institutional Spanish NOC 7th edition source reviewed; current code/label cross-check against NOC 7th current classification listing; https://www.salusplay.com/apuntes/pae-y-diagnosticos-de-enfermeria-nanda-noc-y-nic/anexo-2-clasificacion-completa-de-resultados-de-enfermeria-noc-2024-8,,2026-09-07,"Selection remains patient/context dependent; use the licensed classification definitions, activities/indicators and scales."
00085,Impaired physical mobility,Mobilidade física prejudicada,NIC,0221,Exercise Therapy: Ambulation,Terapia com Exercício: Deambulação,"Nursing Interventions Classification (NIC), 8th edition",primary,Compatibility primary selected for the diagnosis; consider alternative/context-specific links before finalising a care plan.,Compatibility primary selected for the diagnosis; consider alternative/context-specific links before finalising a care plan.,Mapeamento primário de compatibilidade selecionado para o diagnóstico; considerar vínculos alternativos/específicos ao contexto antes de finalizar o plano de cuidados.,moderate,curated_current_edition,es,Institutional Spanish NIC 8th edition source reviewed; current code/label cross-check against NIC 8th current classification listing; https://www.salusplay.com/blog/clasificacion-completa-intervenciones-enfermeria-nic-2024/,,2026-09-07,"Selection remains patient/context dependent; use the licensed classification definitions, activities/indicators and scales."
00085,Impaired physical mobility,Mobilidade física prejudicada,NOC,0208,Mobility,Mobilidade,"Nursing Outcomes Classification (NOC), 7th edition",primary,Compatibility primary selected for the diagnosis; consider alternative/context-specific links before finalising a care plan.,Compatibility primary selected for the diagnosis; consider alternative/context-specific links before finalising a care plan.,Mapeamento primário de compatibilidade selecionado para o diagnóstico; considerar vínculos alternativos/específicos ao contexto antes de finalizar o plano de cuidados.,moderate,curated_current_edition,es,Institutional Spanish NOC 7th edition source reviewed; current code/label cross-check against NOC 7th current classification listing; https://www.salusplay.com/apuntes/pae-y-diagnosticos-de-enfermeria-nanda-noc-y-nic/anexo-2-clasificacion-completa-de-resultados-de-enfermeria-noc-2024-8,,2026-09-07,"Selection remains patient/context dependent; use the licensed classification definitions, activities/indicators and scales."
00087,Risk for perioperative positioning injury,Risco de lesão por posicionamento perioperatório,NIC,0842,Positioning: Intraoperative,Posicionamento: Intraoperatório,"Nursing Interventions Classification (NIC), 8th edition",primary,Compatibility primary selected for the diagnosis; consider alternative/context-specific links before finalising a care plan.,Compatibility primary selected for the diagnosis; consider alternative/context-specific links before finalising a care plan.,Mapeamento primário de compatibilidade selecionado para o diagnóstico; considerar vínculos alternativos/específicos ao contexto antes de finalizar o plano de cuidados.,moderate,curated_current_edition,es,Institutional Spanish NIC 8th edition source reviewed; current code/label cross-check against NIC 8th current classification listing; https://www.salusplay.com/blog/clasificacion-completa-intervenciones-enfermeria-nic-2024/,,2026-09-07,"Selection remains patient/context dependent; use the licensed classification definitions, activities/indicators and scales."
00087,Risk for perioperative positioning injury,Risco de lesão por posicionamento perioperatório,NOC,0204,Immobility Consequences: Physiological,Consequências da Imobilidade: Fisiológicas,"Nursing Outcomes Classification (NOC), 7th edition",primary,Compatibility primary selected for the diagnosis; consider alternative/context-specific links before finalising a care plan.,Compatibility primary selected for the diagnosis; consider alternative/context-specific links before finalising a care plan.,Mapeamento primário de compatibilidade selecionado para o diagnóstico; considerar vínculos alternativos/específicos ao contexto antes de finalizar o plano de cuidados.,moderate,current_edition_verified,es,Institutional Spanish NOC 7th edition source reviewed; current code/label cross-check against NOC 7th current classification listing; https://www.salusplay.com/apuntes/pae-y-diagnosticos-de-enfermeria-nanda-noc-y-nic/anexo-2-clasificacion-completa-de-resultados-de-enfermeria-noc-2024-8,,2026-09-07,"Selection remains patient/context dependent; use the licensed classification definitions, activities/indicators and scales."
00087,Risk for perioperative positioning injury,Risco de lesão por posicionamento perioperatório,NOC,1902,Risk Control,Controle de Risco,"Nursing Outcomes Classification (NOC), 7th edition",alternative,Use when a generic patient risk-control outcome is required by the local care-plan framework.,Use when a generic patient risk-control outcome is required by the local care-plan framework.,Usar quando a estrutura local do plano de cuidados exigir um desfecho genérico de controle de risco do paciente.,moderate,contextual_current_edition,es,Institutional Spanish NOC 7th edition source reviewed; current code/label cross-check against NOC 7th current classification listing; https://www.salusplay.com/apuntes/pae-y-diagnosticos-de-enfermeria-nanda-noc-y-nic/anexo-2-clasificacion-completa-de-resultados-de-enfermeria-noc-2024-8,,2026-09-07,"Selection remains patient/context dependent; use the licensed classification definitions, activities/indicators and scales."
00089,Impaired wheelchair mobility,Mobilidade reduzida em cadeira de rodas,NIC,0846,Positioning: Wheelchair,Posicionamento: Cadeira de Rodas,"Nursing Interventions Classification (NIC), 8th edition",primary,Compatibility primary selected for the diagnosis; consider alternative/context-specific links before finalising a care plan.,Compatibility primary selected for the diagnosis; consider alternative/context-specific links before finalising a care plan.,Mapeamento primário de compatibilidade selecionado para o diagnóstico; considerar vínculos alternativos/específicos ao contexto antes de finalizar o plano de cuidados.,high,curated_current_edition,es,Institutional Spanish NIC 8th edition source reviewed; current code/label cross-check against NIC 8th current classification listing; https://www.salusplay.com/blog/clasificacion-completa-intervenciones-enfermeria-nic-2024/,,2026-09-07,"Selection remains patient/context dependent; use the licensed classification definitions, activities/indicators and scales."
00089,Impaired wheelchair mobility,Mobilidade reduzida em cadeira de rodas,NOC,0208,Mobility,Mobilidade,"Nursing Outcomes Classification (NOC), 7th edition",primary,Compatibility primary selected for the diagnosis; consider alternative/context-specific links before finalising a care plan.,Compatibility primary selected for the diagnosis; consider alternative/context-specific links before finalising a care plan.,Mapeamento primário de compatibilidade selecionado para o diagnóstico; considerar vínculos alternativos/específicos ao contexto antes de finalizar o plano de cuidados.,high,curated_current_edition,es,Institutional Spanish NOC 7th edition source reviewed; current code/label cross-check against NOC 7th current classification listing; https://www.salusplay.com/apuntes/pae-y-diagnosticos-de-enfermeria-nanda-noc-y-nic/anexo-2-clasificacion-completa-de-resultados-de-enfermeria-noc-2024-8,,2026-09-07,"Selection remains patient/context dependent; use the licensed classification definitions, activities/indicators and scales."
00091,Impaired bed mobility,Mobilidade reduzida no leito,NIC,0221,Exercise Therapy: Ambulation,Terapia com Exercício: Deambulação,"Nursing Interventions Classification (NIC), 8th edition",primary,Compatibility primary selected for the diagnosis; consider alternative/context-specific links before finalising a care plan.,Compatibility primary selected for the diagnosis; consider alternative/context-specific links before finalising a care plan.,Mapeamento primário de compatibilidade selecionado para o diagnóstico; considerar vínculos alternativos/específicos ao contexto antes de finalizar o plano de cuidados.,moderate,curated_current_edition,es,Institutional Spanish NIC 8th edition source reviewed; current code/label cross-check against NIC 8th current classification listing; https://www.salusplay.com/blog/clasificacion-completa-intervenciones-enfermeria-nic-2024/,,2026-09-07,"Selection remains patient/context dependent; use the licensed classification definitions, activities/indicators and scales."
00091,Impaired bed mobility,Mobilidade reduzida no leito,NOC,0208,Mobility,Mobilidade,"Nursing Outcomes Classification (NOC), 7th edition",primary,Compatibility primary selected for the diagnosis; consider alternative/context-specific links before finalising a care plan.,Compatibility primary selected for the diagnosis; consider alternative/context-specific links before finalising a care plan.,Mapeamento primário de compatibilidade selecionado para o diagnóstico; considerar vínculos alternativos/específicos ao contexto antes de finalizar o plano de cuidados.,moderate,curated_current_edition,es,Institutional Spanish NOC 7th edition source reviewed; current code/label cross-check against NOC 7th current classification listing; https://www.salusplay.com/apuntes/pae-y-diagnosticos-de-enfermeria-nanda-noc-y-nic/anexo-2-clasificacion-completa-de-resultados-de-enfermeria-noc-2024-8,,2026-09-07,"Selection remains patient/context dependent; use the licensed classification definitions, activities/indicators and scales."
00097,Decreased diversional activity engagement,Diminuição do envolvimento em atividades de lazer,NIC,5360,Recreational Therapy,Terapia Recreacional,"Nursing Interventions Classification (NIC), 8th edition",primary,Compatibility primary selected for the diagnosis; consider alternative/context-specific links before finalising a care plan.,Compatibility primary selected for the diagnosis; consider alternative/context-specific links before finalising a care plan.,Mapeamento primário de compatibilidade selecionado para o diagnóstico; considerar vínculos alternativos/específicos ao contexto antes de finalizar o plano de cuidados.,high,curated_current_edition,es,Institutional Spanish NIC 8th edition source reviewed; current code/label cross-check against NIC 8th current classification listing; https://www.salusplay.com/blog/clasificacion-completa-intervenciones-enfermeria-nic-2024/,,2026-09-07,"Selection remains patient/context dependent; use the licensed classification definitions, activities/indicators and scales."
00097,Decreased diversional activity engagement,Diminuição do envolvimento em atividades de lazer,NOC,1604,Leisure Participation,Participação em Atividades de Lazer,"Nursing Outcomes Classification (NOC), 7th edition",primary,Compatibility primary selected for the diagnosis; consider alternative/context-specific links before finalising a care plan.,Compatibility primary selected for the diagnosis; consider alternative/context-specific links before finalising a care plan.,Mapeamento primário de compatibilidade selecionado para o diagnóstico; considerar vínculos alternativos/específicos ao contexto antes de finalizar o plano de cuidados.,high,curated_current_edition,es,Institutional Spanish NOC 7th edition source reviewed; current code/label cross-check against NOC 7th current classification listing; https://www.salusplay.com/apuntes/pae-y-diagnosticos-de-enfermeria-nanda-noc-y-nic/anexo-2-clasificacion-completa-de-resultados-de-enfermeria-noc-2024-8,,2026-09-07,"Selection remains patient/context dependent; use the licensed classification definitions, activities/indicators and scales."
00103,Impaired swallowing,Dificuldade de deglutição,NIC,1860,Swallowing Therapy,Terapia para Deglutição,"Nursing Interventions Classification (NIC), 8th edition",primary,Compatibility primary selected for the diagnosis; consider alternative/context-specific links before finalising a care plan.,Compatibility primary selected for the diagnosis; consider alternative/context-specific links before finalising a care plan.,Mapeamento primário de compatibilidade selecionado para o diagnóstico; considerar vínculos alternativos/específicos ao contexto antes de finalizar o plano de cuidados.,high,curated_current_edition,es,Institutional Spanish NIC 8th edition source reviewed; current code/label cross-check against NIC 8th current classification listing; https://www.salusplay.com/blog/clasificacion-completa-intervenciones-enfermeria-nic-2024/,,2026-09-07,"Selection remains patient/context dependent; use the licensed classification definitions, activities/indicators and scales."
00103,Impaired swallowing,Dificuldade de deglutição,NOC,1010,Swallowing Status,Estado da Deglutição,"Nursing Outcomes Classification (NOC), 7th edition",primary,Compatibility primary selected for the diagnosis; consider alternative/context-specific links before finalising a care plan.,Compatibility primary selected for the diagnosis; consider alternative/context-specific links before finalising a care plan.,Mapeamento primário de compatibilidade selecionado para o diagnóstico; considerar vínculos alternativos/específicos ao contexto antes de finalizar o plano de cuidados.,high,curated_current_edition,es,Institutional Spanish NOC 7th edition source reviewed; current code/label cross-check against NOC 7th current classification listing; https://www.salusplay.com/apuntes/pae-y-diagnosticos-de-enfermeria-nanda-noc-y-nic/anexo-2-clasificacion-completa-de-resultados-de-enfermeria-noc-2024-8,,2026-09-07,"Selection remains patient/context dependent; use the licensed classification definitions, activities/indicators and scales."
00128,Acute confusion,Confusão aguda,NIC,6440,Delirium Management,Controle do Delirium,"Nursing Interventions Classification (NIC), 8th edition",primary,Compatibility primary selected for the diagnosis; consider alternative/context-specific links before finalising a care plan.,Compatibility primary selected for the diagnosis; consider alternative/context-specific links before finalising a care plan.,Mapeamento primário de compatibilidade selecionado para o diagnóstico; considerar vínculos alternativos/específicos ao contexto antes de finalizar o plano de cuidados.,high,curated_current_edition,es,Institutional Spanish NIC 8th edition source reviewed; current code/label cross-check against NIC 8th current classification listing; https://www.salusplay.com/blog/clasificacion-completa-intervenciones-enfermeria-nic-2024/,,2026-09-07,"Selection remains patient/context dependent; use the licensed classification definitions, activities/indicators and scales."
00128,Acute confusion,Confusão aguda,NOC,0900,Cognition,Cognição,"Nursing Outcomes Classification (NOC), 7th edition",primary,Compatibility primary selected for the diagnosis; consider alternative/context-specific links before finalising a care plan.,Compatibility primary selected for the diagnosis; consider alternative/context-specific links before finalising a care plan.,Mapeamento primário de compatibilidade selecionado para o diagnóstico; considerar vínculos alternativos/específicos ao contexto antes de finalizar o plano de cuidados.,high,curated_current_edition,es,Institutional Spanish NOC 7th edition source reviewed; current code/label cross-check against NOC 7th current classification listing; https://www.salusplay.com/apuntes/pae-y-diagnosticos-de-enfermeria-nanda-noc-y-nic/anexo-2-clasificacion-completa-de-resultados-de-enfermeria-noc-2024-8,,2026-09-07,"Selection remains patient/context dependent; use the licensed classification definitions, activities/indicators and scales."
00129,Chronic confusion,Confusão crônica,NIC,6460,Dementia Management,Controle da Demência,"Nursing Interventions Classification (NIC), 8th edition",primary,Compatibility primary selected for the diagnosis; consider alternative/context-specific links before finalising a care plan.,Compatibility primary selected for the diagnosis; consider alternative/context-specific links before finalising a care plan.,Mapeamento primário de compatibilidade selecionado para o diagnóstico; considerar vínculos alternativos/específicos ao contexto antes de finalizar o plano de cuidados.,high,curated_current_edition,es,Institutional Spanish NIC 8th edition source reviewed; current code/label cross-check against NIC 8th current classification listing; https://www.salusplay.com/blog/clasificacion-completa-intervenciones-enfermeria-nic-2024/,,2026-09-07,"Selection remains patient/context dependent; use the licensed classification definitions, activities/indicators and scales."
00129,Chronic confusion,Confusão crônica,NOC,0900,Cognition,Cognição,"Nursing Outcomes Classification (NOC), 7th edition",primary,Compatibility primary selected for the diagnosis; consider alternative/context-specific links before finalising a care plan.,Compatibility primary selected for the diagnosis; consider alternative/context-specific links before finalising a care plan.,Mapeamento primário de compatibilidade selecionado para o diagnóstico; considerar vínculos alternativos/específicos ao contexto antes de finalizar o plano de cuidados.,high,curated_current_edition,es,Institutional Spanish NOC 7th edition source reviewed; current code/label cross-check against NOC 7th current classification listing; https://www.salusplay.com/apuntes/pae-y-diagnosticos-de-enfermeria-nanda-noc-y-nic/anexo-2-clasificacion-completa-de-resultados-de-enfermeria-noc-2024-8,,2026-09-07,"Selection remains patient/context dependent; use the licensed classification definitions, activities/indicators and scales."
00131,Impaired memory,Memória prejudicada,NIC,4760,Memory Training,Treinamento da Memória,"Nursing Interventions Classification (NIC), 8th edition",primary,Compatibility primary selected for the diagnosis; consider alternative/context-specific links before finalising a care plan.,Compatibility primary selected for the diagnosis; consider alternative/context-specific links before finalising a care plan.,Mapeamento primário de compatibilidade selecionado para o diagnóstico; considerar vínculos alternativos/específicos ao contexto antes de finalizar o plano de cuidados.,high,curated_current_edition,es,Institutional Spanish NIC 8th edition source reviewed; current code/label cross-check against NIC 8th current classification listing; https://www.salusplay.com/blog/clasificacion-completa-intervenciones-enfermeria-nic-2024/,,2026-09-07,"Selection remains patient/context dependent; use the licensed classification definitions, activities/indicators and scales."
00131,Impaired memory,Memória prejudicada,NOC,0908,Memory,Memória,"Nursing Outcomes Classification (NOC), 7th edition",primary,Compatibility primary selected for the diagnosis; consider alternative/context-specific links before finalising a care plan.,Compatibility primary selected for the diagnosis; consider alternative/context-specific links before finalising a care plan.,Mapeamento primário de compatibilidade selecionado para o diagnóstico; considerar vínculos alternativos/específicos ao contexto antes de finalizar o plano de cuidados.,high,curated_current_edition,es,Institutional Spanish NOC 7th edition source reviewed; current code/label cross-check against NOC 7th current classification listing; https://www.salusplay.com/apuntes/pae-y-diagnosticos-de-enfermeria-nanda-noc-y-nic/anexo-2-clasificacion-completa-de-resultados-de-enfermeria-noc-2024-8,,2026-09-07,"Selection remains patient/context dependent; use the licensed classification definitions, activities/indicators and scales."
00132,Acute pain,Dor aguda,NIC,1400,Pain Management,Controle da Dor,"Nursing Interventions Classification (NIC), 8th edition",primary,Compatibility primary selected for the diagnosis; consider alternative/context-specific links before finalising a care plan.,Compatibility primary selected for the diagnosis; consider alternative/context-specific links before finalising a care plan.,Mapeamento primário de compatibilidade selecionado para o diagnóstico; considerar vínculos alternativos/específicos ao contexto antes de finalizar o plano de cuidados.,high,curated_current_edition,es,Institutional Spanish NIC 8th edition source reviewed; current code/label cross-check against NIC 8th current classification listing; https://www.salusplay.com/blog/clasificacion-completa-intervenciones-enfermeria-nic-2024/,,2026-09-07,"Selection remains patient/context dependent; use the licensed classification definitions, activities/indicators and scales."
00132,Acute pain,Dor aguda,NOC,2102,Pain Level,Nível de Dor,"Nursing Outcomes Classification (NOC), 7th edition",primary,Compatibility primary selected for the diagnosis; consider alternative/context-specific links before finalising a care plan.,Compatibility primary selected for the diagnosis; consider alternative/context-specific links before finalising a care plan.,Mapeamento primário de compatibilidade selecionado para o diagnóstico; considerar vínculos alternativos/específicos ao contexto antes de finalizar o plano de cuidados.,high,curated_current_edition,es,Institutional Spanish NOC 7th edition source reviewed; current code/label cross-check against NOC 7th current classification listing; https://www.salusplay.com/apuntes/pae-y-diagnosticos-de-enfermeria-nanda-noc-y-nic/anexo-2-clasificacion-completa-de-resultados-de-enfermeria-noc-2024-8,,2026-09-07,"Selection remains patient/context dependent; use the licensed classification definitions, activities/indicators and scales."
00133,Chronic pain,dor crônica,NIC,1400,Pain Management,Controle da Dor,"Nursing Interventions Classification (NIC), 8th edition",primary,Compatibility primary selected for the diagnosis; consider alternative/context-specific links before finalising a care plan.,Compatibility primary selected for the diagnosis; consider alternative/context-specific links before finalising a care plan.,Mapeamento primário de compatibilidade selecionado para o diagnóstico; considerar vínculos alternativos/específicos ao contexto antes de finalizar o plano de cuidados.,high,curated_current_edition,es,Institutional Spanish NIC 8th edition source reviewed; current code/label cross-check against NIC 8th current classification listing; https://www.salusplay.com/blog/clasificacion-completa-intervenciones-enfermeria-nic-2024/,,2026-09-07,"Selection remains patient/context dependent; use the licensed classification definitions, activities/indicators and scales."
00133,Chronic pain,dor crônica,NOC,2102,Pain Level,Nível de Dor,"Nursing Outcomes Classification (NOC), 7th edition",primary,Compatibility primary selected for the diagnosis; consider alternative/context-specific links before finalising a care plan.,Compatibility primary selected for the diagnosis; consider alternative/context-specific links before finalising a care plan.,Mapeamento primário de compatibilidade selecionado para o diagnóstico; considerar vínculos alternativos/específicos ao contexto antes de finalizar o plano de cuidados.,high,curated_current_edition,es,Institutional Spanish NOC 7th edition source reviewed; current code/label cross-check against NOC 7th current classification listing; https://www.salusplay.com/apuntes/pae-y-diagnosticos-de-enfermeria-nanda-noc-y-nic/anexo-2-clasificacion-completa-de-resultados-de-enfermeria-noc-2024-8,,2026-09-07,"Selection remains patient/context dependent; use the licensed classification definitions, activities/indicators and scales."
00138,Risk for other-directed violence,Risco de violência direcionada a terceiros,NIC,6487,Environmental Management: Violence Prevention,Controle do Ambiente: Prevenção da Violência,"Nursing Interventions Classification (NIC), 8th edition",primary,Compatibility primary selected for the diagnosis; consider alternative/context-specific links before finalising a care plan.,Compatibility primary selected for the diagnosis; consider alternative/context-specific links before finalising a care plan.,Mapeamento primário de compatibilidade selecionado para o diagnóstico; considerar vínculos alternativos/específicos ao contexto antes de finalizar o plano de cuidados.,high,curated_current_edition,es,Institutional Spanish NIC 8th edition source reviewed; current code/label cross-check against NIC 8th current classification listing; https://www.salusplay.com/blog/clasificacion-completa-intervenciones-enfermeria-nic-2024/,,2026-09-07,"Selection remains patient/context dependent; use the licensed classification definitions, activities/indicators and scales."
00138,Risk for other-directed violence,Risco de violência direcionada a terceiros,NOC,1902,Risk Control,Controle de Risco,"Nursing Outcomes Classification (NOC), 7th edition",primary,Compatibility primary selected for the diagnosis; consider alternative/context-specific links before finalising a care plan.,Compatibility primary selected for the diagnosis; consider alternative/context-specific links before finalising a care plan.,Mapeamento primário de compatibilidade selecionado para o diagnóstico; considerar vínculos alternativos/específicos ao contexto antes de finalizar o plano de cuidados.,high,curated_current_edition,es,Institutional Spanish NOC 7th edition source reviewed; current code/label cross-check against NOC 7th current classification listing; https://www.salusplay.com/apuntes/pae-y-diagnosticos-de-enfermeria-nanda-noc-y-nic/anexo-2-clasificacion-completa-de-resultados-de-enfermeria-noc-2024-8,,2026-09-07,"Selection remains patient/context dependent; use the licensed classification definitions, activities/indicators and scales."
00141,Post-trauma syndrome,Síndrome pós-traumática,NIC,5230,Coping Enhancement,Melhora do Enfrentamento,"Nursing Interventions Classification (NIC), 8th edition",primary,Compatibility primary selected for the diagnosis; consider alternative/context-specific links before finalising a care plan.,Compatibility primary selected for the diagnosis; consider alternative/context-specific links before finalising a care plan.,Mapeamento primário de compatibilidade selecionado para o diagnóstico; considerar vínculos alternativos/específicos ao contexto antes de finalizar o plano de cuidados.,moderate,curated_current_edition,es,Institutional Spanish NIC 8th edition source reviewed; current code/label cross-check against NIC 8th current classification listing; https://www.salusplay.com/blog/clasificacion-completa-intervenciones-enfermeria-nic-2024/,,2026-09-07,"Selection remains patient/context dependent; use the licensed classification definitions, activities/indicators and scales."
00141,Post-trauma syndrome,Síndrome pós-traumática,NOC,1305,Psychosocial Adjustment: Life Change,Ajuste Psicossocial: Mudança de Vida,"Nursing Outcomes Classification (NOC), 7th edition",primary,Compatibility primary selected for the diagnosis; consider alternative/context-specific links before finalising a care plan.,Compatibility primary selected for the diagnosis; consider alternative/context-specific links before finalising a care plan.,Mapeamento primário de compatibilidade selecionado para o diagnóstico; considerar vínculos alternativos/específicos ao contexto antes de finalizar o plano de cuidados.,moderate,curated_current_edition,es,Institutional Spanish NOC 7th edition source reviewed; current code/label cross-check against NOC 7th current classification listing; https://www.salusplay.com/apuntes/pae-y-diagnosticos-de-enfermeria-nanda-noc-y-nic/anexo-2-clasificacion-completa-de-resultados-de-enfermeria-noc-2024-8,,2026-09-07,"Selection remains patient/context dependent; use the licensed classification definitions, activities/indicators and scales."
00145,Risk for post-trauma syndrome,Risco de síndrome pós-traumática,NIC,5230,Coping Enhancement,Melhora do Enfrentamento,"Nursing Interventions Classification (NIC), 8th edition",primary,Compatibility primary selected for the diagnosis; consider alternative/context-specific links before finalising a care plan.,Compatibility primary selected for the diagnosis; consider alternative/context-specific links before finalising a care plan.,Mapeamento primário de compatibilidade selecionado para o diagnóstico; considerar vínculos alternativos/específicos ao contexto antes de finalizar o plano de cuidados.,moderate,curated_current_edition,es,Institutional Spanish NIC 8th edition source reviewed; current code/label cross-check against NIC 8th current classification listing; https://www.salusplay.com/blog/clasificacion-completa-intervenciones-enfermeria-nic-2024/,,2026-09-07,"Selection remains patient/context dependent; use the licensed classification definitions, activities/indicators and scales."
00145,Risk for post-trauma syndrome,Risco de síndrome pós-traumática,NOC,1305,Psychosocial Adjustment: Life Change,Ajuste Psicossocial: Mudança de Vida,"Nursing Outcomes Classification (NOC), 7th edition",primary,Compatibility primary selected for the diagnosis; consider alternative/context-specific links before finalising a care plan.,Compatibility primary selected for the diagnosis; consider alternative/context-specific links before finalising a care plan.,Mapeamento primário de compatibilidade selecionado para o diagnóstico; considerar vínculos alternativos/específicos ao contexto antes de finalizar o plano de cuidados.,moderate,curated_current_edition,es,Institutional Spanish NOC 7th edition source reviewed; current code/label cross-check against NOC 7th current classification listing; https://www.salusplay.com/apuntes/pae-y-diagnosticos-de-enfermeria-nanda-noc-y-nic/anexo-2-clasificacion-completa-de-resultados-de-enfermeria-noc-2024-8,,2026-09-07,"Selection remains patient/context dependent; use the licensed classification definitions, activities/indicators and scales."
00156,Risk for sudden infant death,Risco de morte súbita infantil,NIC,6824,Infant Care: Newborn,Cuidados com o Lactente: Recém-Nascido,"Nursing Interventions Classification (NIC), 8th edition",primary,Compatibility primary selected for the diagnosis; consider alternative/context-specific links before finalising a care plan.,Compatibility primary selected for the diagnosis; consider alternative/context-specific links before finalising a care plan.,Mapeamento primário de compatibilidade selecionado para o diagnóstico; considerar vínculos alternativos/específicos ao contexto antes de finalizar o plano de cuidados.,moderate,curated_current_edition,es,Institutional Spanish NIC 8th edition source reviewed; current code/label cross-check against NIC 8th current classification listing; https://www.salusplay.com/blog/clasificacion-completa-intervenciones-enfermeria-nic-2024/,,2026-09-07,"Selection remains patient/context dependent; use the licensed classification definitions, activities/indicators and scales."
00156,Risk for sudden infant death,Risco de morte súbita infantil,NOC,1947,Safe Home Environment: Child's Room,Ambiente Domiciliar Seguro: Quarto da Criança,"Nursing Outcomes Classification (NOC), 7th edition",primary,Compatibility primary selected for the diagnosis; consider alternative/context-specific links before finalising a care plan.,Compatibility primary selected for the diagnosis; consider alternative/context-specific links before finalising a care plan.,Mapeamento primário de compatibilidade selecionado para o diagnóstico; considerar vínculos alternativos/específicos ao contexto antes de finalizar o plano de cuidados.,moderate,current_edition_verified,es,Institutional Spanish NOC 7th edition source reviewed; current code/label cross-check against NOC 7th current classification listing; https://www.salusplay.com/apuntes/pae-y-diagnosticos-de-enfermeria-nanda-noc-y-nic/anexo-2-clasificacion-completa-de-resultados-de-enfermeria-noc-2024-8,,2026-09-07,"Selection remains patient/context dependent; use the licensed classification definitions, activities/indicators and scales."
00158,Readiness for enhanced coping,Prontidão para um enfrentamento aprimorado,NIC,5230,Coping Enhancement,Melhora do Enfrentamento,"Nursing Interventions Classification (NIC), 8th edition",primary,Compatibility primary selected for the diagnosis; consider alternative/context-specific links before finalising a care plan.,Compatibility primary selected for the diagnosis; consider alternative/context-specific links before finalising a care plan.,Mapeamento primário de compatibilidade selecionado para o diagnóstico; considerar vínculos alternativos/específicos ao contexto antes de finalizar o plano de cuidados.,high,curated_current_edition,es,Institutional Spanish NIC 8th edition source reviewed; current code/label cross-check against NIC 8th current classification listing; https://www.salusplay.com/blog/clasificacion-completa-intervenciones-enfermeria-nic-2024/,,2026-09-07,"Selection remains patient/context dependent; use the licensed classification definitions, activities/indicators and scales."
00158,Readiness for enhanced coping,Prontidão para um enfrentamento aprimorado,NOC,1302,Coping,Enfrentamento,"Nursing Outcomes Classification (NOC), 7th edition",primary,Compatibility primary selected for the diagnosis; consider alternative/context-specific links before finalising a care plan.,Compatibility primary selected for the diagnosis; consider alternative/context-specific links before finalising a care plan.,Mapeamento primário de compatibilidade selecionado para o diagnóstico; considerar vínculos alternativos/específicos ao contexto antes de finalizar o plano de cuidados.,high,curated_current_edition,es,Institutional Spanish NOC 7th edition source reviewed; current code/label cross-check against NOC 7th current classification listing; https://www.salusplay.com/apuntes/pae-y-diagnosticos-de-enfermeria-nanda-noc-y-nic/anexo-2-clasificacion-completa-de-resultados-de-enfermeria-noc-2024-8,,2026-09-07,"Selection remains patient/context dependent; use the licensed classification definitions, activities/indicators and scales."
00159,Readiness for enhanced family processes,Preparação para processos familiares aprimorados,NIC,7100,Family Integrity Promotion,Promoção da Integridade Familiar,"Nursing Interventions Classification (NIC), 8th edition",primary,Compatibility primary selected for the diagnosis; consider alternative/context-specific links before finalising a care plan.,Compatibility primary selected for the diagnosis; consider alternative/context-specific links before finalising a care plan.,Mapeamento primário de compatibilidade selecionado para o diagnóstico; considerar vínculos alternativos/específicos ao contexto antes de finalizar o plano de cuidados.,high,curated_current_edition,es,Institutional Spanish NIC 8th edition source reviewed; current code/label cross-check against NIC 8th current classification listing; https://www.salusplay.com/blog/clasificacion-completa-intervenciones-enfermeria-nic-2024/,,2026-09-07,"Selection remains patient/context dependent; use the licensed classification definitions, activities/indicators and scales."
00159,Readiness for enhanced family processes,Preparação para processos familiares aprimorados,NOC,2602,Family Functioning,Funcionamento Familiar,"Nursing Outcomes Classification (NOC), 7th edition",primary,Compatibility primary selected for the diagnosis; consider alternative/context-specific links before finalising a care plan.,Compatibility primary selected for the diagnosis; consider alternative/context-specific links before finalising a care plan.,Mapeamento primário de compatibilidade selecionado para o diagnóstico; considerar vínculos alternativos/específicos ao contexto antes de finalizar o plano de cuidados.,high,curated_current_edition,es,Institutional Spanish NOC 7th edition source reviewed; current code/label cross-check against NOC 7th current classification listing; https://www.salusplay.com/apuntes/pae-y-diagnosticos-de-enfermeria-nanda-noc-y-nic/anexo-2-clasificacion-completa-de-resultados-de-enfermeria-noc-2024-8,,2026-09-07,"Selection remains patient/context dependent; use the licensed classification definitions, activities/indicators and scales."
00167,Readiness for enhanced self-concept,Prontidão para um autoconceito aprimorado,NIC,5390,Self-Awareness Enhancement,Melhora da Autoconsciência,"Nursing Interventions Classification (NIC), 8th edition",primary,Compatibility primary selected for the diagnosis; consider alternative/context-specific links before finalising a care plan.,Compatibility primary selected for the diagnosis; consider alternative/context-specific links before finalising a care plan.,Mapeamento primário de compatibilidade selecionado para o diagnóstico; considerar vínculos alternativos/específicos ao contexto antes de finalizar o plano de cuidados.,moderate,curated_current_edition,es,Institutional Spanish NIC 8th edition source reviewed; current code/label cross-check against NIC 8th current classification listing; https://www.salusplay.com/blog/clasificacion-completa-intervenciones-enfermeria-nic-2024/,,2026-09-07,"Selection remains patient/context dependent; use the licensed classification definitions, activities/indicators and scales."
00167,Readiness for enhanced self-concept,Prontidão para um autoconceito aprimorado,NOC,1205,Self-Esteem,Autoestima,"Nursing Outcomes Classification (NOC), 7th edition",primary,Compatibility primary selected for the diagnosis; consider alternative/context-specific links before finalising a care plan.,Compatibility primary selected for the diagnosis; consider alternative/context-specific links before finalising a care plan.,Mapeamento primário de compatibilidade selecionado para o diagnóstico; considerar vínculos alternativos/específicos ao contexto antes de finalizar o plano de cuidados.,moderate,curated_current_edition,es,Institutional Spanish NOC 7th edition source reviewed; current code/label cross-check against NOC 7th current classification listing; https://www.salusplay.com/apuntes/pae-y-diagnosticos-de-enfermeria-nanda-noc-y-nic/anexo-2-clasificacion-completa-de-resultados-de-enfermeria-noc-2024-8,,2026-09-07,"Selection remains patient/context dependent; use the licensed classification definitions, activities/indicators and scales."
00169,Impaired religiosity,Religiosidade prejudicada,NIC,5420,Spiritual Support,Apoio Espiritual,"Nursing Interventions Classification (NIC), 8th edition",primary,Compatibility primary selected for the diagnosis; consider alternative/context-specific links before finalising a care plan.,Compatibility primary selected for the diagnosis; consider alternative/context-specific links before finalising a care plan.,Mapeamento primário de compatibilidade selecionado para o diagnóstico; considerar vínculos alternativos/específicos ao contexto antes de finalizar o plano de cuidados.,moderate,curated_current_edition,es,Institutional Spanish NIC 8th edition source reviewed; current code/label cross-check against NIC 8th current classification listing; https://www.salusplay.com/blog/clasificacion-completa-intervenciones-enfermeria-nic-2024/,,2026-09-07,"Selection remains patient/context dependent; use the licensed classification definitions, activities/indicators and scales."
00169,Impaired religiosity,Religiosidade prejudicada,NOC,2001,Spiritual Health,Saúde Espiritual,"Nursing Outcomes Classification (NOC), 7th edition",primary,Compatibility primary selected for the diagnosis; consider alternative/context-specific links before finalising a care plan.,Compatibility primary selected for the diagnosis; consider alternative/context-specific links before finalising a care plan.,Mapeamento primário de compatibilidade selecionado para o diagnóstico; considerar vínculos alternativos/específicos ao contexto antes de finalizar o plano de cuidados.,moderate,curated_current_edition,es,Institutional Spanish NOC 7th edition source reviewed; current code/label cross-check against NOC 7th current classification listing; https://www.salusplay.com/apuntes/pae-y-diagnosticos-de-enfermeria-nanda-noc-y-nic/anexo-2-clasificacion-completa-de-resultados-de-enfermeria-noc-2024-8,,2026-09-07,"Selection remains patient/context dependent; use the licensed classification definitions, activities/indicators and scales."
00170,Risk for impaired religiosity,Risco de religiosidade prejudicada,NIC,5420,Spiritual Support,Apoio Espiritual,"Nursing Interventions Classification (NIC), 8th edition",primary,Compatibility primary selected for the diagnosis; consider alternative/context-specific links before finalising a care plan.,Compatibility primary selected for the diagnosis; consider alternative/context-specific links before finalising a care plan.,Mapeamento primário de compatibilidade selecionado para o diagnóstico; considerar vínculos alternativos/específicos ao contexto antes de finalizar o plano de cuidados.,moderate,curated_current_edition,es,Institutional Spanish NIC 8th edition source reviewed; current code/label cross-check against NIC 8th current classification listing; https://www.salusplay.com/blog/clasificacion-completa-intervenciones-enfermeria-nic-2024/,,2026-09-07,"Selection remains patient/context dependent; use the licensed classification definitions, activities/indicators and scales."
00170,Risk for impaired religiosity,Risco de religiosidade prejudicada,NOC,2001,Spiritual Health,Saúde Espiritual,"Nursing Outcomes Classification (NOC), 7th edition",primary,Compatibility primary selected for the diagnosis; consider alternative/context-specific links before finalising a care plan.,Compatibility primary selected for the diagnosis; consider alternative/context-specific links before finalising a care plan.,Mapeamento primário de compatibilidade selecionado para o diagnóstico; considerar vínculos alternativos/específicos ao contexto antes de finalizar o plano de cuidados.,moderate,curated_current_edition,es,Institutional Spanish NOC 7th edition source reviewed; current code/label cross-check against NOC 7th current classification listing; https://www.salusplay.com/apuntes/pae-y-diagnosticos-de-enfermeria-nanda-noc-y-nic/anexo-2-clasificacion-completa-de-resultados-de-enfermeria-noc-2024-8,,2026-09-07,"Selection remains patient/context dependent; use the licensed classification definitions, activities/indicators and scales."
00171,Readiness for enhanced religiosity,Prontidão para uma religiosidade reforçada,NIC,5420,Spiritual Support,Apoio Espiritual,"Nursing Interventions Classification (NIC), 8th edition",primary,Compatibility primary selected for the diagnosis; consider alternative/context-specific links before finalising a care plan.,Compatibility primary selected for the diagnosis; consider alternative/context-specific links before finalising a care plan.,Mapeamento primário de compatibilidade selecionado para o diagnóstico; considerar vínculos alternativos/específicos ao contexto antes de finalizar o plano de cuidados.,moderate,curated_current_edition,es,Institutional Spanish NIC 8th edition source reviewed; current code/label cross-check against NIC 8th current classification listing; https://www.salusplay.com/blog/clasificacion-completa-intervenciones-enfermeria-nic-2024/,,2026-09-07,"Selection remains patient/context dependent; use the licensed classification definitions, activities/indicators and scales."
00171,Readiness for enhanced religiosity,Prontidão para uma religiosidade reforçada,NOC,2001,Spiritual Health,Saúde Espiritual,"Nursing Outcomes Classification (NOC), 7th edition",primary,Compatibility primary selected for the diagnosis; consider alternative/context-specific links before finalising a care plan.,Compatibility primary selected for the diagnosis; consider alternative/context-specific links before finalising a care plan.,Mapeamento primário de compatibilidade selecionado para o diagnóstico; considerar vínculos alternativos/específicos ao contexto antes de finalizar o plano de cuidados.,moderate,curated_current_edition,es,Institutional Spanish NOC 7th edition source reviewed; current code/label cross-check against NOC 7th current classification listing; https://www.salusplay.com/apuntes/pae-y-diagnosticos-de-enfermeria-nanda-noc-y-nic/anexo-2-clasificacion-completa-de-resultados-de-enfermeria-noc-2024-8,,2026-09-07,"Selection remains patient/context dependent; use the licensed classification definitions, activities/indicators and scales."
00173,Risk for acute confusion,Risco de confusão aguda,NIC,4820,Reality Orientation,Orientação para a Realidade,"Nursing Interventions Classification (NIC), 8th edition",primary,Compatibility primary selected for the diagnosis; consider alternative/context-specific links before finalising a care plan.,Compatibility primary selected for the diagnosis; consider alternative/context-specific links before finalising a care plan.,Mapeamento primário de compatibilidade selecionado para o diagnóstico; considerar vínculos alternativos/específicos ao contexto antes de finalizar o plano de cuidados.,high,curated_current_edition,es,Institutional Spanish NIC 8th edition source reviewed; current code/label cross-check against NIC 8th current classification listing; https://www.salusplay.com/blog/clasificacion-completa-intervenciones-enfermeria-nic-2024/,,2026-09-07,"Selection remains patient/context dependent; use the licensed classification definitions, activities/indicators and scales."
00173,Risk for acute confusion,Risco de confusão aguda,NOC,0901,Cognitive Orientation,Orientação Cognitiva,"Nursing Outcomes Classification (NOC), 7th edition",primary,Compatibility primary selected for the diagnosis; consider alternative/context-specific links before finalising a care plan.,Compatibility primary selected for the diagnosis; consider alternative/context-specific links before finalising a care plan.,Mapeamento primário de compatibilidade selecionado para o diagnóstico; considerar vínculos alternativos/específicos ao contexto antes de finalizar o plano de cuidados.,high,curated_current_edition,es,Institutional Spanish NOC 7th edition source reviewed; current code/label cross-check against NOC 7th current classification listing; https://www.salusplay.com/apuntes/pae-y-diagnosticos-de-enfermeria-nanda-noc-y-nic/anexo-2-clasificacion-completa-de-resultados-de-enfermeria-noc-2024-8,,2026-09-07,"Selection remains patient/context dependent; use the licensed classification definitions, activities/indicators and scales."
00175,Moral distress,Angústia moral,NIC,5480,Values Clarification,Esclarecimento de Valores,"Nursing Interventions Classification (NIC), 8th edition",primary,Compatibility primary selected for the diagnosis; consider alternative/context-specific links before finalising a care plan.,Compatibility primary selected for the diagnosis; consider alternative/context-specific links before finalising a care plan.,Mapeamento primário de compatibilidade selecionado para o diagnóstico; considerar vínculos alternativos/específicos ao contexto antes de finalizar o plano de cuidados.,moderate,curated_current_edition,es,Institutional Spanish NIC 8th edition source reviewed; current code/label cross-check against NIC 8th current classification listing; https://www.salusplay.com/blog/clasificacion-completa-intervenciones-enfermeria-nic-2024/,,2026-09-07,"Selection remains patient/context dependent; use the licensed classification definitions, activities/indicators and scales."
00175,Moral distress,Angústia moral,NOC,2001,Spiritual Health,Saúde Espiritual,"Nursing Outcomes Classification (NOC), 7th edition",primary,Compatibility primary selected for the diagnosis; consider alternative/context-specific links before finalising a care plan.,Compatibility primary selected for the diagnosis; consider alternative/context-specific links before finalising a care plan.,Mapeamento primário de compatibilidade selecionado para o diagnóstico; considerar vínculos alternativos/específicos ao contexto antes de finalizar o plano de cuidados.,moderate,curated_current_edition,es,Institutional Spanish NOC 7th edition source reviewed; current code/label cross-check against NOC 7th current classification listing; https://www.salusplay.com/apuntes/pae-y-diagnosticos-de-enfermeria-nanda-noc-y-nic/anexo-2-clasificacion-completa-de-resultados-de-enfermeria-noc-2024-8,,2026-09-07,"Selection remains patient/context dependent; use the licensed classification definitions, activities/indicators and scales."
00180,Risk for contamination,Risco de contaminação,NIC,6540,Infection Control,Controle de Infecção,"Nursing Interventions Classification (NIC), 8th edition",primary,Compatibility primary selected for the diagnosis; consider alternative/context-specific links before finalising a care plan.,Compatibility primary selected for the diagnosis; consider alternative/context-specific links before finalising a care plan.,Mapeamento primário de compatibilidade selecionado para o diagnóstico; considerar vínculos alternativos/específicos ao contexto antes de finalizar o plano de cuidados.,moderate,curated_current_edition,es,Institutional Spanish NIC 8th edition source reviewed; current code/label cross-check against NIC 8th current classification listing; https://www.salusplay.com/blog/clasificacion-completa-intervenciones-enfermeria-nic-2024/,,2026-09-07,"Selection remains patient/context dependent; use the licensed classification definitions, activities/indicators and scales."
00180,Risk for contamination,Risco de contaminação,NOC,1902,Risk Control,Controle de Risco,"Nursing Outcomes Classification (NOC), 7th edition",primary,Compatibility primary selected for the diagnosis; consider alternative/context-specific links before finalising a care plan.,Compatibility primary selected for the diagnosis; consider alternative/context-specific links before finalising a care plan.,Mapeamento primário de compatibilidade selecionado para o diagnóstico; considerar vínculos alternativos/específicos ao contexto antes de finalizar o plano de cuidados.,moderate,curated_current_edition,es,Institutional Spanish NOC 7th edition source reviewed; current code/label cross-check against NOC 7th current classification listing; https://www.salusplay.com/apuntes/pae-y-diagnosticos-de-enfermeria-nanda-noc-y-nic/anexo-2-clasificacion-completa-de-resultados-de-enfermeria-noc-2024-8,,2026-09-07,"Selection remains patient/context dependent; use the licensed classification definitions, activities/indicators and scales."
00181,Contamination,Contaminação,NIC,6540,Infection Control,Controle de Infecção,"Nursing Interventions Classification (NIC), 8th edition",primary,Compatibility primary selected for the diagnosis; consider alternative/context-specific links before finalising a care plan.,Compatibility primary selected for the diagnosis; consider alternative/context-specific links before finalising a care plan.,Mapeamento primário de compatibilidade selecionado para o diagnóstico; considerar vínculos alternativos/específicos ao contexto antes de finalizar o plano de cuidados.,moderate,curated_current_edition,es,Institutional Spanish NIC 8th edition source reviewed; current code/label cross-check against NIC 8th current classification listing; https://www.salusplay.com/blog/clasificacion-completa-intervenciones-enfermeria-nic-2024/,,2026-09-07,"Selection remains patient/context dependent; use the licensed classification definitions, activities/indicators and scales."
00181,Contamination,Contaminação,NOC,1902,Risk Control,Controle de Risco,"Nursing Outcomes Classification (NOC), 7th edition",primary,Compatibility primary selected for the diagnosis; consider alternative/context-specific links before finalising a care plan.,Compatibility primary selected for the diagnosis; consider alternative/context-specific links before finalising a care plan.,Mapeamento primário de compatibilidade selecionado para o diagnóstico; considerar vínculos alternativos/específicos ao contexto antes de finalizar o plano de cuidados.,moderate,curated_current_edition,es,Institutional Spanish NOC 7th edition source reviewed; current code/label cross-check against NOC 7th current classification listing; https://www.salusplay.com/apuntes/pae-y-diagnosticos-de-enfermeria-nanda-noc-y-nic/anexo-2-clasificacion-completa-de-resultados-de-enfermeria-noc-2024-8,,2026-09-07,"Selection remains patient/context dependent; use the licensed classification definitions, activities/indicators and scales."
00184,Readiness for enhanced decision-making,Preparação para uma tomada de decisão aprimorada,NIC,5250,Decision-Making Support,Apoio à Tomada de Decisão,"Nursing Interventions Classification (NIC), 8th edition",primary,Compatibility primary selected for the diagnosis; consider alternative/context-specific links before finalising a care plan.,Compatibility primary selected for the diagnosis; consider alternative/context-specific links before finalising a care plan.,Mapeamento primário de compatibilidade selecionado para o diagnóstico; considerar vínculos alternativos/específicos ao contexto antes de finalizar o plano de cuidados.,high,curated_current_edition,es,Institutional Spanish NIC 8th edition source reviewed; current code/label cross-check against NIC 8th current classification listing; https://www.salusplay.com/blog/clasificacion-completa-intervenciones-enfermeria-nic-2024/,,2026-09-07,"Selection remains patient/context dependent; use the licensed classification definitions, activities/indicators and scales."
00184,Readiness for enhanced decision-making,Preparação para uma tomada de decisão aprimorada,NOC,0906,Decision-Making,Tomada de Decisão,"Nursing Outcomes Classification (NOC), 7th edition",primary,Compatibility primary selected for the diagnosis; consider alternative/context-specific links before finalising a care plan.,Compatibility primary selected for the diagnosis; consider alternative/context-specific links before finalising a care plan.,Mapeamento primário de compatibilidade selecionado para o diagnóstico; considerar vínculos alternativos/específicos ao contexto antes de finalizar o plano de cuidados.,high,curated_current_edition,es,Institutional Spanish NOC 7th edition source reviewed; current code/label cross-check against NOC 7th current classification listing; https://www.salusplay.com/apuntes/pae-y-diagnosticos-de-enfermeria-nanda-noc-y-nic/anexo-2-clasificacion-completa-de-resultados-de-enfermeria-noc-2024-8,,2026-09-07,"Selection remains patient/context dependent; use the licensed classification definitions, activities/indicators and scales."
00185,Readiness for enhanced hope,Prontidão para uma esperança maior,NIC,5310,Hope Inspiration,Inspiração de Esperança,"Nursing Interventions Classification (NIC), 8th edition",primary,Compatibility primary selected for the diagnosis; consider alternative/context-specific links before finalising a care plan.,Compatibility primary selected for the diagnosis; consider alternative/context-specific links before finalising a care plan.,Mapeamento primário de compatibilidade selecionado para o diagnóstico; considerar vínculos alternativos/específicos ao contexto antes de finalizar o plano de cuidados.,high,curated_current_edition,es,Institutional Spanish NIC 8th edition source reviewed; current code/label cross-check against NIC 8th current classification listing; https://www.salusplay.com/blog/clasificacion-completa-intervenciones-enfermeria-nic-2024/,,2026-09-07,"Selection remains patient/context dependent; use the licensed classification definitions, activities/indicators and scales."
00185,Readiness for enhanced hope,Prontidão para uma esperança maior,NOC,1201,Hope,Esperança,"Nursing Outcomes Classification (NOC), 7th edition",primary,Compatibility primary selected for the diagnosis; consider alternative/context-specific links before finalising a care plan.,Compatibility primary selected for the diagnosis; consider alternative/context-specific links before finalising a care plan.,Mapeamento primário de compatibilidade selecionado para o diagnóstico; considerar vínculos alternativos/específicos ao contexto antes de finalizar o plano de cuidados.,high,curated_current_edition,es,Institutional Spanish NOC 7th edition source reviewed; current code/label cross-check against NOC 7th current classification listing; https://www.salusplay.com/apuntes/pae-y-diagnosticos-de-enfermeria-nanda-noc-y-nic/anexo-2-clasificacion-completa-de-resultados-de-enfermeria-noc-2024-8,,2026-09-07,"Selection remains patient/context dependent; use the licensed classification definitions, activities/indicators and scales."
00194,Neonatal Hyperbilirubinemia,Hiperbilirrubinemia neonatal,NIC,6924,Phototherapy: Neonate,Fototerapia: Neonato,"Nursing Interventions Classification (NIC), 8th edition",primary,Compatibility primary selected for the diagnosis; consider alternative/context-specific links before finalising a care plan.,Compatibility primary selected for the diagnosis; consider alternative/context-specific links before finalising a care plan.,Mapeamento primário de compatibilidade selecionado para o diagnóstico; considerar vínculos alternativos/específicos ao contexto antes de finalizar o plano de cuidados.,high,curated_current_edition,es,Institutional Spanish NIC 8th edition source reviewed; current code/label cross-check against NIC 8th current classification listing; https://www.salusplay.com/blog/clasificacion-completa-intervenciones-enfermeria-nic-2024/,,2026-09-07,"Selection remains patient/context dependent; use the licensed classification definitions, activities/indicators and scales."
00194,Neonatal Hyperbilirubinemia,Hiperbilirrubinemia neonatal,NOC,0118,Newborn Adaptation,Adaptação do Recém-Nascido,"Nursing Outcomes Classification (NOC), 7th edition",primary,Compatibility primary selected for the diagnosis; consider alternative/context-specific links before finalising a care plan.,Compatibility primary selected for the diagnosis; consider alternative/context-specific links before finalising a care plan.,Mapeamento primário de compatibilidade selecionado para o diagnóstico; considerar vínculos alternativos/específicos ao contexto antes de finalizar o plano de cuidados.,high,curated_current_edition,es,Institutional Spanish NOC 7th edition source reviewed; current code/label cross-check against NOC 7th current classification listing; https://www.salusplay.com/apuntes/pae-y-diagnosticos-de-enfermeria-nanda-noc-y-nic/anexo-2-clasificacion-completa-de-resultados-de-enfermeria-noc-2024-8,,2026-09-07,"Selection remains patient/context dependent; use the licensed classification definitions, activities/indicators and scales."
00201,Risk for ineffective cerebral tissue perfusion,Risco de perfusão ineficaz do tecido cerebral,NIC,2620,Neurologic Monitoring,Monitoração Neurológica,"Nursing Interventions Classification (NIC), 8th edition",primary,Compatibility primary selected for the diagnosis; consider alternative/context-specific links before finalising a care plan.,Compatibility primary selected for the diagnosis; consider alternative/context-specific links before finalising a care plan.,Mapeamento primário de compatibilidade selecionado para o diagnóstico; considerar vínculos alternativos/específicos ao contexto antes de finalizar o plano de cuidados.,high,curated_current_edition,es,Institutional Spanish NIC 8th edition source reviewed; current code/label cross-check against NIC 8th current classification listing; https://www.salusplay.com/blog/clasificacion-completa-intervenciones-enfermeria-nic-2024/,,2026-09-07,"Selection remains patient/context dependent; use the licensed classification definitions, activities/indicators and scales."
00201,Risk for ineffective cerebral tissue perfusion,Risco de perfusão ineficaz do tecido cerebral,NOC,0406,Tissue Perfusion: Cerebral,Perfusão Tissular: Cerebral,"Nursing Outcomes Classification (NOC), 7th edition",primary,Compatibility primary selected for the diagnosis; consider alternative/context-specific links before finalising a care plan.,Compatibility primary selected for the diagnosis; consider alternative/context-specific links before finalising a care plan.,Mapeamento primário de compatibilidade selecionado para o diagnóstico; considerar vínculos alternativos/específicos ao contexto antes de finalizar o plano de cuidados.,high,curated_current_edition,es,Institutional Spanish NOC 7th edition source reviewed; current code/label cross-check against NOC 7th current classification listing; https://www.salusplay.com/apuntes/pae-y-diagnosticos-de-enfermeria-nanda-noc-y-nic/anexo-2-clasificacion-completa-de-resultados-de-enfermeria-noc-2024-8,,2026-09-07,"Selection remains patient/context dependent; use the licensed classification definitions, activities/indicators and scales."
00204,Ineffective peripheral tissue perfusion,Perfusão tecidual periférica ineficaz,NIC,4062,Circulatory Care: Arterial Insufficiency,Cuidados Circulatórios: Insuficiência Arterial,"Nursing Interventions Classification (NIC), 8th edition",primary,Compatibility primary selected for the diagnosis; consider alternative/context-specific links before finalising a care plan.,Compatibility primary selected for the diagnosis; consider alternative/context-specific links before finalising a care plan.,Mapeamento primário de compatibilidade selecionado para o diagnóstico; considerar vínculos alternativos/específicos ao contexto antes de finalizar o plano de cuidados.,high,curated_current_edition,es,Institutional Spanish NIC 8th edition source reviewed; current code/label cross-check against NIC 8th current classification listing; https://www.salusplay.com/blog/clasificacion-completa-intervenciones-enfermeria-nic-2024/,,2026-09-07,"Selection remains patient/context dependent; use the licensed classification definitions, activities/indicators and scales."
00204,Ineffective peripheral tissue perfusion,Perfusão tecidual periférica ineficaz,NOC,0407,Tissue Perfusion: Peripheral,Perfusão Tissular: Periférica,"Nursing Outcomes Classification (NOC), 7th edition",primary,Compatibility primary selected for the diagnosis; consider alternative/context-specific links before finalising a care plan.,Compatibility primary selected for the diagnosis; consider alternative/context-specific links before finalising a care plan.,Mapeamento primário de compatibilidade selecionado para o diagnóstico; considerar vínculos alternativos/específicos ao contexto antes de finalizar o plano de cuidados.,high,curated_current_edition,es,Institutional Spanish NOC 7th edition source reviewed; current code/label cross-check against NOC 7th current classification listing; https://www.salusplay.com/apuntes/pae-y-diagnosticos-de-enfermeria-nanda-noc-y-nic/anexo-2-clasificacion-completa-de-resultados-de-enfermeria-noc-2024-8,,2026-09-07,"Selection remains patient/context dependent; use the licensed classification definitions, activities/indicators and scales."
00205,Risk for shock,Risco de choque,NIC,4250,Shock Management,Controle do Choque,"Nursing Interventions Classification (NIC), 8th edition",primary,Compatibility primary selected for the diagnosis; consider alternative/context-specific links before finalising a care plan.,Compatibility primary selected for the diagnosis; consider alternative/context-specific links before finalising a care plan.,Mapeamento primário de compatibilidade selecionado para o diagnóstico; considerar vínculos alternativos/específicos ao contexto antes de finalizar o plano de cuidados.,high,curated_current_edition,es,Institutional Spanish NIC 8th edition source reviewed; current code/label cross-check against NIC 8th current classification listing; https://www.salusplay.com/blog/clasificacion-completa-intervenciones-enfermeria-nic-2024/,,2026-09-07,"Selection remains patient/context dependent; use the licensed classification definitions, activities/indicators and scales."
00205,Risk for shock,Risco de choque,NOC,0401,Circulation Status,Estado Circulatório,"Nursing Outcomes Classification (NOC), 7th edition",primary,Compatibility primary selected for the diagnosis; consider alternative/context-specific links before finalising a care plan.,Compatibility primary selected for the diagnosis; consider alternative/context-specific links before finalising a care plan.,Mapeamento primário de compatibilidade selecionado para o diagnóstico; considerar vínculos alternativos/específicos ao contexto antes de finalizar o plano de cuidados.,high,curated_current_edition,es,Institutional Spanish NOC 7th edition source reviewed; current code/label cross-check against NOC 7th current classification listing; https://www.salusplay.com/apuntes/pae-y-diagnosticos-de-enfermeria-nanda-noc-y-nic/anexo-2-clasificacion-completa-de-resultados-de-enfermeria-noc-2024-8,,2026-09-07,"Selection remains patient/context dependent; use the licensed classification definitions, activities/indicators and scales."
00208,Readiness for enhanced childbearing process,Preparação para um processo de gestação aprimorado,NIC,6960,Prenatal Care,Cuidados Pré-Natais,"Nursing Interventions Classification (NIC), 8th edition",primary,Compatibility primary selected for the diagnosis; consider alternative/context-specific links before finalising a care plan.,Compatibility primary selected for the diagnosis; consider alternative/context-specific links before finalising a care plan.,Mapeamento primário de compatibilidade selecionado para o diagnóstico; considerar vínculos alternativos/específicos ao contexto antes de finalizar o plano de cuidados.,moderate,current_edition_verified,es,Institutional Spanish NIC 8th edition source reviewed; current code/label cross-check against NIC 8th current classification listing; https://www.salusplay.com/blog/clasificacion-completa-intervenciones-enfermeria-nic-2024/,,2026-09-07,"Selection remains patient/context dependent; use the licensed classification definitions, activities/indicators and scales."
00208,Readiness for enhanced childbearing process,Preparação para um processo de gestação aprimorado,NIC,6760,Childbirth Preparation,Preparação para o Parto,"Nursing Interventions Classification (NIC), 8th edition",alternative,Use when preparation for labour/childbirth is the dominant need.,Use when preparation for labour/childbirth is the dominant need.,Usar quando a preparação para o trabalho de parto/parto for a necessidade predominante.,high,contextual_current_edition,es,Institutional Spanish NIC 8th edition source reviewed; current code/label cross-check against NIC 8th current classification listing; https://www.salusplay.com/blog/clasificacion-completa-intervenciones-enfermeria-nic-2024/,,2026-09-07,"Selection remains patient/context dependent; use the licensed classification definitions, activities/indicators and scales."
00208,Readiness for enhanced childbearing process,Preparação para um processo de gestação aprimorado,NIC,6830,Intrapartum Care,Cuidados Intraparto,"Nursing Interventions Classification (NIC), 8th edition",alternative,Use during labour/intrapartum care.,Use during labour/intrapartum care.,Usar durante o trabalho de parto/cuidados intraparto.,high,contextual_current_edition,es,Institutional Spanish NIC 8th edition source reviewed; current code/label cross-check against NIC 8th current classification listing; https://www.salusplay.com/blog/clasificacion-completa-intervenciones-enfermeria-nic-2024/,,2026-09-07,"Selection remains patient/context dependent; use the licensed classification definitions, activities/indicators and scales."
00208,Readiness for enhanced childbearing process,Preparação para um processo de gestação aprimorado,NIC,6930,Postpartum Care,Cuidados Pós-Parto,"Nursing Interventions Classification (NIC), 8th edition",alternative,Use in the postpartum phase.,Use in the postpartum phase.,Usar na fase pós-parto.,high,contextual_current_edition,es,Institutional Spanish NIC 8th edition source reviewed; current code/label cross-check against NIC 8th current classification listing; https://www.salusplay.com/blog/clasificacion-completa-intervenciones-enfermeria-nic-2024/,,2026-09-07,"Selection remains patient/context dependent; use the licensed classification definitions, activities/indicators and scales."
00208,Readiness for enhanced childbearing process,Preparação para um processo de gestação aprimorado,NOC,2509,Maternal Status: Antepartum,Estado Materno: Anteparto,"Nursing Outcomes Classification (NOC), 7th edition",primary,Compatibility primary selected for the diagnosis; consider alternative/context-specific links before finalising a care plan.,Compatibility primary selected for the diagnosis; consider alternative/context-specific links before finalising a care plan.,Mapeamento primário de compatibilidade selecionado para o diagnóstico; considerar vínculos alternativos/específicos ao contexto antes de finalizar o plano de cuidados.,moderate,current_edition_verified,es,Institutional Spanish NOC 7th edition source reviewed; current code/label cross-check against NOC 7th current classification listing; https://www.salusplay.com/apuntes/pae-y-diagnosticos-de-enfermeria-nanda-noc-y-nic/anexo-2-clasificacion-completa-de-resultados-de-enfermeria-noc-2024-8,,2026-09-07,"Selection remains patient/context dependent; use the licensed classification definitions, activities/indicators and scales."
00208,Readiness for enhanced childbearing process,Preparação para um processo de gestação aprimorado,NOC,2510,Maternal Status: Intrapartum,Estado Materno: Durante o Parto,"Nursing Outcomes Classification (NOC), 7th edition",alternative,Use for intrapartum maternal status.,Use for intrapartum maternal status.,Usar para avaliar o estado materno durante o parto.,high,contextual_current_edition,es,Institutional Spanish NOC 7th edition source reviewed; current code/label cross-check against NOC 7th current classification listing; https://www.salusplay.com/apuntes/pae-y-diagnosticos-de-enfermeria-nanda-noc-y-nic/anexo-2-clasificacion-completa-de-resultados-de-enfermeria-noc-2024-8,,2026-09-07,"Selection remains patient/context dependent; use the licensed classification definitions, activities/indicators and scales."
00208,Readiness for enhanced childbearing process,Preparação para um processo de gestação aprimorado,NOC,2511,Maternal Status: Postpartum,Estado Materno: Puerpério,"Nursing Outcomes Classification (NOC), 7th edition",alternative,Use for postpartum/puerperium maternal status.,Use for postpartum/puerperium maternal status.,Usar para avaliar o estado materno no pós-parto/puerpério.,high,contextual_current_edition,es,Institutional Spanish NOC 7th edition source reviewed; current code/label cross-check against NOC 7th current classification listing; https://www.salusplay.com/apuntes/pae-y-diagnosticos-de-enfermeria-nanda-noc-y-nic/anexo-2-clasificacion-completa-de-resultados-de-enfermeria-noc-2024-8,,2026-09-07,"Selection remains patient/context dependent; use the licensed classification definitions, activities/indicators and scales."
00210,Impaired resilience,Resiliência prejudicada,NIC,8340,Resilience Promotion,Promoção da Resiliência,"Nursing Interventions Classification (NIC), 8th edition",primary,Compatibility primary selected for the diagnosis; consider alternative/context-specific links before finalising a care plan.,Compatibility primary selected for the diagnosis; consider alternative/context-specific links before finalising a care plan.,Mapeamento primário de compatibilidade selecionado para o diagnóstico; considerar vínculos alternativos/específicos ao contexto antes de finalizar o plano de cuidados.,high,curated_current_edition,es,Institutional Spanish NIC 8th edition source reviewed; current code/label cross-check against NIC 8th current classification listing; https://www.salusplay.com/blog/clasificacion-completa-intervenciones-enfermeria-nic-2024/,,2026-09-07,"Selection remains patient/context dependent; use the licensed classification definitions, activities/indicators and scales."
00210,Impaired resilience,Resiliência prejudicada,NOC,1309,Personal Resiliency,Resiliência Pessoal,"Nursing Outcomes Classification (NOC), 7th edition",primary,Compatibility primary selected for the diagnosis; consider alternative/context-specific links before finalising a care plan.,Compatibility primary selected for the diagnosis; consider alternative/context-specific links before finalising a care plan.,Mapeamento primário de compatibilidade selecionado para o diagnóstico; considerar vínculos alternativos/específicos ao contexto antes de finalizar o plano de cuidados.,high,curated_current_edition,es,Institutional Spanish NOC 7th edition source reviewed; current code/label cross-check against NOC 7th current classification listing; https://www.salusplay.com/apuntes/pae-y-diagnosticos-de-enfermeria-nanda-noc-y-nic/anexo-2-clasificacion-completa-de-resultados-de-enfermeria-noc-2024-8,,2026-09-07,"Selection remains patient/context dependent; use the licensed classification definitions, activities/indicators and scales."
00211,Risk for impaired resilience,Risco de resiliência prejudicada,NIC,8340,Resilience Promotion,Promoção da Resiliência,"Nursing Interventions Classification (NIC), 8th edition",primary,Compatibility primary selected for the diagnosis; consider alternative/context-specific links before finalising a care plan.,Compatibility primary selected for the diagnosis; consider alternative/context-specific links before finalising a care plan.,Mapeamento primário de compatibilidade selecionado para o diagnóstico; considerar vínculos alternativos/específicos ao contexto antes de finalizar o plano de cuidados.,high,curated_current_edition,es,Institutional Spanish NIC 8th edition source reviewed; current code/label cross-check against NIC 8th current classification listing; https://www.salusplay.com/blog/clasificacion-completa-intervenciones-enfermeria-nic-2024/,,2026-09-07,"Selection remains patient/context dependent; use the licensed classification definitions, activities/indicators and scales."
00211,Risk for impaired resilience,Risco de resiliência prejudicada,NOC,1309,Personal Resiliency,Resiliência Pessoal,"Nursing Outcomes Classification (NOC), 7th edition",primary,Compatibility primary selected for the diagnosis; consider alternative/context-specific links before finalising a care plan.,Compatibility primary selected for the diagnosis; consider alternative/context-specific links before finalising a care plan.,Mapeamento primário de compatibilidade selecionado para o diagnóstico; considerar vínculos alternativos/específicos ao contexto antes de finalizar o plano de cuidados.,high,curated_current_edition,es,Institutional Spanish NOC 7th edition source reviewed; current code/label cross-check against NOC 7th current classification listing; https://www.salusplay.com/apuntes/pae-y-diagnosticos-de-enfermeria-nanda-noc-y-nic/anexo-2-clasificacion-completa-de-resultados-de-enfermeria-noc-2024-8,,2026-09-07,"Selection remains patient/context dependent; use the licensed classification definitions, activities/indicators and scales."
00212,Readiness for enhanced resilience,Preparação para uma maior resiliência,NIC,8340,Resilience Promotion,Promoção da Resiliência,"Nursing Interventions Classification (NIC), 8th edition",primary,Compatibility primary selected for the diagnosis; consider alternative/context-specific links before finalising a care plan.,Compatibility primary selected for the diagnosis; consider alternative/context-specific links before finalising a care plan.,Mapeamento primário de compatibilidade selecionado para o diagnóstico; considerar vínculos alternativos/específicos ao contexto antes de finalizar o plano de cuidados.,high,curated_current_edition,es,Institutional Spanish NIC 8th edition source reviewed; current code/label cross-check against NIC 8th current classification listing; https://www.salusplay.com/blog/clasificacion-completa-intervenciones-enfermeria-nic-2024/,,2026-09-07,"Selection remains patient/context dependent; use the licensed classification definitions, activities/indicators and scales."
00212,Readiness for enhanced resilience,Preparação para uma maior resiliência,NOC,1309,Personal Resiliency,Resiliência Pessoal,"Nursing Outcomes Classification (NOC), 7th edition",primary,Compatibility primary selected for the diagnosis; consider alternative/context-specific links before finalising a care plan.,Compatibility primary selected for the diagnosis; consider alternative/context-specific links before finalising a care plan.,Mapeamento primário de compatibilidade selecionado para o diagnóstico; considerar vínculos alternativos/específicos ao contexto antes de finalizar o plano de cuidados.,high,curated_current_edition,es,Institutional Spanish NOC 7th edition source reviewed; current code/label cross-check against NOC 7th current classification listing; https://www.salusplay.com/apuntes/pae-y-diagnosticos-de-enfermeria-nanda-noc-y-nic/anexo-2-clasificacion-completa-de-resultados-de-enfermeria-noc-2024-8,,2026-09-07,"Selection remains patient/context dependent; use the licensed classification definitions, activities/indicators and scales."
00217,Risk for allergic reaction,Risco de reação alérgica,NIC,6410,Allergy Management,Controle de Alergias,"Nursing Interventions Classification (NIC), 8th edition",primary,Compatibility primary selected for the diagnosis; consider alternative/context-specific links before finalising a care plan.,Compatibility primary selected for the diagnosis; consider alternative/context-specific links before finalising a care plan.,Mapeamento primário de compatibilidade selecionado para o diagnóstico; considerar vínculos alternativos/específicos ao contexto antes de finalizar o plano de cuidados.,high,curated_current_edition,es,Institutional Spanish NIC 8th edition source reviewed; current code/label cross-check against NIC 8th current classification listing; https://www.salusplay.com/blog/clasificacion-completa-intervenciones-enfermeria-nic-2024/,,2026-09-07,"Selection remains patient/context dependent; use the licensed classification definitions, activities/indicators and scales."
00217,Risk for allergic reaction,Risco de reação alérgica,NOC,0707,Immune Hypersensitivity Response,Resposta de Hipersensibilidade Imunológica,"Nursing Outcomes Classification (NOC), 7th edition",primary,Compatibility primary selected for the diagnosis; consider alternative/context-specific links before finalising a care plan.,Compatibility primary selected for the diagnosis; consider alternative/context-specific links before finalising a care plan.,Mapeamento primário de compatibilidade selecionado para o diagnóstico; considerar vínculos alternativos/específicos ao contexto antes de finalizar o plano de cuidados.,high,curated_current_edition,es,Institutional Spanish NOC 7th edition source reviewed; current code/label cross-check against NOC 7th current classification listing; https://www.salusplay.com/apuntes/pae-y-diagnosticos-de-enfermeria-nanda-noc-y-nic/anexo-2-clasificacion-completa-de-resultados-de-enfermeria-noc-2024-8,,2026-09-07,"Selection remains patient/context dependent; use the licensed classification definitions, activities/indicators and scales."
00219,Risk for dry eye,Risco de olho seco,NIC,1350,Dry Eye Prevention,Prevenção de Olho Seco,"Nursing Interventions Classification (NIC), 8th edition",primary,Compatibility primary selected for the diagnosis; consider alternative/context-specific links before finalising a care plan.,Compatibility primary selected for the diagnosis; consider alternative/context-specific links before finalising a care plan.,Mapeamento primário de compatibilidade selecionado para o diagnóstico; considerar vínculos alternativos/específicos ao contexto antes de finalizar o plano de cuidados.,high,curated_current_edition,es,Institutional Spanish NIC 8th edition source reviewed; current code/label cross-check against NIC 8th current classification listing; https://www.salusplay.com/blog/clasificacion-completa-intervenciones-enfermeria-nic-2024/,,2026-09-07,"Selection remains patient/context dependent; use the licensed classification definitions, activities/indicators and scales."
00219,Risk for dry eye,Risco de olho seco,NOC,1927,Risk Control: Dry Eye,Controle de Risco: Olho Seco,"Nursing Outcomes Classification (NOC), 7th edition",primary,Compatibility primary selected for the diagnosis; consider alternative/context-specific links before finalising a care plan.,Compatibility primary selected for the diagnosis; consider alternative/context-specific links before finalising a care plan.,Mapeamento primário de compatibilidade selecionado para o diagnóstico; considerar vínculos alternativos/específicos ao contexto antes de finalizar o plano de cuidados.,high,curated_current_edition,es,Institutional Spanish NOC 7th edition source reviewed; current code/label cross-check against NOC 7th current classification listing; https://www.salusplay.com/apuntes/pae-y-diagnosticos-de-enfermeria-nanda-noc-y-nic/anexo-2-clasificacion-completa-de-resultados-de-enfermeria-noc-2024-8,,2026-09-07,"Selection remains patient/context dependent; use the licensed classification definitions, activities/indicators and scales."
00221,Ineffective childbearing process,Processo de gravidez ineficaz,NIC,6960,Prenatal Care,Cuidados Pré-Natais,"Nursing Interventions Classification (NIC), 8th edition",primary,Compatibility primary selected for the diagnosis; consider alternative/context-specific links before finalising a care plan.,Compatibility primary selected for the diagnosis; consider alternative/context-specific links before finalising a care plan.,Mapeamento primário de compatibilidade selecionado para o diagnóstico; considerar vínculos alternativos/específicos ao contexto antes de finalizar o plano de cuidados.,moderate,current_edition_verified,es,Institutional Spanish NIC 8th edition source reviewed; current code/label cross-check against NIC 8th current classification listing; https://www.salusplay.com/blog/clasificacion-completa-intervenciones-enfermeria-nic-2024/,,2026-09-07,"Selection remains patient/context dependent; use the licensed classification definitions, activities/indicators and scales."
00221,Ineffective childbearing process,Processo de gravidez ineficaz,NIC,6760,Childbirth Preparation,Preparação para o Parto,"Nursing Interventions Classification (NIC), 8th edition",alternative,Use when deficits relate to childbirth preparation.,Use when deficits relate to childbirth preparation.,Usar quando os déficits estiverem relacionados à preparação para o parto.,high,contextual_current_edition,es,Institutional Spanish NIC 8th edition source reviewed; current code/label cross-check against NIC 8th current classification listing; https://www.salusplay.com/blog/clasificacion-completa-intervenciones-enfermeria-nic-2024/,,2026-09-07,"Selection remains patient/context dependent; use the licensed classification definitions, activities/indicators and scales."
00221,Ineffective childbearing process,Processo de gravidez ineficaz,NIC,6830,Intrapartum Care,Cuidados Intraparto,"Nursing Interventions Classification (NIC), 8th edition",alternative,Use when the ineffective process is occurring intrapartum.,Use when the ineffective process is occurring intrapartum.,Usar quando o processo ineficaz estiver ocorrendo durante o parto.,high,contextual_current_edition,es,Institutional Spanish NIC 8th edition source reviewed; current code/label cross-check against NIC 8th current classification listing; https://www.salusplay.com/blog/clasificacion-completa-intervenciones-enfermeria-nic-2024/,,2026-09-07,"Selection remains patient/context dependent; use the licensed classification definitions, activities/indicators and scales."
00221,Ineffective childbearing process,Processo de gravidez ineficaz,NIC,6930,Postpartum Care,Cuidados Pós-Parto,"Nursing Interventions Classification (NIC), 8th edition",alternative,Use when the care problem is postpartum.,Use when the care problem is postpartum.,Usar quando o problema de cuidado ocorrer no pós-parto.,high,contextual_current_edition,es,Institutional Spanish NIC 8th edition source reviewed; current code/label cross-check against NIC 8th current classification listing; https://www.salusplay.com/blog/clasificacion-completa-intervenciones-enfermeria-nic-2024/,,2026-09-07,"Selection remains patient/context dependent; use the licensed classification definitions, activities/indicators and scales."
00221,Ineffective childbearing process,Processo de gravidez ineficaz,NOC,2509,Maternal Status: Antepartum,Estado Materno: Anteparto,"Nursing Outcomes Classification (NOC), 7th edition",primary,Compatibility primary selected for the diagnosis; consider alternative/context-specific links before finalising a care plan.,Compatibility primary selected for the diagnosis; consider alternative/context-specific links before finalising a care plan.,Mapeamento primário de compatibilidade selecionado para o diagnóstico; considerar vínculos alternativos/específicos ao contexto antes de finalizar o plano de cuidados.,moderate,current_edition_verified,es,Institutional Spanish NOC 7th edition source reviewed; current code/label cross-check against NOC 7th current classification listing; https://www.salusplay.com/apuntes/pae-y-diagnosticos-de-enfermeria-nanda-noc-y-nic/anexo-2-clasificacion-completa-de-resultados-de-enfermeria-noc-2024-8,,2026-09-07,"Selection remains patient/context dependent; use the licensed classification definitions, activities/indicators and scales."
00221,Ineffective childbearing process,Processo de gravidez ineficaz,NOC,2510,Maternal Status: Intrapartum,Estado Materno: Durante o Parto,"Nursing Outcomes Classification (NOC), 7th edition",alternative,Use for intrapartum maternal status.,Use for intrapartum maternal status.,Usar para avaliar o estado materno durante o parto.,high,contextual_current_edition,es,Institutional Spanish NOC 7th edition source reviewed; current code/label cross-check against NOC 7th current classification listing; https://www.salusplay.com/apuntes/pae-y-diagnosticos-de-enfermeria-nanda-noc-y-nic/anexo-2-clasificacion-completa-de-resultados-de-enfermeria-noc-2024-8,,2026-09-07,"Selection remains patient/context dependent; use the licensed classification definitions, activities/indicators and scales."
00221,Ineffective childbearing process,Processo de gravidez ineficaz,NOC,2511,Maternal Status: Postpartum,Estado Materno: Puerpério,"Nursing Outcomes Classification (NOC), 7th edition",alternative,Use for postpartum/puerperium maternal status.,Use for postpartum/puerperium maternal status.,Usar para avaliar o estado materno no pós-parto/puerpério.,high,contextual_current_edition,es,Institutional Spanish NOC 7th edition source reviewed; current code/label cross-check against NOC 7th current classification listing; https://www.salusplay.com/apuntes/pae-y-diagnosticos-de-enfermeria-nanda-noc-y-nic/anexo-2-clasificacion-completa-de-resultados-de-enfermeria-noc-2024-8,,2026-09-07,"Selection remains patient/context dependent; use the licensed classification definitions, activities/indicators and scales."
00222,Ineffective impulse control,Controle de impulsos ineficaz,NIC,4370,Impulse Control Training,Treinamento para Controle de Impulsos,"Nursing Interventions Classification (NIC), 8th edition",primary,Compatibility primary selected for the diagnosis; consider alternative/context-specific links before finalising a care plan.,Compatibility primary selected for the diagnosis; consider alternative/context-specific links before finalising a care plan.,Mapeamento primário de compatibilidade selecionado para o diagnóstico; considerar vínculos alternativos/específicos ao contexto antes de finalizar o plano de cuidados.,high,curated_current_edition,es,Institutional Spanish NIC 8th edition source reviewed; current code/label cross-check against NIC 8th current classification listing; https://www.salusplay.com/blog/clasificacion-completa-intervenciones-enfermeria-nic-2024/,,2026-09-07,"Selection remains patient/context dependent; use the licensed classification definitions, activities/indicators and scales."
00222,Ineffective impulse control,Controle de impulsos ineficaz,NOC,1405,Self-Control of Impulses,Autocontrole dos Impulsos,"Nursing Outcomes Classification (NOC), 7th edition",primary,Compatibility primary selected for the diagnosis; consider alternative/context-specific links before finalising a care plan.,Compatibility primary selected for the diagnosis; consider alternative/context-specific links before finalising a care plan.,Mapeamento primário de compatibilidade selecionado para o diagnóstico; considerar vínculos alternativos/específicos ao contexto antes de finalizar o plano de cuidados.,high,current_edition_verified,es,Institutional Spanish NOC 7th edition source reviewed; current code/label cross-check against NOC 7th current classification listing; https://www.salusplay.com/apuntes/pae-y-diagnosticos-de-enfermeria-nanda-noc-y-nic/anexo-2-clasificacion-completa-de-resultados-de-enfermeria-noc-2024-8,,2026-09-07,"Selection remains patient/context dependent; use the licensed classification definitions, activities/indicators and scales."
00227,Risk for ineffective childbearing process,Risco de processo reprodutivo ineficaz,NIC,6960,Prenatal Care,Cuidados Pré-Natais,"Nursing Interventions Classification (NIC), 8th edition",primary,Compatibility primary selected for the diagnosis; consider alternative/context-specific links before finalising a care plan.,Compatibility primary selected for the diagnosis; consider alternative/context-specific links before finalising a care plan.,Mapeamento primário de compatibilidade selecionado para o diagnóstico; considerar vínculos alternativos/específicos ao contexto antes de finalizar o plano de cuidados.,moderate,current_edition_verified,es,Institutional Spanish NIC 8th edition source reviewed; current code/label cross-check against NIC 8th current classification listing; https://www.salusplay.com/blog/clasificacion-completa-intervenciones-enfermeria-nic-2024/,,2026-09-07,"Selection remains patient/context dependent; use the licensed classification definitions, activities/indicators and scales."
00227,Risk for ineffective childbearing process,Risco de processo reprodutivo ineficaz,NIC,6760,Childbirth Preparation,Preparação para o Parto,"Nursing Interventions Classification (NIC), 8th edition",alternative,Use for antenatal preparation/risk reduction.,Use for antenatal preparation/risk reduction.,Usar para preparação pré-natal/redução de risco.,high,contextual_current_edition,es,Institutional Spanish NIC 8th edition source reviewed; current code/label cross-check against NIC 8th current classification listing; https://www.salusplay.com/blog/clasificacion-completa-intervenciones-enfermeria-nic-2024/,,2026-09-07,"Selection remains patient/context dependent; use the licensed classification definitions, activities/indicators and scales."
00227,Risk for ineffective childbearing process,Risco de processo reprodutivo ineficaz,NIC,6830,Intrapartum Care,Cuidados Intraparto,"Nursing Interventions Classification (NIC), 8th edition",alternative,Use if risk is being managed during labour.,Use if risk is being managed during labour.,Usar quando o risco estiver sendo manejado durante o trabalho de parto.,high,contextual_current_edition,es,Institutional Spanish NIC 8th edition source reviewed; current code/label cross-check against NIC 8th current classification listing; https://www.salusplay.com/blog/clasificacion-completa-intervenciones-enfermeria-nic-2024/,,2026-09-07,"Selection remains patient/context dependent; use the licensed classification definitions, activities/indicators and scales."
00227,Risk for ineffective childbearing process,Risco de processo reprodutivo ineficaz,NIC,6930,Postpartum Care,Cuidados Pós-Parto,"Nursing Interventions Classification (NIC), 8th edition",alternative,Use for postpartum risk management.,Use for postpartum risk management.,Usar para manejo de riscos no pós-parto.,high,contextual_current_edition,es,Institutional Spanish NIC 8th edition source reviewed; current code/label cross-check against NIC 8th current classification listing; https://www.salusplay.com/blog/clasificacion-completa-intervenciones-enfermeria-nic-2024/,,2026-09-07,"Selection remains patient/context dependent; use the licensed classification definitions, activities/indicators and scales."
00227,Risk for ineffective childbearing process,Risco de processo reprodutivo ineficaz,NOC,2509,Maternal Status: Antepartum,Estado Materno: Anteparto,"Nursing Outcomes Classification (NOC), 7th edition",primary,Compatibility primary selected for the diagnosis; consider alternative/context-specific links before finalising a care plan.,Compatibility primary selected for the diagnosis; consider alternative/context-specific links before finalising a care plan.,Mapeamento primário de compatibilidade selecionado para o diagnóstico; considerar vínculos alternativos/específicos ao contexto antes de finalizar o plano de cuidados.,moderate,current_edition_verified,es,Institutional Spanish NOC 7th edition source reviewed; current code/label cross-check against NOC 7th current classification listing; https://www.salusplay.com/apuntes/pae-y-diagnosticos-de-enfermeria-nanda-noc-y-nic/anexo-2-clasificacion-completa-de-resultados-de-enfermeria-noc-2024-8,,2026-09-07,"Selection remains patient/context dependent; use the licensed classification definitions, activities/indicators and scales."
00227,Risk for ineffective childbearing process,Risco de processo reprodutivo ineficaz,NOC,2510,Maternal Status: Intrapartum,Estado Materno: Durante o Parto,"Nursing Outcomes Classification (NOC), 7th edition",alternative,Use for intrapartum maternal status.,Use for intrapartum maternal status.,Usar para avaliar o estado materno durante o parto.,high,contextual_current_edition,es,Institutional Spanish NOC 7th edition source reviewed; current code/label cross-check against NOC 7th current classification listing; https://www.salusplay.com/apuntes/pae-y-diagnosticos-de-enfermeria-nanda-noc-y-nic/anexo-2-clasificacion-completa-de-resultados-de-enfermeria-noc-2024-8,,2026-09-07,"Selection remains patient/context dependent; use the licensed classification definitions, activities/indicators and scales."
00227,Risk for ineffective childbearing process,Risco de processo reprodutivo ineficaz,NOC,2511,Maternal Status: Postpartum,Estado Materno: Puerpério,"Nursing Outcomes Classification (NOC), 7th edition",alternative,Use for postpartum/puerperium maternal status.,Use for postpartum/puerperium maternal status.,Usar para avaliar o estado materno no pós-parto/puerpério.,high,contextual_current_edition,es,Institutional Spanish NOC 7th edition source reviewed; current code/label cross-check against NOC 7th current classification listing; https://www.salusplay.com/apuntes/pae-y-diagnosticos-de-enfermeria-nanda-noc-y-nic/anexo-2-clasificacion-completa-de-resultados-de-enfermeria-noc-2024-8,,2026-09-07,"Selection remains patient/context dependent; use the licensed classification definitions, activities/indicators and scales."
00228,Risk for ineffective peripheral tissue perfusion,Risco de perfusão tecidual periférica ineficaz,NIC,4062,Circulatory Care: Arterial Insufficiency,Cuidados Circulatórios: Insuficiência Arterial,"Nursing Interventions Classification (NIC), 8th edition",primary,Compatibility primary selected for the diagnosis; consider alternative/context-specific links before finalising a care plan.,Compatibility primary selected for the diagnosis; consider alternative/context-specific links before finalising a care plan.,Mapeamento primário de compatibilidade selecionado para o diagnóstico; considerar vínculos alternativos/específicos ao contexto antes de finalizar o plano de cuidados.,high,curated_current_edition,es,Institutional Spanish NIC 8th edition source reviewed; current code/label cross-check against NIC 8th current classification listing; https://www.salusplay.com/blog/clasificacion-completa-intervenciones-enfermeria-nic-2024/,,2026-09-07,"Selection remains patient/context dependent; use the licensed classification definitions, activities/indicators and scales."
00228,Risk for ineffective peripheral tissue perfusion,Risco de perfusão tecidual periférica ineficaz,NOC,0407,Tissue Perfusion: Peripheral,Perfusão Tissular: Periférica,"Nursing Outcomes Classification (NOC), 7th edition",primary,Compatibility primary selected for the diagnosis; consider alternative/context-specific links before finalising a care plan.,Compatibility primary selected for the diagnosis; consider alternative/context-specific links before finalising a care plan.,Mapeamento primário de compatibilidade selecionado para o diagnóstico; considerar vínculos alternativos/específicos ao contexto antes de finalizar o plano de cuidados.,high,curated_current_edition,es,Institutional Spanish NOC 7th edition source reviewed; current code/label cross-check against NOC 7th current classification listing; https://www.salusplay.com/apuntes/pae-y-diagnosticos-de-enfermeria-nanda-noc-y-nic/anexo-2-clasificacion-completa-de-resultados-de-enfermeria-noc-2024-8,,2026-09-07,"Selection remains patient/context dependent; use the licensed classification definitions, activities/indicators and scales."
00230,Risk for neonatal hyperbilirubinemia,Risco de hiperbilirrubinemia neonatal,NIC,6924,Phototherapy: Neonate,Fototerapia: Neonato,"Nursing Interventions Classification (NIC), 8th edition",primary,Compatibility primary selected for the diagnosis; consider alternative/context-specific links before finalising a care plan.,Compatibility primary selected for the diagnosis; consider alternative/context-specific links before finalising a care plan.,Mapeamento primário de compatibilidade selecionado para o diagnóstico; considerar vínculos alternativos/específicos ao contexto antes de finalizar o plano de cuidados.,high,curated_current_edition,es,Institutional Spanish NIC 8th edition source reviewed; current code/label cross-check against NIC 8th current classification listing; https://www.salusplay.com/blog/clasificacion-completa-intervenciones-enfermeria-nic-2024/,,2026-09-07,"Selection remains patient/context dependent; use the licensed classification definitions, activities/indicators and scales."
00230,Risk for neonatal hyperbilirubinemia,Risco de hiperbilirrubinemia neonatal,NOC,0118,Newborn Adaptation,Adaptação do Recém-Nascido,"Nursing Outcomes Classification (NOC), 7th edition",primary,Compatibility primary selected for the diagnosis; consider alternative/context-specific links before finalising a care plan.,Compatibility primary selected for the diagnosis; consider alternative/context-specific links before finalising a care plan.,Mapeamento primário de compatibilidade selecionado para o diagnóstico; considerar vínculos alternativos/específicos ao contexto antes de finalizar o plano de cuidados.,high,curated_current_edition,es,Institutional Spanish NOC 7th edition source reviewed; current code/label cross-check against NOC 7th current classification listing; https://www.salusplay.com/apuntes/pae-y-diagnosticos-de-enfermeria-nanda-noc-y-nic/anexo-2-clasificacion-completa-de-resultados-de-enfermeria-noc-2024-8,,2026-09-07,"Selection remains patient/context dependent; use the licensed classification definitions, activities/indicators and scales."
00235,Chronic functional constipation,constipação funcional crônica,NIC,0450,Constipation/Impaction Management,Controle da Constipação/Impactação,"Nursing Interventions Classification (NIC), 8th edition",primary,Compatibility primary selected for the diagnosis; consider alternative/context-specific links before finalising a care plan.,Compatibility primary selected for the diagnosis; consider alternative/context-specific links before finalising a care plan.,Mapeamento primário de compatibilidade selecionado para o diagnóstico; considerar vínculos alternativos/específicos ao contexto antes de finalizar o plano de cuidados.,high,curated_current_edition,es,Institutional Spanish NIC 8th edition source reviewed; current code/label cross-check against NIC 8th current classification listing; https://www.salusplay.com/blog/clasificacion-completa-intervenciones-enfermeria-nic-2024/,,2026-09-07,"Selection remains patient/context dependent; use the licensed classification definitions, activities/indicators and scales."
00235,Chronic functional constipation,constipação funcional crônica,NOC,0501,Bowel Elimination,Eliminação Intestinal,"Nursing Outcomes Classification (NOC), 7th edition",primary,Compatibility primary selected for the diagnosis; consider alternative/context-specific links before finalising a care plan.,Compatibility primary selected for the diagnosis; consider alternative/context-specific links before finalising a care plan.,Mapeamento primário de compatibilidade selecionado para o diagnóstico; considerar vínculos alternativos/específicos ao contexto antes de finalizar o plano de cuidados.,high,curated_current_edition,es,Institutional Spanish NOC 7th edition source reviewed; current code/label cross-check against NOC 7th current classification listing; https://www.salusplay.com/apuntes/pae-y-diagnosticos-de-enfermeria-nanda-noc-y-nic/anexo-2-clasificacion-completa-de-resultados-de-enfermeria-noc-2024-8,,2026-09-07,"Selection remains patient/context dependent; use the licensed classification definitions, activities/indicators and scales."
00236,Risk for chronic functional constipation,Risco de constipação funcional crônica,NIC,0450,Constipation/Impaction Management,Controle da Constipação/Impactação,"Nursing Interventions Classification (NIC), 8th edition",primary,Compatibility primary selected for the diagnosis; consider alternative/context-specific links before finalising a care plan.,Compatibility primary selected for the diagnosis; consider alternative/context-specific links before finalising a care plan.,Mapeamento primário de compatibilidade selecionado para o diagnóstico; considerar vínculos alternativos/específicos ao contexto antes de finalizar o plano de cuidados.,high,curated_current_edition,es,Institutional Spanish NIC 8th edition source reviewed; current code/label cross-check against NIC 8th current classification listing; https://www.salusplay.com/blog/clasificacion-completa-intervenciones-enfermeria-nic-2024/,,2026-09-07,"Selection remains patient/context dependent; use the licensed classification definitions, activities/indicators and scales."
00236,Risk for chronic functional constipation,Risco de constipação funcional crônica,NOC,0501,Bowel Elimination,Eliminação Intestinal,"Nursing Outcomes Classification (NOC), 7th edition",primary,Compatibility primary selected for the diagnosis; consider alternative/context-specific links before finalising a care plan.,Compatibility primary selected for the diagnosis; consider alternative/context-specific links before finalising a care plan.,Mapeamento primário de compatibilidade selecionado para o diagnóstico; considerar vínculos alternativos/específicos ao contexto antes de finalizar o plano de cuidados.,high,curated_current_edition,es,Institutional Spanish NOC 7th edition source reviewed; current code/label cross-check against NOC 7th current classification listing; https://www.salusplay.com/apuntes/pae-y-diagnosticos-de-enfermeria-nanda-noc-y-nic/anexo-2-clasificacion-completa-de-resultados-de-enfermeria-noc-2024-8,,2026-09-07,"Selection remains patient/context dependent; use the licensed classification definitions, activities/indicators and scales."
00240,Risk for decreased cardiac output,Risco de diminuição do débito cardíaco,NIC,4040,Cardiac Care,Cuidados Cardíacos,"Nursing Interventions Classification (NIC), 8th edition",primary,Compatibility primary selected for the diagnosis; consider alternative/context-specific links before finalising a care plan.,Compatibility primary selected for the diagnosis; consider alternative/context-specific links before finalising a care plan.,Mapeamento primário de compatibilidade selecionado para o diagnóstico; considerar vínculos alternativos/específicos ao contexto antes de finalizar o plano de cuidados.,high,curated_current_edition,es,Institutional Spanish NIC 8th edition source reviewed; current code/label cross-check against NIC 8th current classification listing; https://www.salusplay.com/blog/clasificacion-completa-intervenciones-enfermeria-nic-2024/,,2026-09-07,"Selection remains patient/context dependent; use the licensed classification definitions, activities/indicators and scales."
00240,Risk for decreased cardiac output,Risco de diminuição do débito cardíaco,NOC,0400,Cardiac Pump Effectiveness,Eficácia da Bomba Cardíaca,"Nursing Outcomes Classification (NOC), 7th edition",primary,Compatibility primary selected for the diagnosis; consider alternative/context-specific links before finalising a care plan.,Compatibility primary selected for the diagnosis; consider alternative/context-specific links before finalising a care plan.,Mapeamento primário de compatibilidade selecionado para o diagnóstico; considerar vínculos alternativos/específicos ao contexto antes de finalizar o plano de cuidados.,high,curated_current_edition,es,Institutional Spanish NOC 7th edition source reviewed; current code/label cross-check against NOC 7th current classification listing; https://www.salusplay.com/apuntes/pae-y-diagnosticos-de-enfermeria-nanda-noc-y-nic/anexo-2-clasificacion-completa-de-resultados-de-enfermeria-noc-2024-8,,2026-09-07,"Selection remains patient/context dependent; use the licensed classification definitions, activities/indicators and scales."
00241,Impaired mood regulation,Regulação do humor prejudicada,NIC,5330,Mood Management,Controle do Humor,"Nursing Interventions Classification (NIC), 8th edition",primary,Compatibility primary selected for the diagnosis; consider alternative/context-specific links before finalising a care plan.,Compatibility primary selected for the diagnosis; consider alternative/context-specific links before finalising a care plan.,Mapeamento primário de compatibilidade selecionado para o diagnóstico; considerar vínculos alternativos/específicos ao contexto antes de finalizar o plano de cuidados.,high,curated_current_edition,es,Institutional Spanish NIC 8th edition source reviewed; current code/label cross-check against NIC 8th current classification listing; https://www.salusplay.com/blog/clasificacion-completa-intervenciones-enfermeria-nic-2024/,,2026-09-07,"Selection remains patient/context dependent; use the licensed classification definitions, activities/indicators and scales."
00241,Impaired mood regulation,Regulação do humor prejudicada,NOC,1204,Mood Equilibrium,Equilíbrio do Humor,"Nursing Outcomes Classification (NOC), 7th edition",primary,Compatibility primary selected for the diagnosis; consider alternative/context-specific links before finalising a care plan.,Compatibility primary selected for the diagnosis; consider alternative/context-specific links before finalising a care plan.,Mapeamento primário de compatibilidade selecionado para o diagnóstico; considerar vínculos alternativos/específicos ao contexto antes de finalizar o plano de cuidados.,high,curated_current_edition,es,Institutional Spanish NOC 7th edition source reviewed; current code/label cross-check against NOC 7th current classification listing; https://www.salusplay.com/apuntes/pae-y-diagnosticos-de-enfermeria-nanda-noc-y-nic/anexo-2-clasificacion-completa-de-resultados-de-enfermeria-noc-2024-8,,2026-09-07,"Selection remains patient/context dependent; use the licensed classification definitions, activities/indicators and scales."
00242,Impaired emancipated decision-making,Comprometimento da capacidade de tomar decisões emancipadas,NIC,5250,Decision-Making Support,Apoio à Tomada de Decisão,"Nursing Interventions Classification (NIC), 8th edition",primary,Compatibility primary selected for the diagnosis; consider alternative/context-specific links before finalising a care plan.,Compatibility primary selected for the diagnosis; consider alternative/context-specific links before finalising a care plan.,Mapeamento primário de compatibilidade selecionado para o diagnóstico; considerar vínculos alternativos/específicos ao contexto antes de finalizar o plano de cuidados.,high,curated_current_edition,es,Institutional Spanish NIC 8th edition source reviewed; current code/label cross-check against NIC 8th current classification listing; https://www.salusplay.com/blog/clasificacion-completa-intervenciones-enfermeria-nic-2024/,,2026-09-07,"Selection remains patient/context dependent; use the licensed classification definitions, activities/indicators and scales."
00242,Impaired emancipated decision-making,Comprometimento da capacidade de tomar decisões emancipadas,NOC,0906,Decision-Making,Tomada de Decisão,"Nursing Outcomes Classification (NOC), 7th edition",primary,Compatibility primary selected for the diagnosis; consider alternative/context-specific links before finalising a care plan.,Compatibility primary selected for the diagnosis; consider alternative/context-specific links before finalising a care plan.,Mapeamento primário de compatibilidade selecionado para o diagnóstico; considerar vínculos alternativos/específicos ao contexto antes de finalizar o plano de cuidados.,high,curated_current_edition,es,Institutional Spanish NOC 7th edition source reviewed; current code/label cross-check against NOC 7th current classification listing; https://www.salusplay.com/apuntes/pae-y-diagnosticos-de-enfermeria-nanda-noc-y-nic/anexo-2-clasificacion-completa-de-resultados-de-enfermeria-noc-2024-8,,2026-09-07,"Selection remains patient/context dependent; use the licensed classification definitions, activities/indicators and scales."
00243,Readiness for enhanced emancipated decision-making,Prontidão para uma tomada de decisão emancipada aprimorada,NIC,5250,Decision-Making Support,Apoio à Tomada de Decisão,"Nursing Interventions Classification (NIC), 8th edition",primary,Compatibility primary selected for the diagnosis; consider alternative/context-specific links before finalising a care plan.,Compatibility primary selected for the diagnosis; consider alternative/context-specific links before finalising a care plan.,Mapeamento primário de compatibilidade selecionado para o diagnóstico; considerar vínculos alternativos/específicos ao contexto antes de finalizar o plano de cuidados.,high,curated_current_edition,es,Institutional Spanish NIC 8th edition source reviewed; current code/label cross-check against NIC 8th current classification listing; https://www.salusplay.com/blog/clasificacion-completa-intervenciones-enfermeria-nic-2024/,,2026-09-07,"Selection remains patient/context dependent; use the licensed classification definitions, activities/indicators and scales."
00243,Readiness for enhanced emancipated decision-making,Prontidão para uma tomada de decisão emancipada aprimorada,NOC,0906,Decision-Making,Tomada de Decisão,"Nursing Outcomes Classification (NOC), 7th edition",primary,Compatibility primary selected for the diagnosis; consider alternative/context-specific links before finalising a care plan.,Compatibility primary selected for the diagnosis; consider alternative/context-specific links before finalising a care plan.,Mapeamento primário de compatibilidade selecionado para o diagnóstico; considerar vínculos alternativos/específicos ao contexto antes de finalizar o plano de cuidados.,high,curated_current_edition,es,Institutional Spanish NOC 7th edition source reviewed; current code/label cross-check against NOC 7th current classification listing; https://www.salusplay.com/apuntes/pae-y-diagnosticos-de-enfermeria-nanda-noc-y-nic/anexo-2-clasificacion-completa-de-resultados-de-enfermeria-noc-2024-8,,2026-09-07,"Selection remains patient/context dependent; use the licensed classification definitions, activities/indicators and scales."
00244,Risk for impaired emancipated decision-making,Risco de comprometimento na tomada de decisões emancipadas,NIC,5250,Decision-Making Support,Apoio à Tomada de Decisão,"Nursing Interventions Classification (NIC), 8th edition",primary,Compatibility primary selected for the diagnosis; consider alternative/context-specific links before finalising a care plan.,Compatibility primary selected for the diagnosis; consider alternative/context-specific links before finalising a care plan.,Mapeamento primário de compatibilidade selecionado para o diagnóstico; considerar vínculos alternativos/específicos ao contexto antes de finalizar o plano de cuidados.,high,curated_current_edition,es,Institutional Spanish NIC 8th edition source reviewed; current code/label cross-check against NIC 8th current classification listing; https://www.salusplay.com/blog/clasificacion-completa-intervenciones-enfermeria-nic-2024/,,2026-09-07,"Selection remains patient/context dependent; use the licensed classification definitions, activities/indicators and scales."
00244,Risk for impaired emancipated decision-making,Risco de comprometimento na tomada de decisões emancipadas,NOC,0906,Decision-Making,Tomada de Decisão,"Nursing Outcomes Classification (NOC), 7th edition",primary,Compatibility primary selected for the diagnosis; consider alternative/context-specific links before finalising a care plan.,Compatibility primary selected for the diagnosis; consider alternative/context-specific links before finalising a care plan.,Mapeamento primário de compatibilidade selecionado para o diagnóstico; considerar vínculos alternativos/específicos ao contexto antes de finalizar o plano de cuidados.,high,curated_current_edition,es,Institutional Spanish NOC 7th edition source reviewed; current code/label cross-check against NOC 7th current classification listing; https://www.salusplay.com/apuntes/pae-y-diagnosticos-de-enfermeria-nanda-noc-y-nic/anexo-2-clasificacion-completa-de-resultados-de-enfermeria-noc-2024-8,,2026-09-07,"Selection remains patient/context dependent; use the licensed classification definitions, activities/indicators and scales."
00245,Risk for corneal injury,Risco de lesão na córnea,NIC,1650,Eye Care,Cuidados com os Olhos,"Nursing Interventions Classification (NIC), 8th edition",primary,Compatibility primary selected for the diagnosis; consider alternative/context-specific links before finalising a care plan.,Compatibility primary selected for the diagnosis; consider alternative/context-specific links before finalising a care plan.,Mapeamento primário de compatibilidade selecionado para o diagnóstico; considerar vínculos alternativos/específicos ao contexto antes de finalizar o plano de cuidados.,moderate,curated_current_edition,es,Institutional Spanish NIC 8th edition source reviewed; current code/label cross-check against NIC 8th current classification listing; https://www.salusplay.com/blog/clasificacion-completa-intervenciones-enfermeria-nic-2024/,,2026-09-07,"Selection remains patient/context dependent; use the licensed classification definitions, activities/indicators and scales."
00245,Risk for corneal injury,Risco de lesão na córnea,NOC,1101,Tissue Integrity: Skin & Mucous Membranes,Integridade Tissular: Pele e Mucosas,"Nursing Outcomes Classification (NOC), 7th edition",primary,Compatibility primary selected for the diagnosis; consider alternative/context-specific links before finalising a care plan.,Compatibility primary selected for the diagnosis; consider alternative/context-specific links before finalising a care plan.,Mapeamento primário de compatibilidade selecionado para o diagnóstico; considerar vínculos alternativos/específicos ao contexto antes de finalizar o plano de cuidados.,moderate,curated_current_edition,es,Institutional Spanish NOC 7th edition source reviewed; current code/label cross-check against NOC 7th current classification listing; https://www.salusplay.com/apuntes/pae-y-diagnosticos-de-enfermeria-nanda-noc-y-nic/anexo-2-clasificacion-completa-de-resultados-de-enfermeria-noc-2024-8,,2026-09-07,"Selection remains patient/context dependent; use the licensed classification definitions, activities/indicators and scales."
00247,Risk for impaired oral mucous membrane integrity,Risco de comprometimento da integridade da mucosa oral,NIC,1710,Oral Health Maintenance,Manutenção da Saúde Oral,"Nursing Interventions Classification (NIC), 8th edition",primary,Compatibility primary selected for the diagnosis; consider alternative/context-specific links before finalising a care plan.,Compatibility primary selected for the diagnosis; consider alternative/context-specific links before finalising a care plan.,Mapeamento primário de compatibilidade selecionado para o diagnóstico; considerar vínculos alternativos/específicos ao contexto antes de finalizar o plano de cuidados.,high,curated_current_edition,es,Institutional Spanish NIC 8th edition source reviewed; current code/label cross-check against NIC 8th current classification listing; https://www.salusplay.com/blog/clasificacion-completa-intervenciones-enfermeria-nic-2024/,,2026-09-07,"Selection remains patient/context dependent; use the licensed classification definitions, activities/indicators and scales."
00247,Risk for impaired oral mucous membrane integrity,Risco de comprometimento da integridade da mucosa oral,NOC,1101,Tissue Integrity: Skin & Mucous Membranes,Integridade Tissular: Pele e Mucosas,"Nursing Outcomes Classification (NOC), 7th edition",primary,Compatibility primary selected for the diagnosis; consider alternative/context-specific links before finalising a care plan.,Compatibility primary selected for the diagnosis; consider alternative/context-specific links before finalising a care plan.,Mapeamento primário de compatibilidade selecionado para o diagnóstico; considerar vínculos alternativos/específicos ao contexto antes de finalizar o plano de cuidados.,high,curated_current_edition,es,Institutional Spanish NOC 7th edition source reviewed; current code/label cross-check against NOC 7th current classification listing; https://www.salusplay.com/apuntes/pae-y-diagnosticos-de-enfermeria-nanda-noc-y-nic/anexo-2-clasificacion-completa-de-resultados-de-enfermeria-noc-2024-8,,2026-09-07,"Selection remains patient/context dependent; use the licensed classification definitions, activities/indicators and scales."
00248,Risk for impaired tissue integrity,Risco de integridade tecidual comprometida,NIC,3590,Skin Surveillance,Supervisão da Pele,"Nursing Interventions Classification (NIC), 8th edition",primary,Compatibility primary selected for the diagnosis; consider alternative/context-specific links before finalising a care plan.,Compatibility primary selected for the diagnosis; consider alternative/context-specific links before finalising a care plan.,Mapeamento primário de compatibilidade selecionado para o diagnóstico; considerar vínculos alternativos/específicos ao contexto antes de finalizar o plano de cuidados.,high,curated_current_edition,es,Institutional Spanish NIC 8th edition source reviewed; current code/label cross-check against NIC 8th current classification listing; https://www.salusplay.com/blog/clasificacion-completa-intervenciones-enfermeria-nic-2024/,,2026-09-07,"Selection remains patient/context dependent; use the licensed classification definitions, activities/indicators and scales."
00248,Risk for impaired tissue integrity,Risco de integridade tecidual comprometida,NOC,1902,Risk Control,Controle de Risco,"Nursing Outcomes Classification (NOC), 7th edition",primary,Compatibility primary selected for the diagnosis; consider alternative/context-specific links before finalising a care plan.,Compatibility primary selected for the diagnosis; consider alternative/context-specific links before finalising a care plan.,Mapeamento primário de compatibilidade selecionado para o diagnóstico; considerar vínculos alternativos/específicos ao contexto antes de finalizar o plano de cuidados.,high,curated_current_edition,es,Institutional Spanish NOC 7th edition source reviewed; current code/label cross-check against NOC 7th current classification listing; https://www.salusplay.com/apuntes/pae-y-diagnosticos-de-enfermeria-nanda-noc-y-nic/anexo-2-clasificacion-completa-de-resultados-de-enfermeria-noc-2024-8,,2026-09-07,"Selection remains patient/context dependent; use the licensed classification definitions, activities/indicators and scales."
00250,Risk for urinary tract injury,Risco de lesão do trato urinário,NIC,6610,Risk Identification,Identificação de Risco,"Nursing Interventions Classification (NIC), 8th edition",primary,Compatibility primary selected for the diagnosis; consider alternative/context-specific links before finalising a care plan.,Compatibility primary selected for the diagnosis; consider alternative/context-specific links before finalising a care plan.,Mapeamento primário de compatibilidade selecionado para o diagnóstico; considerar vínculos alternativos/específicos ao contexto antes de finalizar o plano de cuidados.,high,curated_current_edition,es,Institutional Spanish NIC 8th edition source reviewed; current code/label cross-check against NIC 8th current classification listing; https://www.salusplay.com/blog/clasificacion-completa-intervenciones-enfermeria-nic-2024/,,2026-09-07,"Selection remains patient/context dependent; use the licensed classification definitions, activities/indicators and scales."
00250,Risk for urinary tract injury,Risco de lesão do trato urinário,NOC,1908,Risk Detection,Detecção de Risco,"Nursing Outcomes Classification (NOC), 7th edition",primary,Compatibility primary selected for the diagnosis; consider alternative/context-specific links before finalising a care plan.,Compatibility primary selected for the diagnosis; consider alternative/context-specific links before finalising a care plan.,Mapeamento primário de compatibilidade selecionado para o diagnóstico; considerar vínculos alternativos/específicos ao contexto antes de finalizar o plano de cuidados.,high,curated_current_edition,es,Institutional Spanish NOC 7th edition source reviewed; current code/label cross-check against NOC 7th current classification listing; https://www.salusplay.com/apuntes/pae-y-diagnosticos-de-enfermeria-nanda-noc-y-nic/anexo-2-clasificacion-completa-de-resultados-de-enfermeria-noc-2024-8,,2026-09-07,"Selection remains patient/context dependent; use the licensed classification definitions, activities/indicators and scales."
00255,Chronic pain syndrome,Síndrome da dor crônica,NIC,1400,Pain Management,Controle da Dor,"Nursing Interventions Classification (NIC), 8th edition",primary,Compatibility primary selected for the diagnosis; consider alternative/context-specific links before finalising a care plan.,Compatibility primary selected for the diagnosis; consider alternative/context-specific links before finalising a care plan.,Mapeamento primário de compatibilidade selecionado para o diagnóstico; considerar vínculos alternativos/específicos ao contexto antes de finalizar o plano de cuidados.,high,curated_current_edition,es,Institutional Spanish NIC 8th edition source reviewed; current code/label cross-check against NIC 8th current classification listing; https://www.salusplay.com/blog/clasificacion-completa-intervenciones-enfermeria-nic-2024/,,2026-09-07,"Selection remains patient/context dependent; use the licensed classification definitions, activities/indicators and scales."
00255,Chronic pain syndrome,Síndrome da dor crônica,NOC,2102,Pain Level,Nível de Dor,"Nursing Outcomes Classification (NOC), 7th edition",primary,Compatibility primary selected for the diagnosis; consider alternative/context-specific links before finalising a care plan.,Compatibility primary selected for the diagnosis; consider alternative/context-specific links before finalising a care plan.,Mapeamento primário de compatibilidade selecionado para o diagnóstico; considerar vínculos alternativos/específicos ao contexto antes de finalizar o plano de cuidados.,high,curated_current_edition,es,Institutional Spanish NOC 7th edition source reviewed; current code/label cross-check against NOC 7th current classification listing; https://www.salusplay.com/apuntes/pae-y-diagnosticos-de-enfermeria-nanda-noc-y-nic/anexo-2-clasificacion-completa-de-resultados-de-enfermeria-noc-2024-8,,2026-09-07,"Selection remains patient/context dependent; use the licensed classification definitions, activities/indicators and scales."
00256,Labour pain,dor do parto,NIC,1400,Pain Management,Controle da Dor,"Nursing Interventions Classification (NIC), 8th edition",primary,Compatibility primary selected for the diagnosis; consider alternative/context-specific links before finalising a care plan.,Compatibility primary selected for the diagnosis; consider alternative/context-specific links before finalising a care plan.,Mapeamento primário de compatibilidade selecionado para o diagnóstico; considerar vínculos alternativos/específicos ao contexto antes de finalizar o plano de cuidados.,high,curated_current_edition,es,Institutional Spanish NIC 8th edition source reviewed; current code/label cross-check against NIC 8th current classification listing; https://www.salusplay.com/blog/clasificacion-completa-intervenciones-enfermeria-nic-2024/,,2026-09-07,"Selection remains patient/context dependent; use the licensed classification definitions, activities/indicators and scales."
00256,Labour pain,dor do parto,NOC,2102,Pain Level,Nível de Dor,"Nursing Outcomes Classification (NOC), 7th edition",primary,Compatibility primary selected for the diagnosis; consider alternative/context-specific links before finalising a care plan.,Compatibility primary selected for the diagnosis; consider alternative/context-specific links before finalising a care plan.,Mapeamento primário de compatibilidade selecionado para o diagnóstico; considerar vínculos alternativos/específicos ao contexto antes de finalizar o plano de cuidados.,high,curated_current_edition,es,Institutional Spanish NOC 7th edition source reviewed; current code/label cross-check against NOC 7th current classification listing; https://www.salusplay.com/apuntes/pae-y-diagnosticos-de-enfermeria-nanda-noc-y-nic/anexo-2-clasificacion-completa-de-resultados-de-enfermeria-noc-2024-8,,2026-09-07,"Selection remains patient/context dependent; use the licensed classification definitions, activities/indicators and scales."
00258,Acute substance withdrawal syndrome,síndrome de abstinência aguda de substâncias,NIC,4514,Substance Use Treatment: Drug Withdrawal,Tratamento do Uso de Substâncias: Abstinência de Drogas,"Nursing Interventions Classification (NIC), 8th edition",primary,Compatibility primary selected for the diagnosis; consider alternative/context-specific links before finalising a care plan.,Compatibility primary selected for the diagnosis; consider alternative/context-specific links before finalising a care plan.,Mapeamento primário de compatibilidade selecionado para o diagnóstico; considerar vínculos alternativos/específicos ao contexto antes de finalizar o plano de cuidados.,high,curated_current_edition,es,Institutional Spanish NIC 8th edition source reviewed; current code/label cross-check against NIC 8th current classification listing; https://www.salusplay.com/blog/clasificacion-completa-intervenciones-enfermeria-nic-2024/,,2026-09-07,"Selection remains patient/context dependent; use the licensed classification definitions, activities/indicators and scales."
00258,Acute substance withdrawal syndrome,síndrome de abstinência aguda de substâncias,NIC,4510,Substance Use Treatment,Tratamento do Uso de Substâncias,"Nursing Interventions Classification (NIC), 8th edition",alternative,Use for broader substance-use treatment beyond acute withdrawal.,Use for broader substance-use treatment beyond acute withdrawal.,"Usar para tratamento mais amplo do uso de substâncias, além do manejo da síndrome de abstinência aguda.",high,contextual_current_edition,es,Institutional Spanish NIC 8th edition source reviewed; current code/label cross-check against NIC 8th current classification listing; https://www.salusplay.com/blog/clasificacion-completa-intervenciones-enfermeria-nic-2024/,,2026-09-07,"Selection remains patient/context dependent; use the licensed classification definitions, activities/indicators and scales."
00258,Acute substance withdrawal syndrome,síndrome de abstinência aguda de substâncias,NIC,4512,Substance Use Treatment: Alcohol Withdrawal,Tratamento do Uso de Substâncias: Abstinência de Álcool,"Nursing Interventions Classification (NIC), 8th edition",alternative,Use specifically for alcohol withdrawal.,Use specifically for alcohol withdrawal.,Usar especificamente para síndrome de abstinência alcoólica.,high,contextual_current_edition,es,Institutional Spanish NIC 8th edition source reviewed; current code/label cross-check against NIC 8th current classification listing; https://www.salusplay.com/blog/clasificacion-completa-intervenciones-enfermeria-nic-2024/,,2026-09-07,"Selection remains patient/context dependent; use the licensed classification definitions, activities/indicators and scales."
00258,Acute substance withdrawal syndrome,síndrome de abstinência aguda de substâncias,NOC,2108,Substance Withdrawal Severity,Severidade da Abstinência de Substâncias,"Nursing Outcomes Classification (NOC), 7th edition",primary,Compatibility primary selected for the diagnosis; consider alternative/context-specific links before finalising a care plan.,Compatibility primary selected for the diagnosis; consider alternative/context-specific links before finalising a care plan.,Mapeamento primário de compatibilidade selecionado para o diagnóstico; considerar vínculos alternativos/específicos ao contexto antes de finalizar o plano de cuidados.,high,current_edition_verified,es,Institutional Spanish NOC 7th edition source reviewed; current code/label cross-check against NOC 7th current classification listing; https://www.salusplay.com/apuntes/pae-y-diagnosticos-de-enfermeria-nanda-noc-y-nic/anexo-2-clasificacion-completa-de-resultados-de-enfermeria-noc-2024-8,,2026-09-07,"Selection remains patient/context dependent; use the licensed classification definitions, activities/indicators and scales."
00258,Acute substance withdrawal syndrome,síndrome de abstinência aguda de substâncias,NOC,1407,Substance Addiction Consequences,Consequências da Dependência de Substâncias,"Nursing Outcomes Classification (NOC), 7th edition",alternative,Use for longer-term consequences of substance addiction rather than acute withdrawal severity.,Use for longer-term consequences of substance addiction rather than acute withdrawal severity.,"Usar para consequências de longo prazo da dependência de substâncias, em vez da gravidade da síndrome de abstinência aguda.",high,contextual_current_edition,es,Institutional Spanish NOC 7th edition source reviewed; current code/label cross-check against NOC 7th current classification listing; https://www.salusplay.com/apuntes/pae-y-diagnosticos-de-enfermeria-nanda-noc-y-nic/anexo-2-clasificacion-completa-de-resultados-de-enfermeria-noc-2024-8,,2026-09-07,"Selection remains patient/context dependent; use the licensed classification definitions, activities/indicators and scales."
00259,Risk for acute substance withdrawal syndrome,Risco de síndrome de abstinência aguda de substâncias,NIC,4514,Substance Use Treatment: Drug Withdrawal,Tratamento do Uso de Substâncias: Abstinência de Drogas,"Nursing Interventions Classification (NIC), 8th edition",primary,Compatibility primary selected for the diagnosis; consider alternative/context-specific links before finalising a care plan.,Compatibility primary selected for the diagnosis; consider alternative/context-specific links before finalising a care plan.,Mapeamento primário de compatibilidade selecionado para o diagnóstico; considerar vínculos alternativos/específicos ao contexto antes de finalizar o plano de cuidados.,high,curated_current_edition,es,Institutional Spanish NIC 8th edition source reviewed; current code/label cross-check against NIC 8th current classification listing; https://www.salusplay.com/blog/clasificacion-completa-intervenciones-enfermeria-nic-2024/,,2026-09-07,"Selection remains patient/context dependent; use the licensed classification definitions, activities/indicators and scales."
00259,Risk for acute substance withdrawal syndrome,Risco de síndrome de abstinência aguda de substâncias,NIC,4510,Substance Use Treatment,Tratamento do Uso de Substâncias,"Nursing Interventions Classification (NIC), 8th edition",alternative,Use for broader substance-use treatment beyond acute withdrawal.,Use for broader substance-use treatment beyond acute withdrawal.,"Usar para tratamento mais amplo do uso de substâncias, além do manejo da síndrome de abstinência aguda.",high,contextual_current_edition,es,Institutional Spanish NIC 8th edition source reviewed; current code/label cross-check against NIC 8th current classification listing; https://www.salusplay.com/blog/clasificacion-completa-intervenciones-enfermeria-nic-2024/,,2026-09-07,"Selection remains patient/context dependent; use the licensed classification definitions, activities/indicators and scales."
00259,Risk for acute substance withdrawal syndrome,Risco de síndrome de abstinência aguda de substâncias,NIC,4512,Substance Use Treatment: Alcohol Withdrawal,Tratamento do Uso de Substâncias: Abstinência de Álcool,"Nursing Interventions Classification (NIC), 8th edition",alternative,Use specifically for alcohol withdrawal risk/management when alcohol is the substance.,Use specifically for alcohol withdrawal risk/management when alcohol is the substance.,Usar especificamente para risco ou manejo da síndrome de abstinência alcoólica quando o álcool for a substância envolvida.,high,contextual_current_edition,es,Institutional Spanish NIC 8th edition source reviewed; current code/label cross-check against NIC 8th current classification listing; https://www.salusplay.com/blog/clasificacion-completa-intervenciones-enfermeria-nic-2024/,,2026-09-07,"Selection remains patient/context dependent; use the licensed classification definitions, activities/indicators and scales."
00259,Risk for acute substance withdrawal syndrome,Risco de síndrome de abstinência aguda de substâncias,NOC,2108,Substance Withdrawal Severity,Severidade da Abstinência de Substâncias,"Nursing Outcomes Classification (NOC), 7th edition",primary,Compatibility primary selected for the diagnosis; consider alternative/context-specific links before finalising a care plan.,Compatibility primary selected for the diagnosis; consider alternative/context-specific links before finalising a care plan.,Mapeamento primário de compatibilidade selecionado para o diagnóstico; considerar vínculos alternativos/específicos ao contexto antes de finalizar o plano de cuidados.,high,current_edition_verified,es,Institutional Spanish NOC 7th edition source reviewed; current code/label cross-check against NOC 7th current classification listing; https://www.salusplay.com/apuntes/pae-y-diagnosticos-de-enfermeria-nanda-noc-y-nic/anexo-2-clasificacion-completa-de-resultados-de-enfermeria-noc-2024-8,,2026-09-07,"Selection remains patient/context dependent; use the licensed classification definitions, activities/indicators and scales."
00259,Risk for acute substance withdrawal syndrome,Risco de síndrome de abstinência aguda de substâncias,NOC,1407,Substance Addiction Consequences,Consequências da Dependência de Substâncias,"Nursing Outcomes Classification (NOC), 7th edition",alternative,Use for longer-term consequences of substance addiction rather than acute withdrawal severity.,Use for longer-term consequences of substance addiction rather than acute withdrawal severity.,"Usar para consequências de longo prazo da dependência de substâncias, em vez da gravidade da síndrome de abstinência aguda.",high,contextual_current_edition,es,Institutional Spanish NOC 7th edition source reviewed; current code/label cross-check against NOC 7th current classification listing; https://www.salusplay.com/apuntes/pae-y-diagnosticos-de-enfermeria-nanda-noc-y-nic/anexo-2-clasificacion-completa-de-resultados-de-enfermeria-noc-2024-8,,2026-09-07,"Selection remains patient/context dependent; use the licensed classification definitions, activities/indicators and scales."
00262,Readiness for enhanced health literacy,Preparação para uma maior literacia em saúde,NIC,5515,Health Literacy Enhancement,Melhora da Literacia em Saúde,"Nursing Interventions Classification (NIC), 8th edition",primary,Compatibility primary selected for the diagnosis; consider alternative/context-specific links before finalising a care plan.,Compatibility primary selected for the diagnosis; consider alternative/context-specific links before finalising a care plan.,Mapeamento primário de compatibilidade selecionado para o diagnóstico; considerar vínculos alternativos/específicos ao contexto antes de finalizar o plano de cuidados.,high,curated_current_edition,es,Institutional Spanish NIC 8th edition source reviewed; current code/label cross-check against NIC 8th current classification listing; https://www.salusplay.com/blog/clasificacion-completa-intervenciones-enfermeria-nic-2024/,,2026-09-07,"Selection remains patient/context dependent; use the licensed classification definitions, activities/indicators and scales."
00262,Readiness for enhanced health literacy,Preparação para uma maior literacia em saúde,NOC,2015,Health Literacy Behaviour,Comportamento de Literacia em Saúde,"Nursing Outcomes Classification (NOC), 7th edition",primary,Compatibility primary selected for the diagnosis; consider alternative/context-specific links before finalising a care plan.,Compatibility primary selected for the diagnosis; consider alternative/context-specific links before finalising a care plan.,Mapeamento primário de compatibilidade selecionado para o diagnóstico; considerar vínculos alternativos/específicos ao contexto antes de finalizar o plano de cuidados.,high,curated_current_edition,es,Institutional Spanish NOC 7th edition source reviewed; current code/label cross-check against NOC 7th current classification listing; https://www.salusplay.com/apuntes/pae-y-diagnosticos-de-enfermeria-nanda-noc-y-nic/anexo-2-clasificacion-completa-de-resultados-de-enfermeria-noc-2024-8,,2026-09-07,"Selection remains patient/context dependent; use the licensed classification definitions, activities/indicators and scales."
00269,Ineffective adolescent eating dynamics,Dinâmicas alimentares ineficazes na adolescência,NIC,1100,Nutrition Management,Controle da Nutrição,"Nursing Interventions Classification (NIC), 8th edition",primary,Compatibility primary selected for the diagnosis; consider alternative/context-specific links before finalising a care plan.,Compatibility primary selected for the diagnosis; consider alternative/context-specific links before finalising a care plan.,Mapeamento primário de compatibilidade selecionado para o diagnóstico; considerar vínculos alternativos/específicos ao contexto antes de finalizar o plano de cuidados.,high,curated_current_edition,es,Institutional Spanish NIC 8th edition source reviewed; current code/label cross-check against NIC 8th current classification listing; https://www.salusplay.com/blog/clasificacion-completa-intervenciones-enfermeria-nic-2024/,,2026-09-07,"Selection remains patient/context dependent; use the licensed classification definitions, activities/indicators and scales."
00269,Ineffective adolescent eating dynamics,Dinâmicas alimentares ineficazes na adolescência,NOC,1004,Nutritional Status,Estado Nutricional,"Nursing Outcomes Classification (NOC), 7th edition",primary,Compatibility primary selected for the diagnosis; consider alternative/context-specific links before finalising a care plan.,Compatibility primary selected for the diagnosis; consider alternative/context-specific links before finalising a care plan.,Mapeamento primário de compatibilidade selecionado para o diagnóstico; considerar vínculos alternativos/específicos ao contexto antes de finalizar o plano de cuidados.,high,curated_current_edition,es,Institutional Spanish NOC 7th edition source reviewed; current code/label cross-check against NOC 7th current classification listing; https://www.salusplay.com/apuntes/pae-y-diagnosticos-de-enfermeria-nanda-noc-y-nic/anexo-2-clasificacion-completa-de-resultados-de-enfermeria-noc-2024-8,,2026-09-07,"Selection remains patient/context dependent; use the licensed classification definitions, activities/indicators and scales."
00270,Ineffective child eating dynamics,Dinâmica alimentar infantil ineficaz,NIC,1100,Nutrition Management,Controle da Nutrição,"Nursing Interventions Classification (NIC), 8th edition",primary,Compatibility primary selected for the diagnosis; consider alternative/context-specific links before finalising a care plan.,Compatibility primary selected for the diagnosis; consider alternative/context-specific links before finalising a care plan.,Mapeamento primário de compatibilidade selecionado para o diagnóstico; considerar vínculos alternativos/específicos ao contexto antes de finalizar o plano de cuidados.,high,curated_current_edition,es,Institutional Spanish NIC 8th edition source reviewed; current code/label cross-check against NIC 8th current classification listing; https://www.salusplay.com/blog/clasificacion-completa-intervenciones-enfermeria-nic-2024/,,2026-09-07,"Selection remains patient/context dependent; use the licensed classification definitions, activities/indicators and scales."
00270,Ineffective child eating dynamics,Dinâmica alimentar infantil ineficaz,NOC,1004,Nutritional Status,Estado Nutricional,"Nursing Outcomes Classification (NOC), 7th edition",primary,Compatibility primary selected for the diagnosis; consider alternative/context-specific links before finalising a care plan.,Compatibility primary selected for the diagnosis; consider alternative/context-specific links before finalising a care plan.,Mapeamento primário de compatibilidade selecionado para o diagnóstico; considerar vínculos alternativos/específicos ao contexto antes de finalizar o plano de cuidados.,high,curated_current_edition,es,Institutional Spanish NOC 7th edition source reviewed; current code/label cross-check against NOC 7th current classification listing; https://www.salusplay.com/apuntes/pae-y-diagnosticos-de-enfermeria-nanda-noc-y-nic/anexo-2-clasificacion-completa-de-resultados-de-enfermeria-noc-2024-8,,2026-09-07,"Selection remains patient/context dependent; use the licensed classification definitions, activities/indicators and scales."
00271,Ineffective infant feeding dynamics,Dinâmica ineficaz da alimentação infantil,NIC,1050,Feeding,Alimentação,"Nursing Interventions Classification (NIC), 8th edition",primary,Compatibility primary selected for the diagnosis; consider alternative/context-specific links before finalising a care plan.,Compatibility primary selected for the diagnosis; consider alternative/context-specific links before finalising a care plan.,Mapeamento primário de compatibilidade selecionado para o diagnóstico; considerar vínculos alternativos/específicos ao contexto antes de finalizar o plano de cuidados.,moderate,curated_current_edition,es,Institutional Spanish NIC 8th edition source reviewed; current code/label cross-check against NIC 8th current classification listing; https://www.salusplay.com/blog/clasificacion-completa-intervenciones-enfermeria-nic-2024/,,2026-09-07,"Selection remains patient/context dependent; use the licensed classification definitions, activities/indicators and scales."
00271,Ineffective infant feeding dynamics,Dinâmica ineficaz da alimentação infantil,NOC,1008,Nutritional Status: Food and Fluid Intake,Estado Nutricional: Ingestão de Alimentos e Líquidos,"Nursing Outcomes Classification (NOC), 7th edition",primary,Compatibility primary selected for the diagnosis; consider alternative/context-specific links before finalising a care plan.,Compatibility primary selected for the diagnosis; consider alternative/context-specific links before finalising a care plan.,Mapeamento primário de compatibilidade selecionado para o diagnóstico; considerar vínculos alternativos/específicos ao contexto antes de finalizar o plano de cuidados.,moderate,curated_current_edition,es,Institutional Spanish NOC 7th edition source reviewed; current code/label cross-check against NOC 7th current classification listing; https://www.salusplay.com/apuntes/pae-y-diagnosticos-de-enfermeria-nanda-noc-y-nic/anexo-2-clasificacion-completa-de-resultados-de-enfermeria-noc-2024-8,,2026-09-07,"Selection remains patient/context dependent; use the licensed classification definitions, activities/indicators and scales."
00272,Risk for female genital mutilation,Risco de mutilação genital feminina,NIC,6400,Abuse Protection Support,Apoio à Proteção contra Abuso,"Nursing Interventions Classification (NIC), 8th edition",primary,Compatibility primary selected for the diagnosis; consider alternative/context-specific links before finalising a care plan.,Compatibility primary selected for the diagnosis; consider alternative/context-specific links before finalising a care plan.,Mapeamento primário de compatibilidade selecionado para o diagnóstico; considerar vínculos alternativos/específicos ao contexto antes de finalizar o plano de cuidados.,high,curated_current_edition,es,Institutional Spanish NIC 8th edition source reviewed; current code/label cross-check against NIC 8th current classification listing; https://www.salusplay.com/blog/clasificacion-completa-intervenciones-enfermeria-nic-2024/,,2026-09-07,"Selection remains patient/context dependent; use the licensed classification definitions, activities/indicators and scales."
00272,Risk for female genital mutilation,Risco de mutilação genital feminina,NOC,2501,Protection from Abuse,Proteção contra Abuso,"Nursing Outcomes Classification (NOC), 7th edition",primary,Compatibility primary selected for the diagnosis; consider alternative/context-specific links before finalising a care plan.,Compatibility primary selected for the diagnosis; consider alternative/context-specific links before finalising a care plan.,Mapeamento primário de compatibilidade selecionado para o diagnóstico; considerar vínculos alternativos/específicos ao contexto antes de finalizar o plano de cuidados.,high,current_edition_verified,es,Institutional Spanish NOC 7th edition source reviewed; current code/label cross-check against NOC 7th current classification listing; https://www.salusplay.com/apuntes/pae-y-diagnosticos-de-enfermeria-nanda-noc-y-nic/anexo-2-clasificacion-completa-de-resultados-de-enfermeria-noc-2024-8,,2026-09-07,"Selection remains patient/context dependent; use the licensed classification definitions, activities/indicators and scales."
00273,Imbalanced energy field,Campo energético desequilibrado,NIC,5465,Therapeutic Touch,Toque Terapêutico,"Nursing Interventions Classification (NIC), 8th edition",primary,Compatibility primary selected for the diagnosis; consider alternative/context-specific links before finalising a care plan.,Compatibility primary selected for the diagnosis; consider alternative/context-specific links before finalising a care plan.,Mapeamento primário de compatibilidade selecionado para o diagnóstico; considerar vínculos alternativos/específicos ao contexto antes de finalizar o plano de cuidados.,moderate,curated_current_edition,es,Institutional Spanish NIC 8th edition source reviewed; current code/label cross-check against NIC 8th current classification listing; https://www.salusplay.com/blog/clasificacion-completa-intervenciones-enfermeria-nic-2024/,,2026-09-07,"Selection remains patient/context dependent; use the licensed classification definitions, activities/indicators and scales."
00273,Imbalanced energy field,Campo energético desequilibrado,NOC,2002,Personal Well-Being,Bem-Estar Pessoal,"Nursing Outcomes Classification (NOC), 7th edition",primary,Compatibility primary selected for the diagnosis; consider alternative/context-specific links before finalising a care plan.,Compatibility primary selected for the diagnosis; consider alternative/context-specific links before finalising a care plan.,Mapeamento primário de compatibilidade selecionado para o diagnóstico; considerar vínculos alternativos/específicos ao contexto antes de finalizar o plano de cuidados.,moderate,curated_current_edition,es,Institutional Spanish NOC 7th edition source reviewed; current code/label cross-check against NOC 7th current classification listing; https://www.salusplay.com/apuntes/pae-y-diagnosticos-de-enfermeria-nanda-noc-y-nic/anexo-2-clasificacion-completa-de-resultados-de-enfermeria-noc-2024-8,,2026-09-07,"Selection remains patient/context dependent; use the licensed classification definitions, activities/indicators and scales."
00274,Risk for ineffective thermoregulation,Risco de termorregulação ineficaz,NIC,3900,Temperature Regulation,Regulação da Temperatura,"Nursing Interventions Classification (NIC), 8th edition",primary,Compatibility primary selected for the diagnosis; consider alternative/context-specific links before finalising a care plan.,Compatibility primary selected for the diagnosis; consider alternative/context-specific links before finalising a care plan.,Mapeamento primário de compatibilidade selecionado para o diagnóstico; considerar vínculos alternativos/específicos ao contexto antes de finalizar o plano de cuidados.,high,curated_current_edition,es,Institutional Spanish NIC 8th edition source reviewed; current code/label cross-check against NIC 8th current classification listing; https://www.salusplay.com/blog/clasificacion-completa-intervenciones-enfermeria-nic-2024/,,2026-09-07,"Selection remains patient/context dependent; use the licensed classification definitions, activities/indicators and scales."
00274,Risk for ineffective thermoregulation,Risco de termorregulação ineficaz,NOC,0800,Thermoregulation,Termorregulação,"Nursing Outcomes Classification (NOC), 7th edition",primary,Compatibility primary selected for the diagnosis; consider alternative/context-specific links before finalising a care plan.,Compatibility primary selected for the diagnosis; consider alternative/context-specific links before finalising a care plan.,Mapeamento primário de compatibilidade selecionado para o diagnóstico; considerar vínculos alternativos/específicos ao contexto antes de finalizar o plano de cuidados.,high,curated_current_edition,es,Institutional Spanish NOC 7th edition source reviewed; current code/label cross-check against NOC 7th current classification listing; https://www.salusplay.com/apuntes/pae-y-diagnosticos-de-enfermeria-nanda-noc-y-nic/anexo-2-clasificacion-completa-de-resultados-de-enfermeria-noc-2024-8,,2026-09-07,"Selection remains patient/context dependent; use the licensed classification definitions, activities/indicators and scales."
00276,Ineffective health self-management,Autogestão ineficaz da saúde,NIC,4480,Self-Responsibility Facilitation,Facilitação da Autorresponsabilidade,"Nursing Interventions Classification (NIC), 8th edition",primary,Compatibility primary selected for the diagnosis; consider alternative/context-specific links before finalising a care plan.,Compatibility primary selected for the diagnosis; consider alternative/context-specific links before finalising a care plan.,Mapeamento primário de compatibilidade selecionado para o diagnóstico; considerar vínculos alternativos/específicos ao contexto antes de finalizar o plano de cuidados.,moderate,curated_current_edition,es,Institutional Spanish NIC 8th edition source reviewed; current code/label cross-check against NIC 8th current classification listing; https://www.salusplay.com/blog/clasificacion-completa-intervenciones-enfermeria-nic-2024/,,2026-09-07,"Selection remains patient/context dependent; use the licensed classification definitions, activities/indicators and scales."
00276,Ineffective health self-management,Autogestão ineficaz da saúde,NOC,1613,Self-Management of Care,Autogestão dos Cuidados,"Nursing Outcomes Classification (NOC), 7th edition",primary,Compatibility primary selected for the diagnosis; consider alternative/context-specific links before finalising a care plan.,Compatibility primary selected for the diagnosis; consider alternative/context-specific links before finalising a care plan.,Mapeamento primário de compatibilidade selecionado para o diagnóstico; considerar vínculos alternativos/específicos ao contexto antes de finalizar o plano de cuidados.,moderate,current_edition_verified,es,Institutional Spanish NOC 7th edition source reviewed; current code/label cross-check against NOC 7th current classification listing; https://www.salusplay.com/apuntes/pae-y-diagnosticos-de-enfermeria-nanda-noc-y-nic/anexo-2-clasificacion-completa-de-resultados-de-enfermeria-noc-2024-8,,2026-09-07,"Selection remains patient/context dependent; use the licensed classification definitions, activities/indicators and scales."
00277,Ineffective dry eye self-management,Autogestão ineficaz da síndrome do olho seco,NIC,1350,Dry Eye Prevention,Prevenção de Olho Seco,"Nursing Interventions Classification (NIC), 8th edition",primary,Compatibility primary selected for the diagnosis; consider alternative/context-specific links before finalising a care plan.,Compatibility primary selected for the diagnosis; consider alternative/context-specific links before finalising a care plan.,Mapeamento primário de compatibilidade selecionado para o diagnóstico; considerar vínculos alternativos/específicos ao contexto antes de finalizar o plano de cuidados.,high,curated_current_edition,es,Institutional Spanish NIC 8th edition source reviewed; current code/label cross-check against NIC 8th current classification listing; https://www.salusplay.com/blog/clasificacion-completa-intervenciones-enfermeria-nic-2024/,,2026-09-07,"Selection remains patient/context dependent; use the licensed classification definitions, activities/indicators and scales."
00277,Ineffective dry eye self-management,Autogestão ineficaz da síndrome do olho seco,NOC,2110,Dry Eye Severity,Gravidade do Olho Seco,"Nursing Outcomes Classification (NOC), 7th edition",primary,Compatibility primary selected for the diagnosis; consider alternative/context-specific links before finalising a care plan.,Compatibility primary selected for the diagnosis; consider alternative/context-specific links before finalising a care plan.,Mapeamento primário de compatibilidade selecionado para o diagnóstico; considerar vínculos alternativos/específicos ao contexto antes de finalizar o plano de cuidados.,high,curated_current_edition,es,Institutional Spanish NOC 7th edition source reviewed; current code/label cross-check against NOC 7th current classification listing; https://www.salusplay.com/apuntes/pae-y-diagnosticos-de-enfermeria-nanda-noc-y-nic/anexo-2-clasificacion-completa-de-resultados-de-enfermeria-noc-2024-8,,2026-09-07,"Selection remains patient/context dependent; use the licensed classification definitions, activities/indicators and scales."
00278,Ineffective lymphoedema self-management,Autogestão ineficaz do linfedema,NIC,5602,Teaching: Disease Process,Ensino: Processo da Doença,"Nursing Interventions Classification (NIC), 8th edition",primary,Compatibility primary selected for the diagnosis; consider alternative/context-specific links before finalising a care plan.,Compatibility primary selected for the diagnosis; consider alternative/context-specific links before finalising a care plan.,Mapeamento primário de compatibilidade selecionado para o diagnóstico; considerar vínculos alternativos/específicos ao contexto antes de finalizar o plano de cuidados.,high,curated_current_edition,es,Institutional Spanish NIC 8th edition source reviewed; current code/label cross-check against NIC 8th current classification listing; https://www.salusplay.com/blog/clasificacion-completa-intervenciones-enfermeria-nic-2024/,,2026-09-07,"Selection remains patient/context dependent; use the licensed classification definitions, activities/indicators and scales."
00278,Ineffective lymphoedema self-management,Autogestão ineficaz do linfedema,NOC,2117,Lymphoedema Severity,Gravidade do Linfedema,"Nursing Outcomes Classification (NOC), 7th edition",primary,Compatibility primary selected for the diagnosis; consider alternative/context-specific links before finalising a care plan.,Compatibility primary selected for the diagnosis; consider alternative/context-specific links before finalising a care plan.,Mapeamento primário de compatibilidade selecionado para o diagnóstico; considerar vínculos alternativos/específicos ao contexto antes de finalizar o plano de cuidados.,high,curated_current_edition,es,Institutional Spanish NOC 7th edition source reviewed; current code/label cross-check against NOC 7th current classification listing; https://www.salusplay.com/apuntes/pae-y-diagnosticos-de-enfermeria-nanda-noc-y-nic/anexo-2-clasificacion-completa-de-resultados-de-enfermeria-noc-2024-8,,2026-09-07,"Selection remains patient/context dependent; use the licensed classification definitions, activities/indicators and scales."
00281,Risk for ineffective lymphoedema self-management,Risco de autogestão ineficaz do linfedema,NIC,5602,Teaching: Disease Process,Ensino: Processo da Doença,"Nursing Interventions Classification (NIC), 8th edition",primary,Compatibility primary selected for the diagnosis; consider alternative/context-specific links before finalising a care plan.,Compatibility primary selected for the diagnosis; consider alternative/context-specific links before finalising a care plan.,Mapeamento primário de compatibilidade selecionado para o diagnóstico; considerar vínculos alternativos/específicos ao contexto antes de finalizar o plano de cuidados.,high,curated_current_edition,es,Institutional Spanish NIC 8th edition source reviewed; current code/label cross-check against NIC 8th current classification listing; https://www.salusplay.com/blog/clasificacion-completa-intervenciones-enfermeria-nic-2024/,,2026-09-07,"Selection remains patient/context dependent; use the licensed classification definitions, activities/indicators and scales."
00281,Risk for ineffective lymphoedema self-management,Risco de autogestão ineficaz do linfedema,NOC,2117,Lymphoedema Severity,Gravidade do Linfedema,"Nursing Outcomes Classification (NOC), 7th edition",primary,Compatibility primary selected for the diagnosis; consider alternative/context-specific links before finalising a care plan.,Compatibility primary selected for the diagnosis; consider alternative/context-specific links before finalising a care plan.,Mapeamento primário de compatibilidade selecionado para o diagnóstico; considerar vínculos alternativos/específicos ao contexto antes de finalizar o plano de cuidados.,high,curated_current_edition,es,Institutional Spanish NOC 7th edition source reviewed; current code/label cross-check against NOC 7th current classification listing; https://www.salusplay.com/apuntes/pae-y-diagnosticos-de-enfermeria-nanda-noc-y-nic/anexo-2-clasificacion-completa-de-resultados-de-enfermeria-noc-2024-8,,2026-09-07,"Selection remains patient/context dependent; use the licensed classification definitions, activities/indicators and scales."
00285,Readiness for enhanced grieving,Preparação para um luto mais profundo,NIC,5290,Grief Work Facilitation,Facilitação do Processo de Luto,"Nursing Interventions Classification (NIC), 8th edition",primary,Compatibility primary selected for the diagnosis; consider alternative/context-specific links before finalising a care plan.,Compatibility primary selected for the diagnosis; consider alternative/context-specific links before finalising a care plan.,Mapeamento primário de compatibilidade selecionado para o diagnóstico; considerar vínculos alternativos/específicos ao contexto antes de finalizar o plano de cuidados.,high,curated_current_edition,es,Institutional Spanish NIC 8th edition source reviewed; current code/label cross-check against NIC 8th current classification listing; https://www.salusplay.com/blog/clasificacion-completa-intervenciones-enfermeria-nic-2024/,,2026-09-07,"Selection remains patient/context dependent; use the licensed classification definitions, activities/indicators and scales."
00285,Readiness for enhanced grieving,Preparação para um luto mais profundo,NOC,1304,Grief Resolution,Resolução do Luto,"Nursing Outcomes Classification (NOC), 7th edition",primary,Compatibility primary selected for the diagnosis; consider alternative/context-specific links before finalising a care plan.,Compatibility primary selected for the diagnosis; consider alternative/context-specific links before finalising a care plan.,Mapeamento primário de compatibilidade selecionado para o diagnóstico; considerar vínculos alternativos/específicos ao contexto antes de finalizar o plano de cuidados.,high,curated_current_edition,es,Institutional Spanish NOC 7th edition source reviewed; current code/label cross-check against NOC 7th current classification listing; https://www.salusplay.com/apuntes/pae-y-diagnosticos-de-enfermeria-nanda-noc-y-nic/anexo-2-clasificacion-completa-de-resultados-de-enfermeria-noc-2024-8,,2026-09-07,"Selection remains patient/context dependent; use the licensed classification definitions, activities/indicators and scales."
00286,Risk for child pressure injury,Risco de lesão por pressão em crianças,NIC,3540,Pressure Injury Prevention,Prevenção de Lesão por Pressão,"Nursing Interventions Classification (NIC), 8th edition",primary,Compatibility primary selected for the diagnosis; consider alternative/context-specific links before finalising a care plan.,Compatibility primary selected for the diagnosis; consider alternative/context-specific links before finalising a care plan.,Mapeamento primário de compatibilidade selecionado para o diagnóstico; considerar vínculos alternativos/específicos ao contexto antes de finalizar o plano de cuidados.,high,curated_current_edition,es,Institutional Spanish NIC 8th edition source reviewed; current code/label cross-check against NIC 8th current classification listing; https://www.salusplay.com/blog/clasificacion-completa-intervenciones-enfermeria-nic-2024/,,2026-09-07,"Selection remains patient/context dependent; use the licensed classification definitions, activities/indicators and scales."
00286,Risk for child pressure injury,Risco de lesão por pressão em crianças,NOC,1902,Risk Control,Controle de Risco,"Nursing Outcomes Classification (NOC), 7th edition",primary,Compatibility primary selected for the diagnosis; consider alternative/context-specific links before finalising a care plan.,Compatibility primary selected for the diagnosis; consider alternative/context-specific links before finalising a care plan.,Mapeamento primário de compatibilidade selecionado para o diagnóstico; considerar vínculos alternativos/específicos ao contexto antes de finalizar o plano de cuidados.,high,curated_current_edition,es,Institutional Spanish NOC 7th edition source reviewed; current code/label cross-check against NOC 7th current classification listing; https://www.salusplay.com/apuntes/pae-y-diagnosticos-de-enfermeria-nanda-noc-y-nic/anexo-2-clasificacion-completa-de-resultados-de-enfermeria-noc-2024-8,,2026-09-07,"Selection remains patient/context dependent; use the licensed classification definitions, activities/indicators and scales."
00287,Neonatal pressure injury,Lesão por pressão neonatal,NIC,3520,Pressure Injury Care,Cuidados com Lesão por Pressão,"Nursing Interventions Classification (NIC), 8th edition",primary,Compatibility primary selected for the diagnosis; consider alternative/context-specific links before finalising a care plan.,Compatibility primary selected for the diagnosis; consider alternative/context-specific links before finalising a care plan.,Mapeamento primário de compatibilidade selecionado para o diagnóstico; considerar vínculos alternativos/específicos ao contexto antes de finalizar o plano de cuidados.,high,curated_current_edition,es,Institutional Spanish NIC 8th edition source reviewed; current code/label cross-check against NIC 8th current classification listing; https://www.salusplay.com/blog/clasificacion-completa-intervenciones-enfermeria-nic-2024/,,2026-09-07,"Selection remains patient/context dependent; use the licensed classification definitions, activities/indicators and scales."
00287,Neonatal pressure injury,Lesão por pressão neonatal,NOC,1103,Wound Healing: Secondary Intention,Cicatrização de Feridas: Segunda Intenção,"Nursing Outcomes Classification (NOC), 7th edition",primary,Compatibility primary selected for the diagnosis; consider alternative/context-specific links before finalising a care plan.,Compatibility primary selected for the diagnosis; consider alternative/context-specific links before finalising a care plan.,Mapeamento primário de compatibilidade selecionado para o diagnóstico; considerar vínculos alternativos/específicos ao contexto antes de finalizar o plano de cuidados.,high,curated_current_edition,es,Institutional Spanish NOC 7th edition source reviewed; current code/label cross-check against NOC 7th current classification listing; https://www.salusplay.com/apuntes/pae-y-diagnosticos-de-enfermeria-nanda-noc-y-nic/anexo-2-clasificacion-completa-de-resultados-de-enfermeria-noc-2024-8,,2026-09-07,"Selection remains patient/context dependent; use the licensed classification definitions, activities/indicators and scales."
00288,Risk for neonatal pressure injury,Risco de lesão por pressão neonatal,NIC,3540,Pressure Injury Prevention,Prevenção de Lesão por Pressão,"Nursing Interventions Classification (NIC), 8th edition",primary,Compatibility primary selected for the diagnosis; consider alternative/context-specific links before finalising a care plan.,Compatibility primary selected for the diagnosis; consider alternative/context-specific links before finalising a care plan.,Mapeamento primário de compatibilidade selecionado para o diagnóstico; considerar vínculos alternativos/específicos ao contexto antes de finalizar o plano de cuidados.,high,curated_current_edition,es,Institutional Spanish NIC 8th edition source reviewed; current code/label cross-check against NIC 8th current classification listing; https://www.salusplay.com/blog/clasificacion-completa-intervenciones-enfermeria-nic-2024/,,2026-09-07,"Selection remains patient/context dependent; use the licensed classification definitions, activities/indicators and scales."
00288,Risk for neonatal pressure injury,Risco de lesão por pressão neonatal,NOC,1902,Risk Control,Controle de Risco,"Nursing Outcomes Classification (NOC), 7th edition",primary,Compatibility primary selected for the diagnosis; consider alternative/context-specific links before finalising a care plan.,Compatibility primary selected for the diagnosis; consider alternative/context-specific links before finalising a care plan.,Mapeamento primário de compatibilidade selecionado para o diagnóstico; considerar vínculos alternativos/específicos ao contexto antes de finalizar o plano de cuidados.,high,curated_current_edition,es,Institutional Spanish NOC 7th edition source reviewed; current code/label cross-check against NOC 7th current classification listing; https://www.salusplay.com/apuntes/pae-y-diagnosticos-de-enfermeria-nanda-noc-y-nic/anexo-2-clasificacion-completa-de-resultados-de-enfermeria-noc-2024-8,,2026-09-07,"Selection remains patient/context dependent; use the licensed classification definitions, activities/indicators and scales."
00290,Risk for escape attempt,Risco de tentativa de fuga,NIC,6610,Risk Identification,Identificação de Risco,"Nursing Interventions Classification (NIC), 8th edition",primary,Compatibility primary selected for the diagnosis; consider alternative/context-specific links before finalising a care plan.,Compatibility primary selected for the diagnosis; consider alternative/context-specific links before finalising a care plan.,Mapeamento primário de compatibilidade selecionado para o diagnóstico; considerar vínculos alternativos/específicos ao contexto antes de finalizar o plano de cuidados.,high,curated_current_edition,es,Institutional Spanish NIC 8th edition source reviewed; current code/label cross-check against NIC 8th current classification listing; https://www.salusplay.com/blog/clasificacion-completa-intervenciones-enfermeria-nic-2024/,,2026-09-07,"Selection remains patient/context dependent; use the licensed classification definitions, activities/indicators and scales."
00290,Risk for escape attempt,Risco de tentativa de fuga,NOC,1920,Elopement Risk,Risco de Fuga,"Nursing Outcomes Classification (NOC), 7th edition",primary,Compatibility primary selected for the diagnosis; consider alternative/context-specific links before finalising a care plan.,Compatibility primary selected for the diagnosis; consider alternative/context-specific links before finalising a care plan.,Mapeamento primário de compatibilidade selecionado para o diagnóstico; considerar vínculos alternativos/específicos ao contexto antes de finalizar o plano de cuidados.,high,current_edition_verified,es,Institutional Spanish NOC 7th edition source reviewed; current code/label cross-check against NOC 7th current classification listing; https://www.salusplay.com/apuntes/pae-y-diagnosticos-de-enfermeria-nanda-noc-y-nic/anexo-2-clasificacion-completa-de-resultados-de-enfermeria-noc-2024-8,,2026-09-07,"Selection remains patient/context dependent; use the licensed classification definitions, activities/indicators and scales."
00290,Risk for escape attempt,Risco de tentativa de fuga,NOC,1908,Risk Detection,Detecção de Risco,"Nursing Outcomes Classification (NOC), 7th edition",alternative,Use when the focus is general risk recognition/detection rather than elopement-specific risk.,Use when the focus is general risk recognition/detection rather than elopement-specific risk.,"Usar quando o foco for o reconhecimento/detecção geral de riscos, e não o risco específico de evasão.",moderate,contextual_current_edition,es,Institutional Spanish NOC 7th edition source reviewed; current code/label cross-check against NOC 7th current classification listing; https://www.salusplay.com/apuntes/pae-y-diagnosticos-de-enfermeria-nanda-noc-y-nic/anexo-2-clasificacion-completa-de-resultados-de-enfermeria-noc-2024-8,,2026-09-07,"Selection remains patient/context dependent; use the licensed classification definitions, activities/indicators and scales."
00291,Risk for thrombosis,Risco de trombose,NIC,6610,Risk Identification,Identificação de Risco,"Nursing Interventions Classification (NIC), 8th edition",primary,Compatibility primary selected for the diagnosis; consider alternative/context-specific links before finalising a care plan.,Compatibility primary selected for the diagnosis; consider alternative/context-specific links before finalising a care plan.,Mapeamento primário de compatibilidade selecionado para o diagnóstico; considerar vínculos alternativos/específicos ao contexto antes de finalizar o plano de cuidados.,high,curated_current_edition,es,Institutional Spanish NIC 8th edition source reviewed; current code/label cross-check against NIC 8th current classification listing; https://www.salusplay.com/blog/clasificacion-completa-intervenciones-enfermeria-nic-2024/,,2026-09-07,"Selection remains patient/context dependent; use the licensed classification definitions, activities/indicators and scales."
00291,Risk for thrombosis,Risco de trombose,NOC,1932,Risk Control: Thrombus,Controle do Risco: Trombo,"Nursing Outcomes Classification (NOC), 7th edition",primary,Compatibility primary selected for the diagnosis; consider alternative/context-specific links before finalising a care plan.,Compatibility primary selected for the diagnosis; consider alternative/context-specific links before finalising a care plan.,Mapeamento primário de compatibilidade selecionado para o diagnóstico; considerar vínculos alternativos/específicos ao contexto antes de finalizar o plano de cuidados.,high,current_edition_verified,es,Institutional Spanish NOC 7th edition source reviewed; current code/label cross-check against NOC 7th current classification listing; https://www.salusplay.com/apuntes/pae-y-diagnosticos-de-enfermeria-nanda-noc-y-nic/anexo-2-clasificacion-completa-de-resultados-de-enfermeria-noc-2024-8,,2026-09-07,"Selection remains patient/context dependent; use the licensed classification definitions, activities/indicators and scales."
00291,Risk for thrombosis,Risco de trombose,NOC,1902,Risk Control,Controle de Risco,"Nursing Outcomes Classification (NOC), 7th edition",alternative,Fallback generic risk-control outcome when thrombus-specific indicators are not applicable.,Fallback generic risk-control outcome when thrombus-specific indicators are not applicable.,Usar como desfecho genérico de controle de risco quando os indicadores específicos de trombo não forem aplicáveis.,moderate,contextual_current_edition,es,Institutional Spanish NOC 7th edition source reviewed; current code/label cross-check against NOC 7th current classification listing; https://www.salusplay.com/apuntes/pae-y-diagnosticos-de-enfermeria-nanda-noc-y-nic/anexo-2-clasificacion-completa-de-resultados-de-enfermeria-noc-2024-8,,2026-09-07,"Selection remains patient/context dependent; use the licensed classification definitions, activities/indicators and scales."
00292,Ineffective health maintenance behaviours,Comportamentos ineficazes de manutenção da saúde,NIC,4480,Self-Responsibility Facilitation,Facilitação da Autorresponsabilidade,"Nursing Interventions Classification (NIC), 8th edition",primary,Compatibility primary selected for the diagnosis; consider alternative/context-specific links before finalising a care plan.,Compatibility primary selected for the diagnosis; consider alternative/context-specific links before finalising a care plan.,Mapeamento primário de compatibilidade selecionado para o diagnóstico; considerar vínculos alternativos/específicos ao contexto antes de finalizar o plano de cuidados.,moderate,curated_current_edition,es,Institutional Spanish NIC 8th edition source reviewed; current code/label cross-check against NIC 8th current classification listing; https://www.salusplay.com/blog/clasificacion-completa-intervenciones-enfermeria-nic-2024/,,2026-09-07,"Selection remains patient/context dependent; use the licensed classification definitions, activities/indicators and scales."
00292,Ineffective health maintenance behaviours,Comportamentos ineficazes de manutenção da saúde,NOC,1602,Health Promoting Behaviour,Comportamento de Promoção da Saúde,"Nursing Outcomes Classification (NOC), 7th edition",primary,Compatibility primary selected for the diagnosis; consider alternative/context-specific links before finalising a care plan.,Compatibility primary selected for the diagnosis; consider alternative/context-specific links before finalising a care plan.,Mapeamento primário de compatibilidade selecionado para o diagnóstico; considerar vínculos alternativos/específicos ao contexto antes de finalizar o plano de cuidados.,moderate,curated_current_edition,es,Institutional Spanish NOC 7th edition source reviewed; current code/label cross-check against NOC 7th current classification listing; https://www.salusplay.com/apuntes/pae-y-diagnosticos-de-enfermeria-nanda-noc-y-nic/anexo-2-clasificacion-completa-de-resultados-de-enfermeria-noc-2024-8,,2026-09-07,"Selection remains patient/context dependent; use the licensed classification definitions, activities/indicators and scales."
00293,Readiness for enhanced health self-management,Preparação para uma melhor autogestão da saúde,NIC,5510,Health Education,Educação em Saúde,"Nursing Interventions Classification (NIC), 8th edition",primary,Compatibility primary selected for the diagnosis; consider alternative/context-specific links before finalising a care plan.,Compatibility primary selected for the diagnosis; consider alternative/context-specific links before finalising a care plan.,Mapeamento primário de compatibilidade selecionado para o diagnóstico; considerar vínculos alternativos/específicos ao contexto antes de finalizar o plano de cuidados.,moderate,curated_current_edition,es,Institutional Spanish NIC 8th edition source reviewed; current code/label cross-check against NIC 8th current classification listing; https://www.salusplay.com/blog/clasificacion-completa-intervenciones-enfermeria-nic-2024/,,2026-09-07,"Selection remains patient/context dependent; use the licensed classification definitions, activities/indicators and scales."
00293,Readiness for enhanced health self-management,Preparação para uma melhor autogestão da saúde,NOC,1602,Health Promoting Behaviour,Comportamento de Promoção da Saúde,"Nursing Outcomes Classification (NOC), 7th edition",primary,Compatibility primary selected for the diagnosis; consider alternative/context-specific links before finalising a care plan.,Compatibility primary selected for the diagnosis; consider alternative/context-specific links before finalising a care plan.,Mapeamento primário de compatibilidade selecionado para o diagnóstico; considerar vínculos alternativos/específicos ao contexto antes de finalizar o plano de cuidados.,moderate,curated_current_edition,es,Institutional Spanish NOC 7th edition source reviewed; current code/label cross-check against NOC 7th current classification listing; https://www.salusplay.com/apuntes/pae-y-diagnosticos-de-enfermeria-nanda-noc-y-nic/anexo-2-clasificacion-completa-de-resultados-de-enfermeria-noc-2024-8,,2026-09-07,"Selection remains patient/context dependent; use the licensed classification definitions, activities/indicators and scales."
00295,Ineffective infant suck-swallow response,Resposta de sucção-deglutição ineficaz em bebês,NIC,1050,Feeding,Alimentação,"Nursing Interventions Classification (NIC), 8th edition",primary,Compatibility primary selected for the diagnosis; consider alternative/context-specific links before finalising a care plan.,Compatibility primary selected for the diagnosis; consider alternative/context-specific links before finalising a care plan.,Mapeamento primário de compatibilidade selecionado para o diagnóstico; considerar vínculos alternativos/específicos ao contexto antes de finalizar o plano de cuidados.,high,curated_current_edition,es,Institutional Spanish NIC 8th edition source reviewed; current code/label cross-check against NIC 8th current classification listing; https://www.salusplay.com/blog/clasificacion-completa-intervenciones-enfermeria-nic-2024/,,2026-09-07,"Selection remains patient/context dependent; use the licensed classification definitions, activities/indicators and scales."
00295,Ineffective infant suck-swallow response,Resposta de sucção-deglutição ineficaz em bebês,NOC,1010,Swallowing Status,Estado da Deglutição,"Nursing Outcomes Classification (NOC), 7th edition",primary,Compatibility primary selected for the diagnosis; consider alternative/context-specific links before finalising a care plan.,Compatibility primary selected for the diagnosis; consider alternative/context-specific links before finalising a care plan.,Mapeamento primário de compatibilidade selecionado para o diagnóstico; considerar vínculos alternativos/específicos ao contexto antes de finalizar o plano de cuidados.,high,curated_current_edition,es,Institutional Spanish NOC 7th edition source reviewed; current code/label cross-check against NOC 7th current classification listing; https://www.salusplay.com/apuntes/pae-y-diagnosticos-de-enfermeria-nanda-noc-y-nic/anexo-2-clasificacion-completa-de-resultados-de-enfermeria-noc-2024-8,,2026-09-07,"Selection remains patient/context dependent; use the licensed classification definitions, activities/indicators and scales."
00297,Disability-associated urinary incontinence,Incontinência urinária associada à deficiência,NIC,0610,Urinary Incontinence Care,Cuidados na Incontinência Urinária,"Nursing Interventions Classification (NIC), 8th edition",primary,Compatibility primary selected for the diagnosis; consider alternative/context-specific links before finalising a care plan.,Compatibility primary selected for the diagnosis; consider alternative/context-specific links before finalising a care plan.,Mapeamento primário de compatibilidade selecionado para o diagnóstico; considerar vínculos alternativos/específicos ao contexto antes de finalizar o plano de cuidados.,high,curated_current_edition,es,Institutional Spanish NIC 8th edition source reviewed; current code/label cross-check against NIC 8th current classification listing; https://www.salusplay.com/blog/clasificacion-completa-intervenciones-enfermeria-nic-2024/,,2026-09-07,"Selection remains patient/context dependent; use the licensed classification definitions, activities/indicators and scales."
00297,Disability-associated urinary incontinence,Incontinência urinária associada à deficiência,NOC,0502,Urinary Continence,Continência Urinária,"Nursing Outcomes Classification (NOC), 7th edition",primary,Compatibility primary selected for the diagnosis; consider alternative/context-specific links before finalising a care plan.,Compatibility primary selected for the diagnosis; consider alternative/context-specific links before finalising a care plan.,Mapeamento primário de compatibilidade selecionado para o diagnóstico; considerar vínculos alternativos/específicos ao contexto antes de finalizar o plano de cuidados.,high,curated_current_edition,es,Institutional Spanish NOC 7th edition source reviewed; current code/label cross-check against NOC 7th current classification listing; https://www.salusplay.com/apuntes/pae-y-diagnosticos-de-enfermeria-nanda-noc-y-nic/anexo-2-clasificacion-completa-de-resultados-de-enfermeria-noc-2024-8,,2026-09-07,"Selection remains patient/context dependent; use the licensed classification definitions, activities/indicators and scales."
00298,Decreased activity tolerance,Diminuição da tolerância à atividade,NIC,0180,Energy Management,Controle de Energia,"Nursing Interventions Classification (NIC), 8th edition",primary,Compatibility primary selected for the diagnosis; consider alternative/context-specific links before finalising a care plan.,Compatibility primary selected for the diagnosis; consider alternative/context-specific links before finalising a care plan.,Mapeamento primário de compatibilidade selecionado para o diagnóstico; considerar vínculos alternativos/específicos ao contexto antes de finalizar o plano de cuidados.,high,curated_current_edition,es,Institutional Spanish NIC 8th edition source reviewed; current code/label cross-check against NIC 8th current classification listing; https://www.salusplay.com/blog/clasificacion-completa-intervenciones-enfermeria-nic-2024/,,2026-09-07,"Selection remains patient/context dependent; use the licensed classification definitions, activities/indicators and scales."
00298,Decreased activity tolerance,Diminuição da tolerância à atividade,NOC,0005,Activity Tolerance,Tolerância à Atividade,"Nursing Outcomes Classification (NOC), 7th edition",primary,Compatibility primary selected for the diagnosis; consider alternative/context-specific links before finalising a care plan.,Compatibility primary selected for the diagnosis; consider alternative/context-specific links before finalising a care plan.,Mapeamento primário de compatibilidade selecionado para o diagnóstico; considerar vínculos alternativos/específicos ao contexto antes de finalizar o plano de cuidados.,high,curated_current_edition,es,Institutional Spanish NOC 7th edition source reviewed; current code/label cross-check against NOC 7th current classification listing; https://www.salusplay.com/apuntes/pae-y-diagnosticos-de-enfermeria-nanda-noc-y-nic/anexo-2-clasificacion-completa-de-resultados-de-enfermeria-noc-2024-8,,2026-09-07,"Selection remains patient/context dependent; use the licensed classification definitions, activities/indicators and scales."
00299,Risk for decreased activity tolerance,Risco de diminuição da tolerância à atividade,NIC,0180,Energy Management,Controle de Energia,"Nursing Interventions Classification (NIC), 8th edition",primary,Compatibility primary selected for the diagnosis; consider alternative/context-specific links before finalising a care plan.,Compatibility primary selected for the diagnosis; consider alternative/context-specific links before finalising a care plan.,Mapeamento primário de compatibilidade selecionado para o diagnóstico; considerar vínculos alternativos/específicos ao contexto antes de finalizar o plano de cuidados.,high,curated_current_edition,es,Institutional Spanish NIC 8th edition source reviewed; current code/label cross-check against NIC 8th current classification listing; https://www.salusplay.com/blog/clasificacion-completa-intervenciones-enfermeria-nic-2024/,,2026-09-07,"Selection remains patient/context dependent; use the licensed classification definitions, activities/indicators and scales."
00299,Risk for decreased activity tolerance,Risco de diminuição da tolerância à atividade,NOC,0005,Activity Tolerance,Tolerância à Atividade,"Nursing Outcomes Classification (NOC), 7th edition",primary,Compatibility primary selected for the diagnosis; consider alternative/context-specific links before finalising a care plan.,Compatibility primary selected for the diagnosis; consider alternative/context-specific links before finalising a care plan.,Mapeamento primário de compatibilidade selecionado para o diagnóstico; considerar vínculos alternativos/específicos ao contexto antes de finalizar o plano de cuidados.,high,curated_current_edition,es,Institutional Spanish NOC 7th edition source reviewed; current code/label cross-check against NOC 7th current classification listing; https://www.salusplay.com/apuntes/pae-y-diagnosticos-de-enfermeria-nanda-noc-y-nic/anexo-2-clasificacion-completa-de-resultados-de-enfermeria-noc-2024-8,,2026-09-07,"Selection remains patient/context dependent; use the licensed classification definitions, activities/indicators and scales."
00300,Ineffective home maintenance behaviours,Comportamentos ineficazes de manutenção doméstica,NIC,7180,Home Maintenance Assistance,Assistência na Manutenção do Lar,"Nursing Interventions Classification (NIC), 8th edition",primary,Compatibility primary selected for the diagnosis; consider alternative/context-specific links before finalising a care plan.,Compatibility primary selected for the diagnosis; consider alternative/context-specific links before finalising a care plan.,Mapeamento primário de compatibilidade selecionado para o diagnóstico; considerar vínculos alternativos/específicos ao contexto antes de finalizar o plano de cuidados.,high,curated_current_edition,es,Institutional Spanish NIC 8th edition source reviewed; current code/label cross-check against NIC 8th current classification listing; https://www.salusplay.com/blog/clasificacion-completa-intervenciones-enfermeria-nic-2024/,,2026-09-07,"Selection remains patient/context dependent; use the licensed classification definitions, activities/indicators and scales."
00300,Ineffective home maintenance behaviours,Comportamentos ineficazes de manutenção doméstica,NOC,0306,Self-Care Behaviour: Instrumental Activities of Daily Living,Comportamento de Autocuidado: Atividades Instrumentais de Vida Diária,"Nursing Outcomes Classification (NOC), 7th edition",primary,Compatibility primary selected for the diagnosis; consider alternative/context-specific links before finalising a care plan.,Compatibility primary selected for the diagnosis; consider alternative/context-specific links before finalising a care plan.,Mapeamento primário de compatibilidade selecionado para o diagnóstico; considerar vínculos alternativos/específicos ao contexto antes de finalizar o plano de cuidados.,high,curated_current_edition,es,Institutional Spanish NOC 7th edition source reviewed; current code/label cross-check against NOC 7th current classification listing; https://www.salusplay.com/apuntes/pae-y-diagnosticos-de-enfermeria-nanda-noc-y-nic/anexo-2-clasificacion-completa-de-resultados-de-enfermeria-noc-2024-8,,2026-09-07,"Selection remains patient/context dependent; use the licensed classification definitions, activities/indicators and scales."
00301,Maladaptive grieving,Luto desadaptativo,NIC,5290,Grief Work Facilitation,Facilitação do Processo de Luto,"Nursing Interventions Classification (NIC), 8th edition",primary,Compatibility primary selected for the diagnosis; consider alternative/context-specific links before finalising a care plan.,Compatibility primary selected for the diagnosis; consider alternative/context-specific links before finalising a care plan.,Mapeamento primário de compatibilidade selecionado para o diagnóstico; considerar vínculos alternativos/específicos ao contexto antes de finalizar o plano de cuidados.,high,curated_current_edition,es,Institutional Spanish NIC 8th edition source reviewed; current code/label cross-check against NIC 8th current classification listing; https://www.salusplay.com/blog/clasificacion-completa-intervenciones-enfermeria-nic-2024/,,2026-09-07,"Selection remains patient/context dependent; use the licensed classification definitions, activities/indicators and scales."
00301,Maladaptive grieving,Luto desadaptativo,NOC,1304,Grief Resolution,Resolução do Luto,"Nursing Outcomes Classification (NOC), 7th edition",primary,Compatibility primary selected for the diagnosis; consider alternative/context-specific links before finalising a care plan.,Compatibility primary selected for the diagnosis; consider alternative/context-specific links before finalising a care plan.,Mapeamento primário de compatibilidade selecionado para o diagnóstico; considerar vínculos alternativos/específicos ao contexto antes de finalizar o plano de cuidados.,high,curated_current_edition,es,Institutional Spanish NOC 7th edition source reviewed; current code/label cross-check against NOC 7th current classification listing; https://www.salusplay.com/apuntes/pae-y-diagnosticos-de-enfermeria-nanda-noc-y-nic/anexo-2-clasificacion-completa-de-resultados-de-enfermeria-noc-2024-8,,2026-09-07,"Selection remains patient/context dependent; use the licensed classification definitions, activities/indicators and scales."
00302,Risk for maladaptive grieving,Risco de luto desadaptativo,NIC,5290,Grief Work Facilitation,Facilitação do Processo de Luto,"Nursing Interventions Classification (NIC), 8th edition",primary,Compatibility primary selected for the diagnosis; consider alternative/context-specific links before finalising a care plan.,Compatibility primary selected for the diagnosis; consider alternative/context-specific links before finalising a care plan.,Mapeamento primário de compatibilidade selecionado para o diagnóstico; considerar vínculos alternativos/específicos ao contexto antes de finalizar o plano de cuidados.,high,curated_current_edition,es,Institutional Spanish NIC 8th edition source reviewed; current code/label cross-check against NIC 8th current classification listing; https://www.salusplay.com/blog/clasificacion-completa-intervenciones-enfermeria-nic-2024/,,2026-09-07,"Selection remains patient/context dependent; use the licensed classification definitions, activities/indicators and scales."
00302,Risk for maladaptive grieving,Risco de luto desadaptativo,NOC,1304,Grief Resolution,Resolução do Luto,"Nursing Outcomes Classification (NOC), 7th edition",primary,Compatibility primary selected for the diagnosis; consider alternative/context-specific links before finalising a care plan.,Compatibility primary selected for the diagnosis; consider alternative/context-specific links before finalising a care plan.,Mapeamento primário de compatibilidade selecionado para o diagnóstico; considerar vínculos alternativos/específicos ao contexto antes de finalizar o plano de cuidados.,high,curated_current_edition,es,Institutional Spanish NOC 7th edition source reviewed; current code/label cross-check against NOC 7th current classification listing; https://www.salusplay.com/apuntes/pae-y-diagnosticos-de-enfermeria-nanda-noc-y-nic/anexo-2-clasificacion-completa-de-resultados-de-enfermeria-noc-2024-8,,2026-09-07,"Selection remains patient/context dependent; use the licensed classification definitions, activities/indicators and scales."
00303,Risk for adult falls,Risco de quedas em adultos,NIC,6490,Fall Prevention,Prevenção de Quedas,"Nursing Interventions Classification (NIC), 8th edition",primary,Compatibility primary selected for the diagnosis; consider alternative/context-specific links before finalising a care plan.,Compatibility primary selected for the diagnosis; consider alternative/context-specific links before finalising a care plan.,Mapeamento primário de compatibilidade selecionado para o diagnóstico; considerar vínculos alternativos/específicos ao contexto antes de finalizar o plano de cuidados.,high,curated_current_edition,es,Institutional Spanish NIC 8th edition source reviewed; current code/label cross-check against NIC 8th current classification listing; https://www.salusplay.com/blog/clasificacion-completa-intervenciones-enfermeria-nic-2024/,,2026-09-07,"Selection remains patient/context dependent; use the licensed classification definitions, activities/indicators and scales."
00303,Risk for adult falls,Risco de quedas em adultos,NOC,1909,Fall Prevention Behaviour,Comportamento de Prevenção de Quedas,"Nursing Outcomes Classification (NOC), 7th edition",primary,Compatibility primary selected for the diagnosis; consider alternative/context-specific links before finalising a care plan.,Compatibility primary selected for the diagnosis; consider alternative/context-specific links before finalising a care plan.,Mapeamento primário de compatibilidade selecionado para o diagnóstico; considerar vínculos alternativos/específicos ao contexto antes de finalizar o plano de cuidados.,high,curated_current_edition,es,Institutional Spanish NOC 7th edition source reviewed; current code/label cross-check against NOC 7th current classification listing; https://www.salusplay.com/apuntes/pae-y-diagnosticos-de-enfermeria-nanda-noc-y-nic/anexo-2-clasificacion-completa-de-resultados-de-enfermeria-noc-2024-8,,2026-09-07,"Selection remains patient/context dependent; use the licensed classification definitions, activities/indicators and scales."
00304,Risk for adult pressure injury,Risco de lesão por pressão em adultos,NIC,3540,Pressure Injury Prevention,Prevenção de Lesão por Pressão,"Nursing Interventions Classification (NIC), 8th edition",primary,Compatibility primary selected for the diagnosis; consider alternative/context-specific links before finalising a care plan.,Compatibility primary selected for the diagnosis; consider alternative/context-specific links before finalising a care plan.,Mapeamento primário de compatibilidade selecionado para o diagnóstico; considerar vínculos alternativos/específicos ao contexto antes de finalizar o plano de cuidados.,high,curated_current_edition,es,Institutional Spanish NIC 8th edition source reviewed; current code/label cross-check against NIC 8th current classification listing; https://www.salusplay.com/blog/clasificacion-completa-intervenciones-enfermeria-nic-2024/,,2026-09-07,"Selection remains patient/context dependent; use the licensed classification definitions, activities/indicators and scales."
00304,Risk for adult pressure injury,Risco de lesão por pressão em adultos,NOC,1902,Risk Control,Controle de Risco,"Nursing Outcomes Classification (NOC), 7th edition",primary,Compatibility primary selected for the diagnosis; consider alternative/context-specific links before finalising a care plan.,Compatibility primary selected for the diagnosis; consider alternative/context-specific links before finalising a care plan.,Mapeamento primário de compatibilidade selecionado para o diagnóstico; considerar vínculos alternativos/específicos ao contexto antes de finalizar o plano de cuidados.,high,curated_current_edition,es,Institutional Spanish NOC 7th edition source reviewed; current code/label cross-check against NOC 7th current classification listing; https://www.salusplay.com/apuntes/pae-y-diagnosticos-de-enfermeria-nanda-noc-y-nic/anexo-2-clasificacion-completa-de-resultados-de-enfermeria-noc-2024-8,,2026-09-07,"Selection remains patient/context dependent; use the licensed classification definitions, activities/indicators and scales."
00305,Risk for delayed child development,Risco de atraso no desenvolvimento infantil,NIC,8274,Child Care,Cuidados com a Criança,"Nursing Interventions Classification (NIC), 8th edition",primary,Compatibility primary selected for the diagnosis; consider alternative/context-specific links before finalising a care plan.,Compatibility primary selected for the diagnosis; consider alternative/context-specific links before finalising a care plan.,Mapeamento primário de compatibilidade selecionado para o diagnóstico; considerar vínculos alternativos/específicos ao contexto antes de finalizar o plano de cuidados.,moderate,current_edition_verified,es,Institutional Spanish NIC 8th edition source reviewed; current code/label cross-check against NIC 8th current classification listing; https://www.salusplay.com/blog/clasificacion-completa-intervenciones-enfermeria-nic-2024/,,2026-09-07,"Selection remains patient/context dependent; use the licensed classification definitions, activities/indicators and scales."
00305,Risk for delayed child development,Risco de atraso no desenvolvimento infantil,NIC,5650,Teaching: Middle Childhood Development (6-12 Years),Ensino: Desenvolvimento na Infância Média (6-12 Anos),"Nursing Interventions Classification (NIC), 8th edition",alternative,Age 6-12 years: development teaching for middle childhood.,Age 6-12 years: development teaching for middle childhood.,Idade de 6 a 12 anos: ensino sobre o desenvolvimento na infância média.,high,contextual_current_edition,es,Institutional Spanish NIC 8th edition source reviewed; current code/label cross-check against NIC 8th current classification listing; https://www.salusplay.com/blog/clasificacion-completa-intervenciones-enfermeria-nic-2024/,,2026-09-07,"Selection remains patient/context dependent; use the licensed classification definitions, activities/indicators and scales."
00305,Risk for delayed child development,Risco de atraso no desenvolvimento infantil,NIC,5670,Teaching: Adolescent Development (12-21 Years),Ensino: Desenvolvimento do Adolescente (12-21 Anos),"Nursing Interventions Classification (NIC), 8th edition",alternative,Age 12-21 years: adolescent development teaching.,Age 12-21 years: adolescent development teaching.,Idade de 12 a 21 anos: ensino sobre o desenvolvimento do adolescente.,high,contextual_current_edition,es,Institutional Spanish NIC 8th edition source reviewed; current code/label cross-check against NIC 8th current classification listing; https://www.salusplay.com/blog/clasificacion-completa-intervenciones-enfermeria-nic-2024/,,2026-09-07,"Selection remains patient/context dependent; use the licensed classification definitions, activities/indicators and scales."
00305,Risk for delayed child development,Risco de atraso no desenvolvimento infantil,NIC,5680,Teaching: Early Childhood Development (1-5 Years),Ensino: Desenvolvimento na Primeira Infância (1-5 Anos),"Nursing Interventions Classification (NIC), 8th edition",alternative,Age 1-5 years: development teaching for early childhood.,Age 1-5 years: development teaching for early childhood.,Idade de 1 a 5 anos: ensino sobre o desenvolvimento na primeira infância.,high,contextual_current_edition,es,Institutional Spanish NIC 8th edition source reviewed; current code/label cross-check against NIC 8th current classification listing; https://www.salusplay.com/blog/clasificacion-completa-intervenciones-enfermeria-nic-2024/,,2026-09-07,"Selection remains patient/context dependent; use the licensed classification definitions, activities/indicators and scales."
00305,Risk for delayed child development,Risco de atraso no desenvolvimento infantil,NOC,0107,Child Development: 5 Years,Desenvolvimento Infantil: 5 Anos,"Nursing Outcomes Classification (NOC), 7th edition",primary,Compatibility primary selected for the diagnosis; consider alternative/context-specific links before finalising a care plan.,Compatibility primary selected for the diagnosis; consider alternative/context-specific links before finalising a care plan.,Mapeamento primário de compatibilidade selecionado para o diagnóstico; considerar vínculos alternativos/específicos ao contexto antes de finalizar o plano de cuidados.,moderate,curated_current_edition,es,Institutional Spanish NOC 7th edition source reviewed; current code/label cross-check against NOC 7th current classification listing; https://www.salusplay.com/apuntes/pae-y-diagnosticos-de-enfermeria-nanda-noc-y-nic/anexo-2-clasificacion-completa-de-resultados-de-enfermeria-noc-2024-8,,2026-09-07,"Selection remains patient/context dependent; use the licensed classification definitions, activities/indicators and scales."
00305,Risk for delayed child development,Risco de atraso no desenvolvimento infantil,NOC,0127,Child Development: 6-7 Years,Desenvolvimento Infantil: 6-7 Anos,"Nursing Outcomes Classification (NOC), 7th edition",alternative,Age 6-7 years.,Age 6-7 years.,Idade: 6 a 7 anos.,high,contextual_current_edition,es,Institutional Spanish NOC 7th edition source reviewed; current code/label cross-check against NOC 7th current classification listing; https://www.salusplay.com/apuntes/pae-y-diagnosticos-de-enfermeria-nanda-noc-y-nic/anexo-2-clasificacion-completa-de-resultados-de-enfermeria-noc-2024-8,,2026-09-07,"Selection remains patient/context dependent; use the licensed classification definitions, activities/indicators and scales."
00305,Risk for delayed child development,Risco de atraso no desenvolvimento infantil,NOC,0128,Child Development: 8-10 Years,Desenvolvimento Infantil: 8-10 Anos,"Nursing Outcomes Classification (NOC), 7th edition",alternative,Age 8-10 years.,Age 8-10 years.,Idade: 8 a 10 anos.,high,contextual_current_edition,es,Institutional Spanish NOC 7th edition source reviewed; current code/label cross-check against NOC 7th current classification listing; https://www.salusplay.com/apuntes/pae-y-diagnosticos-de-enfermeria-nanda-noc-y-nic/anexo-2-clasificacion-completa-de-resultados-de-enfermeria-noc-2024-8,,2026-09-07,"Selection remains patient/context dependent; use the licensed classification definitions, activities/indicators and scales."
00305,Risk for delayed child development,Risco de atraso no desenvolvimento infantil,NOC,0129,Child Development: Early Adolescence,Desenvolvimento Infantil: Adolescência Inicial,"Nursing Outcomes Classification (NOC), 7th edition",alternative,Early adolescence.,Early adolescence.,Adolescência inicial.,high,contextual_current_edition,es,Institutional Spanish NOC 7th edition source reviewed; current code/label cross-check against NOC 7th current classification listing; https://www.salusplay.com/apuntes/pae-y-diagnosticos-de-enfermeria-nanda-noc-y-nic/anexo-2-clasificacion-completa-de-resultados-de-enfermeria-noc-2024-8,,2026-09-07,"Selection remains patient/context dependent; use the licensed classification definitions, activities/indicators and scales."
00305,Risk for delayed child development,Risco de atraso no desenvolvimento infantil,NOC,0130,Child Development: Late Adolescence,Desenvolvimento Infantil: Adolescência Tardia,"Nursing Outcomes Classification (NOC), 7th edition",alternative,Late adolescence.,Late adolescence.,Adolescência tardia.,high,contextual_current_edition,es,Institutional Spanish NOC 7th edition source reviewed; current code/label cross-check against NOC 7th current classification listing; https://www.salusplay.com/apuntes/pae-y-diagnosticos-de-enfermeria-nanda-noc-y-nic/anexo-2-clasificacion-completa-de-resultados-de-enfermeria-noc-2024-8,,2026-09-07,"Selection remains patient/context dependent; use the licensed classification definitions, activities/indicators and scales."
00305,Risk for delayed child development,Risco de atraso no desenvolvimento infantil,NOC,0131,Child Development: Middle Adolescence,Desenvolvimento Infantil: Adolescência Média,"Nursing Outcomes Classification (NOC), 7th edition",alternative,Middle adolescence.,Middle adolescence.,Adolescência média.,high,contextual_current_edition,es,Institutional Spanish NOC 7th edition source reviewed; current code/label cross-check against NOC 7th current classification listing; https://www.salusplay.com/apuntes/pae-y-diagnosticos-de-enfermeria-nanda-noc-y-nic/anexo-2-clasificacion-completa-de-resultados-de-enfermeria-noc-2024-8,,2026-09-07,"Selection remains patient/context dependent; use the licensed classification definitions, activities/indicators and scales."
00306,Risk for child falls,Risco de quedas em crianças,NIC,6490,Fall Prevention,Prevenção de Quedas,"Nursing Interventions Classification (NIC), 8th edition",primary,Compatibility primary selected for the diagnosis; consider alternative/context-specific links before finalising a care plan.,Compatibility primary selected for the diagnosis; consider alternative/context-specific links before finalising a care plan.,Mapeamento primário de compatibilidade selecionado para o diagnóstico; considerar vínculos alternativos/específicos ao contexto antes de finalizar o plano de cuidados.,high,curated_current_edition,es,Institutional Spanish NIC 8th edition source reviewed; current code/label cross-check against NIC 8th current classification listing; https://www.salusplay.com/blog/clasificacion-completa-intervenciones-enfermeria-nic-2024/,,2026-09-07,"Selection remains patient/context dependent; use the licensed classification definitions, activities/indicators and scales."
00306,Risk for child falls,Risco de quedas em crianças,NOC,1909,Fall Prevention Behaviour,Comportamento de Prevenção de Quedas,"Nursing Outcomes Classification (NOC), 7th edition",primary,Compatibility primary selected for the diagnosis; consider alternative/context-specific links before finalising a care plan.,Compatibility primary selected for the diagnosis; consider alternative/context-specific links before finalising a care plan.,Mapeamento primário de compatibilidade selecionado para o diagnóstico; considerar vínculos alternativos/específicos ao contexto antes de finalizar o plano de cuidados.,high,curated_current_edition,es,Institutional Spanish NOC 7th edition source reviewed; current code/label cross-check against NOC 7th current classification listing; https://www.salusplay.com/apuntes/pae-y-diagnosticos-de-enfermeria-nanda-noc-y-nic/anexo-2-clasificacion-completa-de-resultados-de-enfermeria-noc-2024-8,,2026-09-07,"Selection remains patient/context dependent; use the licensed classification definitions, activities/indicators and scales."
00307,Readiness for enhanced exercise engagement,Prontidão para um maior envolvimento em exercícios físicos,NIC,0200,Exercise Promotion,Promoção do Exercício,"Nursing Interventions Classification (NIC), 8th edition",primary,Compatibility primary selected for the diagnosis; consider alternative/context-specific links before finalising a care plan.,Compatibility primary selected for the diagnosis; consider alternative/context-specific links before finalising a care plan.,Mapeamento primário de compatibilidade selecionado para o diagnóstico; considerar vínculos alternativos/específicos ao contexto antes de finalizar o plano de cuidados.,high,curated_current_edition,es,Institutional Spanish NIC 8th edition source reviewed; current code/label cross-check against NIC 8th current classification listing; https://www.salusplay.com/blog/clasificacion-completa-intervenciones-enfermeria-nic-2024/,,2026-09-07,"Selection remains patient/context dependent; use the licensed classification definitions, activities/indicators and scales."
00307,Readiness for enhanced exercise engagement,Prontidão para um maior envolvimento em exercícios físicos,NOC,1633,Exercise Participation,Participação em Exercício,"Nursing Outcomes Classification (NOC), 7th edition",primary,Compatibility primary selected for the diagnosis; consider alternative/context-specific links before finalising a care plan.,Compatibility primary selected for the diagnosis; consider alternative/context-specific links before finalising a care plan.,Mapeamento primário de compatibilidade selecionado para o diagnóstico; considerar vínculos alternativos/específicos ao contexto antes de finalizar o plano de cuidados.,high,curated_current_edition,es,Institutional Spanish NOC 7th edition source reviewed; current code/label cross-check against NOC 7th current classification listing; https://www.salusplay.com/apuntes/pae-y-diagnosticos-de-enfermeria-nanda-noc-y-nic/anexo-2-clasificacion-completa-de-resultados-de-enfermeria-noc-2024-8,,2026-09-07,"Selection remains patient/context dependent; use the licensed classification definitions, activities/indicators and scales."
00308,Risk for ineffective home maintenance behaviours,Risco de comportamentos ineficazes de manutenção doméstica,NIC,7180,Home Maintenance Assistance,Assistência na Manutenção do Lar,"Nursing Interventions Classification (NIC), 8th edition",primary,Compatibility primary selected for the diagnosis; consider alternative/context-specific links before finalising a care plan.,Compatibility primary selected for the diagnosis; consider alternative/context-specific links before finalising a care plan.,Mapeamento primário de compatibilidade selecionado para o diagnóstico; considerar vínculos alternativos/específicos ao contexto antes de finalizar o plano de cuidados.,high,curated_current_edition,es,Institutional Spanish NIC 8th edition source reviewed; current code/label cross-check against NIC 8th current classification listing; https://www.salusplay.com/blog/clasificacion-completa-intervenciones-enfermeria-nic-2024/,,2026-09-07,"Selection remains patient/context dependent; use the licensed classification definitions, activities/indicators and scales."
00308,Risk for ineffective home maintenance behaviours,Risco de comportamentos ineficazes de manutenção doméstica,NOC,0306,Self-Care Behaviour: Instrumental Activities of Daily Living,Comportamento de Autocuidado: Atividades Instrumentais de Vida Diária,"Nursing Outcomes Classification (NOC), 7th edition",primary,Compatibility primary selected for the diagnosis; consider alternative/context-specific links before finalising a care plan.,Compatibility primary selected for the diagnosis; consider alternative/context-specific links before finalising a care plan.,Mapeamento primário de compatibilidade selecionado para o diagnóstico; considerar vínculos alternativos/específicos ao contexto antes de finalizar o plano de cuidados.,high,curated_current_edition,es,Institutional Spanish NOC 7th edition source reviewed; current code/label cross-check against NOC 7th current classification listing; https://www.salusplay.com/apuntes/pae-y-diagnosticos-de-enfermeria-nanda-noc-y-nic/anexo-2-clasificacion-completa-de-resultados-de-enfermeria-noc-2024-8,,2026-09-07,"Selection remains patient/context dependent; use the licensed classification definitions, activities/indicators and scales."
00309,Readiness for enhanced home maintenance behaviours,Prontidão para comportamentos aprimorados de manutenção doméstica,NIC,7180,Home Maintenance Assistance,Assistência na Manutenção do Lar,"Nursing Interventions Classification (NIC), 8th edition",primary,Compatibility primary selected for the diagnosis; consider alternative/context-specific links before finalising a care plan.,Compatibility primary selected for the diagnosis; consider alternative/context-specific links before finalising a care plan.,Mapeamento primário de compatibilidade selecionado para o diagnóstico; considerar vínculos alternativos/específicos ao contexto antes de finalizar o plano de cuidados.,high,curated_current_edition,es,Institutional Spanish NIC 8th edition source reviewed; current code/label cross-check against NIC 8th current classification listing; https://www.salusplay.com/blog/clasificacion-completa-intervenciones-enfermeria-nic-2024/,,2026-09-07,"Selection remains patient/context dependent; use the licensed classification definitions, activities/indicators and scales."
00309,Readiness for enhanced home maintenance behaviours,Prontidão para comportamentos aprimorados de manutenção doméstica,NOC,0306,Self-Care Behaviour: Instrumental Activities of Daily Living,Comportamento de Autocuidado: Atividades Instrumentais de Vida Diária,"Nursing Outcomes Classification (NOC), 7th edition",primary,Compatibility primary selected for the diagnosis; consider alternative/context-specific links before finalising a care plan.,Compatibility primary selected for the diagnosis; consider alternative/context-specific links before finalising a care plan.,Mapeamento primário de compatibilidade selecionado para o diagnóstico; considerar vínculos alternativos/específicos ao contexto antes de finalizar o plano de cuidados.,high,curated_current_edition,es,Institutional Spanish NOC 7th edition source reviewed; current code/label cross-check against NOC 7th current classification listing; https://www.salusplay.com/apuntes/pae-y-diagnosticos-de-enfermeria-nanda-noc-y-nic/anexo-2-clasificacion-completa-de-resultados-de-enfermeria-noc-2024-8,,2026-09-07,"Selection remains patient/context dependent; use the licensed classification definitions, activities/indicators and scales."
00310,Mixed urinary incontinence,Incontinência urinária mista,NIC,0610,Urinary Incontinence Care,Cuidados na Incontinência Urinária,"Nursing Interventions Classification (NIC), 8th edition",primary,Compatibility primary selected for the diagnosis; consider alternative/context-specific links before finalising a care plan.,Compatibility primary selected for the diagnosis; consider alternative/context-specific links before finalising a care plan.,Mapeamento primário de compatibilidade selecionado para o diagnóstico; considerar vínculos alternativos/específicos ao contexto antes de finalizar o plano de cuidados.,high,curated_current_edition,es,Institutional Spanish NIC 8th edition source reviewed; current code/label cross-check against NIC 8th current classification listing; https://www.salusplay.com/blog/clasificacion-completa-intervenciones-enfermeria-nic-2024/,,2026-09-07,"Selection remains patient/context dependent; use the licensed classification definitions, activities/indicators and scales."
00310,Mixed urinary incontinence,Incontinência urinária mista,NOC,0502,Urinary Continence,Continência Urinária,"Nursing Outcomes Classification (NOC), 7th edition",primary,Compatibility primary selected for the diagnosis; consider alternative/context-specific links before finalising a care plan.,Compatibility primary selected for the diagnosis; consider alternative/context-specific links before finalising a care plan.,Mapeamento primário de compatibilidade selecionado para o diagnóstico; considerar vínculos alternativos/específicos ao contexto antes de finalizar o plano de cuidados.,high,curated_current_edition,es,Institutional Spanish NOC 7th edition source reviewed; current code/label cross-check against NOC 7th current classification listing; https://www.salusplay.com/apuntes/pae-y-diagnosticos-de-enfermeria-nanda-noc-y-nic/anexo-2-clasificacion-completa-de-resultados-de-enfermeria-noc-2024-8,,2026-09-07,"Selection remains patient/context dependent; use the licensed classification definitions, activities/indicators and scales."
00311,Risk for impaired cardiovascular function,Risco de comprometimento da função cardiovascular,NIC,4050,Cardiac Risk Management,Manejo do Risco Cardíaco,"Nursing Interventions Classification (NIC), 8th edition",primary,Compatibility primary selected for the diagnosis; consider alternative/context-specific links before finalising a care plan.,Compatibility primary selected for the diagnosis; consider alternative/context-specific links before finalising a care plan.,Mapeamento primário de compatibilidade selecionado para o diagnóstico; considerar vínculos alternativos/específicos ao contexto antes de finalizar o plano de cuidados.,high,curated_current_edition,es,Institutional Spanish NIC 8th edition source reviewed; current code/label cross-check against NIC 8th current classification listing; https://www.salusplay.com/blog/clasificacion-completa-intervenciones-enfermeria-nic-2024/,,2026-09-07,"Selection remains patient/context dependent; use the licensed classification definitions, activities/indicators and scales."
00311,Risk for impaired cardiovascular function,Risco de comprometimento da função cardiovascular,NOC,1914,Risk Control: Cardiovascular Disease,Controle do Risco: Doença Cardiovascular,"Nursing Outcomes Classification (NOC), 7th edition",primary,Compatibility primary selected for the diagnosis; consider alternative/context-specific links before finalising a care plan.,Compatibility primary selected for the diagnosis; consider alternative/context-specific links before finalising a care plan.,Mapeamento primário de compatibilidade selecionado para o diagnóstico; considerar vínculos alternativos/específicos ao contexto antes de finalizar o plano de cuidados.,high,current_edition_verified,es,Institutional Spanish NOC 7th edition source reviewed; current code/label cross-check against NOC 7th current classification listing; https://www.salusplay.com/apuntes/pae-y-diagnosticos-de-enfermeria-nanda-noc-y-nic/anexo-2-clasificacion-completa-de-resultados-de-enfermeria-noc-2024-8,,2026-09-07,"Selection remains patient/context dependent; use the licensed classification definitions, activities/indicators and scales."
00311,Risk for impaired cardiovascular function,Risco de comprometimento da função cardiovascular,NOC,0414,Cardiopulmonary Function,Função Cardiopulmonar,"Nursing Outcomes Classification (NOC), 7th edition",alternative,Use when cardiopulmonary physiologic function is the monitored consequence rather than risk behaviour.,Use when cardiopulmonary physiologic function is the monitored consequence rather than risk behaviour.,"Usar quando a função fisiológica cardiopulmonar for a consequência monitorada, em vez do comportamento de risco.",high,contextual_current_edition,es,Institutional Spanish NOC 7th edition source reviewed; current code/label cross-check against NOC 7th current classification listing; https://www.salusplay.com/apuntes/pae-y-diagnosticos-de-enfermeria-nanda-noc-y-nic/anexo-2-clasificacion-completa-de-resultados-de-enfermeria-noc-2024-8,,2026-09-07,"Selection remains patient/context dependent; use the licensed classification definitions, activities/indicators and scales."
00312,Adult pressure injury,Lesão por pressão em adultos,NIC,3520,Pressure Injury Care,Cuidados com Lesão por Pressão,"Nursing Interventions Classification (NIC), 8th edition",primary,Compatibility primary selected for the diagnosis; consider alternative/context-specific links before finalising a care plan.,Compatibility primary selected for the diagnosis; consider alternative/context-specific links before finalising a care plan.,Mapeamento primário de compatibilidade selecionado para o diagnóstico; considerar vínculos alternativos/específicos ao contexto antes de finalizar o plano de cuidados.,high,curated_current_edition,es,Institutional Spanish NIC 8th edition source reviewed; current code/label cross-check against NIC 8th current classification listing; https://www.salusplay.com/blog/clasificacion-completa-intervenciones-enfermeria-nic-2024/,,2026-09-07,"Selection remains patient/context dependent; use the licensed classification definitions, activities/indicators and scales."
00312,Adult pressure injury,Lesão por pressão em adultos,NOC,1103,Wound Healing: Secondary Intention,Cicatrização de Feridas: Segunda Intenção,"Nursing Outcomes Classification (NOC), 7th edition",primary,Compatibility primary selected for the diagnosis; consider alternative/context-specific links before finalising a care plan.,Compatibility primary selected for the diagnosis; consider alternative/context-specific links before finalising a care plan.,Mapeamento primário de compatibilidade selecionado para o diagnóstico; considerar vínculos alternativos/específicos ao contexto antes de finalizar o plano de cuidados.,high,curated_current_edition,es,Institutional Spanish NOC 7th edition source reviewed; current code/label cross-check against NOC 7th current classification listing; https://www.salusplay.com/apuntes/pae-y-diagnosticos-de-enfermeria-nanda-noc-y-nic/anexo-2-clasificacion-completa-de-resultados-de-enfermeria-noc-2024-8,,2026-09-07,"Selection remains patient/context dependent; use the licensed classification definitions, activities/indicators and scales."
00313,Child pressure injury,Lesão por pressão infantil,NIC,3520,Pressure Injury Care,Cuidados com Lesão por Pressão,"Nursing Interventions Classification (NIC), 8th edition",primary,Compatibility primary selected for the diagnosis; consider alternative/context-specific links before finalising a care plan.,Compatibility primary selected for the diagnosis; consider alternative/context-specific links before finalising a care plan.,Mapeamento primário de compatibilidade selecionado para o diagnóstico; considerar vínculos alternativos/específicos ao contexto antes de finalizar o plano de cuidados.,high,curated_current_edition,es,Institutional Spanish NIC 8th edition source reviewed; current code/label cross-check against NIC 8th current classification listing; https://www.salusplay.com/blog/clasificacion-completa-intervenciones-enfermeria-nic-2024/,,2026-09-07,"Selection remains patient/context dependent; use the licensed classification definitions, activities/indicators and scales."
00313,Child pressure injury,Lesão por pressão infantil,NOC,1103,Wound Healing: Secondary Intention,Cicatrização de Feridas: Segunda Intenção,"Nursing Outcomes Classification (NOC), 7th edition",primary,Compatibility primary selected for the diagnosis; consider alternative/context-specific links before finalising a care plan.,Compatibility primary selected for the diagnosis; consider alternative/context-specific links before finalising a care plan.,Mapeamento primário de compatibilidade selecionado para o diagnóstico; considerar vínculos alternativos/específicos ao contexto antes de finalizar o plano de cuidados.,high,curated_current_edition,es,Institutional Spanish NOC 7th edition source reviewed; current code/label cross-check against NOC 7th current classification listing; https://www.salusplay.com/apuntes/pae-y-diagnosticos-de-enfermeria-nanda-noc-y-nic/anexo-2-clasificacion-completa-de-resultados-de-enfermeria-noc-2024-8,,2026-09-07,"Selection remains patient/context dependent; use the licensed classification definitions, activities/indicators and scales."
00314,Delayed child development,Atraso no desenvolvimento infantil,NIC,8274,Child Care,Cuidados com a Criança,"Nursing Interventions Classification (NIC), 8th edition",primary,Compatibility primary selected for the diagnosis; consider alternative/context-specific links before finalising a care plan.,Compatibility primary selected for the diagnosis; consider alternative/context-specific links before finalising a care plan.,Mapeamento primário de compatibilidade selecionado para o diagnóstico; considerar vínculos alternativos/específicos ao contexto antes de finalizar o plano de cuidados.,moderate,current_edition_verified,es,Institutional Spanish NIC 8th edition source reviewed; current code/label cross-check against NIC 8th current classification listing; https://www.salusplay.com/blog/clasificacion-completa-intervenciones-enfermeria-nic-2024/,,2026-09-07,"Selection remains patient/context dependent; use the licensed classification definitions, activities/indicators and scales."
00314,Delayed child development,Atraso no desenvolvimento infantil,NIC,5650,Teaching: Middle Childhood Development (6-12 Years),Ensino: Desenvolvimento na Infância Média (6-12 Anos),"Nursing Interventions Classification (NIC), 8th edition",alternative,Age 6-12 years: development teaching for middle childhood.,Age 6-12 years: development teaching for middle childhood.,Idade de 6 a 12 anos: ensino sobre o desenvolvimento na infância média.,high,contextual_current_edition,es,Institutional Spanish NIC 8th edition source reviewed; current code/label cross-check against NIC 8th current classification listing; https://www.salusplay.com/blog/clasificacion-completa-intervenciones-enfermeria-nic-2024/,,2026-09-07,"Selection remains patient/context dependent; use the licensed classification definitions, activities/indicators and scales."
00314,Delayed child development,Atraso no desenvolvimento infantil,NIC,5670,Teaching: Adolescent Development (12-21 Years),Ensino: Desenvolvimento do Adolescente (12-21 Anos),"Nursing Interventions Classification (NIC), 8th edition",alternative,Age 12-21 years: adolescent development teaching.,Age 12-21 years: adolescent development teaching.,Idade de 12 a 21 anos: ensino sobre o desenvolvimento do adolescente.,high,contextual_current_edition,es,Institutional Spanish NIC 8th edition source reviewed; current code/label cross-check against NIC 8th current classification listing; https://www.salusplay.com/blog/clasificacion-completa-intervenciones-enfermeria-nic-2024/,,2026-09-07,"Selection remains patient/context dependent; use the licensed classification definitions, activities/indicators and scales."
00314,Delayed child development,Atraso no desenvolvimento infantil,NIC,5680,Teaching: Early Childhood Development (1-5 Years),Ensino: Desenvolvimento na Primeira Infância (1-5 Anos),"Nursing Interventions Classification (NIC), 8th edition",alternative,Age 1-5 years: development teaching for early childhood.,Age 1-5 years: development teaching for early childhood.,Idade de 1 a 5 anos: ensino sobre o desenvolvimento na primeira infância.,high,contextual_current_edition,es,Institutional Spanish NIC 8th edition source reviewed; current code/label cross-check against NIC 8th current classification listing; https://www.salusplay.com/blog/clasificacion-completa-intervenciones-enfermeria-nic-2024/,,2026-09-07,"Selection remains patient/context dependent; use the licensed classification definitions, activities/indicators and scales."
00314,Delayed child development,Atraso no desenvolvimento infantil,NOC,0107,Child Development: 5 Years,Desenvolvimento Infantil: 5 Anos,"Nursing Outcomes Classification (NOC), 7th edition",primary,Compatibility primary selected for the diagnosis; consider alternative/context-specific links before finalising a care plan.,Compatibility primary selected for the diagnosis; consider alternative/context-specific links before finalising a care plan.,Mapeamento primário de compatibilidade selecionado para o diagnóstico; considerar vínculos alternativos/específicos ao contexto antes de finalizar o plano de cuidados.,moderate,curated_current_edition,es,Institutional Spanish NOC 7th edition source reviewed; current code/label cross-check against NOC 7th current classification listing; https://www.salusplay.com/apuntes/pae-y-diagnosticos-de-enfermeria-nanda-noc-y-nic/anexo-2-clasificacion-completa-de-resultados-de-enfermeria-noc-2024-8,,2026-09-07,"Selection remains patient/context dependent; use the licensed classification definitions, activities/indicators and scales."
00314,Delayed child development,Atraso no desenvolvimento infantil,NOC,0127,Child Development: 6-7 Years,Desenvolvimento Infantil: 6-7 Anos,"Nursing Outcomes Classification (NOC), 7th edition",alternative,Age 6-7 years.,Age 6-7 years.,Idade: 6 a 7 anos.,high,contextual_current_edition,es,Institutional Spanish NOC 7th edition source reviewed; current code/label cross-check against NOC 7th current classification listing; https://www.salusplay.com/apuntes/pae-y-diagnosticos-de-enfermeria-nanda-noc-y-nic/anexo-2-clasificacion-completa-de-resultados-de-enfermeria-noc-2024-8,,2026-09-07,"Selection remains patient/context dependent; use the licensed classification definitions, activities/indicators and scales."
00314,Delayed child development,Atraso no desenvolvimento infantil,NOC,0128,Child Development: 8-10 Years,Desenvolvimento Infantil: 8-10 Anos,"Nursing Outcomes Classification (NOC), 7th edition",alternative,Age 8-10 years.,Age 8-10 years.,Idade: 8 a 10 anos.,high,contextual_current_edition,es,Institutional Spanish NOC 7th edition source reviewed; current code/label cross-check against NOC 7th current classification listing; https://www.salusplay.com/apuntes/pae-y-diagnosticos-de-enfermeria-nanda-noc-y-nic/anexo-2-clasificacion-completa-de-resultados-de-enfermeria-noc-2024-8,,2026-09-07,"Selection remains patient/context dependent; use the licensed classification definitions, activities/indicators and scales."
00314,Delayed child development,Atraso no desenvolvimento infantil,NOC,0129,Child Development: Early Adolescence,Desenvolvimento Infantil: Adolescência Inicial,"Nursing Outcomes Classification (NOC), 7th edition",alternative,Early adolescence.,Early adolescence.,Adolescência inicial.,high,contextual_current_edition,es,Institutional Spanish NOC 7th edition source reviewed; current code/label cross-check against NOC 7th current classification listing; https://www.salusplay.com/apuntes/pae-y-diagnosticos-de-enfermeria-nanda-noc-y-nic/anexo-2-clasificacion-completa-de-resultados-de-enfermeria-noc-2024-8,,2026-09-07,"Selection remains patient/context dependent; use the licensed classification definitions, activities/indicators and scales."
00314,Delayed child development,Atraso no desenvolvimento infantil,NOC,0130,Child Development: Late Adolescence,Desenvolvimento Infantil: Adolescência Tardia,"Nursing Outcomes Classification (NOC), 7th edition",alternative,Late adolescence.,Late adolescence.,Adolescência tardia.,high,contextual_current_edition,es,Institutional Spanish NOC 7th edition source reviewed; current code/label cross-check against NOC 7th current classification listing; https://www.salusplay.com/apuntes/pae-y-diagnosticos-de-enfermeria-nanda-noc-y-nic/anexo-2-clasificacion-completa-de-resultados-de-enfermeria-noc-2024-8,,2026-09-07,"Selection remains patient/context dependent; use the licensed classification definitions, activities/indicators and scales."
00314,Delayed child development,Atraso no desenvolvimento infantil,NOC,0131,Child Development: Middle Adolescence,Desenvolvimento Infantil: Adolescência Média,"Nursing Outcomes Classification (NOC), 7th edition",alternative,Middle adolescence.,Middle adolescence.,Adolescência média.,high,contextual_current_edition,es,Institutional Spanish NOC 7th edition source reviewed; current code/label cross-check against NOC 7th current classification listing; https://www.salusplay.com/apuntes/pae-y-diagnosticos-de-enfermeria-nanda-noc-y-nic/anexo-2-clasificacion-completa-de-resultados-de-enfermeria-noc-2024-8,,2026-09-07,"Selection remains patient/context dependent; use the licensed classification definitions, activities/indicators and scales."
00315,Delayed infant motor development,Atraso no desenvolvimento motor infantil,NIC,8278,Developmental Enhancement: Infant,Melhora do Desenvolvimento: Lactente,"Nursing Interventions Classification (NIC), 8th edition",primary,Compatibility primary selected for the diagnosis; consider alternative/context-specific links before finalising a care plan.,Compatibility primary selected for the diagnosis; consider alternative/context-specific links before finalising a care plan.,Mapeamento primário de compatibilidade selecionado para o diagnóstico; considerar vínculos alternativos/específicos ao contexto antes de finalizar o plano de cuidados.,moderate,curated_current_edition,es,Institutional Spanish NIC 8th edition source reviewed; current code/label cross-check against NIC 8th current classification listing; https://www.salusplay.com/blog/clasificacion-completa-intervenciones-enfermeria-nic-2024/,,2026-09-07,"Selection remains patient/context dependent; use the licensed classification definitions, activities/indicators and scales."
00315,Delayed infant motor development,Atraso no desenvolvimento motor infantil,NOC,0208,Mobility,Mobilidade,"Nursing Outcomes Classification (NOC), 7th edition",primary,Compatibility primary selected for the diagnosis; consider alternative/context-specific links before finalising a care plan.,Compatibility primary selected for the diagnosis; consider alternative/context-specific links before finalising a care plan.,Mapeamento primário de compatibilidade selecionado para o diagnóstico; considerar vínculos alternativos/específicos ao contexto antes de finalizar o plano de cuidados.,moderate,curated_current_edition,es,Institutional Spanish NOC 7th edition source reviewed; current code/label cross-check against NOC 7th current classification listing; https://www.salusplay.com/apuntes/pae-y-diagnosticos-de-enfermeria-nanda-noc-y-nic/anexo-2-clasificacion-completa-de-resultados-de-enfermeria-noc-2024-8,,2026-09-07,"Selection remains patient/context dependent; use the licensed classification definitions, activities/indicators and scales."
00315,Delayed infant motor development,Atraso no desenvolvimento motor infantil,NOC,0100,Child Development: 2 Months,Desenvolvimento Infantil: 2 Meses,"Nursing Outcomes Classification (NOC), 7th edition",alternative,Age 2 months.,Age 2 months.,Idade: 2 meses.,high,contextual_current_edition,es,Institutional Spanish NOC 7th edition source reviewed; current code/label cross-check against NOC 7th current classification listing; https://www.salusplay.com/apuntes/pae-y-diagnosticos-de-enfermeria-nanda-noc-y-nic/anexo-2-clasificacion-completa-de-resultados-de-enfermeria-noc-2024-8,,2026-09-07,"Selection remains patient/context dependent; use the licensed classification definitions, activities/indicators and scales."
00315,Delayed infant motor development,Atraso no desenvolvimento motor infantil,NOC,0101,Child Development: 4 Months,Desenvolvimento Infantil: 4 Meses,"Nursing Outcomes Classification (NOC), 7th edition",alternative,Age 4 months.,Age 4 months.,Idade: 4 meses.,high,contextual_current_edition,es,Institutional Spanish NOC 7th edition source reviewed; current code/label cross-check against NOC 7th current classification listing; https://www.salusplay.com/apuntes/pae-y-diagnosticos-de-enfermeria-nanda-noc-y-nic/anexo-2-clasificacion-completa-de-resultados-de-enfermeria-noc-2024-8,,2026-09-07,"Selection remains patient/context dependent; use the licensed classification definitions, activities/indicators and scales."
00315,Delayed infant motor development,Atraso no desenvolvimento motor infantil,NOC,0102,Child Development: 6 Months,Desenvolvimento Infantil: 6 Meses,"Nursing Outcomes Classification (NOC), 7th edition",alternative,Age 6 months.,Age 6 months.,Idade: 6 meses.,high,contextual_current_edition,es,Institutional Spanish NOC 7th edition source reviewed; current code/label cross-check against NOC 7th current classification listing; https://www.salusplay.com/apuntes/pae-y-diagnosticos-de-enfermeria-nanda-noc-y-nic/anexo-2-clasificacion-completa-de-resultados-de-enfermeria-noc-2024-8,,2026-09-07,"Selection remains patient/context dependent; use the licensed classification definitions, activities/indicators and scales."
00315,Delayed infant motor development,Atraso no desenvolvimento motor infantil,NOC,0103,Child Development: 12 Months,Desenvolvimento Infantil: 12 Meses,"Nursing Outcomes Classification (NOC), 7th edition",alternative,Age 12 months.,Age 12 months.,Idade: 12 meses.,high,contextual_current_edition,es,Institutional Spanish NOC 7th edition source reviewed; current code/label cross-check against NOC 7th current classification listing; https://www.salusplay.com/apuntes/pae-y-diagnosticos-de-enfermeria-nanda-noc-y-nic/anexo-2-clasificacion-completa-de-resultados-de-enfermeria-noc-2024-8,,2026-09-07,"Selection remains patient/context dependent; use the licensed classification definitions, activities/indicators and scales."
00315,Delayed infant motor development,Atraso no desenvolvimento motor infantil,NOC,0120,Child Development: 1 Month,Desenvolvimento Infantil: 1 Mês,"Nursing Outcomes Classification (NOC), 7th edition",alternative,Age 1 month.,Age 1 month.,Idade: 1 mês.,high,contextual_current_edition,es,Institutional Spanish NOC 7th edition source reviewed; current code/label cross-check against NOC 7th current classification listing; https://www.salusplay.com/apuntes/pae-y-diagnosticos-de-enfermeria-nanda-noc-y-nic/anexo-2-clasificacion-completa-de-resultados-de-enfermeria-noc-2024-8,,2026-09-07,"Selection remains patient/context dependent; use the licensed classification definitions, activities/indicators and scales."
00315,Delayed infant motor development,Atraso no desenvolvimento motor infantil,NOC,0125,Child Development: 9 Months,Desenvolvimento Infantil: 9 Meses,"Nursing Outcomes Classification (NOC), 7th edition",alternative,Age 9 months.,Age 9 months.,Idade: 9 meses.,high,contextual_current_edition,es,Institutional Spanish NOC 7th edition source reviewed; current code/label cross-check against NOC 7th current classification listing; https://www.salusplay.com/apuntes/pae-y-diagnosticos-de-enfermeria-nanda-noc-y-nic/anexo-2-clasificacion-completa-de-resultados-de-enfermeria-noc-2024-8,,2026-09-07,"Selection remains patient/context dependent; use the licensed classification definitions, activities/indicators and scales."
00315,Delayed infant motor development,Atraso no desenvolvimento motor infantil,NOC,0126,Child Development: 18 Months,Desenvolvimento Infantil: 18 Meses,"Nursing Outcomes Classification (NOC), 7th edition",alternative,Age 18 months.,Age 18 months.,Idade: 18 meses.,high,contextual_current_edition,es,Institutional Spanish NOC 7th edition source reviewed; current code/label cross-check against NOC 7th current classification listing; https://www.salusplay.com/apuntes/pae-y-diagnosticos-de-enfermeria-nanda-noc-y-nic/anexo-2-clasificacion-completa-de-resultados-de-enfermeria-noc-2024-8,,2026-09-07,"Selection remains patient/context dependent; use the licensed classification definitions, activities/indicators and scales."
00316,Risk for delayed infant motor development,Risco de atraso no desenvolvimento motor infantil,NIC,8278,Developmental Enhancement: Infant,Melhora do Desenvolvimento: Lactente,"Nursing Interventions Classification (NIC), 8th edition",primary,Compatibility primary selected for the diagnosis; consider alternative/context-specific links before finalising a care plan.,Compatibility primary selected for the diagnosis; consider alternative/context-specific links before finalising a care plan.,Mapeamento primário de compatibilidade selecionado para o diagnóstico; considerar vínculos alternativos/específicos ao contexto antes de finalizar o plano de cuidados.,moderate,curated_current_edition,es,Institutional Spanish NIC 8th edition source reviewed; current code/label cross-check against NIC 8th current classification listing; https://www.salusplay.com/blog/clasificacion-completa-intervenciones-enfermeria-nic-2024/,,2026-09-07,"Selection remains patient/context dependent; use the licensed classification definitions, activities/indicators and scales."
00316,Risk for delayed infant motor development,Risco de atraso no desenvolvimento motor infantil,NOC,0208,Mobility,Mobilidade,"Nursing Outcomes Classification (NOC), 7th edition",primary,Compatibility primary selected for the diagnosis; consider alternative/context-specific links before finalising a care plan.,Compatibility primary selected for the diagnosis; consider alternative/context-specific links before finalising a care plan.,Mapeamento primário de compatibilidade selecionado para o diagnóstico; considerar vínculos alternativos/específicos ao contexto antes de finalizar o plano de cuidados.,moderate,curated_current_edition,es,Institutional Spanish NOC 7th edition source reviewed; current code/label cross-check against NOC 7th current classification listing; https://www.salusplay.com/apuntes/pae-y-diagnosticos-de-enfermeria-nanda-noc-y-nic/anexo-2-clasificacion-completa-de-resultados-de-enfermeria-noc-2024-8,,2026-09-07,"Selection remains patient/context dependent; use the licensed classification definitions, activities/indicators and scales."
00316,Risk for delayed infant motor development,Risco de atraso no desenvolvimento motor infantil,NOC,0100,Child Development: 2 Months,Desenvolvimento Infantil: 2 Meses,"Nursing Outcomes Classification (NOC), 7th edition",alternative,Age 2 months.,Age 2 months.,Idade: 2 meses.,high,contextual_current_edition,es,Institutional Spanish NOC 7th edition source reviewed; current code/label cross-check against NOC 7th current classification listing; https://www.salusplay.com/apuntes/pae-y-diagnosticos-de-enfermeria-nanda-noc-y-nic/anexo-2-clasificacion-completa-de-resultados-de-enfermeria-noc-2024-8,,2026-09-07,"Selection remains patient/context dependent; use the licensed classification definitions, activities/indicators and scales."
00316,Risk for delayed infant motor development,Risco de atraso no desenvolvimento motor infantil,NOC,0101,Child Development: 4 Months,Desenvolvimento Infantil: 4 Meses,"Nursing Outcomes Classification (NOC), 7th edition",alternative,Age 4 months.,Age 4 months.,Idade: 4 meses.,high,contextual_current_edition,es,Institutional Spanish NOC 7th edition source reviewed; current code/label cross-check against NOC 7th current classification listing; https://www.salusplay.com/apuntes/pae-y-diagnosticos-de-enfermeria-nanda-noc-y-nic/anexo-2-clasificacion-completa-de-resultados-de-enfermeria-noc-2024-8,,2026-09-07,"Selection remains patient/context dependent; use the licensed classification definitions, activities/indicators and scales."
00316,Risk for delayed infant motor development,Risco de atraso no desenvolvimento motor infantil,NOC,0102,Child Development: 6 Months,Desenvolvimento Infantil: 6 Meses,"Nursing Outcomes Classification (NOC), 7th edition",alternative,Age 6 months.,Age 6 months.,Idade: 6 meses.,high,contextual_current_edition,es,Institutional Spanish NOC 7th edition source reviewed; current code/label cross-check against NOC 7th current classification listing; https://www.salusplay.com/apuntes/pae-y-diagnosticos-de-enfermeria-nanda-noc-y-nic/anexo-2-clasificacion-completa-de-resultados-de-enfermeria-noc-2024-8,,2026-09-07,"Selection remains patient/context dependent; use the licensed classification definitions, activities/indicators and scales."
00316,Risk for delayed infant motor development,Risco de atraso no desenvolvimento motor infantil,NOC,0103,Child Development: 12 Months,Desenvolvimento Infantil: 12 Meses,"Nursing Outcomes Classification (NOC), 7th edition",alternative,Age 12 months.,Age 12 months.,Idade: 12 meses.,high,contextual_current_edition,es,Institutional Spanish NOC 7th edition source reviewed; current code/label cross-check against NOC 7th current classification listing; https://www.salusplay.com/apuntes/pae-y-diagnosticos-de-enfermeria-nanda-noc-y-nic/anexo-2-clasificacion-completa-de-resultados-de-enfermeria-noc-2024-8,,2026-09-07,"Selection remains patient/context dependent; use the licensed classification definitions, activities/indicators and scales."
00316,Risk for delayed infant motor development,Risco de atraso no desenvolvimento motor infantil,NOC,0120,Child Development: 1 Month,Desenvolvimento Infantil: 1 Mês,"Nursing Outcomes Classification (NOC), 7th edition",alternative,Age 1 month.,Age 1 month.,Idade: 1 mês.,high,contextual_current_edition,es,Institutional Spanish NOC 7th edition source reviewed; current code/label cross-check against NOC 7th current classification listing; https://www.salusplay.com/apuntes/pae-y-diagnosticos-de-enfermeria-nanda-noc-y-nic/anexo-2-clasificacion-completa-de-resultados-de-enfermeria-noc-2024-8,,2026-09-07,"Selection remains patient/context dependent; use the licensed classification definitions, activities/indicators and scales."
00316,Risk for delayed infant motor development,Risco de atraso no desenvolvimento motor infantil,NOC,0125,Child Development: 9 Months,Desenvolvimento Infantil: 9 Meses,"Nursing Outcomes Classification (NOC), 7th edition",alternative,Age 9 months.,Age 9 months.,Idade: 9 meses.,high,contextual_current_edition,es,Institutional Spanish NOC 7th edition source reviewed; current code/label cross-check against NOC 7th current classification listing; https://www.salusplay.com/apuntes/pae-y-diagnosticos-de-enfermeria-nanda-noc-y-nic/anexo-2-clasificacion-completa-de-resultados-de-enfermeria-noc-2024-8,,2026-09-07,"Selection remains patient/context dependent; use the licensed classification definitions, activities/indicators and scales."
00316,Risk for delayed infant motor development,Risco de atraso no desenvolvimento motor infantil,NOC,0126,Child Development: 18 Months,Desenvolvimento Infantil: 18 Meses,"Nursing Outcomes Classification (NOC), 7th edition",alternative,Age 18 months.,Age 18 months.,Idade: 18 meses.,high,contextual_current_edition,es,Institutional Spanish NOC 7th edition source reviewed; current code/label cross-check against NOC 7th current classification listing; https://www.salusplay.com/apuntes/pae-y-diagnosticos-de-enfermeria-nanda-noc-y-nic/anexo-2-clasificacion-completa-de-resultados-de-enfermeria-noc-2024-8,,2026-09-07,"Selection remains patient/context dependent; use the licensed classification definitions, activities/indicators and scales."
00322,Risk for urinary retention,Risco de retenção urinária,NIC,0620,Urinary Retention Care,Cuidados na Retenção Urinária,"Nursing Interventions Classification (NIC), 8th edition",primary,Compatibility primary selected for the diagnosis; consider alternative/context-specific links before finalising a care plan.,Compatibility primary selected for the diagnosis; consider alternative/context-specific links before finalising a care plan.,Mapeamento primário de compatibilidade selecionado para o diagnóstico; considerar vínculos alternativos/específicos ao contexto antes de finalizar o plano de cuidados.,high,curated_current_edition,es,Institutional Spanish NIC 8th edition source reviewed; current code/label cross-check against NIC 8th current classification listing; https://www.salusplay.com/blog/clasificacion-completa-intervenciones-enfermeria-nic-2024/,,2026-09-07,"Selection remains patient/context dependent; use the licensed classification definitions, activities/indicators and scales."
00322,Risk for urinary retention,Risco de retenção urinária,NOC,0503,Urinary Elimination,Eliminação Urinária,"Nursing Outcomes Classification (NOC), 7th edition",primary,Compatibility primary selected for the diagnosis; consider alternative/context-specific links before finalising a care plan.,Compatibility primary selected for the diagnosis; consider alternative/context-specific links before finalising a care plan.,Mapeamento primário de compatibilidade selecionado para o diagnóstico; considerar vínculos alternativos/específicos ao contexto antes de finalizar o plano de cuidados.,high,curated_current_edition,es,Institutional Spanish NOC 7th edition source reviewed; current code/label cross-check against NOC 7th current classification listing; https://www.salusplay.com/apuntes/pae-y-diagnosticos-de-enfermeria-nanda-noc-y-nic/anexo-2-clasificacion-completa-de-resultados-de-enfermeria-noc-2024-8,,2026-09-07,"Selection remains patient/context dependent; use the licensed classification definitions, activities/indicators and scales."
00323,Ineffective sleep hygiene behaviours,Comportamentos ineficazes de higiene do sono,NIC,1850,Sleep Enhancement,Melhora do Sono,"Nursing Interventions Classification (NIC), 8th edition",primary,Compatibility primary selected for the diagnosis; consider alternative/context-specific links before finalising a care plan.,Compatibility primary selected for the diagnosis; consider alternative/context-specific links before finalising a care plan.,Mapeamento primário de compatibilidade selecionado para o diagnóstico; considerar vínculos alternativos/específicos ao contexto antes de finalizar o plano de cuidados.,high,curated_current_edition,es,Institutional Spanish NIC 8th edition source reviewed; current code/label cross-check against NIC 8th current classification listing; https://www.salusplay.com/blog/clasificacion-completa-intervenciones-enfermeria-nic-2024/,,2026-09-07,"Selection remains patient/context dependent; use the licensed classification definitions, activities/indicators and scales."
00323,Ineffective sleep hygiene behaviours,Comportamentos ineficazes de higiene do sono,NOC,0004,Sleep,Sono,"Nursing Outcomes Classification (NOC), 7th edition",primary,Compatibility primary selected for the diagnosis; consider alternative/context-specific links before finalising a care plan.,Compatibility primary selected for the diagnosis; consider alternative/context-specific links before finalising a care plan.,Mapeamento primário de compatibilidade selecionado para o diagnóstico; considerar vínculos alternativos/específicos ao contexto antes de finalizar o plano de cuidados.,high,curated_current_edition,es,Institutional Spanish NOC 7th edition source reviewed; current code/label cross-check against NOC 7th current classification listing; https://www.salusplay.com/apuntes/pae-y-diagnosticos-de-enfermeria-nanda-noc-y-nic/anexo-2-clasificacion-completa-de-resultados-de-enfermeria-noc-2024-8,,2026-09-07,"Selection remains patient/context dependent; use the licensed classification definitions, activities/indicators and scales."
00324,Risk for impaired physical mobility,Risco de mobilidade física comprometida,NIC,0221,Exercise Therapy: Ambulation,Terapia com Exercício: Deambulação,"Nursing Interventions Classification (NIC), 8th edition",primary,Compatibility primary selected for the diagnosis; consider alternative/context-specific links before finalising a care plan.,Compatibility primary selected for the diagnosis; consider alternative/context-specific links before finalising a care plan.,Mapeamento primário de compatibilidade selecionado para o diagnóstico; considerar vínculos alternativos/específicos ao contexto antes de finalizar o plano de cuidados.,moderate,curated_current_edition,es,Institutional Spanish NIC 8th edition source reviewed; current code/label cross-check against NIC 8th current classification listing; https://www.salusplay.com/blog/clasificacion-completa-intervenciones-enfermeria-nic-2024/,,2026-09-07,"Selection remains patient/context dependent; use the licensed classification definitions, activities/indicators and scales."
00324,Risk for impaired physical mobility,Risco de mobilidade física comprometida,NOC,0208,Mobility,Mobilidade,"Nursing Outcomes Classification (NOC), 7th edition",primary,Compatibility primary selected for the diagnosis; consider alternative/context-specific links before finalising a care plan.,Compatibility primary selected for the diagnosis; consider alternative/context-specific links before finalising a care plan.,Mapeamento primário de compatibilidade selecionado para o diagnóstico; considerar vínculos alternativos/específicos ao contexto antes de finalizar o plano de cuidados.,moderate,curated_current_edition,es,Institutional Spanish NOC 7th edition source reviewed; current code/label cross-check against NOC 7th current classification listing; https://www.salusplay.com/apuntes/pae-y-diagnosticos-de-enfermeria-nanda-noc-y-nic/anexo-2-clasificacion-completa-de-resultados-de-enfermeria-noc-2024-8,,2026-09-07,"Selection remains patient/context dependent; use the licensed classification definitions, activities/indicators and scales."
00325,Inadequate self-compassion,Autocompaixão inadequada,NIC,5270,Emotional Support,Apoio Emocional,"Nursing Interventions Classification (NIC), 8th edition",primary,Compatibility primary selected for the diagnosis; consider alternative/context-specific links before finalising a care plan.,Compatibility primary selected for the diagnosis; consider alternative/context-specific links before finalising a care plan.,Mapeamento primário de compatibilidade selecionado para o diagnóstico; considerar vínculos alternativos/específicos ao contexto antes de finalizar o plano de cuidados.,moderate,curated_current_edition,es,Institutional Spanish NIC 8th edition source reviewed; current code/label cross-check against NIC 8th current classification listing; https://www.salusplay.com/blog/clasificacion-completa-intervenciones-enfermeria-nic-2024/,,2026-09-07,"Selection remains patient/context dependent; use the licensed classification definitions, activities/indicators and scales."
00325,Inadequate self-compassion,Autocompaixão inadequada,NOC,1205,Self-Esteem,Autoestima,"Nursing Outcomes Classification (NOC), 7th edition",primary,Compatibility primary selected for the diagnosis; consider alternative/context-specific links before finalising a care plan.,Compatibility primary selected for the diagnosis; consider alternative/context-specific links before finalising a care plan.,Mapeamento primário de compatibilidade selecionado para o diagnóstico; considerar vínculos alternativos/específicos ao contexto antes de finalizar o plano de cuidados.,moderate,curated_current_edition,es,Institutional Spanish NOC 7th edition source reviewed; current code/label cross-check against NOC 7th current classification listing; https://www.salusplay.com/apuntes/pae-y-diagnosticos-de-enfermeria-nanda-noc-y-nic/anexo-2-clasificacion-completa-de-resultados-de-enfermeria-noc-2024-8,,2026-09-07,"Selection remains patient/context dependent; use the licensed classification definitions, activities/indicators and scales."
00326,Decreased bathing abilities,Capacidade reduzida de tomar banho,NIC,1801,Self-Care Assistance: Bathing/Hygiene,Assistência no Autocuidado: Banho/Higiene,"Nursing Interventions Classification (NIC), 8th edition",primary,Compatibility primary selected for the diagnosis; consider alternative/context-specific links before finalising a care plan.,Compatibility primary selected for the diagnosis; consider alternative/context-specific links before finalising a care plan.,Mapeamento primário de compatibilidade selecionado para o diagnóstico; considerar vínculos alternativos/específicos ao contexto antes de finalizar o plano de cuidados.,high,curated_current_edition,es,Institutional Spanish NIC 8th edition source reviewed; current code/label cross-check against NIC 8th current classification listing; https://www.salusplay.com/blog/clasificacion-completa-intervenciones-enfermeria-nic-2024/,,2026-09-07,"Selection remains patient/context dependent; use the licensed classification definitions, activities/indicators and scales."
00326,Decreased bathing abilities,Capacidade reduzida de tomar banho,NOC,0301,Self-Care Behaviour: Bathing,Comportamento de Autocuidado: Banho,"Nursing Outcomes Classification (NOC), 7th edition",primary,Compatibility primary selected for the diagnosis; consider alternative/context-specific links before finalising a care plan.,Compatibility primary selected for the diagnosis; consider alternative/context-specific links before finalising a care plan.,Mapeamento primário de compatibilidade selecionado para o diagnóstico; considerar vínculos alternativos/específicos ao contexto antes de finalizar o plano de cuidados.,high,curated_current_edition,es,Institutional Spanish NOC 7th edition source reviewed; current code/label cross-check against NOC 7th current classification listing; https://www.salusplay.com/apuntes/pae-y-diagnosticos-de-enfermeria-nanda-noc-y-nic/anexo-2-clasificacion-completa-de-resultados-de-enfermeria-noc-2024-8,,2026-09-07,"Selection remains patient/context dependent; use the licensed classification definitions, activities/indicators and scales."
00327,Decreased dressing abilities,Capacidade reduzida de se vestir,NIC,1802,Self-Care Assistance: Dressing/Grooming,Assistência no Autocuidado: Vestir-se/Arrumar-se,"Nursing Interventions Classification (NIC), 8th edition",primary,Compatibility primary selected for the diagnosis; consider alternative/context-specific links before finalising a care plan.,Compatibility primary selected for the diagnosis; consider alternative/context-specific links before finalising a care plan.,Mapeamento primário de compatibilidade selecionado para o diagnóstico; considerar vínculos alternativos/específicos ao contexto antes de finalizar o plano de cuidados.,high,curated_current_edition,es,Institutional Spanish NIC 8th edition source reviewed; current code/label cross-check against NIC 8th current classification listing; https://www.salusplay.com/blog/clasificacion-completa-intervenciones-enfermeria-nic-2024/,,2026-09-07,"Selection remains patient/context dependent; use the licensed classification definitions, activities/indicators and scales."
00327,Decreased dressing abilities,Capacidade reduzida de se vestir,NOC,0302,Self-Care Behaviour: Dressing,Comportamento de Autocuidado: Vestir-se,"Nursing Outcomes Classification (NOC), 7th edition",primary,Compatibility primary selected for the diagnosis; consider alternative/context-specific links before finalising a care plan.,Compatibility primary selected for the diagnosis; consider alternative/context-specific links before finalising a care plan.,Mapeamento primário de compatibilidade selecionado para o diagnóstico; considerar vínculos alternativos/específicos ao contexto antes de finalizar o plano de cuidados.,high,curated_current_edition,es,Institutional Spanish NOC 7th edition source reviewed; current code/label cross-check against NOC 7th current classification listing; https://www.salusplay.com/apuntes/pae-y-diagnosticos-de-enfermeria-nanda-noc-y-nic/anexo-2-clasificacion-completa-de-resultados-de-enfermeria-noc-2024-8,,2026-09-07,"Selection remains patient/context dependent; use the licensed classification definitions, activities/indicators and scales."
00328,Decreased feeding abilities,Capacidade de alimentação reduzida,NIC,1803,Self-Care Assistance: Feeding,Assistência no Autocuidado: Alimentação,"Nursing Interventions Classification (NIC), 8th edition",primary,Compatibility primary selected for the diagnosis; consider alternative/context-specific links before finalising a care plan.,Compatibility primary selected for the diagnosis; consider alternative/context-specific links before finalising a care plan.,Mapeamento primário de compatibilidade selecionado para o diagnóstico; considerar vínculos alternativos/específicos ao contexto antes de finalizar o plano de cuidados.,high,curated_current_edition,es,Institutional Spanish NIC 8th edition source reviewed; current code/label cross-check against NIC 8th current classification listing; https://www.salusplay.com/blog/clasificacion-completa-intervenciones-enfermeria-nic-2024/,,2026-09-07,"Selection remains patient/context dependent; use the licensed classification definitions, activities/indicators and scales."
00328,Decreased feeding abilities,Capacidade de alimentação reduzida,NOC,0303,Self-Care Behaviour: Eating,Comportamento de Autocuidado: Alimentação,"Nursing Outcomes Classification (NOC), 7th edition",primary,Compatibility primary selected for the diagnosis; consider alternative/context-specific links before finalising a care plan.,Compatibility primary selected for the diagnosis; consider alternative/context-specific links before finalising a care plan.,Mapeamento primário de compatibilidade selecionado para o diagnóstico; considerar vínculos alternativos/específicos ao contexto antes de finalizar o plano de cuidados.,high,curated_current_edition,es,Institutional Spanish NOC 7th edition source reviewed; current code/label cross-check against NOC 7th current classification listing; https://www.salusplay.com/apuntes/pae-y-diagnosticos-de-enfermeria-nanda-noc-y-nic/anexo-2-clasificacion-completa-de-resultados-de-enfermeria-noc-2024-8,,2026-09-07,"Selection remains patient/context dependent; use the licensed classification definitions, activities/indicators and scales."
00329,Decreased toileting abilities,Diminuição da capacidade de usar o banheiro,NIC,1804,Self-Care Assistance: Toileting,Assistência no Autocuidado: Uso do Banheiro,"Nursing Interventions Classification (NIC), 8th edition",primary,Compatibility primary selected for the diagnosis; consider alternative/context-specific links before finalising a care plan.,Compatibility primary selected for the diagnosis; consider alternative/context-specific links before finalising a care plan.,Mapeamento primário de compatibilidade selecionado para o diagnóstico; considerar vínculos alternativos/específicos ao contexto antes de finalizar o plano de cuidados.,high,curated_current_edition,es,Institutional Spanish NIC 8th edition source reviewed; current code/label cross-check against NIC 8th current classification listing; https://www.salusplay.com/blog/clasificacion-completa-intervenciones-enfermeria-nic-2024/,,2026-09-07,"Selection remains patient/context dependent; use the licensed classification definitions, activities/indicators and scales."
00329,Decreased toileting abilities,Diminuição da capacidade de usar o banheiro,NOC,0310,Self-Care Behaviour: Toileting,Comportamento de Autocuidado: Uso do Banheiro,"Nursing Outcomes Classification (NOC), 7th edition",primary,Compatibility primary selected for the diagnosis; consider alternative/context-specific links before finalising a care plan.,Compatibility primary selected for the diagnosis; consider alternative/context-specific links before finalising a care plan.,Mapeamento primário de compatibilidade selecionado para o diagnóstico; considerar vínculos alternativos/específicos ao contexto antes de finalizar o plano de cuidados.,high,curated_current_edition,es,Institutional Spanish NOC 7th edition source reviewed; current code/label cross-check against NOC 7th current classification listing; https://www.salusplay.com/apuntes/pae-y-diagnosticos-de-enfermeria-nanda-noc-y-nic/anexo-2-clasificacion-completa-de-resultados-de-enfermeria-noc-2024-8,,2026-09-07,"Selection remains patient/context dependent; use the licensed classification definitions, activities/indicators and scales."
00330,Decreased grooming abilities,Capacidade reduzida de cuidar da higiene pessoal,NIC,1802,Self-Care Assistance: Dressing/Grooming,Assistência no Autocuidado: Vestir-se/Arrumar-se,"Nursing Interventions Classification (NIC), 8th edition",primary,Compatibility primary selected for the diagnosis; consider alternative/context-specific links before finalising a care plan.,Compatibility primary selected for the diagnosis; consider alternative/context-specific links before finalising a care plan.,Mapeamento primário de compatibilidade selecionado para o diagnóstico; considerar vínculos alternativos/específicos ao contexto antes de finalizar o plano de cuidados.,high,curated_current_edition,es,Institutional Spanish NIC 8th edition source reviewed; current code/label cross-check against NIC 8th current classification listing; https://www.salusplay.com/blog/clasificacion-completa-intervenciones-enfermeria-nic-2024/,,2026-09-07,"Selection remains patient/context dependent; use the licensed classification definitions, activities/indicators and scales."
00330,Decreased grooming abilities,Capacidade reduzida de cuidar da higiene pessoal,NOC,0305,Self-Care Behaviour: Hygiene,Comportamento de Autocuidado: Higiene,"Nursing Outcomes Classification (NOC), 7th edition",primary,Compatibility primary selected for the diagnosis; consider alternative/context-specific links before finalising a care plan.,Compatibility primary selected for the diagnosis; consider alternative/context-specific links before finalising a care plan.,Mapeamento primário de compatibilidade selecionado para o diagnóstico; considerar vínculos alternativos/específicos ao contexto antes de finalizar o plano de cuidados.,high,curated_current_edition,es,Institutional Spanish NOC 7th edition source reviewed; current code/label cross-check against NOC 7th current classification listing; https://www.salusplay.com/apuntes/pae-y-diagnosticos-de-enfermeria-nanda-noc-y-nic/anexo-2-clasificacion-completa-de-resultados-de-enfermeria-noc-2024-8,,2026-09-07,"Selection remains patient/context dependent; use the licensed classification definitions, activities/indicators and scales."
00331,Decreased self-care ability syndrome,Síndrome da capacidade reduzida de autocuidado,NIC,1800,Self-Care Assistance,Assistência no Autocuidado,"Nursing Interventions Classification (NIC), 8th edition",primary,Compatibility primary selected for the diagnosis; consider alternative/context-specific links before finalising a care plan.,Compatibility primary selected for the diagnosis; consider alternative/context-specific links before finalising a care plan.,Mapeamento primário de compatibilidade selecionado para o diagnóstico; considerar vínculos alternativos/específicos ao contexto antes de finalizar o plano de cuidados.,high,curated_current_edition,es,Institutional Spanish NIC 8th edition source reviewed; current code/label cross-check against NIC 8th current classification listing; https://www.salusplay.com/blog/clasificacion-completa-intervenciones-enfermeria-nic-2024/,,2026-09-07,"Selection remains patient/context dependent; use the licensed classification definitions, activities/indicators and scales."
00331,Decreased self-care ability syndrome,Síndrome da capacidade reduzida de autocuidado,NOC,0300,Self-Care Behaviour: Activities of Daily Living,Comportamento de Autocuidado: Atividades de Vida Diária,"Nursing Outcomes Classification (NOC), 7th edition",primary,Compatibility primary selected for the diagnosis; consider alternative/context-specific links before finalising a care plan.,Compatibility primary selected for the diagnosis; consider alternative/context-specific links before finalising a care plan.,Mapeamento primário de compatibilidade selecionado para o diagnóstico; considerar vínculos alternativos/específicos ao contexto antes de finalizar o plano de cuidados.,high,curated_current_edition,es,Institutional Spanish NOC 7th edition source reviewed; current code/label cross-check against NOC 7th current classification listing; https://www.salusplay.com/apuntes/pae-y-diagnosticos-de-enfermeria-nanda-noc-y-nic/anexo-2-clasificacion-completa-de-resultados-de-enfermeria-noc-2024-8,,2026-09-07,"Selection remains patient/context dependent; use the licensed classification definitions, activities/indicators and scales."
00332,Risk for decreased self-care ability syndrome,Síndrome de risco de diminuição da capacidade de autocuidado,NIC,1800,Self-Care Assistance,Assistência no Autocuidado,"Nursing Interventions Classification (NIC), 8th edition",primary,Compatibility primary selected for the diagnosis; consider alternative/context-specific links before finalising a care plan.,Compatibility primary selected for the diagnosis; consider alternative/context-specific links before finalising a care plan.,Mapeamento primário de compatibilidade selecionado para o diagnóstico; considerar vínculos alternativos/específicos ao contexto antes de finalizar o plano de cuidados.,high,curated_current_edition,es,Institutional Spanish NIC 8th edition source reviewed; current code/label cross-check against NIC 8th current classification listing; https://www.salusplay.com/blog/clasificacion-completa-intervenciones-enfermeria-nic-2024/,,2026-09-07,"Selection remains patient/context dependent; use the licensed classification definitions, activities/indicators and scales."
00332,Risk for decreased self-care ability syndrome,Síndrome de risco de diminuição da capacidade de autocuidado,NOC,0300,Self-Care Behaviour: Activities of Daily Living,Comportamento de Autocuidado: Atividades de Vida Diária,"Nursing Outcomes Classification (NOC), 7th edition",primary,Compatibility primary selected for the diagnosis; consider alternative/context-specific links before finalising a care plan.,Compatibility primary selected for the diagnosis; consider alternative/context-specific links before finalising a care plan.,Mapeamento primário de compatibilidade selecionado para o diagnóstico; considerar vínculos alternativos/específicos ao contexto antes de finalizar o plano de cuidados.,high,curated_current_edition,es,Institutional Spanish NOC 7th edition source reviewed; current code/label cross-check against NOC 7th current classification listing; https://www.salusplay.com/apuntes/pae-y-diagnosticos-de-enfermeria-nanda-noc-y-nic/anexo-2-clasificacion-completa-de-resultados-de-enfermeria-noc-2024-8,,2026-09-07,"Selection remains patient/context dependent; use the licensed classification definitions, activities/indicators and scales."
00333,Inadequate human milk production,Produção inadequada de leite humano,NIC,5244,Breastfeeding Counselling,Aconselhamento sobre Amamentação,"Nursing Interventions Classification (NIC), 8th edition",primary,Compatibility primary selected for the diagnosis; consider alternative/context-specific links before finalising a care plan.,Compatibility primary selected for the diagnosis; consider alternative/context-specific links before finalising a care plan.,Mapeamento primário de compatibilidade selecionado para o diagnóstico; considerar vínculos alternativos/específicos ao contexto antes de finalizar o plano de cuidados.,high,current_edition_verified,es,Institutional Spanish NIC 8th edition source reviewed; current code/label cross-check against NIC 8th current classification listing; https://www.salusplay.com/blog/clasificacion-completa-intervenciones-enfermeria-nic-2024/,,2026-09-07,"Selection remains patient/context dependent; use the licensed classification definitions, activities/indicators and scales."
00333,Inadequate human milk production,Produção inadequada de leite humano,NOC,1001,Breastfeeding Establishment: Maternal,Estabelecimento da Amamentação: Materno,"Nursing Outcomes Classification (NOC), 7th edition",primary,Compatibility primary selected for the diagnosis; consider alternative/context-specific links before finalising a care plan.,Compatibility primary selected for the diagnosis; consider alternative/context-specific links before finalising a care plan.,Mapeamento primário de compatibilidade selecionado para o diagnóstico; considerar vínculos alternativos/específicos ao contexto antes de finalizar o plano de cuidados.,high,curated_current_edition,es,Institutional Spanish NOC 7th edition source reviewed; current code/label cross-check against NOC 7th current classification listing; https://www.salusplay.com/apuntes/pae-y-diagnosticos-de-enfermeria-nanda-noc-y-nic/anexo-2-clasificacion-completa-de-resultados-de-enfermeria-noc-2024-8,,2026-09-07,"Selection remains patient/context dependent; use the licensed classification definitions, activities/indicators and scales."
00333,Inadequate human milk production,Produção inadequada de leite humano,NOC,1002,Breastfeeding Maintenance,Manutenção da Amamentação,"Nursing Outcomes Classification (NOC), 7th edition",alternative,Use after breastfeeding has been established and maintenance is the target.,Use after breastfeeding has been established and maintenance is the target.,"Usar após a amamentação estar estabelecida, quando a manutenção for o objetivo.",high,contextual_current_edition,es,Institutional Spanish NOC 7th edition source reviewed; current code/label cross-check against NOC 7th current classification listing; https://www.salusplay.com/apuntes/pae-y-diagnosticos-de-enfermeria-nanda-noc-y-nic/anexo-2-clasificacion-completa-de-resultados-de-enfermeria-noc-2024-8,,2026-09-07,"Selection remains patient/context dependent; use the licensed classification definitions, activities/indicators and scales."
00334,Risk for inadequate human milk production,Risco de produção inadequada de leite materno,NIC,5244,Breastfeeding Counselling,Aconselhamento sobre Amamentação,"Nursing Interventions Classification (NIC), 8th edition",primary,Compatibility primary selected for the diagnosis; consider alternative/context-specific links before finalising a care plan.,Compatibility primary selected for the diagnosis; consider alternative/context-specific links before finalising a care plan.,Mapeamento primário de compatibilidade selecionado para o diagnóstico; considerar vínculos alternativos/específicos ao contexto antes de finalizar o plano de cuidados.,high,current_edition_verified,es,Institutional Spanish NIC 8th edition source reviewed; current code/label cross-check against NIC 8th current classification listing; https://www.salusplay.com/blog/clasificacion-completa-intervenciones-enfermeria-nic-2024/,,2026-09-07,"Selection remains patient/context dependent; use the licensed classification definitions, activities/indicators and scales."
00334,Risk for inadequate human milk production,Risco de produção inadequada de leite materno,NOC,1001,Breastfeeding Establishment: Maternal,Estabelecimento da Amamentação: Materno,"Nursing Outcomes Classification (NOC), 7th edition",primary,Compatibility primary selected for the diagnosis; consider alternative/context-specific links before finalising a care plan.,Compatibility primary selected for the diagnosis; consider alternative/context-specific links before finalising a care plan.,Mapeamento primário de compatibilidade selecionado para o diagnóstico; considerar vínculos alternativos/específicos ao contexto antes de finalizar o plano de cuidados.,high,curated_current_edition,es,Institutional Spanish NOC 7th edition source reviewed; current code/label cross-check against NOC 7th current classification listing; https://www.salusplay.com/apuntes/pae-y-diagnosticos-de-enfermeria-nanda-noc-y-nic/anexo-2-clasificacion-completa-de-resultados-de-enfermeria-noc-2024-8,,2026-09-07,"Selection remains patient/context dependent; use the licensed classification definitions, activities/indicators and scales."
00334,Risk for inadequate human milk production,Risco de produção inadequada de leite materno,NOC,1002,Breastfeeding Maintenance,Manutenção da Amamentação,"Nursing Outcomes Classification (NOC), 7th edition",alternative,Use when maintenance of breastfeeding is the clinically relevant prevention target.,Use when maintenance of breastfeeding is the clinically relevant prevention target.,Usar quando a manutenção da amamentação for o objetivo de prevenção clinicamente relevante.,high,contextual_current_edition,es,Institutional Spanish NOC 7th edition source reviewed; current code/label cross-check against NOC 7th current classification listing; https://www.salusplay.com/apuntes/pae-y-diagnosticos-de-enfermeria-nanda-noc-y-nic/anexo-2-clasificacion-completa-de-resultados-de-enfermeria-noc-2024-8,,2026-09-07,"Selection remains patient/context dependent; use the licensed classification definitions, activities/indicators and scales."
00335,Risk for excessive loneliness,Risco de solidão excessiva,NIC,5100,Socialization Enhancement,Melhora da Socialização,"Nursing Interventions Classification (NIC), 8th edition",primary,Compatibility primary selected for the diagnosis; consider alternative/context-specific links before finalising a care plan.,Compatibility primary selected for the diagnosis; consider alternative/context-specific links before finalising a care plan.,Mapeamento primário de compatibilidade selecionado para o diagnóstico; considerar vínculos alternativos/específicos ao contexto antes de finalizar o plano de cuidados.,high,curated_current_edition,es,Institutional Spanish NIC 8th edition source reviewed; current code/label cross-check against NIC 8th current classification listing; https://www.salusplay.com/blog/clasificacion-completa-intervenciones-enfermeria-nic-2024/,,2026-09-07,"Selection remains patient/context dependent; use the licensed classification definitions, activities/indicators and scales."
00335,Risk for excessive loneliness,Risco de solidão excessiva,NOC,1203,Loneliness Severity,Gravidade da Solidão,"Nursing Outcomes Classification (NOC), 7th edition",primary,Compatibility primary selected for the diagnosis; consider alternative/context-specific links before finalising a care plan.,Compatibility primary selected for the diagnosis; consider alternative/context-specific links before finalising a care plan.,Mapeamento primário de compatibilidade selecionado para o diagnóstico; considerar vínculos alternativos/específicos ao contexto antes de finalizar o plano de cuidados.,high,curated_current_edition,es,Institutional Spanish NOC 7th edition source reviewed; current code/label cross-check against NOC 7th current classification listing; https://www.salusplay.com/apuntes/pae-y-diagnosticos-de-enfermeria-nanda-noc-y-nic/anexo-2-clasificacion-completa-de-resultados-de-enfermeria-noc-2024-8,,2026-09-07,"Selection remains patient/context dependent; use the licensed classification definitions, activities/indicators and scales."
00336,Risk for physical injury,Risco de lesão física,NIC,6610,Risk Identification,Identificação de Risco,"Nursing Interventions Classification (NIC), 8th edition",primary,Compatibility primary selected for the diagnosis; consider alternative/context-specific links before finalising a care plan.,Compatibility primary selected for the diagnosis; consider alternative/context-specific links before finalising a care plan.,Mapeamento primário de compatibilidade selecionado para o diagnóstico; considerar vínculos alternativos/específicos ao contexto antes de finalizar o plano de cuidados.,high,curated_current_edition,es,Institutional Spanish NIC 8th edition source reviewed; current code/label cross-check against NIC 8th current classification listing; https://www.salusplay.com/blog/clasificacion-completa-intervenciones-enfermeria-nic-2024/,,2026-09-07,"Selection remains patient/context dependent; use the licensed classification definitions, activities/indicators and scales."
00336,Risk for physical injury,Risco de lesão física,NOC,1908,Risk Detection,Detecção de Risco,"Nursing Outcomes Classification (NOC), 7th edition",primary,Compatibility primary selected for the diagnosis; consider alternative/context-specific links before finalising a care plan.,Compatibility primary selected for the diagnosis; consider alternative/context-specific links before finalising a care plan.,Mapeamento primário de compatibilidade selecionado para o diagnóstico; considerar vínculos alternativos/específicos ao contexto antes de finalizar o plano de cuidados.,high,curated_current_edition,es,Institutional Spanish NOC 7th edition source reviewed; current code/label cross-check against NOC 7th current classification listing; https://www.salusplay.com/apuntes/pae-y-diagnosticos-de-enfermeria-nanda-noc-y-nic/anexo-2-clasificacion-completa-de-resultados-de-enfermeria-noc-2024-8,,2026-09-07,"Selection remains patient/context dependent; use the licensed classification definitions, activities/indicators and scales."
00337,Ineffective sleep pattern,Padrão de sono ineficaz,NIC,1850,Sleep Enhancement,Melhora do Sono,"Nursing Interventions Classification (NIC), 8th edition",primary,Compatibility primary selected for the diagnosis; consider alternative/context-specific links before finalising a care plan.,Compatibility primary selected for the diagnosis; consider alternative/context-specific links before finalising a care plan.,Mapeamento primário de compatibilidade selecionado para o diagnóstico; considerar vínculos alternativos/específicos ao contexto antes de finalizar o plano de cuidados.,high,curated_current_edition,es,Institutional Spanish NIC 8th edition source reviewed; current code/label cross-check against NIC 8th current classification listing; https://www.salusplay.com/blog/clasificacion-completa-intervenciones-enfermeria-nic-2024/,,2026-09-07,"Selection remains patient/context dependent; use the licensed classification definitions, activities/indicators and scales."
00337,Ineffective sleep pattern,Padrão de sono ineficaz,NOC,0004,Sleep,Sono,"Nursing Outcomes Classification (NOC), 7th edition",primary,Compatibility primary selected for the diagnosis; consider alternative/context-specific links before finalising a care plan.,Compatibility primary selected for the diagnosis; consider alternative/context-specific links before finalising a care plan.,Mapeamento primário de compatibilidade selecionado para o diagnóstico; considerar vínculos alternativos/específicos ao contexto antes de finalizar o plano de cuidados.,high,curated_current_edition,es,Institutional Spanish NOC 7th edition source reviewed; current code/label cross-check against NOC 7th current classification listing; https://www.salusplay.com/apuntes/pae-y-diagnosticos-de-enfermeria-nanda-noc-y-nic/anexo-2-clasificacion-completa-de-resultados-de-enfermeria-noc-2024-8,,2026-09-07,"Selection remains patient/context dependent; use the licensed classification definitions, activities/indicators and scales."
00338,Inadequate health self-efficacy,Autoeficácia inadequada em saúde,NIC,5395,Self-Efficacy Enhancement,Melhora da Autoeficácia,"Nursing Interventions Classification (NIC), 8th edition",primary,Compatibility primary selected for the diagnosis; consider alternative/context-specific links before finalising a care plan.,Compatibility primary selected for the diagnosis; consider alternative/context-specific links before finalising a care plan.,Mapeamento primário de compatibilidade selecionado para o diagnóstico; considerar vínculos alternativos/específicos ao contexto antes de finalizar o plano de cuidados.,high,curated_current_edition,es,Institutional Spanish NIC 8th edition source reviewed; current code/label cross-check against NIC 8th current classification listing; https://www.salusplay.com/blog/clasificacion-completa-intervenciones-enfermeria-nic-2024/,,2026-09-07,"Selection remains patient/context dependent; use the licensed classification definitions, activities/indicators and scales."
00338,Inadequate health self-efficacy,Autoeficácia inadequada em saúde,NOC,1701,Health Beliefs: Perceived Ability to Perform,Crenças de Saúde: Capacidade Percebida para Agir,"Nursing Outcomes Classification (NOC), 7th edition",primary,Compatibility primary selected for the diagnosis; consider alternative/context-specific links before finalising a care plan.,Compatibility primary selected for the diagnosis; consider alternative/context-specific links before finalising a care plan.,Mapeamento primário de compatibilidade selecionado para o diagnóstico; considerar vínculos alternativos/específicos ao contexto antes de finalizar o plano de cuidados.,high,curated_current_edition,es,Institutional Spanish NOC 7th edition source reviewed; current code/label cross-check against NOC 7th current classification listing; https://www.salusplay.com/apuntes/pae-y-diagnosticos-de-enfermeria-nanda-noc-y-nic/anexo-2-clasificacion-completa-de-resultados-de-enfermeria-noc-2024-8,,2026-09-07,"Selection remains patient/context dependent; use the licensed classification definitions, activities/indicators and scales."
00339,Inadequate health literacy,Alfabetização em saúde inadequada,NIC,5515,Health Literacy Enhancement,Melhora da Literacia em Saúde,"Nursing Interventions Classification (NIC), 8th edition",primary,Compatibility primary selected for the diagnosis; consider alternative/context-specific links before finalising a care plan.,Compatibility primary selected for the diagnosis; consider alternative/context-specific links before finalising a care plan.,Mapeamento primário de compatibilidade selecionado para o diagnóstico; considerar vínculos alternativos/específicos ao contexto antes de finalizar o plano de cuidados.,high,curated_current_edition,es,Institutional Spanish NIC 8th edition source reviewed; current code/label cross-check against NIC 8th current classification listing; https://www.salusplay.com/blog/clasificacion-completa-intervenciones-enfermeria-nic-2024/,,2026-09-07,"Selection remains patient/context dependent; use the licensed classification definitions, activities/indicators and scales."
00339,Inadequate health literacy,Alfabetização em saúde inadequada,NOC,2015,Health Literacy Behaviour,Comportamento de Literacia em Saúde,"Nursing Outcomes Classification (NOC), 7th edition",primary,Compatibility primary selected for the diagnosis; consider alternative/context-specific links before finalising a care plan.,Compatibility primary selected for the diagnosis; consider alternative/context-specific links before finalising a care plan.,Mapeamento primário de compatibilidade selecionado para o diagnóstico; considerar vínculos alternativos/específicos ao contexto antes de finalizar o plano de cuidados.,high,curated_current_edition,es,Institutional Spanish NOC 7th edition source reviewed; current code/label cross-check against NOC 7th current classification listing; https://www.salusplay.com/apuntes/pae-y-diagnosticos-de-enfermeria-nanda-noc-y-nic/anexo-2-clasificacion-completa-de-resultados-de-enfermeria-noc-2024-8,,2026-09-07,"Selection remains patient/context dependent; use the licensed classification definitions, activities/indicators and scales."
00340,Readiness for enhanced healthy ageing,Preparação para um envelhecimento saudável aprimorado,NIC,8340,Resilience Promotion,Promoção da Resiliência,"Nursing Interventions Classification (NIC), 8th edition",primary,Compatibility primary selected for the diagnosis; consider alternative/context-specific links before finalising a care plan.,Compatibility primary selected for the diagnosis; consider alternative/context-specific links before finalising a care plan.,Mapeamento primário de compatibilidade selecionado para o diagnóstico; considerar vínculos alternativos/específicos ao contexto antes de finalizar o plano de cuidados.,moderate,curated_current_edition,es,Institutional Spanish NIC 8th edition source reviewed; current code/label cross-check against NIC 8th current classification listing; https://www.salusplay.com/blog/clasificacion-completa-intervenciones-enfermeria-nic-2024/,,2026-09-07,"Selection remains patient/context dependent; use the licensed classification definitions, activities/indicators and scales."
00340,Readiness for enhanced healthy ageing,Preparação para um envelhecimento saudável aprimorado,NOC,0113,Physical Ageing,Envelhecimento Físico,"Nursing Outcomes Classification (NOC), 7th edition",primary,Compatibility primary selected for the diagnosis; consider alternative/context-specific links before finalising a care plan.,Compatibility primary selected for the diagnosis; consider alternative/context-specific links before finalising a care plan.,Mapeamento primário de compatibilidade selecionado para o diagnóstico; considerar vínculos alternativos/específicos ao contexto antes de finalizar o plano de cuidados.,moderate,curated_current_edition,es,Institutional Spanish NOC 7th edition source reviewed; current code/label cross-check against NOC 7th current classification listing; https://www.salusplay.com/apuntes/pae-y-diagnosticos-de-enfermeria-nanda-noc-y-nic/anexo-2-clasificacion-completa-de-resultados-de-enfermeria-noc-2024-8,,2026-09-07,"Selection remains patient/context dependent; use the licensed classification definitions, activities/indicators and scales."
00341,Readiness for enhanced transgender social identity,Prontidão para uma identidade social transgênero aprimorada,NIC,5440,Support System Enhancement,Melhora do Sistema de Apoio,"Nursing Interventions Classification (NIC), 8th edition",primary,Compatibility primary selected for the diagnosis; consider alternative/context-specific links before finalising a care plan.,Compatibility primary selected for the diagnosis; consider alternative/context-specific links before finalising a care plan.,Mapeamento primário de compatibilidade selecionado para o diagnóstico; considerar vínculos alternativos/específicos ao contexto antes de finalizar o plano de cuidados.,moderate,curated_current_edition,es,Institutional Spanish NIC 8th edition source reviewed; current code/label cross-check against NIC 8th current classification listing; https://www.salusplay.com/blog/clasificacion-completa-intervenciones-enfermeria-nic-2024/,,2026-09-07,"Selection remains patient/context dependent; use the licensed classification definitions, activities/indicators and scales."
00341,Readiness for enhanced transgender social identity,Prontidão para uma identidade social transgênero aprimorada,NOC,1504,Social Support,Apoio Social,"Nursing Outcomes Classification (NOC), 7th edition",primary,Compatibility primary selected for the diagnosis; consider alternative/context-specific links before finalising a care plan.,Compatibility primary selected for the diagnosis; consider alternative/context-specific links before finalising a care plan.,Mapeamento primário de compatibilidade selecionado para o diagnóstico; considerar vínculos alternativos/específicos ao contexto antes de finalizar o plano de cuidados.,moderate,curated_current_edition,es,Institutional Spanish NOC 7th edition source reviewed; current code/label cross-check against NOC 7th current classification listing; https://www.salusplay.com/apuntes/pae-y-diagnosticos-de-enfermeria-nanda-noc-y-nic/anexo-2-clasificacion-completa-de-resultados-de-enfermeria-noc-2024-8,,2026-09-07,"Selection remains patient/context dependent; use the licensed classification definitions, activities/indicators and scales."
00342,Impaired end-of-life comfort syndrome,Síndrome de conforto no fim da vida prejudicada,NIC,6482,Environmental Management: Comfort,Controle do Ambiente: Conforto,"Nursing Interventions Classification (NIC), 8th edition",primary,Compatibility primary selected for the diagnosis; consider alternative/context-specific links before finalising a care plan.,Compatibility primary selected for the diagnosis; consider alternative/context-specific links before finalising a care plan.,Mapeamento primário de compatibilidade selecionado para o diagnóstico; considerar vínculos alternativos/específicos ao contexto antes de finalizar o plano de cuidados.,moderate,curated_current_edition,es,Institutional Spanish NIC 8th edition source reviewed; current code/label cross-check against NIC 8th current classification listing; https://www.salusplay.com/blog/clasificacion-completa-intervenciones-enfermeria-nic-2024/,,2026-09-07,"Selection remains patient/context dependent; use the licensed classification definitions, activities/indicators and scales."
00342,Impaired end-of-life comfort syndrome,Síndrome de conforto no fim da vida prejudicada,NOC,2109,Discomfort Level,Nível de Desconforto,"Nursing Outcomes Classification (NOC), 7th edition",primary,Compatibility primary selected for the diagnosis; consider alternative/context-specific links before finalising a care plan.,Compatibility primary selected for the diagnosis; consider alternative/context-specific links before finalising a care plan.,Mapeamento primário de compatibilidade selecionado para o diagnóstico; considerar vínculos alternativos/específicos ao contexto antes de finalizar o plano de cuidados.,moderate,curated_current_edition,es,Institutional Spanish NOC 7th edition source reviewed; current code/label cross-check against NOC 7th current classification listing; https://www.salusplay.com/apuntes/pae-y-diagnosticos-de-enfermeria-nanda-noc-y-nic/anexo-2-clasificacion-completa-de-resultados-de-enfermeria-noc-2024-8,,2026-09-07,"Selection remains patient/context dependent; use the licensed classification definitions, activities/indicators and scales."
00343,Inadequate nutritional intake,ingestão nutricional inadequada,NIC,1100,Nutrition Management,Controle da Nutrição,"Nursing Interventions Classification (NIC), 8th edition",primary,Compatibility primary selected for the diagnosis; consider alternative/context-specific links before finalising a care plan.,Compatibility primary selected for the diagnosis; consider alternative/context-specific links before finalising a care plan.,Mapeamento primário de compatibilidade selecionado para o diagnóstico; considerar vínculos alternativos/específicos ao contexto antes de finalizar o plano de cuidados.,high,curated_current_edition,es,Institutional Spanish NIC 8th edition source reviewed; current code/label cross-check against NIC 8th current classification listing; https://www.salusplay.com/blog/clasificacion-completa-intervenciones-enfermeria-nic-2024/,,2026-09-07,"Selection remains patient/context dependent; use the licensed classification definitions, activities/indicators and scales."
00343,Inadequate nutritional intake,ingestão nutricional inadequada,NOC,1004,Nutritional Status,Estado Nutricional,"Nursing Outcomes Classification (NOC), 7th edition",primary,Compatibility primary selected for the diagnosis; consider alternative/context-specific links before finalising a care plan.,Compatibility primary selected for the diagnosis; consider alternative/context-specific links before finalising a care plan.,Mapeamento primário de compatibilidade selecionado para o diagnóstico; considerar vínculos alternativos/específicos ao contexto antes de finalizar o plano de cuidados.,high,curated_current_edition,es,Institutional Spanish NOC 7th edition source reviewed; current code/label cross-check against NOC 7th current classification listing; https://www.salusplay.com/apuntes/pae-y-diagnosticos-de-enfermeria-nanda-noc-y-nic/anexo-2-clasificacion-completa-de-resultados-de-enfermeria-noc-2024-8,,2026-09-07,"Selection remains patient/context dependent; use the licensed classification definitions, activities/indicators and scales."
00344,Impaired intestinal elimination,Eliminação intestinal prejudicada,NIC,0430,Bowel Management,Controle Intestinal,"Nursing Interventions Classification (NIC), 8th edition",primary,Compatibility primary selected for the diagnosis; consider alternative/context-specific links before finalising a care plan.,Compatibility primary selected for the diagnosis; consider alternative/context-specific links before finalising a care plan.,Mapeamento primário de compatibilidade selecionado para o diagnóstico; considerar vínculos alternativos/específicos ao contexto antes de finalizar o plano de cuidados.,high,curated_current_edition,es,Institutional Spanish NIC 8th edition source reviewed; current code/label cross-check against NIC 8th current classification listing; https://www.salusplay.com/blog/clasificacion-completa-intervenciones-enfermeria-nic-2024/,,2026-09-07,"Selection remains patient/context dependent; use the licensed classification definitions, activities/indicators and scales."
00344,Impaired intestinal elimination,Eliminação intestinal prejudicada,NOC,0501,Bowel Elimination,Eliminação Intestinal,"Nursing Outcomes Classification (NOC), 7th edition",primary,Compatibility primary selected for the diagnosis; consider alternative/context-specific links before finalising a care plan.,Compatibility primary selected for the diagnosis; consider alternative/context-specific links before finalising a care plan.,Mapeamento primário de compatibilidade selecionado para o diagnóstico; considerar vínculos alternativos/específicos ao contexto antes de finalizar o plano de cuidados.,high,curated_current_edition,es,Institutional Spanish NOC 7th edition source reviewed; current code/label cross-check against NOC 7th current classification listing; https://www.salusplay.com/apuntes/pae-y-diagnosticos-de-enfermeria-nanda-noc-y-nic/anexo-2-clasificacion-completa-de-resultados-de-enfermeria-noc-2024-8,,2026-09-07,"Selection remains patient/context dependent; use the licensed classification definitions, activities/indicators and scales."
00345,Risk for impaired fecal continence,Risco de incontinência fecal,NIC,0410,Bowel Incontinence Care,Cuidados na Incontinência Intestinal,"Nursing Interventions Classification (NIC), 8th edition",primary,Compatibility primary selected for the diagnosis; consider alternative/context-specific links before finalising a care plan.,Compatibility primary selected for the diagnosis; consider alternative/context-specific links before finalising a care plan.,Mapeamento primário de compatibilidade selecionado para o diagnóstico; considerar vínculos alternativos/específicos ao contexto antes de finalizar o plano de cuidados.,high,curated_current_edition,es,Institutional Spanish NIC 8th edition source reviewed; current code/label cross-check against NIC 8th current classification listing; https://www.salusplay.com/blog/clasificacion-completa-intervenciones-enfermeria-nic-2024/,,2026-09-07,"Selection remains patient/context dependent; use the licensed classification definitions, activities/indicators and scales."
00345,Risk for impaired fecal continence,Risco de incontinência fecal,NOC,0500,Bowel Continence,Continência Intestinal,"Nursing Outcomes Classification (NOC), 7th edition",primary,Compatibility primary selected for the diagnosis; consider alternative/context-specific links before finalising a care plan.,Compatibility primary selected for the diagnosis; consider alternative/context-specific links before finalising a care plan.,Mapeamento primário de compatibilidade selecionado para o diagnóstico; considerar vínculos alternativos/específicos ao contexto antes de finalizar o plano de cuidados.,high,curated_current_edition,es,Institutional Spanish NOC 7th edition source reviewed; current code/label cross-check against NOC 7th current classification listing; https://www.salusplay.com/apuntes/pae-y-diagnosticos-de-enfermeria-nanda-noc-y-nic/anexo-2-clasificacion-completa-de-resultados-de-enfermeria-noc-2024-8,,2026-09-07,"Selection remains patient/context dependent; use the licensed classification definitions, activities/indicators and scales."
00346,Risk for impaired intestinal elimination,Risco de comprometimento da eliminação intestinal,NIC,0430,Bowel Management,Controle Intestinal,"Nursing Interventions Classification (NIC), 8th edition",primary,Compatibility primary selected for the diagnosis; consider alternative/context-specific links before finalising a care plan.,Compatibility primary selected for the diagnosis; consider alternative/context-specific links before finalising a care plan.,Mapeamento primário de compatibilidade selecionado para o diagnóstico; considerar vínculos alternativos/específicos ao contexto antes de finalizar o plano de cuidados.,high,curated_current_edition,es,Institutional Spanish NIC 8th edition source reviewed; current code/label cross-check against NIC 8th current classification listing; https://www.salusplay.com/blog/clasificacion-completa-intervenciones-enfermeria-nic-2024/,,2026-09-07,"Selection remains patient/context dependent; use the licensed classification definitions, activities/indicators and scales."
00346,Risk for impaired intestinal elimination,Risco de comprometimento da eliminação intestinal,NOC,0501,Bowel Elimination,Eliminação Intestinal,"Nursing Outcomes Classification (NOC), 7th edition",primary,Compatibility primary selected for the diagnosis; consider alternative/context-specific links before finalising a care plan.,Compatibility primary selected for the diagnosis; consider alternative/context-specific links before finalising a care plan.,Mapeamento primário de compatibilidade selecionado para o diagnóstico; considerar vínculos alternativos/específicos ao contexto antes de finalizar o plano de cuidados.,high,curated_current_edition,es,Institutional Spanish NOC 7th edition source reviewed; current code/label cross-check against NOC 7th current classification listing; https://www.salusplay.com/apuntes/pae-y-diagnosticos-de-enfermeria-nanda-noc-y-nic/anexo-2-clasificacion-completa-de-resultados-de-enfermeria-noc-2024-8,,2026-09-07,"Selection remains patient/context dependent; use the licensed classification definitions, activities/indicators and scales."
00347,Disrupted exclusive chestfeeding,Interrupção do aleitamento materno exclusivo,NIC,5244,Breastfeeding Counselling,Aconselhamento sobre Amamentação,"Nursing Interventions Classification (NIC), 8th edition",primary,Compatibility primary selected for the diagnosis; consider alternative/context-specific links before finalising a care plan.,Compatibility primary selected for the diagnosis; consider alternative/context-specific links before finalising a care plan.,Mapeamento primário de compatibilidade selecionado para o diagnóstico; considerar vínculos alternativos/específicos ao contexto antes de finalizar o plano de cuidados.,high,current_edition_verified,es,Institutional Spanish NIC 8th edition source reviewed; current code/label cross-check against NIC 8th current classification listing; https://www.salusplay.com/blog/clasificacion-completa-intervenciones-enfermeria-nic-2024/,,2026-09-07,"Selection remains patient/context dependent; use the licensed classification definitions, activities/indicators and scales."
00347,Disrupted exclusive chestfeeding,Interrupção do aleitamento materno exclusivo,NOC,1000,Breastfeeding Establishment: Infant,Estabelecimento da Amamentação: Lactente,"Nursing Outcomes Classification (NOC), 7th edition",primary,Compatibility primary selected for the diagnosis; consider alternative/context-specific links before finalising a care plan.,Compatibility primary selected for the diagnosis; consider alternative/context-specific links before finalising a care plan.,Mapeamento primário de compatibilidade selecionado para o diagnóstico; considerar vínculos alternativos/específicos ao contexto antes de finalizar o plano de cuidados.,high,curated_current_edition,es,Institutional Spanish NOC 7th edition source reviewed; current code/label cross-check against NOC 7th current classification listing; https://www.salusplay.com/apuntes/pae-y-diagnosticos-de-enfermeria-nanda-noc-y-nic/anexo-2-clasificacion-completa-de-resultados-de-enfermeria-noc-2024-8,,2026-09-07,"Selection remains patient/context dependent; use the licensed classification definitions, activities/indicators and scales."
00347,Disrupted exclusive chestfeeding,Interrupção do aleitamento materno exclusivo,NOC,1002,Breastfeeding Maintenance,Manutenção da Amamentação,"Nursing Outcomes Classification (NOC), 7th edition",alternative,Use when maintaining an established breastfeeding pattern is the target.,Use when maintaining an established breastfeeding pattern is the target.,Usar quando o objetivo for manter um padrão de amamentação já estabelecido.,high,contextual_current_edition,es,Institutional Spanish NOC 7th edition source reviewed; current code/label cross-check against NOC 7th current classification listing; https://www.salusplay.com/apuntes/pae-y-diagnosticos-de-enfermeria-nanda-noc-y-nic/anexo-2-clasificacion-completa-de-resultados-de-enfermeria-noc-2024-8,,2026-09-07,"Selection remains patient/context dependent; use the licensed classification definitions, activities/indicators and scales."
00348,Delayed child growth,Atraso no crescimento infantil,NIC,1160,Nutritional Monitoring,Monitoração Nutricional,"Nursing Interventions Classification (NIC), 8th edition",primary,Compatibility primary selected for the diagnosis; consider alternative/context-specific links before finalising a care plan.,Compatibility primary selected for the diagnosis; consider alternative/context-specific links before finalising a care plan.,Mapeamento primário de compatibilidade selecionado para o diagnóstico; considerar vínculos alternativos/específicos ao contexto antes de finalizar o plano de cuidados.,high,curated_current_edition,es,Institutional Spanish NIC 8th edition source reviewed; current code/label cross-check against NIC 8th current classification listing; https://www.salusplay.com/blog/clasificacion-completa-intervenciones-enfermeria-nic-2024/,,2026-09-07,"Selection remains patient/context dependent; use the licensed classification definitions, activities/indicators and scales."
00348,Delayed child growth,Atraso no crescimento infantil,NOC,0110,Growth,Crescimento,"Nursing Outcomes Classification (NOC), 7th edition",primary,Compatibility primary selected for the diagnosis; consider alternative/context-specific links before finalising a care plan.,Compatibility primary selected for the diagnosis; consider alternative/context-specific links before finalising a care plan.,Mapeamento primário de compatibilidade selecionado para o diagnóstico; considerar vínculos alternativos/específicos ao contexto antes de finalizar o plano de cuidados.,high,curated_current_edition,es,Institutional Spanish NOC 7th edition source reviewed; current code/label cross-check against NOC 7th current classification listing; https://www.salusplay.com/apuntes/pae-y-diagnosticos-de-enfermeria-nanda-noc-y-nic/anexo-2-clasificacion-completa-de-resultados-de-enfermeria-noc-2024-8,,2026-09-07,"Selection remains patient/context dependent; use the licensed classification definitions, activities/indicators and scales."
00349,Risk for impaired maternal-fetal dyad,Risco de comprometimento da díade materno-fetal,NIC,6800,High-Risk Pregnancy Care,Cuidados na Gestação de Alto Risco,"Nursing Interventions Classification (NIC), 8th edition",primary,Compatibility primary selected for the diagnosis; consider alternative/context-specific links before finalising a care plan.,Compatibility primary selected for the diagnosis; consider alternative/context-specific links before finalising a care plan.,Mapeamento primário de compatibilidade selecionado para o diagnóstico; considerar vínculos alternativos/específicos ao contexto antes de finalizar o plano de cuidados.,high,current_edition_verified,es,Institutional Spanish NIC 8th edition source reviewed; current code/label cross-check against NIC 8th current classification listing; https://www.salusplay.com/blog/clasificacion-completa-intervenciones-enfermeria-nic-2024/,,2026-09-07,"Selection remains patient/context dependent; use the licensed classification definitions, activities/indicators and scales."
00349,Risk for impaired maternal-fetal dyad,Risco de comprometimento da díade materno-fetal,NIC,6771,Electronic Fetal Monitoring: Antepartum,Monitorização Fetal Eletrônica: Anteparto,"Nursing Interventions Classification (NIC), 8th edition",alternative,Antepartum fetal surveillance when clinically indicated.,Antepartum fetal surveillance when clinically indicated.,Usar para vigilância fetal anteparto quando clinicamente indicada.,high,contextual_current_edition,es,Institutional Spanish NIC 8th edition source reviewed; current code/label cross-check against NIC 8th current classification listing; https://www.salusplay.com/blog/clasificacion-completa-intervenciones-enfermeria-nic-2024/,,2026-09-07,"Selection remains patient/context dependent; use the licensed classification definitions, activities/indicators and scales."
00349,Risk for impaired maternal-fetal dyad,Risco de comprometimento da díade materno-fetal,NIC,6834,Intrapartum Care: High-Risk Delivery,Cuidados Intraparto: Parto de Alto Risco,"Nursing Interventions Classification (NIC), 8th edition",alternative,High-risk intrapartum care when labour is underway.,High-risk intrapartum care when labour is underway.,Usar para cuidados intraparto de alto risco quando o trabalho de parto estiver em curso.,high,contextual_current_edition,es,Institutional Spanish NIC 8th edition source reviewed; current code/label cross-check against NIC 8th current classification listing; https://www.salusplay.com/blog/clasificacion-completa-intervenciones-enfermeria-nic-2024/,,2026-09-07,"Selection remains patient/context dependent; use the licensed classification definitions, activities/indicators and scales."
00349,Risk for impaired maternal-fetal dyad,Risco de comprometimento da díade materno-fetal,NOC,2509,Maternal Status: Antepartum,Estado Materno: Anteparto,"Nursing Outcomes Classification (NOC), 7th edition",primary,Compatibility primary selected for the diagnosis; consider alternative/context-specific links before finalising a care plan.,Compatibility primary selected for the diagnosis; consider alternative/context-specific links before finalising a care plan.,Mapeamento primário de compatibilidade selecionado para o diagnóstico; considerar vínculos alternativos/específicos ao contexto antes de finalizar o plano de cuidados.,high,current_edition_verified,es,Institutional Spanish NOC 7th edition source reviewed; current code/label cross-check against NOC 7th current classification listing; https://www.salusplay.com/apuntes/pae-y-diagnosticos-de-enfermeria-nanda-noc-y-nic/anexo-2-clasificacion-completa-de-resultados-de-enfermeria-noc-2024-8,,2026-09-07,"Selection remains patient/context dependent; use the licensed classification definitions, activities/indicators and scales."
00349,Risk for impaired maternal-fetal dyad,Risco de comprometimento da díade materno-fetal,NOC,0111,Fetal Status: Prenatal,Estado Fetal: Pré-Natal,"Nursing Outcomes Classification (NOC), 7th edition",alternative,Use when fetal prenatal status is the principal outcome.,Use when fetal prenatal status is the principal outcome.,Usar quando o estado fetal pré-natal for o principal desfecho.,high,contextual_current_edition,es,Institutional Spanish NOC 7th edition source reviewed; current code/label cross-check against NOC 7th current classification listing; https://www.salusplay.com/apuntes/pae-y-diagnosticos-de-enfermeria-nanda-noc-y-nic/anexo-2-clasificacion-completa-de-resultados-de-enfermeria-noc-2024-8,,2026-09-07,"Selection remains patient/context dependent; use the licensed classification definitions, activities/indicators and scales."
00349,Risk for impaired maternal-fetal dyad,Risco de comprometimento da díade materno-fetal,NOC,0112,Fetal Status: Intrapartum,Estado Fetal: Durante o Parto,"Nursing Outcomes Classification (NOC), 7th edition",alternative,Use when fetal intrapartum status is the principal outcome.,Use when fetal intrapartum status is the principal outcome.,Usar quando o estado fetal durante o parto for o principal desfecho.,high,contextual_current_edition,es,Institutional Spanish NOC 7th edition source reviewed; current code/label cross-check against NOC 7th current classification listing; https://www.salusplay.com/apuntes/pae-y-diagnosticos-de-enfermeria-nanda-noc-y-nic/anexo-2-clasificacion-completa-de-resultados-de-enfermeria-noc-2024-8,,2026-09-07,"Selection remains patient/context dependent; use the licensed classification definitions, activities/indicators and scales."
00350,Risk for burn injury,Risco de queimaduras,NIC,6610,Risk Identification,Identificação de Risco,"Nursing Interventions Classification (NIC), 8th edition",primary,Compatibility primary selected for the diagnosis; consider alternative/context-specific links before finalising a care plan.,Compatibility primary selected for the diagnosis; consider alternative/context-specific links before finalising a care plan.,Mapeamento primário de compatibilidade selecionado para o diagnóstico; considerar vínculos alternativos/específicos ao contexto antes de finalizar o plano de cuidados.,high,curated_current_edition,es,Institutional Spanish NIC 8th edition source reviewed; current code/label cross-check against NIC 8th current classification listing; https://www.salusplay.com/blog/clasificacion-completa-intervenciones-enfermeria-nic-2024/,,2026-09-07,"Selection remains patient/context dependent; use the licensed classification definitions, activities/indicators and scales."
00350,Risk for burn injury,Risco de queimaduras,NOC,1908,Risk Detection,Detecção de Risco,"Nursing Outcomes Classification (NOC), 7th edition",primary,Compatibility primary selected for the diagnosis; consider alternative/context-specific links before finalising a care plan.,Compatibility primary selected for the diagnosis; consider alternative/context-specific links before finalising a care plan.,Mapeamento primário de compatibilidade selecionado para o diagnóstico; considerar vínculos alternativos/específicos ao contexto antes de finalizar o plano de cuidados.,high,curated_current_edition,es,Institutional Spanish NOC 7th edition source reviewed; current code/label cross-check against NOC 7th current classification listing; https://www.salusplay.com/apuntes/pae-y-diagnosticos-de-enfermeria-nanda-noc-y-nic/anexo-2-clasificacion-completa-de-resultados-de-enfermeria-noc-2024-8,,2026-09-07,"Selection remains patient/context dependent; use the licensed classification definitions, activities/indicators and scales."
00351,Risk for cold injury,Risco de lesão por frio,NIC,6610,Risk Identification,Identificação de Risco,"Nursing Interventions Classification (NIC), 8th edition",primary,Compatibility primary selected for the diagnosis; consider alternative/context-specific links before finalising a care plan.,Compatibility primary selected for the diagnosis; consider alternative/context-specific links before finalising a care plan.,Mapeamento primário de compatibilidade selecionado para o diagnóstico; considerar vínculos alternativos/específicos ao contexto antes de finalizar o plano de cuidados.,high,curated_current_edition,es,Institutional Spanish NIC 8th edition source reviewed; current code/label cross-check against NIC 8th current classification listing; https://www.salusplay.com/blog/clasificacion-completa-intervenciones-enfermeria-nic-2024/,,2026-09-07,"Selection remains patient/context dependent; use the licensed classification definitions, activities/indicators and scales."
00351,Risk for cold injury,Risco de lesão por frio,NOC,1908,Risk Detection,Detecção de Risco,"Nursing Outcomes Classification (NOC), 7th edition",primary,Compatibility primary selected for the diagnosis; consider alternative/context-specific links before finalising a care plan.,Compatibility primary selected for the diagnosis; consider alternative/context-specific links before finalising a care plan.,Mapeamento primário de compatibilidade selecionado para o diagnóstico; considerar vínculos alternativos/específicos ao contexto antes de finalizar o plano de cuidados.,high,curated_current_edition,es,Institutional Spanish NOC 7th edition source reviewed; current code/label cross-check against NOC 7th current classification listing; https://www.salusplay.com/apuntes/pae-y-diagnosticos-de-enfermeria-nanda-noc-y-nic/anexo-2-clasificacion-completa-de-resultados-de-enfermeria-noc-2024-8,,2026-09-07,"Selection remains patient/context dependent; use the licensed classification definitions, activities/indicators and scales."
00352,Ineffective dry mouth self-management,Autogestão ineficaz da boca seca,NIC,1710,Oral Health Maintenance,Manutenção da Saúde Oral,"Nursing Interventions Classification (NIC), 8th edition",primary,Compatibility primary selected for the diagnosis; consider alternative/context-specific links before finalising a care plan.,Compatibility primary selected for the diagnosis; consider alternative/context-specific links before finalising a care plan.,Mapeamento primário de compatibilidade selecionado para o diagnóstico; considerar vínculos alternativos/específicos ao contexto antes de finalizar o plano de cuidados.,moderate,curated_current_edition,es,Institutional Spanish NIC 8th edition source reviewed; current code/label cross-check against NIC 8th current classification listing; https://www.salusplay.com/blog/clasificacion-completa-intervenciones-enfermeria-nic-2024/,,2026-09-07,"Selection remains patient/context dependent; use the licensed classification definitions, activities/indicators and scales."
00352,Ineffective dry mouth self-management,Autogestão ineficaz da boca seca,NOC,1100,Oral Health,Saúde Oral,"Nursing Outcomes Classification (NOC), 7th edition",primary,Compatibility primary selected for the diagnosis; consider alternative/context-specific links before finalising a care plan.,Compatibility primary selected for the diagnosis; consider alternative/context-specific links before finalising a care plan.,Mapeamento primário de compatibilidade selecionado para o diagnóstico; considerar vínculos alternativos/específicos ao contexto antes de finalizar o plano de cuidados.,moderate,curated_current_edition,es,Institutional Spanish NOC 7th edition source reviewed; current code/label cross-check against NOC 7th current classification listing; https://www.salusplay.com/apuntes/pae-y-diagnosticos-de-enfermeria-nanda-noc-y-nic/anexo-2-clasificacion-completa-de-resultados-de-enfermeria-noc-2024-8,,2026-09-07,"Selection remains patient/context dependent; use the licensed classification definitions, activities/indicators and scales."
00353,Elder frailty syndrome,Síndrome de fragilidade do idoso,NIC,0180,Energy Management,Controle de Energia,"Nursing Interventions Classification (NIC), 8th edition",primary,Compatibility primary selected for the diagnosis; consider alternative/context-specific links before finalising a care plan.,Compatibility primary selected for the diagnosis; consider alternative/context-specific links before finalising a care plan.,Mapeamento primário de compatibilidade selecionado para o diagnóstico; considerar vínculos alternativos/específicos ao contexto antes de finalizar o plano de cuidados.,high,curated_current_edition,es,Institutional Spanish NIC 8th edition source reviewed; current code/label cross-check against NIC 8th current classification listing; https://www.salusplay.com/blog/clasificacion-completa-intervenciones-enfermeria-nic-2024/,,2026-09-07,"Selection remains patient/context dependent; use the licensed classification definitions, activities/indicators and scales."
00353,Elder frailty syndrome,Síndrome de fragilidade do idoso,NOC,0300,Self-Care Behaviour: Activities of Daily Living,Comportamento de Autocuidado: Atividades de Vida Diária,"Nursing Outcomes Classification (NOC), 7th edition",primary,Compatibility primary selected for the diagnosis; consider alternative/context-specific links before finalising a care plan.,Compatibility primary selected for the diagnosis; consider alternative/context-specific links before finalising a care plan.,Mapeamento primário de compatibilidade selecionado para o diagnóstico; considerar vínculos alternativos/específicos ao contexto antes de finalizar o plano de cuidados.,high,curated_current_edition,es,Institutional Spanish NOC 7th edition source reviewed; current code/label cross-check against NOC 7th current classification listing; https://www.salusplay.com/apuntes/pae-y-diagnosticos-de-enfermeria-nanda-noc-y-nic/anexo-2-clasificacion-completa-de-resultados-de-enfermeria-noc-2024-8,,2026-09-07,"Selection remains patient/context dependent; use the licensed classification definitions, activities/indicators and scales."
00355,Excessive sedentary behaviours,Comportamentos sedentários excessivos,NIC,0200,Exercise Promotion,Promoção do Exercício,"Nursing Interventions Classification (NIC), 8th edition",primary,Compatibility primary selected for the diagnosis; consider alternative/context-specific links before finalising a care plan.,Compatibility primary selected for the diagnosis; consider alternative/context-specific links before finalising a care plan.,Mapeamento primário de compatibilidade selecionado para o diagnóstico; considerar vínculos alternativos/específicos ao contexto antes de finalizar o plano de cuidados.,high,curated_current_edition,es,Institutional Spanish NIC 8th edition source reviewed; current code/label cross-check against NIC 8th current classification listing; https://www.salusplay.com/blog/clasificacion-completa-intervenciones-enfermeria-nic-2024/,,2026-09-07,"Selection remains patient/context dependent; use the licensed classification definitions, activities/indicators and scales."
00355,Excessive sedentary behaviours,Comportamentos sedentários excessivos,NOC,1633,Exercise Participation,Participação em Exercício,"Nursing Outcomes Classification (NOC), 7th edition",primary,Compatibility primary selected for the diagnosis; consider alternative/context-specific links before finalising a care plan.,Compatibility primary selected for the diagnosis; consider alternative/context-specific links before finalising a care plan.,Mapeamento primário de compatibilidade selecionado para o diagnóstico; considerar vínculos alternativos/específicos ao contexto antes de finalizar o plano de cuidados.,high,curated_current_edition,es,Institutional Spanish NOC 7th edition source reviewed; current code/label cross-check against NOC 7th current classification listing; https://www.salusplay.com/apuntes/pae-y-diagnosticos-de-enfermeria-nanda-noc-y-nic/anexo-2-clasificacion-completa-de-resultados-de-enfermeria-noc-2024-8,,2026-09-07,"Selection remains patient/context dependent; use the licensed classification definitions, activities/indicators and scales."
00356,Ineffective community health management,Gestão ineficaz da saúde comunitária,NIC,8500,Community Health Development,Desenvolvimento da Saúde Comunitária,"Nursing Interventions Classification (NIC), 8th edition",primary,Compatibility primary selected for the diagnosis; consider alternative/context-specific links before finalising a care plan.,Compatibility primary selected for the diagnosis; consider alternative/context-specific links before finalising a care plan.,Mapeamento primário de compatibilidade selecionado para o diagnóstico; considerar vínculos alternativos/específicos ao contexto antes de finalizar o plano de cuidados.,high,curated_current_edition,es,Institutional Spanish NIC 8th edition source reviewed; current code/label cross-check against NIC 8th current classification listing; https://www.salusplay.com/blog/clasificacion-completa-intervenciones-enfermeria-nic-2024/,,2026-09-07,"Selection remains patient/context dependent; use the licensed classification definitions, activities/indicators and scales."
00356,Ineffective community health management,Gestão ineficaz da saúde comunitária,NOC,2701,Community Health Status,Estado de Saúde da Comunidade,"Nursing Outcomes Classification (NOC), 7th edition",primary,Compatibility primary selected for the diagnosis; consider alternative/context-specific links before finalising a care plan.,Compatibility primary selected for the diagnosis; consider alternative/context-specific links before finalising a care plan.,Mapeamento primário de compatibilidade selecionado para o diagnóstico; considerar vínculos alternativos/específicos ao contexto antes de finalizar o plano de cuidados.,high,curated_current_edition,es,Institutional Spanish NOC 7th edition source reviewed; current code/label cross-check against NOC 7th current classification listing; https://www.salusplay.com/apuntes/pae-y-diagnosticos-de-enfermeria-nanda-noc-y-nic/anexo-2-clasificacion-completa-de-resultados-de-enfermeria-noc-2024-8,,2026-09-07,"Selection remains patient/context dependent; use the licensed classification definitions, activities/indicators and scales."
00357,Risk for elder frailty syndrome,Risco de síndrome de fragilidade em idosos,NIC,0180,Energy Management,Controle de Energia,"Nursing Interventions Classification (NIC), 8th edition",primary,Compatibility primary selected for the diagnosis; consider alternative/context-specific links before finalising a care plan.,Compatibility primary selected for the diagnosis; consider alternative/context-specific links before finalising a care plan.,Mapeamento primário de compatibilidade selecionado para o diagnóstico; considerar vínculos alternativos/específicos ao contexto antes de finalizar o plano de cuidados.,high,curated_current_edition,es,Institutional Spanish NIC 8th edition source reviewed; current code/label cross-check against NIC 8th current classification listing; https://www.salusplay.com/blog/clasificacion-completa-intervenciones-enfermeria-nic-2024/,,2026-09-07,"Selection remains patient/context dependent; use the licensed classification definitions, activities/indicators and scales."
00357,Risk for elder frailty syndrome,Risco de síndrome de fragilidade em idosos,NOC,0300,Self-Care Behaviour: Activities of Daily Living,Comportamento de Autocuidado: Atividades de Vida Diária,"Nursing Outcomes Classification (NOC), 7th edition",primary,Compatibility primary selected for the diagnosis; consider alternative/context-specific links before finalising a care plan.,Compatibility primary selected for the diagnosis; consider alternative/context-specific links before finalising a care plan.,Mapeamento primário de compatibilidade selecionado para o diagnóstico; considerar vínculos alternativos/específicos ao contexto antes de finalizar o plano de cuidados.,high,curated_current_edition,es,Institutional Spanish NOC 7th edition source reviewed; current code/label cross-check against NOC 7th current classification listing; https://www.salusplay.com/apuntes/pae-y-diagnosticos-de-enfermeria-nanda-noc-y-nic/anexo-2-clasificacion-completa-de-resultados-de-enfermeria-noc-2024-8,,2026-09-07,"Selection remains patient/context dependent; use the licensed classification definitions, activities/indicators and scales."
00358,Inadequate social support network,Rede de apoio social inadequada,NIC,5440,Support System Enhancement,Melhora do Sistema de Apoio,"Nursing Interventions Classification (NIC), 8th edition",primary,Compatibility primary selected for the diagnosis; consider alternative/context-specific links before finalising a care plan.,Compatibility primary selected for the diagnosis; consider alternative/context-specific links before finalising a care plan.,Mapeamento primário de compatibilidade selecionado para o diagnóstico; considerar vínculos alternativos/específicos ao contexto antes de finalizar o plano de cuidados.,high,curated_current_edition,es,Institutional Spanish NIC 8th edition source reviewed; current code/label cross-check against NIC 8th current classification listing; https://www.salusplay.com/blog/clasificacion-completa-intervenciones-enfermeria-nic-2024/,,2026-09-07,"Selection remains patient/context dependent; use the licensed classification definitions, activities/indicators and scales."
00358,Inadequate social support network,Rede de apoio social inadequada,NOC,1504,Social Support,Apoio Social,"Nursing Outcomes Classification (NOC), 7th edition",primary,Compatibility primary selected for the diagnosis; consider alternative/context-specific links before finalising a care plan.,Compatibility primary selected for the diagnosis; consider alternative/context-specific links before finalising a care plan.,Mapeamento primário de compatibilidade selecionado para o diagnóstico; considerar vínculos alternativos/específicos ao contexto antes de finalizar o plano de cuidados.,high,curated_current_edition,es,Institutional Spanish NOC 7th edition source reviewed; current code/label cross-check against NOC 7th current classification listing; https://www.salusplay.com/apuntes/pae-y-diagnosticos-de-enfermeria-nanda-noc-y-nic/anexo-2-clasificacion-completa-de-resultados-de-enfermeria-noc-2024-8,,2026-09-07,"Selection remains patient/context dependent; use the licensed classification definitions, activities/indicators and scales."
00359,Inadequate protein energy nutritional intake,Ingestão nutricional inadequada de proteínas e energia,NIC,1100,Nutrition Management,Controle da Nutrição,"Nursing Interventions Classification (NIC), 8th edition",primary,Compatibility primary selected for the diagnosis; consider alternative/context-specific links before finalising a care plan.,Compatibility primary selected for the diagnosis; consider alternative/context-specific links before finalising a care plan.,Mapeamento primário de compatibilidade selecionado para o diagnóstico; considerar vínculos alternativos/específicos ao contexto antes de finalizar o plano de cuidados.,high,curated_current_edition,es,Institutional Spanish NIC 8th edition source reviewed; current code/label cross-check against NIC 8th current classification listing; https://www.salusplay.com/blog/clasificacion-completa-intervenciones-enfermeria-nic-2024/,,2026-09-07,"Selection remains patient/context dependent; use the licensed classification definitions, activities/indicators and scales."
00359,Inadequate protein energy nutritional intake,Ingestão nutricional inadequada de proteínas e energia,NOC,1004,Nutritional Status,Estado Nutricional,"Nursing Outcomes Classification (NOC), 7th edition",primary,Compatibility primary selected for the diagnosis; consider alternative/context-specific links before finalising a care plan.,Compatibility primary selected for the diagnosis; consider alternative/context-specific links before finalising a care plan.,Mapeamento primário de compatibilidade selecionado para o diagnóstico; considerar vínculos alternativos/específicos ao contexto antes de finalizar o plano de cuidados.,high,curated_current_edition,es,Institutional Spanish NOC 7th edition source reviewed; current code/label cross-check against NOC 7th current classification listing; https://www.salusplay.com/apuntes/pae-y-diagnosticos-de-enfermeria-nanda-noc-y-nic/anexo-2-clasificacion-completa-de-resultados-de-enfermeria-noc-2024-8,,2026-09-07,"Selection remains patient/context dependent; use the licensed classification definitions, activities/indicators and scales."
00360,Risk for inadequate protein energy nutritional intake,Risco de ingestão nutricional inadequada de proteínas e energia,NIC,1100,Nutrition Management,Controle da Nutrição,"Nursing Interventions Classification (NIC), 8th edition",primary,Compatibility primary selected for the diagnosis; consider alternative/context-specific links before finalising a care plan.,Compatibility primary selected for the diagnosis; consider alternative/context-specific links before finalising a care plan.,Mapeamento primário de compatibilidade selecionado para o diagnóstico; considerar vínculos alternativos/específicos ao contexto antes de finalizar o plano de cuidados.,high,curated_current_edition,es,Institutional Spanish NIC 8th edition source reviewed; current code/label cross-check against NIC 8th current classification listing; https://www.salusplay.com/blog/clasificacion-completa-intervenciones-enfermeria-nic-2024/,,2026-09-07,"Selection remains patient/context dependent; use the licensed classification definitions, activities/indicators and scales."
00360,Risk for inadequate protein energy nutritional intake,Risco de ingestão nutricional inadequada de proteínas e energia,NOC,1004,Nutritional Status,Estado Nutricional,"Nursing Outcomes Classification (NOC), 7th edition",primary,Compatibility primary selected for the diagnosis; consider alternative/context-specific links before finalising a care plan.,Compatibility primary selected for the diagnosis; consider alternative/context-specific links before finalising a care plan.,Mapeamento primário de compatibilidade selecionado para o diagnóstico; considerar vínculos alternativos/específicos ao contexto antes de finalizar o plano de cuidados.,high,curated_current_edition,es,Institutional Spanish NOC 7th edition source reviewed; current code/label cross-check against NOC 7th current classification listing; https://www.salusplay.com/apuntes/pae-y-diagnosticos-de-enfermeria-nanda-noc-y-nic/anexo-2-clasificacion-completa-de-resultados-de-enfermeria-noc-2024-8,,2026-09-07,"Selection remains patient/context dependent; use the licensed classification definitions, activities/indicators and scales."
00361,Impaired immune response,Resposta imune prejudicada,NIC,6550,Infection Protection,Proteção contra Infecção,"Nursing Interventions Classification (NIC), 8th edition",primary,Compatibility primary selected for the diagnosis; consider alternative/context-specific links before finalising a care plan.,Compatibility primary selected for the diagnosis; consider alternative/context-specific links before finalising a care plan.,Mapeamento primário de compatibilidade selecionado para o diagnóstico; considerar vínculos alternativos/específicos ao contexto antes de finalizar o plano de cuidados.,high,curated_current_edition,es,Institutional Spanish NIC 8th edition source reviewed; current code/label cross-check against NIC 8th current classification listing; https://www.salusplay.com/blog/clasificacion-completa-intervenciones-enfermeria-nic-2024/,,2026-09-07,"Selection remains patient/context dependent; use the licensed classification definitions, activities/indicators and scales."
00361,Impaired immune response,Resposta imune prejudicada,NOC,0702,Immune Status,Estado Imunológico,"Nursing Outcomes Classification (NOC), 7th edition",primary,Compatibility primary selected for the diagnosis; consider alternative/context-specific links before finalising a care plan.,Compatibility primary selected for the diagnosis; consider alternative/context-specific links before finalising a care plan.,Mapeamento primário de compatibilidade selecionado para o diagnóstico; considerar vínculos alternativos/específicos ao contexto antes de finalizar o plano de cuidados.,high,curated_current_edition,es,Institutional Spanish NOC 7th edition source reviewed; current code/label cross-check against NOC 7th current classification listing; https://www.salusplay.com/apuntes/pae-y-diagnosticos-de-enfermeria-nanda-noc-y-nic/anexo-2-clasificacion-completa-de-resultados-de-enfermeria-noc-2024-8,,2026-09-07,"Selection remains patient/context dependent; use the licensed classification definitions, activities/indicators and scales."
00362,Risk for imbalanced blood pressure,Risco de pressão arterial desequilibrada,NIC,4150,Haemodynamic Regulation,Regulação Hemodinâmica,"Nursing Interventions Classification (NIC), 8th edition",primary,Compatibility primary selected for the diagnosis; consider alternative/context-specific links before finalising a care plan.,Compatibility primary selected for the diagnosis; consider alternative/context-specific links before finalising a care plan.,Mapeamento primário de compatibilidade selecionado para o diagnóstico; considerar vínculos alternativos/específicos ao contexto antes de finalizar o plano de cuidados.,moderate,curated_current_edition,es,Institutional Spanish NIC 8th edition source reviewed; current code/label cross-check against NIC 8th current classification listing; https://www.salusplay.com/blog/clasificacion-completa-intervenciones-enfermeria-nic-2024/,,2026-09-07,"Selection remains patient/context dependent; use the licensed classification definitions, activities/indicators and scales."
00362,Risk for imbalanced blood pressure,Risco de pressão arterial desequilibrada,NOC,0401,Circulation Status,Estado Circulatório,"Nursing Outcomes Classification (NOC), 7th edition",primary,Compatibility primary selected for the diagnosis; consider alternative/context-specific links before finalising a care plan.,Compatibility primary selected for the diagnosis; consider alternative/context-specific links before finalising a care plan.,Mapeamento primário de compatibilidade selecionado para o diagnóstico; considerar vínculos alternativos/específicos ao contexto antes de finalizar o plano de cuidados.,moderate,curated_current_edition,es,Institutional Spanish NOC 7th edition source reviewed; current code/label cross-check against NOC 7th current classification listing; https://www.salusplay.com/apuntes/pae-y-diagnosticos-de-enfermeria-nanda-noc-y-nic/anexo-2-clasificacion-completa-de-resultados-de-enfermeria-noc-2024-8,,2026-09-07,"Selection remains patient/context dependent; use the licensed classification definitions, activities/indicators and scales."
00362,Risk for imbalanced blood pressure,Risco de pressão arterial desequilibrada,NOC,1928,Risk Control: Hypertension,Controle do Risco: Hipertensão,"Nursing Outcomes Classification (NOC), 7th edition",alternative,Use when hypertension is the identified direction of instability.,Use when hypertension is the identified direction of instability.,Usar quando a instabilidade identificada se manifestar como hipertensão.,high,contextual_current_edition,es,Institutional Spanish NOC 7th edition source reviewed; current code/label cross-check against NOC 7th current classification listing; https://www.salusplay.com/apuntes/pae-y-diagnosticos-de-enfermeria-nanda-noc-y-nic/anexo-2-clasificacion-completa-de-resultados-de-enfermeria-noc-2024-8,,2026-09-07,"Selection remains patient/context dependent; use the licensed classification definitions, activities/indicators and scales."
00362,Risk for imbalanced blood pressure,Risco de pressão arterial desequilibrada,NOC,1933,Risk Control: Hypotension,Controle do Risco: Hipotensão,"Nursing Outcomes Classification (NOC), 7th edition",alternative,Use when hypotension is the identified direction of instability.,Use when hypotension is the identified direction of instability.,Usar quando a instabilidade identificada se manifestar como hipotensão.,high,contextual_current_edition,es,Institutional Spanish NOC 7th edition source reviewed; current code/label cross-check against NOC 7th current classification listing; https://www.salusplay.com/apuntes/pae-y-diagnosticos-de-enfermeria-nanda-noc-y-nic/anexo-2-clasificacion-completa-de-resultados-de-enfermeria-noc-2024-8,,2026-09-07,"Selection remains patient/context dependent; use the licensed classification definitions, activities/indicators and scales."
00363,Impaired sitting ability,Capacidade de sentar-se prejudicada,NIC,0221,Exercise Therapy: Ambulation,Terapia com Exercício: Deambulação,"Nursing Interventions Classification (NIC), 8th edition",primary,Compatibility primary selected for the diagnosis; consider alternative/context-specific links before finalising a care plan.,Compatibility primary selected for the diagnosis; consider alternative/context-specific links before finalising a care plan.,Mapeamento primário de compatibilidade selecionado para o diagnóstico; considerar vínculos alternativos/específicos ao contexto antes de finalizar o plano de cuidados.,moderate,curated_current_edition,es,Institutional Spanish NIC 8th edition source reviewed; current code/label cross-check against NIC 8th current classification listing; https://www.salusplay.com/blog/clasificacion-completa-intervenciones-enfermeria-nic-2024/,,2026-09-07,"Selection remains patient/context dependent; use the licensed classification definitions, activities/indicators and scales."
00363,Impaired sitting ability,Capacidade de sentar-se prejudicada,NOC,0208,Mobility,Mobilidade,"Nursing Outcomes Classification (NOC), 7th edition",primary,Compatibility primary selected for the diagnosis; consider alternative/context-specific links before finalising a care plan.,Compatibility primary selected for the diagnosis; consider alternative/context-specific links before finalising a care plan.,Mapeamento primário de compatibilidade selecionado para o diagnóstico; considerar vínculos alternativos/específicos ao contexto antes de finalizar o plano de cuidados.,moderate,curated_current_edition,es,Institutional Spanish NOC 7th edition source reviewed; current code/label cross-check against NOC 7th current classification listing; https://www.salusplay.com/apuntes/pae-y-diagnosticos-de-enfermeria-nanda-noc-y-nic/anexo-2-clasificacion-completa-de-resultados-de-enfermeria-noc-2024-8,,2026-09-07,"Selection remains patient/context dependent; use the licensed classification definitions, activities/indicators and scales."
00364,Impaired standing ability,Capacidade de ficar em pé prejudicada,NIC,0221,Exercise Therapy: Ambulation,Terapia com Exercício: Deambulação,"Nursing Interventions Classification (NIC), 8th edition",primary,Compatibility primary selected for the diagnosis; consider alternative/context-specific links before finalising a care plan.,Compatibility primary selected for the diagnosis; consider alternative/context-specific links before finalising a care plan.,Mapeamento primário de compatibilidade selecionado para o diagnóstico; considerar vínculos alternativos/específicos ao contexto antes de finalizar o plano de cuidados.,moderate,curated_current_edition,es,Institutional Spanish NIC 8th edition source reviewed; current code/label cross-check against NIC 8th current classification listing; https://www.salusplay.com/blog/clasificacion-completa-intervenciones-enfermeria-nic-2024/,,2026-09-07,"Selection remains patient/context dependent; use the licensed classification definitions, activities/indicators and scales."
00364,Impaired standing ability,Capacidade de ficar em pé prejudicada,NOC,0208,Mobility,Mobilidade,"Nursing Outcomes Classification (NOC), 7th edition",primary,Compatibility primary selected for the diagnosis; consider alternative/context-specific links before finalising a care plan.,Compatibility primary selected for the diagnosis; consider alternative/context-specific links before finalising a care plan.,Mapeamento primário de compatibilidade selecionado para o diagnóstico; considerar vínculos alternativos/específicos ao contexto antes de finalizar o plano de cuidados.,moderate,curated_current_edition,es,Institutional Spanish NOC 7th edition source reviewed; current code/label cross-check against NOC 7th current classification listing; https://www.salusplay.com/apuntes/pae-y-diagnosticos-de-enfermeria-nanda-noc-y-nic/anexo-2-clasificacion-completa-de-resultados-de-enfermeria-noc-2024-8,,2026-09-07,"Selection remains patient/context dependent; use the licensed classification definitions, activities/indicators and scales."
00365,Impaired walking ability,Capacidade de locomoção prejudicada,NIC,0221,Exercise Therapy: Ambulation,Terapia com Exercício: Deambulação,"Nursing Interventions Classification (NIC), 8th edition",primary,Compatibility primary selected for the diagnosis; consider alternative/context-specific links before finalising a care plan.,Compatibility primary selected for the diagnosis; consider alternative/context-specific links before finalising a care plan.,Mapeamento primário de compatibilidade selecionado para o diagnóstico; considerar vínculos alternativos/específicos ao contexto antes de finalizar o plano de cuidados.,high,curated_current_edition,es,Institutional Spanish NIC 8th edition source reviewed; current code/label cross-check against NIC 8th current classification listing; https://www.salusplay.com/blog/clasificacion-completa-intervenciones-enfermeria-nic-2024/,,2026-09-07,"Selection remains patient/context dependent; use the licensed classification definitions, activities/indicators and scales."
00365,Impaired walking ability,Capacidade de locomoção prejudicada,NOC,0200,Ambulation,Deambulação,"Nursing Outcomes Classification (NOC), 7th edition",primary,Compatibility primary selected for the diagnosis; consider alternative/context-specific links before finalising a care plan.,Compatibility primary selected for the diagnosis; consider alternative/context-specific links before finalising a care plan.,Mapeamento primário de compatibilidade selecionado para o diagnóstico; considerar vínculos alternativos/específicos ao contexto antes de finalizar o plano de cuidados.,high,curated_current_edition,es,Institutional Spanish NOC 7th edition source reviewed; current code/label cross-check against NOC 7th current classification listing; https://www.salusplay.com/apuntes/pae-y-diagnosticos-de-enfermeria-nanda-noc-y-nic/anexo-2-clasificacion-completa-de-resultados-de-enfermeria-noc-2024-8,,2026-09-07,"Selection remains patient/context dependent; use the licensed classification definitions, activities/indicators and scales."
00366,Excessive caregiving burden,sobrecarga excessiva de cuidados,NIC,7040,Caregiver Support,Apoio ao Cuidador,"Nursing Interventions Classification (NIC), 8th edition",primary,Compatibility primary selected for the diagnosis; consider alternative/context-specific links before finalising a care plan.,Compatibility primary selected for the diagnosis; consider alternative/context-specific links before finalising a care plan.,Mapeamento primário de compatibilidade selecionado para o diagnóstico; considerar vínculos alternativos/específicos ao contexto antes de finalizar o plano de cuidados.,high,curated_current_edition,es,Institutional Spanish NIC 8th edition source reviewed; current code/label cross-check against NIC 8th current classification listing; https://www.salusplay.com/blog/clasificacion-completa-intervenciones-enfermeria-nic-2024/,,2026-09-07,"Selection remains patient/context dependent; use the licensed classification definitions, activities/indicators and scales."
00366,Excessive caregiving burden,sobrecarga excessiva de cuidados,NOC,2210,Caregiver Role Endurance,Resistência no Papel de Cuidador,"Nursing Outcomes Classification (NOC), 7th edition",primary,Compatibility primary selected for the diagnosis; consider alternative/context-specific links before finalising a care plan.,Compatibility primary selected for the diagnosis; consider alternative/context-specific links before finalising a care plan.,Mapeamento primário de compatibilidade selecionado para o diagnóstico; considerar vínculos alternativos/específicos ao contexto antes de finalizar o plano de cuidados.,high,curated_current_edition,es,Institutional Spanish NOC 7th edition source reviewed; current code/label cross-check against NOC 7th current classification listing; https://www.salusplay.com/apuntes/pae-y-diagnosticos-de-enfermeria-nanda-noc-y-nic/anexo-2-clasificacion-completa-de-resultados-de-enfermeria-noc-2024-8,,2026-09-07,"Selection remains patient/context dependent; use the licensed classification definitions, activities/indicators and scales."
00367,Impaired transferring ability,Capacidade de transferência prejudicada,NIC,0970,Transfer,Transferência,"Nursing Interventions Classification (NIC), 8th edition",primary,Compatibility primary selected for the diagnosis; consider alternative/context-specific links before finalising a care plan.,Compatibility primary selected for the diagnosis; consider alternative/context-specific links before finalising a care plan.,Mapeamento primário de compatibilidade selecionado para o diagnóstico; considerar vínculos alternativos/específicos ao contexto antes de finalizar o plano de cuidados.,high,curated_current_edition,es,Institutional Spanish NIC 8th edition source reviewed; current code/label cross-check against NIC 8th current classification listing; https://www.salusplay.com/blog/clasificacion-completa-intervenciones-enfermeria-nic-2024/,,2026-09-07,"Selection remains patient/context dependent; use the licensed classification definitions, activities/indicators and scales."
00367,Impaired transferring ability,Capacidade de transferência prejudicada,NOC,0208,Mobility,Mobilidade,"Nursing Outcomes Classification (NOC), 7th edition",primary,Compatibility primary selected for the diagnosis; consider alternative/context-specific links before finalising a care plan.,Compatibility primary selected for the diagnosis; consider alternative/context-specific links before finalising a care plan.,Mapeamento primário de compatibilidade selecionado para o diagnóstico; considerar vínculos alternativos/específicos ao contexto antes de finalizar o plano de cuidados.,high,curated_current_edition,es,Institutional Spanish NOC 7th edition source reviewed; current code/label cross-check against NOC 7th current classification listing; https://www.salusplay.com/apuntes/pae-y-diagnosticos-de-enfermeria-nanda-noc-y-nic/anexo-2-clasificacion-completa-de-resultados-de-enfermeria-noc-2024-8,,2026-09-07,"Selection remains patient/context dependent; use the licensed classification definitions, activities/indicators and scales."
00368,Readiness for enhanced verbal communication,Prontidão para uma comunicação verbal aprimorada,NIC,4976,Communication Enhancement: Speech Deficit,Melhora da Comunicação: Déficit da Fala,"Nursing Interventions Classification (NIC), 8th edition",primary,Compatibility primary selected for the diagnosis; consider alternative/context-specific links before finalising a care plan.,Compatibility primary selected for the diagnosis; consider alternative/context-specific links before finalising a care plan.,Mapeamento primário de compatibilidade selecionado para o diagnóstico; considerar vínculos alternativos/específicos ao contexto antes de finalizar o plano de cuidados.,high,curated_current_edition,es,Institutional Spanish NIC 8th edition source reviewed; current code/label cross-check against NIC 8th current classification listing; https://www.salusplay.com/blog/clasificacion-completa-intervenciones-enfermeria-nic-2024/,,2026-09-07,"Selection remains patient/context dependent; use the licensed classification definitions, activities/indicators and scales."
00368,Readiness for enhanced verbal communication,Prontidão para uma comunicação verbal aprimorada,NOC,0902,Communication,Comunicação,"Nursing Outcomes Classification (NOC), 7th edition",primary,Compatibility primary selected for the diagnosis; consider alternative/context-specific links before finalising a care plan.,Compatibility primary selected for the diagnosis; consider alternative/context-specific links before finalising a care plan.,Mapeamento primário de compatibilidade selecionado para o diagnóstico; considerar vínculos alternativos/específicos ao contexto antes de finalizar o plano de cuidados.,high,curated_current_edition,es,Institutional Spanish NOC 7th edition source reviewed; current code/label cross-check against NOC 7th current classification listing; https://www.salusplay.com/apuntes/pae-y-diagnosticos-de-enfermeria-nanda-noc-y-nic/anexo-2-clasificacion-completa-de-resultados-de-enfermeria-noc-2024-8,,2026-09-07,"Selection remains patient/context dependent; use the licensed classification definitions, activities/indicators and scales."
00369,Risk for ineffective health self-management,Risco de autogestão ineficaz da saúde,NIC,4480,Self-Responsibility Facilitation,Facilitação da Autorresponsabilidade,"Nursing Interventions Classification (NIC), 8th edition",primary,Compatibility primary selected for the diagnosis; consider alternative/context-specific links before finalising a care plan.,Compatibility primary selected for the diagnosis; consider alternative/context-specific links before finalising a care plan.,Mapeamento primário de compatibilidade selecionado para o diagnóstico; considerar vínculos alternativos/específicos ao contexto antes de finalizar o plano de cuidados.,moderate,curated_current_edition,es,Institutional Spanish NIC 8th edition source reviewed; current code/label cross-check against NIC 8th current classification listing; https://www.salusplay.com/blog/clasificacion-completa-intervenciones-enfermeria-nic-2024/,,2026-09-07,"Selection remains patient/context dependent; use the licensed classification definitions, activities/indicators and scales."
00369,Risk for ineffective health self-management,Risco de autogestão ineficaz da saúde,NOC,1613,Self-Management of Care,Autogestão dos Cuidados,"Nursing Outcomes Classification (NOC), 7th edition",primary,Compatibility primary selected for the diagnosis; consider alternative/context-specific links before finalising a care plan.,Compatibility primary selected for the diagnosis; consider alternative/context-specific links before finalising a care plan.,Mapeamento primário de compatibilidade selecionado para o diagnóstico; considerar vínculos alternativos/específicos ao contexto antes de finalizar o plano de cuidados.,moderate,current_edition_verified,es,Institutional Spanish NOC 7th edition source reviewed; current code/label cross-check against NOC 7th current classification listing; https://www.salusplay.com/apuntes/pae-y-diagnosticos-de-enfermeria-nanda-noc-y-nic/anexo-2-clasificacion-completa-de-resultados-de-enfermeria-noc-2024-8,,2026-09-07,"Selection remains patient/context dependent; use the licensed classification definitions, activities/indicators and scales."
00370,Risk for excessive fluid volume,Risco de volume excessivo de fluidos,NIC,4120,Fluid Management,Controle de Líquidos,"Nursing Interventions Classification (NIC), 8th edition",primary,Compatibility primary selected for the diagnosis; consider alternative/context-specific links before finalising a care plan.,Compatibility primary selected for the diagnosis; consider alternative/context-specific links before finalising a care plan.,Mapeamento primário de compatibilidade selecionado para o diagnóstico; considerar vínculos alternativos/específicos ao contexto antes de finalizar o plano de cuidados.,high,curated_current_edition,es,Institutional Spanish NIC 8th edition source reviewed; current code/label cross-check against NIC 8th current classification listing; https://www.salusplay.com/blog/clasificacion-completa-intervenciones-enfermeria-nic-2024/,,2026-09-07,"Selection remains patient/context dependent; use the licensed classification definitions, activities/indicators and scales."
00370,Risk for excessive fluid volume,Risco de volume excessivo de fluidos,NOC,0603,Fluid Overload Severity,Gravidade da Sobrecarga Hídrica,"Nursing Outcomes Classification (NOC), 7th edition",primary,Compatibility primary selected for the diagnosis; consider alternative/context-specific links before finalising a care plan.,Compatibility primary selected for the diagnosis; consider alternative/context-specific links before finalising a care plan.,Mapeamento primário de compatibilidade selecionado para o diagnóstico; considerar vínculos alternativos/específicos ao contexto antes de finalizar o plano de cuidados.,high,curated_current_edition,es,Institutional Spanish NOC 7th edition source reviewed; current code/label cross-check against NOC 7th current classification listing; https://www.salusplay.com/apuntes/pae-y-diagnosticos-de-enfermeria-nanda-noc-y-nic/anexo-2-clasificacion-completa-de-resultados-de-enfermeria-noc-2024-8,,2026-09-07,"Selection remains patient/context dependent; use the licensed classification definitions, activities/indicators and scales."
00371,Ineffective chestfeeding,amamentação ineficaz,NIC,5244,Breastfeeding Counselling,Aconselhamento sobre Amamentação,"Nursing Interventions Classification (NIC), 8th edition",primary,Compatibility primary selected for the diagnosis; consider alternative/context-specific links before finalising a care plan.,Compatibility primary selected for the diagnosis; consider alternative/context-specific links before finalising a care plan.,Mapeamento primário de compatibilidade selecionado para o diagnóstico; considerar vínculos alternativos/específicos ao contexto antes de finalizar o plano de cuidados.,high,current_edition_verified,es,Institutional Spanish NIC 8th edition source reviewed; current code/label cross-check against NIC 8th current classification listing; https://www.salusplay.com/blog/clasificacion-completa-intervenciones-enfermeria-nic-2024/,,2026-09-07,"Selection remains patient/context dependent; use the licensed classification definitions, activities/indicators and scales."
00371,Ineffective chestfeeding,amamentação ineficaz,NOC,1000,Breastfeeding Establishment: Infant,Estabelecimento da Amamentação: Lactente,"Nursing Outcomes Classification (NOC), 7th edition",primary,Compatibility primary selected for the diagnosis; consider alternative/context-specific links before finalising a care plan.,Compatibility primary selected for the diagnosis; consider alternative/context-specific links before finalising a care plan.,Mapeamento primário de compatibilidade selecionado para o diagnóstico; considerar vínculos alternativos/específicos ao contexto antes de finalizar o plano de cuidados.,high,curated_current_edition,es,Institutional Spanish NOC 7th edition source reviewed; current code/label cross-check against NOC 7th current classification listing; https://www.salusplay.com/apuntes/pae-y-diagnosticos-de-enfermeria-nanda-noc-y-nic/anexo-2-clasificacion-completa-de-resultados-de-enfermeria-noc-2024-8,,2026-09-07,"Selection remains patient/context dependent; use the licensed classification definitions, activities/indicators and scales."
00371,Ineffective chestfeeding,amamentação ineficaz,NOC,1002,Breastfeeding Maintenance,Manutenção da Amamentação,"Nursing Outcomes Classification (NOC), 7th edition",alternative,Use when maintaining breastfeeding is the target after establishment.,Use when maintaining breastfeeding is the target after establishment.,"Usar quando o objetivo, após o estabelecimento da amamentação, for mantê-la.",high,contextual_current_edition,es,Institutional Spanish NOC 7th edition source reviewed; current code/label cross-check against NOC 7th current classification listing; https://www.salusplay.com/apuntes/pae-y-diagnosticos-de-enfermeria-nanda-noc-y-nic/anexo-2-clasificacion-completa-de-resultados-de-enfermeria-noc-2024-8,,2026-09-07,"Selection remains patient/context dependent; use the licensed classification definitions, activities/indicators and scales."
00372,Ineffective emotion regulation,Regulação emocional ineficaz,NIC,5330,Mood Management,Controle do Humor,"Nursing Interventions Classification (NIC), 8th edition",primary,Compatibility primary selected for the diagnosis; consider alternative/context-specific links before finalising a care plan.,Compatibility primary selected for the diagnosis; consider alternative/context-specific links before finalising a care plan.,Mapeamento primário de compatibilidade selecionado para o diagnóstico; considerar vínculos alternativos/específicos ao contexto antes de finalizar o plano de cuidados.,high,curated_current_edition,es,Institutional Spanish NIC 8th edition source reviewed; current code/label cross-check against NIC 8th current classification listing; https://www.salusplay.com/blog/clasificacion-completa-intervenciones-enfermeria-nic-2024/,,2026-09-07,"Selection remains patient/context dependent; use the licensed classification definitions, activities/indicators and scales."
00372,Ineffective emotion regulation,Regulação emocional ineficaz,NOC,1204,Mood Equilibrium,Equilíbrio do Humor,"Nursing Outcomes Classification (NOC), 7th edition",primary,Compatibility primary selected for the diagnosis; consider alternative/context-specific links before finalising a care plan.,Compatibility primary selected for the diagnosis; consider alternative/context-specific links before finalising a care plan.,Mapeamento primário de compatibilidade selecionado para o diagnóstico; considerar vínculos alternativos/específicos ao contexto antes de finalizar o plano de cuidados.,high,curated_current_edition,es,Institutional Spanish NOC 7th edition source reviewed; current code/label cross-check against NOC 7th current classification listing; https://www.salusplay.com/apuntes/pae-y-diagnosticos-de-enfermeria-nanda-noc-y-nic/anexo-2-clasificacion-completa-de-resultados-de-enfermeria-noc-2024-8,,2026-09-07,"Selection remains patient/context dependent; use the licensed classification definitions, activities/indicators and scales."
00373,Maladaptive family coping,Enfrentamento familiar desadaptativo,NIC,7140,Family Support,Apoio Familiar,"Nursing Interventions Classification (NIC), 8th edition",primary,Compatibility primary selected for the diagnosis; consider alternative/context-specific links before finalising a care plan.,Compatibility primary selected for the diagnosis; consider alternative/context-specific links before finalising a care plan.,Mapeamento primário de compatibilidade selecionado para o diagnóstico; considerar vínculos alternativos/específicos ao contexto antes de finalizar o plano de cuidados.,high,curated_current_edition,es,Institutional Spanish NIC 8th edition source reviewed; current code/label cross-check against NIC 8th current classification listing; https://www.salusplay.com/blog/clasificacion-completa-intervenciones-enfermeria-nic-2024/,,2026-09-07,"Selection remains patient/context dependent; use the licensed classification definitions, activities/indicators and scales."
00373,Maladaptive family coping,Enfrentamento familiar desadaptativo,NOC,2600,Family Coping,Enfrentamento Familiar,"Nursing Outcomes Classification (NOC), 7th edition",primary,Compatibility primary selected for the diagnosis; consider alternative/context-specific links before finalising a care plan.,Compatibility primary selected for the diagnosis; consider alternative/context-specific links before finalising a care plan.,Mapeamento primário de compatibilidade selecionado para o diagnóstico; considerar vínculos alternativos/específicos ao contexto antes de finalizar o plano de cuidados.,high,curated_current_edition,es,Institutional Spanish NOC 7th edition source reviewed; current code/label cross-check against NOC 7th current classification listing; https://www.salusplay.com/apuntes/pae-y-diagnosticos-de-enfermeria-nanda-noc-y-nic/anexo-2-clasificacion-completa-de-resultados-de-enfermeria-noc-2024-8,,2026-09-07,"Selection remains patient/context dependent; use the licensed classification definitions, activities/indicators and scales."
00374,Risk for excessive bleeding,Risco de sangramento excessivo,NIC,4010,Bleeding Precautions,Precauções contra Sangramento,"Nursing Interventions Classification (NIC), 8th edition",primary,Compatibility primary selected for the diagnosis; consider alternative/context-specific links before finalising a care plan.,Compatibility primary selected for the diagnosis; consider alternative/context-specific links before finalising a care plan.,Mapeamento primário de compatibilidade selecionado para o diagnóstico; considerar vínculos alternativos/específicos ao contexto antes de finalizar o plano de cuidados.,high,curated_current_edition,es,Institutional Spanish NIC 8th edition source reviewed; current code/label cross-check against NIC 8th current classification listing; https://www.salusplay.com/blog/clasificacion-completa-intervenciones-enfermeria-nic-2024/,,2026-09-07,"Selection remains patient/context dependent; use the licensed classification definitions, activities/indicators and scales."
00374,Risk for excessive bleeding,Risco de sangramento excessivo,NOC,0413,Blood Loss Severity,Gravidade da Perda de Sangue,"Nursing Outcomes Classification (NOC), 7th edition",primary,Compatibility primary selected for the diagnosis; consider alternative/context-specific links before finalising a care plan.,Compatibility primary selected for the diagnosis; consider alternative/context-specific links before finalising a care plan.,Mapeamento primário de compatibilidade selecionado para o diagnóstico; considerar vínculos alternativos/específicos ao contexto antes de finalizar o plano de cuidados.,high,curated_current_edition,es,Institutional Spanish NOC 7th edition source reviewed; current code/label cross-check against NOC 7th current classification listing; https://www.salusplay.com/apuntes/pae-y-diagnosticos-de-enfermeria-nanda-noc-y-nic/anexo-2-clasificacion-completa-de-resultados-de-enfermeria-noc-2024-8,,2026-09-07,"Selection remains patient/context dependent; use the licensed classification definitions, activities/indicators and scales."
00375,Ineffective oral hygiene behaviours,Comportamentos ineficazes de higiene oral,NIC,1720,Oral Health Promotion,Promoção da Saúde Oral,"Nursing Interventions Classification (NIC), 8th edition",primary,Compatibility primary selected for the diagnosis; consider alternative/context-specific links before finalising a care plan.,Compatibility primary selected for the diagnosis; consider alternative/context-specific links before finalising a care plan.,Mapeamento primário de compatibilidade selecionado para o diagnóstico; considerar vínculos alternativos/específicos ao contexto antes de finalizar o plano de cuidados.,high,curated_current_edition,es,Institutional Spanish NIC 8th edition source reviewed; current code/label cross-check against NIC 8th current classification listing; https://www.salusplay.com/blog/clasificacion-completa-intervenciones-enfermeria-nic-2024/,,2026-09-07,"Selection remains patient/context dependent; use the licensed classification definitions, activities/indicators and scales."
00375,Ineffective oral hygiene behaviours,Comportamentos ineficazes de higiene oral,NOC,0308,Self-Care Behaviour: Oral Hygiene,Comportamento de Autocuidado: Higiene Oral,"Nursing Outcomes Classification (NOC), 7th edition",primary,Compatibility primary selected for the diagnosis; consider alternative/context-specific links before finalising a care plan.,Compatibility primary selected for the diagnosis; consider alternative/context-specific links before finalising a care plan.,Mapeamento primário de compatibilidade selecionado para o diagnóstico; considerar vínculos alternativos/específicos ao contexto antes de finalizar o plano de cuidados.,high,curated_current_edition,es,Institutional Spanish NOC 7th edition source reviewed; current code/label cross-check against NOC 7th current classification listing; https://www.salusplay.com/apuntes/pae-y-diagnosticos-de-enfermeria-nanda-noc-y-nic/anexo-2-clasificacion-completa-de-resultados-de-enfermeria-noc-2024-8,,2026-09-07,"Selection remains patient/context dependent; use the licensed classification definitions, activities/indicators and scales."
00376,Readiness for enhanced social comfort,Prontidão para maior conforto social,NIC,5100,Socialization Enhancement,Melhora da Socialização,"Nursing Interventions Classification (NIC), 8th edition",primary,Compatibility primary selected for the diagnosis; consider alternative/context-specific links before finalising a care plan.,Compatibility primary selected for the diagnosis; consider alternative/context-specific links before finalising a care plan.,Mapeamento primário de compatibilidade selecionado para o diagnóstico; considerar vínculos alternativos/específicos ao contexto antes de finalizar o plano de cuidados.,moderate,curated_current_edition,es,Institutional Spanish NIC 8th edition source reviewed; current code/label cross-check against NIC 8th current classification listing; https://www.salusplay.com/blog/clasificacion-completa-intervenciones-enfermeria-nic-2024/,,2026-09-07,"Selection remains patient/context dependent; use the licensed classification definitions, activities/indicators and scales."
00376,Readiness for enhanced social comfort,Prontidão para maior conforto social,NOC,2012,Comfort Status: Sociocultural,Estado de Conforto: Sociocultural,"Nursing Outcomes Classification (NOC), 7th edition",primary,Compatibility primary selected for the diagnosis; consider alternative/context-specific links before finalising a care plan.,Compatibility primary selected for the diagnosis; consider alternative/context-specific links before finalising a care plan.,Mapeamento primário de compatibilidade selecionado para o diagnóstico; considerar vínculos alternativos/específicos ao contexto antes de finalizar o plano de cuidados.,moderate,curated_current_edition,es,Institutional Spanish NOC 7th edition source reviewed; current code/label cross-check against NOC 7th current classification listing; https://www.salusplay.com/apuntes/pae-y-diagnosticos-de-enfermeria-nanda-noc-y-nic/anexo-2-clasificacion-completa-de-resultados-de-enfermeria-noc-2024-8,,2026-09-07,"Selection remains patient/context dependent; use the licensed classification definitions, activities/indicators and scales."
00377,Readiness for enhanced psychological comfort,Prontidão para um maior conforto psicológico,NIC,5270,Emotional Support,Apoio Emocional,"Nursing Interventions Classification (NIC), 8th edition",primary,Compatibility primary selected for the diagnosis; consider alternative/context-specific links before finalising a care plan.,Compatibility primary selected for the diagnosis; consider alternative/context-specific links before finalising a care plan.,Mapeamento primário de compatibilidade selecionado para o diagnóstico; considerar vínculos alternativos/específicos ao contexto antes de finalizar o plano de cuidados.,high,curated_current_edition,es,Institutional Spanish NIC 8th edition source reviewed; current code/label cross-check against NIC 8th current classification listing; https://www.salusplay.com/blog/clasificacion-completa-intervenciones-enfermeria-nic-2024/,,2026-09-07,"Selection remains patient/context dependent; use the licensed classification definitions, activities/indicators and scales."
00377,Readiness for enhanced psychological comfort,Prontidão para um maior conforto psicológico,NOC,2011,Comfort Status: Psychospiritual,Estado de Conforto: Psicoespiritual,"Nursing Outcomes Classification (NOC), 7th edition",primary,Compatibility primary selected for the diagnosis; consider alternative/context-specific links before finalising a care plan.,Compatibility primary selected for the diagnosis; consider alternative/context-specific links before finalising a care plan.,Mapeamento primário de compatibilidade selecionado para o diagnóstico; considerar vínculos alternativos/específicos ao contexto antes de finalizar o plano de cuidados.,high,curated_current_edition,es,Institutional Spanish NOC 7th edition source reviewed; current code/label cross-check against NOC 7th current classification listing; https://www.salusplay.com/apuntes/pae-y-diagnosticos-de-enfermeria-nanda-noc-y-nic/anexo-2-clasificacion-completa-de-resultados-de-enfermeria-noc-2024-8,,2026-09-07,"Selection remains patient/context dependent; use the licensed classification definitions, activities/indicators and scales."
00378,Readiness for enhanced physical comfort,Prontidão para maior conforto físico,NIC,6482,Environmental Management: Comfort,Controle do Ambiente: Conforto,"Nursing Interventions Classification (NIC), 8th edition",primary,Compatibility primary selected for the diagnosis; consider alternative/context-specific links before finalising a care plan.,Compatibility primary selected for the diagnosis; consider alternative/context-specific links before finalising a care plan.,Mapeamento primário de compatibilidade selecionado para o diagnóstico; considerar vínculos alternativos/específicos ao contexto antes de finalizar o plano de cuidados.,high,curated_current_edition,es,Institutional Spanish NIC 8th edition source reviewed; current code/label cross-check against NIC 8th current classification listing; https://www.salusplay.com/blog/clasificacion-completa-intervenciones-enfermeria-nic-2024/,,2026-09-07,"Selection remains patient/context dependent; use the licensed classification definitions, activities/indicators and scales."
00378,Readiness for enhanced physical comfort,Prontidão para maior conforto físico,NOC,2010,Comfort Status: Physical,Estado de Conforto: Físico,"Nursing Outcomes Classification (NOC), 7th edition",primary,Compatibility primary selected for the diagnosis; consider alternative/context-specific links before finalising a care plan.,Compatibility primary selected for the diagnosis; consider alternative/context-specific links before finalising a care plan.,Mapeamento primário de compatibilidade selecionado para o diagnóstico; considerar vínculos alternativos/específicos ao contexto antes de finalizar o plano de cuidados.,high,curated_current_edition,es,Institutional Spanish NOC 7th edition source reviewed; current code/label cross-check against NOC 7th current classification listing; https://www.salusplay.com/apuntes/pae-y-diagnosticos-de-enfermeria-nanda-noc-y-nic/anexo-2-clasificacion-completa-de-resultados-de-enfermeria-noc-2024-8,,2026-09-07,"Selection remains patient/context dependent; use the licensed classification definitions, activities/indicators and scales."
00379,Impaired psychological comfort,Conforto psicológico prejudicado,NIC,5270,Emotional Support,Apoio Emocional,"Nursing Interventions Classification (NIC), 8th edition",primary,Compatibility primary selected for the diagnosis; consider alternative/context-specific links before finalising a care plan.,Compatibility primary selected for the diagnosis; consider alternative/context-specific links before finalising a care plan.,Mapeamento primário de compatibilidade selecionado para o diagnóstico; considerar vínculos alternativos/específicos ao contexto antes de finalizar o plano de cuidados.,high,curated_current_edition,es,Institutional Spanish NIC 8th edition source reviewed; current code/label cross-check against NIC 8th current classification listing; https://www.salusplay.com/blog/clasificacion-completa-intervenciones-enfermeria-nic-2024/,,2026-09-07,"Selection remains patient/context dependent; use the licensed classification definitions, activities/indicators and scales."
00379,Impaired psychological comfort,Conforto psicológico prejudicado,NOC,2011,Comfort Status: Psychospiritual,Estado de Conforto: Psicoespiritual,"Nursing Outcomes Classification (NOC), 7th edition",primary,Compatibility primary selected for the diagnosis; consider alternative/context-specific links before finalising a care plan.,Compatibility primary selected for the diagnosis; consider alternative/context-specific links before finalising a care plan.,Mapeamento primário de compatibilidade selecionado para o diagnóstico; considerar vínculos alternativos/específicos ao contexto antes de finalizar o plano de cuidados.,high,curated_current_edition,es,Institutional Spanish NOC 7th edition source reviewed; current code/label cross-check against NOC 7th current classification listing; https://www.salusplay.com/apuntes/pae-y-diagnosticos-de-enfermeria-nanda-noc-y-nic/anexo-2-clasificacion-completa-de-resultados-de-enfermeria-noc-2024-8,,2026-09-07,"Selection remains patient/context dependent; use the licensed classification definitions, activities/indicators and scales."
00380,Impaired physical comfort,Conforto físico prejudicado,NIC,6482,Environmental Management: Comfort,Controle do Ambiente: Conforto,"Nursing Interventions Classification (NIC), 8th edition",primary,Compatibility primary selected for the diagnosis; consider alternative/context-specific links before finalising a care plan.,Compatibility primary selected for the diagnosis; consider alternative/context-specific links before finalising a care plan.,Mapeamento primário de compatibilidade selecionado para o diagnóstico; considerar vínculos alternativos/específicos ao contexto antes de finalizar o plano de cuidados.,high,curated_current_edition,es,Institutional Spanish NIC 8th edition source reviewed; current code/label cross-check against NIC 8th current classification listing; https://www.salusplay.com/blog/clasificacion-completa-intervenciones-enfermeria-nic-2024/,,2026-09-07,"Selection remains patient/context dependent; use the licensed classification definitions, activities/indicators and scales."
00380,Impaired physical comfort,Conforto físico prejudicado,NOC,2010,Comfort Status: Physical,Estado de Conforto: Físico,"Nursing Outcomes Classification (NOC), 7th edition",primary,Compatibility primary selected for the diagnosis; consider alternative/context-specific links before finalising a care plan.,Compatibility primary selected for the diagnosis; consider alternative/context-specific links before finalising a care plan.,Mapeamento primário de compatibilidade selecionado para o diagnóstico; considerar vínculos alternativos/específicos ao contexto antes de finalizar o plano de cuidados.,high,curated_current_edition,es,Institutional Spanish NOC 7th edition source reviewed; current code/label cross-check against NOC 7th current classification listing; https://www.salusplay.com/apuntes/pae-y-diagnosticos-de-enfermeria-nanda-noc-y-nic/anexo-2-clasificacion-completa-de-resultados-de-enfermeria-noc-2024-8,,2026-09-07,"Selection remains patient/context dependent; use the licensed classification definitions, activities/indicators and scales."
00382,Risk for disrupted exclusive chestfeeding,Risco de interrupção do aleitamento materno exclusivo,NIC,5244,Breastfeeding Counselling,Aconselhamento sobre Amamentação,"Nursing Interventions Classification (NIC), 8th edition",primary,Compatibility primary selected for the diagnosis; consider alternative/context-specific links before finalising a care plan.,Compatibility primary selected for the diagnosis; consider alternative/context-specific links before finalising a care plan.,Mapeamento primário de compatibilidade selecionado para o diagnóstico; considerar vínculos alternativos/específicos ao contexto antes de finalizar o plano de cuidados.,high,current_edition_verified,es,Institutional Spanish NIC 8th edition source reviewed; current code/label cross-check against NIC 8th current classification listing; https://www.salusplay.com/blog/clasificacion-completa-intervenciones-enfermeria-nic-2024/,,2026-09-07,"Selection remains patient/context dependent; use the licensed classification definitions, activities/indicators and scales."
00382,Risk for disrupted exclusive chestfeeding,Risco de interrupção do aleitamento materno exclusivo,NOC,1000,Breastfeeding Establishment: Infant,Estabelecimento da Amamentação: Lactente,"Nursing Outcomes Classification (NOC), 7th edition",primary,Compatibility primary selected for the diagnosis; consider alternative/context-specific links before finalising a care plan.,Compatibility primary selected for the diagnosis; consider alternative/context-specific links before finalising a care plan.,Mapeamento primário de compatibilidade selecionado para o diagnóstico; considerar vínculos alternativos/específicos ao contexto antes de finalizar o plano de cuidados.,high,curated_current_edition,es,Institutional Spanish NOC 7th edition source reviewed; current code/label cross-check against NOC 7th current classification listing; https://www.salusplay.com/apuntes/pae-y-diagnosticos-de-enfermeria-nanda-noc-y-nic/anexo-2-clasificacion-completa-de-resultados-de-enfermeria-noc-2024-8,,2026-09-07,"Selection remains patient/context dependent; use the licensed classification definitions, activities/indicators and scales."
00382,Risk for disrupted exclusive chestfeeding,Risco de interrupção do aleitamento materno exclusivo,NOC,1002,Breastfeeding Maintenance,Manutenção da Amamentação,"Nursing Outcomes Classification (NOC), 7th edition",alternative,Use when maintenance is the relevant risk/prevention outcome.,Use when maintenance is the relevant risk/prevention outcome.,Usar quando a manutenção da amamentação for o desfecho relevante de risco/prevenção.,high,contextual_current_edition,es,Institutional Spanish NOC 7th edition source reviewed; current code/label cross-check against NOC 7th current classification listing; https://www.salusplay.com/apuntes/pae-y-diagnosticos-de-enfermeria-nanda-noc-y-nic/anexo-2-clasificacion-completa-de-resultados-de-enfermeria-noc-2024-8,,2026-09-07,"Selection remains patient/context dependent; use the licensed classification definitions, activities/indicators and scales."
00383,Inadequate social connectedness,Conexões sociais inadequadas,NIC,5100,Socialization Enhancement,Melhora da Socialização,"Nursing Interventions Classification (NIC), 8th edition",primary,Compatibility primary selected for the diagnosis; consider alternative/context-specific links before finalising a care plan.,Compatibility primary selected for the diagnosis; consider alternative/context-specific links before finalising a care plan.,Mapeamento primário de compatibilidade selecionado para o diagnóstico; considerar vínculos alternativos/específicos ao contexto antes de finalizar o plano de cuidados.,high,curated_current_edition,es,Institutional Spanish NIC 8th edition source reviewed; current code/label cross-check against NIC 8th current classification listing; https://www.salusplay.com/blog/clasificacion-completa-intervenciones-enfermeria-nic-2024/,,2026-09-07,"Selection remains patient/context dependent; use the licensed classification definitions, activities/indicators and scales."
00383,Inadequate social connectedness,Conexões sociais inadequadas,NOC,1503,Social Involvement,Envolvimento Social,"Nursing Outcomes Classification (NOC), 7th edition",primary,Compatibility primary selected for the diagnosis; consider alternative/context-specific links before finalising a care plan.,Compatibility primary selected for the diagnosis; consider alternative/context-specific links before finalising a care plan.,Mapeamento primário de compatibilidade selecionado para o diagnóstico; considerar vínculos alternativos/específicos ao contexto antes de finalizar o plano de cuidados.,high,curated_current_edition,es,Institutional Spanish NOC 7th edition source reviewed; current code/label cross-check against NOC 7th current classification listing; https://www.salusplay.com/apuntes/pae-y-diagnosticos-de-enfermeria-nanda-noc-y-nic/anexo-2-clasificacion-completa-de-resultados-de-enfermeria-noc-2024-8,,2026-09-07,"Selection remains patient/context dependent; use the licensed classification definitions, activities/indicators and scales."
00384,Ineffective nausea self-management,Autogestão ineficaz da náusea,NIC,1450,Nausea Management,Controle da Náusea,"Nursing Interventions Classification (NIC), 8th edition",primary,Compatibility primary selected for the diagnosis; consider alternative/context-specific links before finalising a care plan.,Compatibility primary selected for the diagnosis; consider alternative/context-specific links before finalising a care plan.,Mapeamento primário de compatibilidade selecionado para o diagnóstico; considerar vínculos alternativos/específicos ao contexto antes de finalizar o plano de cuidados.,high,curated_current_edition,es,Institutional Spanish NIC 8th edition source reviewed; current code/label cross-check against NIC 8th current classification listing; https://www.salusplay.com/blog/clasificacion-completa-intervenciones-enfermeria-nic-2024/,,2026-09-07,"Selection remains patient/context dependent; use the licensed classification definitions, activities/indicators and scales."
00384,Ineffective nausea self-management,Autogestão ineficaz da náusea,NOC,1618,Nausea & Vomiting Control,Controle de Náuseas e Vômitos,"Nursing Outcomes Classification (NOC), 7th edition",primary,Compatibility primary selected for the diagnosis; consider alternative/context-specific links before finalising a care plan.,Compatibility primary selected for the diagnosis; consider alternative/context-specific links before finalising a care plan.,Mapeamento primário de compatibilidade selecionado para o diagnóstico; considerar vínculos alternativos/específicos ao contexto antes de finalizar o plano de cuidados.,high,curated_current_edition,es,Institutional Spanish NOC 7th edition source reviewed; current code/label cross-check against NOC 7th current classification listing; https://www.salusplay.com/apuntes/pae-y-diagnosticos-de-enfermeria-nanda-noc-y-nic/anexo-2-clasificacion-completa-de-resultados-de-enfermeria-noc-2024-8,,2026-09-07,"Selection remains patient/context dependent; use the licensed classification definitions, activities/indicators and scales."
00386,Impaired sexual function,Disfunção sexual,NIC,5248,Sexual Counselling,Aconselhamento Sexual,"Nursing Interventions Classification (NIC), 8th edition",primary,Compatibility primary selected for the diagnosis; consider alternative/context-specific links before finalising a care plan.,Compatibility primary selected for the diagnosis; consider alternative/context-specific links before finalising a care plan.,Mapeamento primário de compatibilidade selecionado para o diagnóstico; considerar vínculos alternativos/específicos ao contexto antes de finalizar o plano de cuidados.,high,curated_current_edition,es,Institutional Spanish NIC 8th edition source reviewed; current code/label cross-check against NIC 8th current classification listing; https://www.salusplay.com/blog/clasificacion-completa-intervenciones-enfermeria-nic-2024/,,2026-09-07,"Selection remains patient/context dependent; use the licensed classification definitions, activities/indicators and scales."
00386,Impaired sexual function,Disfunção sexual,NOC,0119,Sexual Functioning,Funcionamento Sexual,"Nursing Outcomes Classification (NOC), 7th edition",primary,Compatibility primary selected for the diagnosis; consider alternative/context-specific links before finalising a care plan.,Compatibility primary selected for the diagnosis; consider alternative/context-specific links before finalising a care plan.,Mapeamento primário de compatibilidade selecionado para o diagnóstico; considerar vínculos alternativos/específicos ao contexto antes de finalizar o plano de cuidados.,high,curated_current_edition,es,Institutional Spanish NOC 7th edition source reviewed; current code/label cross-check against NOC 7th current classification listing; https://www.salusplay.com/apuntes/pae-y-diagnosticos-de-enfermeria-nanda-noc-y-nic/anexo-2-clasificacion-completa-de-resultados-de-enfermeria-noc-2024-8,,2026-09-07,"Selection remains patient/context dependent; use the licensed classification definitions, activities/indicators and scales."
00387,Excessive parental role conflict,Conflito excessivo nos papéis parentais,NIC,8300,Parenting Promotion,Promoção da Parentalidade,"Nursing Interventions Classification (NIC), 8th edition",primary,Compatibility primary selected for the diagnosis; consider alternative/context-specific links before finalising a care plan.,Compatibility primary selected for the diagnosis; consider alternative/context-specific links before finalising a care plan.,Mapeamento primário de compatibilidade selecionado para o diagnóstico; considerar vínculos alternativos/específicos ao contexto antes de finalizar o plano de cuidados.,high,curated_current_edition,es,Institutional Spanish NIC 8th edition source reviewed; current code/label cross-check against NIC 8th current classification listing; https://www.salusplay.com/blog/clasificacion-completa-intervenciones-enfermeria-nic-2024/,,2026-09-07,"Selection remains patient/context dependent; use the licensed classification definitions, activities/indicators and scales."
00387,Excessive parental role conflict,Conflito excessivo nos papéis parentais,NOC,2211,Parenting Performance,Desempenho da Parentalidade,"Nursing Outcomes Classification (NOC), 7th edition",primary,Compatibility primary selected for the diagnosis; consider alternative/context-specific links before finalising a care plan.,Compatibility primary selected for the diagnosis; consider alternative/context-specific links before finalising a care plan.,Mapeamento primário de compatibilidade selecionado para o diagnóstico; considerar vínculos alternativos/específicos ao contexto antes de finalizar o plano de cuidados.,high,curated_current_edition,es,Institutional Spanish NOC 7th edition source reviewed; current code/label cross-check against NOC 7th current classification listing; https://www.salusplay.com/apuntes/pae-y-diagnosticos-de-enfermeria-nanda-noc-y-nic/anexo-2-clasificacion-completa-de-resultados-de-enfermeria-noc-2024-8,,2026-09-07,"Selection remains patient/context dependent; use the licensed classification definitions, activities/indicators and scales."
00388,Impaired family processes,Processos familiares prejudicados,NIC,7100,Family Integrity Promotion,Promoção da Integridade Familiar,"Nursing Interventions Classification (NIC), 8th edition",primary,Compatibility primary selected for the diagnosis; consider alternative/context-specific links before finalising a care plan.,Compatibility primary selected for the diagnosis; consider alternative/context-specific links before finalising a care plan.,Mapeamento primário de compatibilidade selecionado para o diagnóstico; considerar vínculos alternativos/específicos ao contexto antes de finalizar o plano de cuidados.,high,curated_current_edition,es,Institutional Spanish NIC 8th edition source reviewed; current code/label cross-check against NIC 8th current classification listing; https://www.salusplay.com/blog/clasificacion-completa-intervenciones-enfermeria-nic-2024/,,2026-09-07,"Selection remains patient/context dependent; use the licensed classification definitions, activities/indicators and scales."
00388,Impaired family processes,Processos familiares prejudicados,NOC,2602,Family Functioning,Funcionamento Familiar,"Nursing Outcomes Classification (NOC), 7th edition",primary,Compatibility primary selected for the diagnosis; consider alternative/context-specific links before finalising a care plan.,Compatibility primary selected for the diagnosis; consider alternative/context-specific links before finalising a care plan.,Mapeamento primário de compatibilidade selecionado para o diagnóstico; considerar vínculos alternativos/específicos ao contexto antes de finalizar o plano de cuidados.,high,curated_current_edition,es,Institutional Spanish NOC 7th edition source reviewed; current code/label cross-check against NOC 7th current classification listing; https://www.salusplay.com/apuntes/pae-y-diagnosticos-de-enfermeria-nanda-noc-y-nic/anexo-2-clasificacion-completa-de-resultados-de-enfermeria-noc-2024-8,,2026-09-07,"Selection remains patient/context dependent; use the licensed classification definitions, activities/indicators and scales."
00389,Disrupted family interaction patterns,Padrões de interação familiar perturbados,NIC,7100,Family Integrity Promotion,Promoção da Integridade Familiar,"Nursing Interventions Classification (NIC), 8th edition",primary,Compatibility primary selected for the diagnosis; consider alternative/context-specific links before finalising a care plan.,Compatibility primary selected for the diagnosis; consider alternative/context-specific links before finalising a care plan.,Mapeamento primário de compatibilidade selecionado para o diagnóstico; considerar vínculos alternativos/específicos ao contexto antes de finalizar o plano de cuidados.,high,curated_current_edition,es,Institutional Spanish NIC 8th edition source reviewed; current code/label cross-check against NIC 8th current classification listing; https://www.salusplay.com/blog/clasificacion-completa-intervenciones-enfermeria-nic-2024/,,2026-09-07,"Selection remains patient/context dependent; use the licensed classification definitions, activities/indicators and scales."
00389,Disrupted family interaction patterns,Padrões de interação familiar perturbados,NOC,2602,Family Functioning,Funcionamento Familiar,"Nursing Outcomes Classification (NOC), 7th edition",primary,Compatibility primary selected for the diagnosis; consider alternative/context-specific links before finalising a care plan.,Compatibility primary selected for the diagnosis; consider alternative/context-specific links before finalising a care plan.,Mapeamento primário de compatibilidade selecionado para o diagnóstico; considerar vínculos alternativos/específicos ao contexto antes de finalizar o plano de cuidados.,high,curated_current_edition,es,Institutional Spanish NOC 7th edition source reviewed; current code/label cross-check against NOC 7th current classification listing; https://www.salusplay.com/apuntes/pae-y-diagnosticos-de-enfermeria-nanda-noc-y-nic/anexo-2-clasificacion-completa-de-resultados-de-enfermeria-noc-2024-8,,2026-09-07,"Selection remains patient/context dependent; use the licensed classification definitions, activities/indicators and scales."
00390,Excessive fear,Medo excessivo,NIC,5230,Coping Enhancement,Melhora do Enfrentamento,"Nursing Interventions Classification (NIC), 8th edition",primary,Compatibility primary selected for the diagnosis; consider alternative/context-specific links before finalising a care plan.,Compatibility primary selected for the diagnosis; consider alternative/context-specific links before finalising a care plan.,Mapeamento primário de compatibilidade selecionado para o diagnóstico; considerar vínculos alternativos/específicos ao contexto antes de finalizar o plano de cuidados.,high,curated_current_edition,es,Institutional Spanish NIC 8th edition source reviewed; current code/label cross-check against NIC 8th current classification listing; https://www.salusplay.com/blog/clasificacion-completa-intervenciones-enfermeria-nic-2024/,,2026-09-07,"Selection remains patient/context dependent; use the licensed classification definitions, activities/indicators and scales."
00390,Excessive fear,Medo excessivo,NOC,1210,Fear Level,Nível de Medo,"Nursing Outcomes Classification (NOC), 7th edition",primary,Compatibility primary selected for the diagnosis; consider alternative/context-specific links before finalising a care plan.,Compatibility primary selected for the diagnosis; consider alternative/context-specific links before finalising a care plan.,Mapeamento primário de compatibilidade selecionado para o diagnóstico; considerar vínculos alternativos/específicos ao contexto antes de finalizar o plano de cuidados.,high,curated_current_edition,es,Institutional Spanish NOC 7th edition source reviewed; current code/label cross-check against NOC 7th current classification listing; https://www.salusplay.com/apuntes/pae-y-diagnosticos-de-enfermeria-nanda-noc-y-nic/anexo-2-clasificacion-completa-de-resultados-de-enfermeria-noc-2024-8,,2026-09-07,"Selection remains patient/context dependent; use the licensed classification definitions, activities/indicators and scales."
00394,Risk for excessive sedentary behaviours,Risco de comportamentos sedentários excessivos,NIC,0200,Exercise Promotion,Promoção do Exercício,"Nursing Interventions Classification (NIC), 8th edition",primary,Compatibility primary selected for the diagnosis; consider alternative/context-specific links before finalising a care plan.,Compatibility primary selected for the diagnosis; consider alternative/context-specific links before finalising a care plan.,Mapeamento primário de compatibilidade selecionado para o diagnóstico; considerar vínculos alternativos/específicos ao contexto antes de finalizar o plano de cuidados.,high,curated_current_edition,es,Institutional Spanish NIC 8th edition source reviewed; current code/label cross-check against NIC 8th current classification listing; https://www.salusplay.com/blog/clasificacion-completa-intervenciones-enfermeria-nic-2024/,,2026-09-07,"Selection remains patient/context dependent; use the licensed classification definitions, activities/indicators and scales."
00394,Risk for excessive sedentary behaviours,Risco de comportamentos sedentários excessivos,NOC,1633,Exercise Participation,Participação em Exercício,"Nursing Outcomes Classification (NOC), 7th edition",primary,Compatibility primary selected for the diagnosis; consider alternative/context-specific links before finalising a care plan.,Compatibility primary selected for the diagnosis; consider alternative/context-specific links before finalising a care plan.,Mapeamento primário de compatibilidade selecionado para o diagnóstico; considerar vínculos alternativos/específicos ao contexto antes de finalizar o plano de cuidados.,high,curated_current_edition,es,Institutional Spanish NOC 7th edition source reviewed; current code/label cross-check against NOC 7th current classification listing; https://www.salusplay.com/apuntes/pae-y-diagnosticos-de-enfermeria-nanda-noc-y-nic/anexo-2-clasificacion-completa-de-resultados-de-enfermeria-noc-2024-8,,2026-09-07,"Selection remains patient/context dependent; use the licensed classification definitions, activities/indicators and scales."
00395,Risk for ineffective health maintenance behaviours,Risco de comportamentos ineficazes de manutenção da saúde,NIC,4480,Self-Responsibility Facilitation,Facilitação da Autorresponsabilidade,"Nursing Interventions Classification (NIC), 8th edition",primary,Compatibility primary selected for the diagnosis; consider alternative/context-specific links before finalising a care plan.,Compatibility primary selected for the diagnosis; consider alternative/context-specific links before finalising a care plan.,Mapeamento primário de compatibilidade selecionado para o diagnóstico; considerar vínculos alternativos/específicos ao contexto antes de finalizar o plano de cuidados.,moderate,curated_current_edition,es,Institutional Spanish NIC 8th edition source reviewed; current code/label cross-check against NIC 8th current classification listing; https://www.salusplay.com/blog/clasificacion-completa-intervenciones-enfermeria-nic-2024/,,2026-09-07,"Selection remains patient/context dependent; use the licensed classification definitions, activities/indicators and scales."
00395,Risk for ineffective health maintenance behaviours,Risco de comportamentos ineficazes de manutenção da saúde,NOC,1602,Health Promoting Behaviour,Comportamento de Promoção da Saúde,"Nursing Outcomes Classification (NOC), 7th edition",primary,Compatibility primary selected for the diagnosis; consider alternative/context-specific links before finalising a care plan.,Compatibility primary selected for the diagnosis; consider alternative/context-specific links before finalising a care plan.,Mapeamento primário de compatibilidade selecionado para o diagnóstico; considerar vínculos alternativos/específicos ao contexto antes de finalizar o plano de cuidados.,moderate,curated_current_edition,es,Institutional Spanish NOC 7th edition source reviewed; current code/label cross-check against NOC 7th current classification listing; https://www.salusplay.com/apuntes/pae-y-diagnosticos-de-enfermeria-nanda-noc-y-nic/anexo-2-clasificacion-completa-de-resultados-de-enfermeria-noc-2024-8,,2026-09-07,"Selection remains patient/context dependent; use the licensed classification definitions, activities/indicators and scales."
00397,Ineffective fatigue self-management,Autogestão ineficaz da fadiga,NIC,0180,Energy Management,Controle de Energia,"Nursing Interventions Classification (NIC), 8th edition",primary,Compatibility primary selected for the diagnosis; consider alternative/context-specific links before finalising a care plan.,Compatibility primary selected for the diagnosis; consider alternative/context-specific links before finalising a care plan.,Mapeamento primário de compatibilidade selecionado para o diagnóstico; considerar vínculos alternativos/específicos ao contexto antes de finalizar o plano de cuidados.,high,curated_current_edition,es,Institutional Spanish NIC 8th edition source reviewed; current code/label cross-check against NIC 8th current classification listing; https://www.salusplay.com/blog/clasificacion-completa-intervenciones-enfermeria-nic-2024/,,2026-09-07,"Selection remains patient/context dependent; use the licensed classification definitions, activities/indicators and scales."
00397,Ineffective fatigue self-management,Autogestão ineficaz da fadiga,NOC,0007,Fatigue Level,Nível de Fadiga,"Nursing Outcomes Classification (NOC), 7th edition",primary,Compatibility primary selected for the diagnosis; consider alternative/context-specific links before finalising a care plan.,Compatibility primary selected for the diagnosis; consider alternative/context-specific links before finalising a care plan.,Mapeamento primário de compatibilidade selecionado para o diagnóstico; considerar vínculos alternativos/específicos ao contexto antes de finalizar o plano de cuidados.,high,curated_current_edition,es,Institutional Spanish NOC 7th edition source reviewed; current code/label cross-check against NOC 7th current classification listing; https://www.salusplay.com/apuntes/pae-y-diagnosticos-de-enfermeria-nanda-noc-y-nic/anexo-2-clasificacion-completa-de-resultados-de-enfermeria-noc-2024-8,,2026-09-07,"Selection remains patient/context dependent; use the licensed classification definitions, activities/indicators and scales."
00398,Ineffective overweight self-management,Autogestão ineficaz do excesso de peso,NIC,1280,Weight Reduction Assistance,Assistência na Redução de Peso,"Nursing Interventions Classification (NIC), 8th edition",primary,Compatibility primary selected for the diagnosis; consider alternative/context-specific links before finalising a care plan.,Compatibility primary selected for the diagnosis; consider alternative/context-specific links before finalising a care plan.,Mapeamento primário de compatibilidade selecionado para o diagnóstico; considerar vínculos alternativos/específicos ao contexto antes de finalizar o plano de cuidados.,high,curated_current_edition,es,Institutional Spanish NIC 8th edition source reviewed; current code/label cross-check against NIC 8th current classification listing; https://www.salusplay.com/blog/clasificacion-completa-intervenciones-enfermeria-nic-2024/,,2026-09-07,"Selection remains patient/context dependent; use the licensed classification definitions, activities/indicators and scales."
00398,Ineffective overweight self-management,Autogestão ineficaz do excesso de peso,NOC,1627,Weight Loss Behaviour,Comportamento de Perda de Peso,"Nursing Outcomes Classification (NOC), 7th edition",primary,Compatibility primary selected for the diagnosis; consider alternative/context-specific links before finalising a care plan.,Compatibility primary selected for the diagnosis; consider alternative/context-specific links before finalising a care plan.,Mapeamento primário de compatibilidade selecionado para o diagnóstico; considerar vínculos alternativos/específicos ao contexto antes de finalizar o plano de cuidados.,high,curated_current_edition,es,Institutional Spanish NOC 7th edition source reviewed; current code/label cross-check against NOC 7th current classification listing; https://www.salusplay.com/apuntes/pae-y-diagnosticos-de-enfermeria-nanda-noc-y-nic/anexo-2-clasificacion-completa-de-resultados-de-enfermeria-noc-2024-8,,2026-09-07,"Selection remains patient/context dependent; use the licensed classification definitions, activities/indicators and scales."
00399,Excessive death anxiety,Ansiedade excessiva em relação à morte,NIC,5820,Anxiety Reduction,Redução da Ansiedade,"Nursing Interventions Classification (NIC), 8th edition",primary,Compatibility primary selected for the diagnosis; consider alternative/context-specific links before finalising a care plan.,Compatibility primary selected for the diagnosis; consider alternative/context-specific links before finalising a care plan.,Mapeamento primário de compatibilidade selecionado para o diagnóstico; considerar vínculos alternativos/específicos ao contexto antes de finalizar o plano de cuidados.,high,curated_current_edition,es,Institutional Spanish NIC 8th edition source reviewed; current code/label cross-check against NIC 8th current classification listing; https://www.salusplay.com/blog/clasificacion-completa-intervenciones-enfermeria-nic-2024/,,2026-09-07,"Selection remains patient/context dependent; use the licensed classification definitions, activities/indicators and scales."
00399,Excessive death anxiety,Ansiedade excessiva em relação à morte,NOC,1211,Anxiety Level,Nível de Ansiedade,"Nursing Outcomes Classification (NOC), 7th edition",primary,Compatibility primary selected for the diagnosis; consider alternative/context-specific links before finalising a care plan.,Compatibility primary selected for the diagnosis; consider alternative/context-specific links before finalising a care plan.,Mapeamento primário de compatibilidade selecionado para o diagnóstico; considerar vínculos alternativos/específicos ao contexto antes de finalizar o plano de cuidados.,high,curated_current_edition,es,Institutional Spanish NOC 7th edition source reviewed; current code/label cross-check against NOC 7th current classification listing; https://www.salusplay.com/apuntes/pae-y-diagnosticos-de-enfermeria-nanda-noc-y-nic/anexo-2-clasificacion-completa-de-resultados-de-enfermeria-noc-2024-8,,2026-09-07,"Selection remains patient/context dependent; use the licensed classification definitions, activities/indicators and scales."
00400,Excessive anxiety,Ansiedade excessiva,NIC,5820,Anxiety Reduction,Redução da Ansiedade,"Nursing Interventions Classification (NIC), 8th edition",primary,Compatibility primary selected for the diagnosis; consider alternative/context-specific links before finalising a care plan.,Compatibility primary selected for the diagnosis; consider alternative/context-specific links before finalising a care plan.,Mapeamento primário de compatibilidade selecionado para o diagnóstico; considerar vínculos alternativos/específicos ao contexto antes de finalizar o plano de cuidados.,high,curated_current_edition,es,Institutional Spanish NIC 8th edition source reviewed; current code/label cross-check against NIC 8th current classification listing; https://www.salusplay.com/blog/clasificacion-completa-intervenciones-enfermeria-nic-2024/,,2026-09-07,"Selection remains patient/context dependent; use the licensed classification definitions, activities/indicators and scales."
00400,Excessive anxiety,Ansiedade excessiva,NOC,1211,Anxiety Level,Nível de Ansiedade,"Nursing Outcomes Classification (NOC), 7th edition",primary,Compatibility primary selected for the diagnosis; consider alternative/context-specific links before finalising a care plan.,Compatibility primary selected for the diagnosis; consider alternative/context-specific links before finalising a care plan.,Mapeamento primário de compatibilidade selecionado para o diagnóstico; considerar vínculos alternativos/específicos ao contexto antes de finalizar o plano de cuidados.,high,curated_current_edition,es,Institutional Spanish NOC 7th edition source reviewed; current code/label cross-check against NOC 7th current classification listing; https://www.salusplay.com/apuntes/pae-y-diagnosticos-de-enfermeria-nanda-noc-y-nic/anexo-2-clasificacion-completa-de-resultados-de-enfermeria-noc-2024-8,,2026-09-07,"Selection remains patient/context dependent; use the licensed classification definitions, activities/indicators and scales."
00401,Risk for excessive caregiving burden,Risco de sobrecarga de cuidados,NIC,7040,Caregiver Support,Apoio ao Cuidador,"Nursing Interventions Classification (NIC), 8th edition",primary,Compatibility primary selected for the diagnosis; consider alternative/context-specific links before finalising a care plan.,Compatibility primary selected for the diagnosis; consider alternative/context-specific links before finalising a care plan.,Mapeamento primário de compatibilidade selecionado para o diagnóstico; considerar vínculos alternativos/específicos ao contexto antes de finalizar o plano de cuidados.,high,curated_current_edition,es,Institutional Spanish NIC 8th edition source reviewed; current code/label cross-check against NIC 8th current classification listing; https://www.salusplay.com/blog/clasificacion-completa-intervenciones-enfermeria-nic-2024/,,2026-09-07,"Selection remains patient/context dependent; use the licensed classification definitions, activities/indicators and scales."
00401,Risk for excessive caregiving burden,Risco de sobrecarga de cuidados,NOC,2210,Caregiver Role Endurance,Resistência no Papel de Cuidador,"Nursing Outcomes Classification (NOC), 7th edition",primary,Compatibility primary selected for the diagnosis; consider alternative/context-specific links before finalising a care plan.,Compatibility primary selected for the diagnosis; consider alternative/context-specific links before finalising a care plan.,Mapeamento primário de compatibilidade selecionado para o diagnóstico; considerar vínculos alternativos/específicos ao contexto antes de finalizar o plano de cuidados.,high,curated_current_edition,es,Institutional Spanish NOC 7th edition source reviewed; current code/label cross-check against NOC 7th current classification listing; https://www.salusplay.com/apuntes/pae-y-diagnosticos-de-enfermeria-nanda-noc-y-nic/anexo-2-clasificacion-completa-de-resultados-de-enfermeria-noc-2024-8,,2026-09-07,"Selection remains patient/context dependent; use the licensed classification definitions, activities/indicators and scales."
00402,Risk for occupational physical injury,Risco de lesões físicas ocupacionais,NIC,6610,Risk Identification,Identificação de Risco,"Nursing Interventions Classification (NIC), 8th edition",primary,Compatibility primary selected for the diagnosis; consider alternative/context-specific links before finalising a care plan.,Compatibility primary selected for the diagnosis; consider alternative/context-specific links before finalising a care plan.,Mapeamento primário de compatibilidade selecionado para o diagnóstico; considerar vínculos alternativos/específicos ao contexto antes de finalizar o plano de cuidados.,high,curated_current_edition,es,Institutional Spanish NIC 8th edition source reviewed; current code/label cross-check against NIC 8th current classification listing; https://www.salusplay.com/blog/clasificacion-completa-intervenciones-enfermeria-nic-2024/,,2026-09-07,"Selection remains patient/context dependent; use the licensed classification definitions, activities/indicators and scales."
00402,Risk for occupational physical injury,Risco de lesões físicas ocupacionais,NOC,1908,Risk Detection,Detecção de Risco,"Nursing Outcomes Classification (NOC), 7th edition",primary,Compatibility primary selected for the diagnosis; consider alternative/context-specific links before finalising a care plan.,Compatibility primary selected for the diagnosis; consider alternative/context-specific links before finalising a care plan.,Mapeamento primário de compatibilidade selecionado para o diagnóstico; considerar vínculos alternativos/específicos ao contexto antes de finalizar o plano de cuidados.,high,curated_current_edition,es,Institutional Spanish NOC 7th edition source reviewed; current code/label cross-check against NOC 7th current classification listing; https://www.salusplay.com/apuntes/pae-y-diagnosticos-de-enfermeria-nanda-noc-y-nic/anexo-2-clasificacion-completa-de-resultados-de-enfermeria-noc-2024-8,,2026-09-07,"Selection remains patient/context dependent; use the licensed classification definitions, activities/indicators and scales."
00404,Risk for occupational illness,Risco de doenças ocupacionais,NIC,6610,Risk Identification,Identificação de Risco,"Nursing Interventions Classification (NIC), 8th edition",primary,Compatibility primary selected for the diagnosis; consider alternative/context-specific links before finalising a care plan.,Compatibility primary selected for the diagnosis; consider alternative/context-specific links before finalising a care plan.,Mapeamento primário de compatibilidade selecionado para o diagnóstico; considerar vínculos alternativos/específicos ao contexto antes de finalizar o plano de cuidados.,high,curated_current_edition,es,Institutional Spanish NIC 8th edition source reviewed; current code/label cross-check against NIC 8th current classification listing; https://www.salusplay.com/blog/clasificacion-completa-intervenciones-enfermeria-nic-2024/,,2026-09-07,"Selection remains patient/context dependent; use the licensed classification definitions, activities/indicators and scales."
00404,Risk for occupational illness,Risco de doenças ocupacionais,NOC,1908,Risk Detection,Detecção de Risco,"Nursing Outcomes Classification (NOC), 7th edition",primary,Compatibility primary selected for the diagnosis; consider alternative/context-specific links before finalising a care plan.,Compatibility primary selected for the diagnosis; consider alternative/context-specific links before finalising a care plan.,Mapeamento primário de compatibilidade selecionado para o diagnóstico; considerar vínculos alternativos/específicos ao contexto antes de finalizar o plano de cuidados.,high,curated_current_edition,es,Institutional Spanish NOC 7th edition source reviewed; current code/label cross-check against NOC 7th current classification listing; https://www.salusplay.com/apuntes/pae-y-diagnosticos-de-enfermeria-nanda-noc-y-nic/anexo-2-clasificacion-completa-de-resultados-de-enfermeria-noc-2024-8,,2026-09-07,"Selection remains patient/context dependent; use the licensed classification definitions, activities/indicators and scales."
00405,Maladaptive coping,Enfrentamento desadaptativo,NIC,5230,Coping Enhancement,Melhora do Enfrentamento,"Nursing Interventions Classification (NIC), 8th edition",primary,Compatibility primary selected for the diagnosis; consider alternative/context-specific links before finalising a care plan.,Compatibility primary selected for the diagnosis; consider alternative/context-specific links before finalising a care plan.,Mapeamento primário de compatibilidade selecionado para o diagnóstico; considerar vínculos alternativos/específicos ao contexto antes de finalizar o plano de cuidados.,high,curated_current_edition,es,Institutional Spanish NIC 8th edition source reviewed; current code/label cross-check against NIC 8th current classification listing; https://www.salusplay.com/blog/clasificacion-completa-intervenciones-enfermeria-nic-2024/,,2026-09-07,"Selection remains patient/context dependent; use the licensed classification definitions, activities/indicators and scales."
00405,Maladaptive coping,Enfrentamento desadaptativo,NOC,1302,Coping,Enfrentamento,"Nursing Outcomes Classification (NOC), 7th edition",primary,Compatibility primary selected for the diagnosis; consider alternative/context-specific links before finalising a care plan.,Compatibility primary selected for the diagnosis; consider alternative/context-specific links before finalising a care plan.,Mapeamento primário de compatibilidade selecionado para o diagnóstico; considerar vínculos alternativos/específicos ao contexto antes de finalizar o plano de cuidados.,high,curated_current_edition,es,Institutional Spanish NOC 7th edition source reviewed; current code/label cross-check against NOC 7th current classification listing; https://www.salusplay.com/apuntes/pae-y-diagnosticos-de-enfermeria-nanda-noc-y-nic/anexo-2-clasificacion-completa-de-resultados-de-enfermeria-noc-2024-8,,2026-09-07,"Selection remains patient/context dependent; use the licensed classification definitions, activities/indicators and scales."
00406,Risk for ineffective chestfeeding,Risco de amamentação ineficaz,NIC,5244,Breastfeeding Counselling,Aconselhamento sobre Amamentação,"Nursing Interventions Classification (NIC), 8th edition",primary,Compatibility primary selected for the diagnosis; consider alternative/context-specific links before finalising a care plan.,Compatibility primary selected for the diagnosis; consider alternative/context-specific links before finalising a care plan.,Mapeamento primário de compatibilidade selecionado para o diagnóstico; considerar vínculos alternativos/específicos ao contexto antes de finalizar o plano de cuidados.,high,current_edition_verified,es,Institutional Spanish NIC 8th edition source reviewed; current code/label cross-check against NIC 8th current classification listing; https://www.salusplay.com/blog/clasificacion-completa-intervenciones-enfermeria-nic-2024/,,2026-09-07,"Selection remains patient/context dependent; use the licensed classification definitions, activities/indicators and scales."
00406,Risk for ineffective chestfeeding,Risco de amamentação ineficaz,NOC,1000,Breastfeeding Establishment: Infant,Estabelecimento da Amamentação: Lactente,"Nursing Outcomes Classification (NOC), 7th edition",primary,Compatibility primary selected for the diagnosis; consider alternative/context-specific links before finalising a care plan.,Compatibility primary selected for the diagnosis; consider alternative/context-specific links before finalising a care plan.,Mapeamento primário de compatibilidade selecionado para o diagnóstico; considerar vínculos alternativos/específicos ao contexto antes de finalizar o plano de cuidados.,high,curated_current_edition,es,Institutional Spanish NOC 7th edition source reviewed; current code/label cross-check against NOC 7th current classification listing; https://www.salusplay.com/apuntes/pae-y-diagnosticos-de-enfermeria-nanda-noc-y-nic/anexo-2-clasificacion-completa-de-resultados-de-enfermeria-noc-2024-8,,2026-09-07,"Selection remains patient/context dependent; use the licensed classification definitions, activities/indicators and scales."
00406,Risk for ineffective chestfeeding,Risco de amamentação ineficaz,NOC,1002,Breastfeeding Maintenance,Manutenção da Amamentação,"Nursing Outcomes Classification (NOC), 7th edition",alternative,Use when maintenance is the relevant risk/prevention outcome.,Use when maintenance is the relevant risk/prevention outcome.,Usar quando a manutenção da amamentação for o desfecho relevante de risco/prevenção.,high,contextual_current_edition,es,Institutional Spanish NOC 7th edition source reviewed; current code/label cross-check against NOC 7th current classification listing; https://www.salusplay.com/apuntes/pae-y-diagnosticos-de-enfermeria-nanda-noc-y-nic/anexo-2-clasificacion-completa-de-resultados-de-enfermeria-noc-2024-8,,2026-09-07,"Selection remains patient/context dependent; use the licensed classification definitions, activities/indicators and scales."
00407,Risk for ineffective sleep pattern,Risco de padrão de sono ineficaz,NIC,1850,Sleep Enhancement,Melhora do Sono,"Nursing Interventions Classification (NIC), 8th edition",primary,Compatibility primary selected for the diagnosis; consider alternative/context-specific links before finalising a care plan.,Compatibility primary selected for the diagnosis; consider alternative/context-specific links before finalising a care plan.,Mapeamento primário de compatibilidade selecionado para o diagnóstico; considerar vínculos alternativos/específicos ao contexto antes de finalizar o plano de cuidados.,high,curated_current_edition,es,Institutional Spanish NIC 8th edition source reviewed; current code/label cross-check against NIC 8th current classification listing; https://www.salusplay.com/blog/clasificacion-completa-intervenciones-enfermeria-nic-2024/,,2026-09-07,"Selection remains patient/context dependent; use the licensed classification definitions, activities/indicators and scales."
00407,Risk for ineffective sleep pattern,Risco de padrão de sono ineficaz,NOC,0004,Sleep,Sono,"Nursing Outcomes Classification (NOC), 7th edition",primary,Compatibility primary selected for the diagnosis; consider alternative/context-specific links before finalising a care plan.,Compatibility primary selected for the diagnosis; consider alternative/context-specific links before finalising a care plan.,Mapeamento primário de compatibilidade selecionado para o diagnóstico; considerar vínculos alternativos/específicos ao contexto antes de finalizar o plano de cuidados.,high,curated_current_edition,es,Institutional Spanish NOC 7th edition source reviewed; current code/label cross-check against NOC 7th current classification listing; https://www.salusplay.com/apuntes/pae-y-diagnosticos-de-enfermeria-nanda-noc-y-nic/anexo-2-clasificacion-completa-de-resultados-de-enfermeria-noc-2024-8,,2026-09-07,"Selection remains patient/context dependent; use the licensed classification definitions, activities/indicators and scales."
00408,Risk for ineffective sleep hygiene behaviours,Risco de comportamentos ineficazes de higiene do sono,NIC,1850,Sleep Enhancement,Melhora do Sono,"Nursing Interventions Classification (NIC), 8th edition",primary,Compatibility primary selected for the diagnosis; consider alternative/context-specific links before finalising a care plan.,Compatibility primary selected for the diagnosis; consider alternative/context-specific links before finalising a care plan.,Mapeamento primário de compatibilidade selecionado para o diagnóstico; considerar vínculos alternativos/específicos ao contexto antes de finalizar o plano de cuidados.,high,curated_current_edition,es,Institutional Spanish NIC 8th edition source reviewed; current code/label cross-check against NIC 8th current classification listing; https://www.salusplay.com/blog/clasificacion-completa-intervenciones-enfermeria-nic-2024/,,2026-09-07,"Selection remains patient/context dependent; use the licensed classification definitions, activities/indicators and scales."
00408,Risk for ineffective sleep hygiene behaviours,Risco de comportamentos ineficazes de higiene do sono,NOC,0004,Sleep,Sono,"Nursing Outcomes Classification (NOC), 7th edition",primary,Compatibility primary selected for the diagnosis; consider alternative/context-specific links before finalising a care plan.,Compatibility primary selected for the diagnosis; consider alternative/context-specific links before finalising a care plan.,Mapeamento primário de compatibilidade selecionado para o diagnóstico; considerar vínculos alternativos/específicos ao contexto antes de finalizar o plano de cuidados.,high,curated_current_edition,es,Institutional Spanish NOC 7th edition source reviewed; current code/label cross-check against NOC 7th current classification listing; https://www.salusplay.com/apuntes/pae-y-diagnosticos-de-enfermeria-nanda-noc-y-nic/anexo-2-clasificacion-completa-de-resultados-de-enfermeria-noc-2024-8,,2026-09-07,"Selection remains patient/context dependent; use the licensed classification definitions, activities/indicators and scales."
00409,Risk for inadequate nutritional intake,Risco de ingestão nutricional inadequada,NIC,1100,Nutrition Management,Controle da Nutrição,"Nursing Interventions Classification (NIC), 8th edition",primary,Compatibility primary selected for the diagnosis; consider alternative/context-specific links before finalising a care plan.,Compatibility primary selected for the diagnosis; consider alternative/context-specific links before finalising a care plan.,Mapeamento primário de compatibilidade selecionado para o diagnóstico; considerar vínculos alternativos/específicos ao contexto antes de finalizar o plano de cuidados.,high,curated_current_edition,es,Institutional Spanish NIC 8th edition source reviewed; current code/label cross-check against NIC 8th current classification listing; https://www.salusplay.com/blog/clasificacion-completa-intervenciones-enfermeria-nic-2024/,,2026-09-07,"Selection remains patient/context dependent; use the licensed classification definitions, activities/indicators and scales."
00409,Risk for inadequate nutritional intake,Risco de ingestão nutricional inadequada,NOC,1004,Nutritional Status,Estado Nutricional,"Nursing Outcomes Classification (NOC), 7th edition",primary,Compatibility primary selected for the diagnosis; consider alternative/context-specific links before finalising a care plan.,Compatibility primary selected for the diagnosis; consider alternative/context-specific links before finalising a care plan.,Mapeamento primário de compatibilidade selecionado para o diagnóstico; considerar vínculos alternativos/específicos ao contexto antes de finalizar o plano de cuidados.,high,curated_current_edition,es,Institutional Spanish NOC 7th edition source reviewed; current code/label cross-check against NOC 7th current classification listing; https://www.salusplay.com/apuntes/pae-y-diagnosticos-de-enfermeria-nanda-noc-y-nic/anexo-2-clasificacion-completa-de-resultados-de-enfermeria-noc-2024-8,,2026-09-07,"Selection remains patient/context dependent; use the licensed classification definitions, activities/indicators and scales."
00410,Risk for ineffective family health management,Risco de gestão ineficaz da saúde familiar,NIC,7110,Family Involvement Promotion,Promoção do Envolvimento Familiar,"Nursing Interventions Classification (NIC), 8th edition",primary,Compatibility primary selected for the diagnosis; consider alternative/context-specific links before finalising a care plan.,Compatibility primary selected for the diagnosis; consider alternative/context-specific links before finalising a care plan.,Mapeamento primário de compatibilidade selecionado para o diagnóstico; considerar vínculos alternativos/específicos ao contexto antes de finalizar o plano de cuidados.,high,curated_current_edition,es,Institutional Spanish NIC 8th edition source reviewed; current code/label cross-check against NIC 8th current classification listing; https://www.salusplay.com/blog/clasificacion-completa-intervenciones-enfermeria-nic-2024/,,2026-09-07,"Selection remains patient/context dependent; use the licensed classification definitions, activities/indicators and scales."
00410,Risk for ineffective family health management,Risco de gestão ineficaz da saúde familiar,NOC,2606,Family Health Status,Estado de Saúde Familiar,"Nursing Outcomes Classification (NOC), 7th edition",primary,Compatibility primary selected for the diagnosis; consider alternative/context-specific links before finalising a care plan.,Compatibility primary selected for the diagnosis; consider alternative/context-specific links before finalising a care plan.,Mapeamento primário de compatibilidade selecionado para o diagnóstico; considerar vínculos alternativos/específicos ao contexto antes de finalizar o plano de cuidados.,high,curated_current_edition,es,Institutional Spanish NOC 7th edition source reviewed; current code/label cross-check against NOC 7th current classification listing; https://www.salusplay.com/apuntes/pae-y-diagnosticos-de-enfermeria-nanda-noc-y-nic/anexo-2-clasificacion-completa-de-resultados-de-enfermeria-noc-2024-8,,2026-09-07,"Selection remains patient/context dependent; use the licensed classification definitions, activities/indicators and scales."
00411,Risk for inadequate health literacy,Risco de alfabetização em saúde inadequada,NIC,5515,Health Literacy Enhancement,Melhora da Literacia em Saúde,"Nursing Interventions Classification (NIC), 8th edition",primary,Compatibility primary selected for the diagnosis; consider alternative/context-specific links before finalising a care plan.,Compatibility primary selected for the diagnosis; consider alternative/context-specific links before finalising a care plan.,Mapeamento primário de compatibilidade selecionado para o diagnóstico; considerar vínculos alternativos/específicos ao contexto antes de finalizar o plano de cuidados.,high,curated_current_edition,es,Institutional Spanish NIC 8th edition source reviewed; current code/label cross-check against NIC 8th current classification listing; https://www.salusplay.com/blog/clasificacion-completa-intervenciones-enfermeria-nic-2024/,,2026-09-07,"Selection remains patient/context dependent; use the licensed classification definitions, activities/indicators and scales."
00411,Risk for inadequate health literacy,Risco de alfabetização em saúde inadequada,NOC,2015,Health Literacy Behaviour,Comportamento de Literacia em Saúde,"Nursing Outcomes Classification (NOC), 7th edition",primary,Compatibility primary selected for the diagnosis; consider alternative/context-specific links before finalising a care plan.,Compatibility primary selected for the diagnosis; consider alternative/context-specific links before finalising a care plan.,Mapeamento primário de compatibilidade selecionado para o diagnóstico; considerar vínculos alternativos/específicos ao contexto antes de finalizar o plano de cuidados.,high,curated_current_edition,es,Institutional Spanish NOC 7th edition source reviewed; current code/label cross-check against NOC 7th current classification listing; https://www.salusplay.com/apuntes/pae-y-diagnosticos-de-enfermeria-nanda-noc-y-nic/anexo-2-clasificacion-completa-de-resultados-de-enfermeria-noc-2024-8,,2026-09-07,"Selection remains patient/context dependent; use the licensed classification definitions, activities/indicators and scales."
00412,Risk for ineffective dry mouth self-management,Risco de autogestão ineficaz da boca seca,NIC,1710,Oral Health Maintenance,Manutenção da Saúde Oral,"Nursing Interventions Classification (NIC), 8th edition",primary,Compatibility primary selected for the diagnosis; consider alternative/context-specific links before finalising a care plan.,Compatibility primary selected for the diagnosis; consider alternative/context-specific links before finalising a care plan.,Mapeamento primário de compatibilidade selecionado para o diagnóstico; considerar vínculos alternativos/específicos ao contexto antes de finalizar o plano de cuidados.,moderate,curated_current_edition,es,Institutional Spanish NIC 8th edition source reviewed; current code/label cross-check against NIC 8th current classification listing; https://www.salusplay.com/blog/clasificacion-completa-intervenciones-enfermeria-nic-2024/,,2026-09-07,"Selection remains patient/context dependent; use the licensed classification definitions, activities/indicators and scales."
00412,Risk for ineffective dry mouth self-management,Risco de autogestão ineficaz da boca seca,NOC,1100,Oral Health,Saúde Oral,"Nursing Outcomes Classification (NOC), 7th edition",primary,Compatibility primary selected for the diagnosis; consider alternative/context-specific links before finalising a care plan.,Compatibility primary selected for the diagnosis; consider alternative/context-specific links before finalising a care plan.,Mapeamento primário de compatibilidade selecionado para o diagnóstico; considerar vínculos alternativos/específicos ao contexto antes de finalizar o plano de cuidados.,moderate,curated_current_edition,es,Institutional Spanish NOC 7th edition source reviewed; current code/label cross-check against NOC 7th current classification listing; https://www.salusplay.com/apuntes/pae-y-diagnosticos-de-enfermeria-nanda-noc-y-nic/anexo-2-clasificacion-completa-de-resultados-de-enfermeria-noc-2024-8,,2026-09-07,"Selection remains patient/context dependent; use the licensed classification definitions, activities/indicators and scales."
00413,Risk for ineffective community health management,Risco de gestão ineficaz da saúde comunitária,NIC,8500,Community Health Development,Desenvolvimento da Saúde Comunitária,"Nursing Interventions Classification (NIC), 8th edition",primary,Compatibility primary selected for the diagnosis; consider alternative/context-specific links before finalising a care plan.,Compatibility primary selected for the diagnosis; consider alternative/context-specific links before finalising a care plan.,Mapeamento primário de compatibilidade selecionado para o diagnóstico; considerar vínculos alternativos/específicos ao contexto antes de finalizar o plano de cuidados.,high,curated_current_edition,es,Institutional Spanish NIC 8th edition source reviewed; current code/label cross-check against NIC 8th current classification listing; https://www.salusplay.com/blog/clasificacion-completa-intervenciones-enfermeria-nic-2024/,,2026-09-07,"Selection remains patient/context dependent; use the licensed classification definitions, activities/indicators and scales."
00413,Risk for ineffective community health management,Risco de gestão ineficaz da saúde comunitária,NOC,2701,Community Health Status,Estado de Saúde da Comunidade,"Nursing Outcomes Classification (NOC), 7th edition",primary,Compatibility primary selected for the diagnosis; consider alternative/context-specific links before finalising a care plan.,Compatibility primary selected for the diagnosis; consider alternative/context-specific links before finalising a care plan.,Mapeamento primário de compatibilidade selecionado para o diagnóstico; considerar vínculos alternativos/específicos ao contexto antes de finalizar o plano de cuidados.,high,curated_current_edition,es,Institutional Spanish NOC 7th edition source reviewed; current code/label cross-check against NOC 7th current classification listing; https://www.salusplay.com/apuntes/pae-y-diagnosticos-de-enfermeria-nanda-noc-y-nic/anexo-2-clasificacion-completa-de-resultados-de-enfermeria-noc-2024-8,,2026-09-07,"Selection remains patient/context dependent; use the licensed classification definitions, activities/indicators and scales."
00414,Risk for ineffective oral hygiene behaviours,Risco de comportamentos ineficazes de higiene oral,NIC,1720,Oral Health Promotion,Promoção da Saúde Oral,"Nursing Interventions Classification (NIC), 8th edition",primary,Compatibility primary selected for the diagnosis; consider alternative/context-specific links before finalising a care plan.,Compatibility primary selected for the diagnosis; consider alternative/context-specific links before finalising a care plan.,Mapeamento primário de compatibilidade selecionado para o diagnóstico; considerar vínculos alternativos/específicos ao contexto antes de finalizar o plano de cuidados.,high,curated_current_edition,es,Institutional Spanish NIC 8th edition source reviewed; current code/label cross-check against NIC 8th current classification listing; https://www.salusplay.com/blog/clasificacion-completa-intervenciones-enfermeria-nic-2024/,,2026-09-07,"Selection remains patient/context dependent; use the licensed classification definitions, activities/indicators and scales."
00414,Risk for ineffective oral hygiene behaviours,Risco de comportamentos ineficazes de higiene oral,NOC,0308,Self-Care Behaviour: Oral Hygiene,Comportamento de Autocuidado: Higiene Oral,"Nursing Outcomes Classification (NOC), 7th edition",primary,Compatibility primary selected for the diagnosis; consider alternative/context-specific links before finalising a care plan.,Compatibility primary selected for the diagnosis; consider alternative/context-specific links before finalising a care plan.,Mapeamento primário de compatibilidade selecionado para o diagnóstico; considerar vínculos alternativos/específicos ao contexto antes de finalizar o plano de cuidados.,high,curated_current_edition,es,Institutional Spanish NOC 7th edition source reviewed; current code/label cross-check against NOC 7th current classification listing; https://www.salusplay.com/apuntes/pae-y-diagnosticos-de-enfermeria-nanda-noc-y-nic/anexo-2-clasificacion-completa-de-resultados-de-enfermeria-noc-2024-8,,2026-09-07,"Selection remains patient/context dependent; use the licensed classification definitions, activities/indicators and scales."
00417,Readiness for enhanced sleep pattern,Preparação para um padrão de sono melhorado,NIC,1850,Sleep Enhancement,Melhora do Sono,"Nursing Interventions Classification (NIC), 8th edition",primary,Compatibility primary selected for the diagnosis; consider alternative/context-specific links before finalising a care plan.,Compatibility primary selected for the diagnosis; consider alternative/context-specific links before finalising a care plan.,Mapeamento primário de compatibilidade selecionado para o diagnóstico; considerar vínculos alternativos/específicos ao contexto antes de finalizar o plano de cuidados.,high,curated_current_edition,es,Institutional Spanish NIC 8th edition source reviewed; current code/label cross-check against NIC 8th current classification listing; https://www.salusplay.com/blog/clasificacion-completa-intervenciones-enfermeria-nic-2024/,,2026-09-07,"Selection remains patient/context dependent; use the licensed classification definitions, activities/indicators and scales."
00417,Readiness for enhanced sleep pattern,Preparação para um padrão de sono melhorado,NOC,0004,Sleep,Sono,"Nursing Outcomes Classification (NOC), 7th edition",primary,Compatibility primary selected for the diagnosis; consider alternative/context-specific links before finalising a care plan.,Compatibility primary selected for the diagnosis; consider alternative/context-specific links before finalising a care plan.,Mapeamento primário de compatibilidade selecionado para o diagnóstico; considerar vínculos alternativos/específicos ao contexto antes de finalizar o plano de cuidados.,high,curated_current_edition,es,Institutional Spanish NOC 7th edition source reviewed; current code/label cross-check against NOC 7th current classification listing; https://www.salusplay.com/apuntes/pae-y-diagnosticos-de-enfermeria-nanda-noc-y-nic/anexo-2-clasificacion-completa-de-resultados-de-enfermeria-noc-2024-8,,2026-09-07,"Selection remains patient/context dependent; use the licensed classification definitions, activities/indicators and scales."
00418,Ineffective pain self-management,Autogestão ineficaz da dor,NIC,1400,Pain Management,Controle da Dor,"Nursing Interventions Classification (NIC), 8th edition",primary,Compatibility primary selected for the diagnosis; consider alternative/context-specific links before finalising a care plan.,Compatibility primary selected for the diagnosis; consider alternative/context-specific links before finalising a care plan.,Mapeamento primário de compatibilidade selecionado para o diagnóstico; considerar vínculos alternativos/específicos ao contexto antes de finalizar o plano de cuidados.,high,curated_current_edition,es,Institutional Spanish NIC 8th edition source reviewed; current code/label cross-check against NIC 8th current classification listing; https://www.salusplay.com/blog/clasificacion-completa-intervenciones-enfermeria-nic-2024/,,2026-09-07,"Selection remains patient/context dependent; use the licensed classification definitions, activities/indicators and scales."
00418,Ineffective pain self-management,Autogestão ineficaz da dor,NOC,1605,Pain Control,Controle da Dor,"Nursing Outcomes Classification (NOC), 7th edition",primary,Compatibility primary selected for the diagnosis; consider alternative/context-specific links before finalising a care plan.,Compatibility primary selected for the diagnosis; consider alternative/context-specific links before finalising a care plan.,Mapeamento primário de compatibilidade selecionado para o diagnóstico; considerar vínculos alternativos/específicos ao contexto antes de finalizar o plano de cuidados.,high,curated_current_edition,es,Institutional Spanish NOC 7th edition source reviewed; current code/label cross-check against NOC 7th current classification listing; https://www.salusplay.com/apuntes/pae-y-diagnosticos-de-enfermeria-nanda-noc-y-nic/anexo-2-clasificacion-completa-de-resultados-de-enfermeria-noc-2024-8,,2026-09-07,"Selection remains patient/context dependent; use the licensed classification definitions, activities/indicators and scales."
00419,Readiness for enhanced nutritional intake,Prontidão para uma ingestão nutricional aprimorada,NIC,1100,Nutrition Management,Controle da Nutrição,"Nursing Interventions Classification (NIC), 8th edition",primary,Compatibility primary selected for the diagnosis; consider alternative/context-specific links before finalising a care plan.,Compatibility primary selected for the diagnosis; consider alternative/context-specific links before finalising a care plan.,Mapeamento primário de compatibilidade selecionado para o diagnóstico; considerar vínculos alternativos/específicos ao contexto antes de finalizar o plano de cuidados.,high,curated_current_edition,es,Institutional Spanish NIC 8th edition source reviewed; current code/label cross-check against NIC 8th current classification listing; https://www.salusplay.com/blog/clasificacion-completa-intervenciones-enfermeria-nic-2024/,,2026-09-07,"Selection remains patient/context dependent; use the licensed classification definitions, activities/indicators and scales."
00419,Readiness for enhanced nutritional intake,Prontidão para uma ingestão nutricional aprimorada,NOC,1004,Nutritional Status,Estado Nutricional,"Nursing Outcomes Classification (NOC), 7th edition",primary,Compatibility primary selected for the diagnosis; consider alternative/context-specific links before finalising a care plan.,Compatibility primary selected for the diagnosis; consider alternative/context-specific links before finalising a care plan.,Mapeamento primário de compatibilidade selecionado para o diagnóstico; considerar vínculos alternativos/específicos ao contexto antes de finalizar o plano de cuidados.,high,curated_current_edition,es,Institutional Spanish NOC 7th edition source reviewed; current code/label cross-check against NOC 7th current classification listing; https://www.salusplay.com/apuntes/pae-y-diagnosticos-de-enfermeria-nanda-noc-y-nic/anexo-2-clasificacion-completa-de-resultados-de-enfermeria-noc-2024-8,,2026-09-07,"Selection remains patient/context dependent; use the licensed classification definitions, activities/indicators and scales."
00420,Risk for inadequate fluid volume,Risco de volume inadequado de fluidos,NIC,4120,Fluid Management,Controle de Líquidos,"Nursing Interventions Classification (NIC), 8th edition",primary,Compatibility primary selected for the diagnosis; consider alternative/context-specific links before finalising a care plan.,Compatibility primary selected for the diagnosis; consider alternative/context-specific links before finalising a care plan.,Mapeamento primário de compatibilidade selecionado para o diagnóstico; considerar vínculos alternativos/específicos ao contexto antes de finalizar o plano de cuidados.,high,curated_current_edition,es,Institutional Spanish NIC 8th edition source reviewed; current code/label cross-check against NIC 8th current classification listing; https://www.salusplay.com/blog/clasificacion-completa-intervenciones-enfermeria-nic-2024/,,2026-09-07,"Selection remains patient/context dependent; use the licensed classification definitions, activities/indicators and scales."
00420,Risk for inadequate fluid volume,Risco de volume inadequado de fluidos,NOC,0602,Hydration,Hidratação,"Nursing Outcomes Classification (NOC), 7th edition",primary,Compatibility primary selected for the diagnosis; consider alternative/context-specific links before finalising a care plan.,Compatibility primary selected for the diagnosis; consider alternative/context-specific links before finalising a care plan.,Mapeamento primário de compatibilidade selecionado para o diagnóstico; considerar vínculos alternativos/específicos ao contexto antes de finalizar o plano de cuidados.,high,curated_current_edition,es,Institutional Spanish NOC 7th edition source reviewed; current code/label cross-check against NOC 7th current classification listing; https://www.salusplay.com/apuntes/pae-y-diagnosticos-de-enfermeria-nanda-noc-y-nic/anexo-2-clasificacion-completa-de-resultados-de-enfermeria-noc-2024-8,,2026-09-07,"Selection remains patient/context dependent; use the licensed classification definitions, activities/indicators and scales."
00421,Inadequate fluid volume,Volume de fluido inadequado,NIC,4120,Fluid Management,Controle de Líquidos,"Nursing Interventions Classification (NIC), 8th edition",primary,Compatibility primary selected for the diagnosis; consider alternative/context-specific links before finalising a care plan.,Compatibility primary selected for the diagnosis; consider alternative/context-specific links before finalising a care plan.,Mapeamento primário de compatibilidade selecionado para o diagnóstico; considerar vínculos alternativos/específicos ao contexto antes de finalizar o plano de cuidados.,high,curated_current_edition,es,Institutional Spanish NIC 8th edition source reviewed; current code/label cross-check against NIC 8th current classification listing; https://www.salusplay.com/blog/clasificacion-completa-intervenciones-enfermeria-nic-2024/,,2026-09-07,"Selection remains patient/context dependent; use the licensed classification definitions, activities/indicators and scales."
00421,Inadequate fluid volume,Volume de fluido inadequado,NOC,0602,Hydration,Hidratação,"Nursing Outcomes Classification (NOC), 7th edition",primary,Compatibility primary selected for the diagnosis; consider alternative/context-specific links before finalising a care plan.,Compatibility primary selected for the diagnosis; consider alternative/context-specific links before finalising a care plan.,Mapeamento primário de compatibilidade selecionado para o diagnóstico; considerar vínculos alternativos/específicos ao contexto antes de finalizar o plano de cuidados.,high,curated_current_edition,es,Institutional Spanish NOC 7th edition source reviewed; current code/label cross-check against NOC 7th current classification listing; https://www.salusplay.com/apuntes/pae-y-diagnosticos-de-enfermeria-nanda-noc-y-nic/anexo-2-clasificacion-completa-de-resultados-de-enfermeria-noc-2024-8,,2026-09-07,"Selection remains patient/context dependent; use the licensed classification definitions, activities/indicators and scales."
00422,Risk for impaired gastrointestinal motility,Risco de comprometimento da motilidade gastrointestinal,NIC,0430,Bowel Management,Controle Intestinal,"Nursing Interventions Classification (NIC), 8th edition",primary,Compatibility primary selected for the diagnosis; consider alternative/context-specific links before finalising a care plan.,Compatibility primary selected for the diagnosis; consider alternative/context-specific links before finalising a care plan.,Mapeamento primário de compatibilidade selecionado para o diagnóstico; considerar vínculos alternativos/específicos ao contexto antes de finalizar o plano de cuidados.,high,curated_current_edition,es,Institutional Spanish NIC 8th edition source reviewed; current code/label cross-check against NIC 8th current classification listing; https://www.salusplay.com/blog/clasificacion-completa-intervenciones-enfermeria-nic-2024/,,2026-09-07,"Selection remains patient/context dependent; use the licensed classification definitions, activities/indicators and scales."
00422,Risk for impaired gastrointestinal motility,Risco de comprometimento da motilidade gastrointestinal,NOC,1015,Gastrointestinal Function,Função Gastrointestinal,"Nursing Outcomes Classification (NOC), 7th edition",primary,Compatibility primary selected for the diagnosis; consider alternative/context-specific links before finalising a care plan.,Compatibility primary selected for the diagnosis; consider alternative/context-specific links before finalising a care plan.,Mapeamento primário de compatibilidade selecionado para o diagnóstico; considerar vínculos alternativos/específicos ao contexto antes de finalizar o plano de cuidados.,high,current_edition_verified,es,Institutional Spanish NOC 7th edition source reviewed; current code/label cross-check against NOC 7th current classification listing; https://www.salusplay.com/apuntes/pae-y-diagnosticos-de-enfermeria-nanda-noc-y-nic/anexo-2-clasificacion-completa-de-resultados-de-enfermeria-noc-2024-8,,2026-09-07,"Selection remains patient/context dependent; use the licensed classification definitions, activities/indicators and scales."
00423,Impaired gastrointestinal motility,Motilidade gastrointestinal prejudicada,NIC,0430,Bowel Management,Controle Intestinal,"Nursing Interventions Classification (NIC), 8th edition",primary,Compatibility primary selected for the diagnosis; consider alternative/context-specific links before finalising a care plan.,Compatibility primary selected for the diagnosis; consider alternative/context-specific links before finalising a care plan.,Mapeamento primário de compatibilidade selecionado para o diagnóstico; considerar vínculos alternativos/específicos ao contexto antes de finalizar o plano de cuidados.,high,curated_current_edition,es,Institutional Spanish NIC 8th edition source reviewed; current code/label cross-check against NIC 8th current classification listing; https://www.salusplay.com/blog/clasificacion-completa-intervenciones-enfermeria-nic-2024/,,2026-09-07,"Selection remains patient/context dependent; use the licensed classification definitions, activities/indicators and scales."
00423,Impaired gastrointestinal motility,Motilidade gastrointestinal prejudicada,NOC,1015,Gastrointestinal Function,Função Gastrointestinal,"Nursing Outcomes Classification (NOC), 7th edition",primary,Compatibility primary selected for the diagnosis; consider alternative/context-specific links before finalising a care plan.,Compatibility primary selected for the diagnosis; consider alternative/context-specific links before finalising a care plan.,Mapeamento primário de compatibilidade selecionado para o diagnóstico; considerar vínculos alternativos/específicos ao contexto antes de finalizar o plano de cuidados.,high,current_edition_verified,es,Institutional Spanish NOC 7th edition source reviewed; current code/label cross-check against NOC 7th current classification listing; https://www.salusplay.com/apuntes/pae-y-diagnosticos-de-enfermeria-nanda-noc-y-nic/anexo-2-clasificacion-completa-de-resultados-de-enfermeria-noc-2024-8,,2026-09-07,"Selection remains patient/context dependent; use the licensed classification definitions, activities/indicators and scales."
00424,Impaired fecal continence,Incontinência fecal prejudicada,NIC,0410,Bowel Incontinence Care,Cuidados na Incontinência Intestinal,"Nursing Interventions Classification (NIC), 8th edition",primary,Compatibility primary selected for the diagnosis; consider alternative/context-specific links before finalising a care plan.,Compatibility primary selected for the diagnosis; consider alternative/context-specific links before finalising a care plan.,Mapeamento primário de compatibilidade selecionado para o diagnóstico; considerar vínculos alternativos/específicos ao contexto antes de finalizar o plano de cuidados.,high,curated_current_edition,es,Institutional Spanish NIC 8th edition source reviewed; current code/label cross-check against NIC 8th current classification listing; https://www.salusplay.com/blog/clasificacion-completa-intervenciones-enfermeria-nic-2024/,,2026-09-07,"Selection remains patient/context dependent; use the licensed classification definitions, activities/indicators and scales."
00424,Impaired fecal continence,Incontinência fecal prejudicada,NOC,0500,Bowel Continence,Continência Intestinal,"Nursing Outcomes Classification (NOC), 7th edition",primary,Compatibility primary selected for the diagnosis; consider alternative/context-specific links before finalising a care plan.,Compatibility primary selected for the diagnosis; consider alternative/context-specific links before finalising a care plan.,Mapeamento primário de compatibilidade selecionado para o diagnóstico; considerar vínculos alternativos/específicos ao contexto antes de finalizar o plano de cuidados.,high,curated_current_edition,es,Institutional Spanish NOC 7th edition source reviewed; current code/label cross-check against NOC 7th current classification listing; https://www.salusplay.com/apuntes/pae-y-diagnosticos-de-enfermeria-nanda-noc-y-nic/anexo-2-clasificacion-completa-de-resultados-de-enfermeria-noc-2024-8,,2026-09-07,"Selection remains patient/context dependent; use the licensed classification definitions, activities/indicators and scales."
00425,Risk for impaired peripheral neurovascular function,Risco de comprometimento da função neurovascular periférica,NIC,2660,Peripheral Sensation Management,Controle da Sensibilidade Periférica,"Nursing Interventions Classification (NIC), 8th edition",primary,Compatibility primary selected for the diagnosis; consider alternative/context-specific links before finalising a care plan.,Compatibility primary selected for the diagnosis; consider alternative/context-specific links before finalising a care plan.,Mapeamento primário de compatibilidade selecionado para o diagnóstico; considerar vínculos alternativos/específicos ao contexto antes de finalizar o plano de cuidados.,high,curated_current_edition,es,Institutional Spanish NIC 8th edition source reviewed; current code/label cross-check against NIC 8th current classification listing; https://www.salusplay.com/blog/clasificacion-completa-intervenciones-enfermeria-nic-2024/,,2026-09-07,"Selection remains patient/context dependent; use the licensed classification definitions, activities/indicators and scales."
00425,Risk for impaired peripheral neurovascular function,Risco de comprometimento da função neurovascular periférica,NOC,0917,Neurological Status: Peripheral,Estado Neurológico: Periférico,"Nursing Outcomes Classification (NOC), 7th edition",primary,Compatibility primary selected for the diagnosis; consider alternative/context-specific links before finalising a care plan.,Compatibility primary selected for the diagnosis; consider alternative/context-specific links before finalising a care plan.,Mapeamento primário de compatibilidade selecionado para o diagnóstico; considerar vínculos alternativos/específicos ao contexto antes de finalizar o plano de cuidados.,high,curated_current_edition,es,Institutional Spanish NOC 7th edition source reviewed; current code/label cross-check against NOC 7th current classification listing; https://www.salusplay.com/apuntes/pae-y-diagnosticos-de-enfermeria-nanda-noc-y-nic/anexo-2-clasificacion-completa-de-resultados-de-enfermeria-noc-2024-8,,2026-09-07,"Selection remains patient/context dependent; use the licensed classification definitions, activities/indicators and scales."
00429,Impaired decision-making,Comprometimento na tomada de decisões,NIC,5250,Decision-Making Support,Apoio à Tomada de Decisão,"Nursing Interventions Classification (NIC), 8th edition",primary,Compatibility primary selected for the diagnosis; consider alternative/context-specific links before finalising a care plan.,Compatibility primary selected for the diagnosis; consider alternative/context-specific links before finalising a care plan.,Mapeamento primário de compatibilidade selecionado para o diagnóstico; considerar vínculos alternativos/específicos ao contexto antes de finalizar o plano de cuidados.,high,curated_current_edition,es,Institutional Spanish NIC 8th edition source reviewed; current code/label cross-check against NIC 8th current classification listing; https://www.salusplay.com/blog/clasificacion-completa-intervenciones-enfermeria-nic-2024/,,2026-09-07,"Selection remains patient/context dependent; use the licensed classification definitions, activities/indicators and scales."
00429,Impaired decision-making,Comprometimento na tomada de decisões,NOC,0906,Decision-Making,Tomada de Decisão,"Nursing Outcomes Classification (NOC), 7th edition",primary,Compatibility primary selected for the diagnosis; consider alternative/context-specific links before finalising a care plan.,Compatibility primary selected for the diagnosis; consider alternative/context-specific links before finalising a care plan.,Mapeamento primário de compatibilidade selecionado para o diagnóstico; considerar vínculos alternativos/específicos ao contexto antes de finalizar o plano de cuidados.,high,curated_current_edition,es,Institutional Spanish NOC 7th edition source reviewed; current code/label cross-check against NOC 7th current classification listing; https://www.salusplay.com/apuntes/pae-y-diagnosticos-de-enfermeria-nanda-noc-y-nic/anexo-2-clasificacion-completa-de-resultados-de-enfermeria-noc-2024-8,,2026-09-07,"Selection remains patient/context dependent; use the licensed classification definitions, activities/indicators and scales."
00430,Impaired adult ventilatory weaning response,Resposta prejudicada ao desmame ventilatório em adultos,NIC,3390,Ventilation Assistance,Assistência Ventilatória,"Nursing Interventions Classification (NIC), 8th edition",primary,Compatibility primary selected for the diagnosis; consider alternative/context-specific links before finalising a care plan.,Compatibility primary selected for the diagnosis; consider alternative/context-specific links before finalising a care plan.,Mapeamento primário de compatibilidade selecionado para o diagnóstico; considerar vínculos alternativos/específicos ao contexto antes de finalizar o plano de cuidados.,high,curated_current_edition,es,Institutional Spanish NIC 8th edition source reviewed; current code/label cross-check against NIC 8th current classification listing; https://www.salusplay.com/blog/clasificacion-completa-intervenciones-enfermeria-nic-2024/,,2026-09-07,"Selection remains patient/context dependent; use the licensed classification definitions, activities/indicators and scales."
00430,Impaired adult ventilatory weaning response,Resposta prejudicada ao desmame ventilatório em adultos,NOC,0403,Respiratory Status: Ventilation,Estado Respiratório: Ventilação,"Nursing Outcomes Classification (NOC), 7th edition",primary,Compatibility primary selected for the diagnosis; consider alternative/context-specific links before finalising a care plan.,Compatibility primary selected for the diagnosis; consider alternative/context-specific links before finalising a care plan.,Mapeamento primário de compatibilidade selecionado para o diagnóstico; considerar vínculos alternativos/específicos ao contexto antes de finalizar o plano de cuidados.,high,curated_current_edition,es,Institutional Spanish NOC 7th edition source reviewed; current code/label cross-check against NOC 7th current classification listing; https://www.salusplay.com/apuntes/pae-y-diagnosticos-de-enfermeria-nanda-noc-y-nic/anexo-2-clasificacion-completa-de-resultados-de-enfermeria-noc-2024-8,,2026-09-07,"Selection remains patient/context dependent; use the licensed classification definitions, activities/indicators and scales."
00431,Impaired child ventilatory weaning response,Resposta prejudicada ao desmame ventilatório em crianças,NIC,3390,Ventilation Assistance,Assistência Ventilatória,"Nursing Interventions Classification (NIC), 8th edition",primary,Compatibility primary selected for the diagnosis; consider alternative/context-specific links before finalising a care plan.,Compatibility primary selected for the diagnosis; consider alternative/context-specific links before finalising a care plan.,Mapeamento primário de compatibilidade selecionado para o diagnóstico; considerar vínculos alternativos/específicos ao contexto antes de finalizar o plano de cuidados.,high,curated_current_edition,es,Institutional Spanish NIC 8th edition source reviewed; current code/label cross-check against NIC 8th current classification listing; https://www.salusplay.com/blog/clasificacion-completa-intervenciones-enfermeria-nic-2024/,,2026-09-07,"Selection remains patient/context dependent; use the licensed classification definitions, activities/indicators and scales."
00431,Impaired child ventilatory weaning response,Resposta prejudicada ao desmame ventilatório em crianças,NOC,0403,Respiratory Status: Ventilation,Estado Respiratório: Ventilação,"Nursing Outcomes Classification (NOC), 7th edition",primary,Compatibility primary selected for the diagnosis; consider alternative/context-specific links before finalising a care plan.,Compatibility primary selected for the diagnosis; consider alternative/context-specific links before finalising a care plan.,Mapeamento primário de compatibilidade selecionado para o diagnóstico; considerar vínculos alternativos/específicos ao contexto antes de finalizar o plano de cuidados.,high,curated_current_edition,es,Institutional Spanish NOC 7th edition source reviewed; current code/label cross-check against NOC 7th current classification listing; https://www.salusplay.com/apuntes/pae-y-diagnosticos-de-enfermeria-nanda-noc-y-nic/anexo-2-clasificacion-completa-de-resultados-de-enfermeria-noc-2024-8,,2026-09-07,"Selection remains patient/context dependent; use the licensed classification definitions, activities/indicators and scales."
00434,Risk for impaired verbal communication,Risco de comprometimento da comunicação verbal,NIC,4976,Communication Enhancement: Speech Deficit,Melhora da Comunicação: Déficit da Fala,"Nursing Interventions Classification (NIC), 8th edition",primary,Compatibility primary selected for the diagnosis; consider alternative/context-specific links before finalising a care plan.,Compatibility primary selected for the diagnosis; consider alternative/context-specific links before finalising a care plan.,Mapeamento primário de compatibilidade selecionado para o diagnóstico; considerar vínculos alternativos/específicos ao contexto antes de finalizar o plano de cuidados.,high,curated_current_edition,es,Institutional Spanish NIC 8th edition source reviewed; current code/label cross-check against NIC 8th current classification listing; https://www.salusplay.com/blog/clasificacion-completa-intervenciones-enfermeria-nic-2024/,,2026-09-07,"Selection remains patient/context dependent; use the licensed classification definitions, activities/indicators and scales."
00434,Risk for impaired verbal communication,Risco de comprometimento da comunicação verbal,NOC,0902,Communication,Comunicação,"Nursing Outcomes Classification (NOC), 7th edition",primary,Compatibility primary selected for the diagnosis; consider alternative/context-specific links before finalising a care plan.,Compatibility primary selected for the diagnosis; consider alternative/context-specific links before finalising a care plan.,Mapeamento primário de compatibilidade selecionado para o diagnóstico; considerar vínculos alternativos/específicos ao contexto antes de finalizar o plano de cuidados.,high,curated_current_edition,es,Institutional Spanish NOC 7th edition source reviewed; current code/label cross-check against NOC 7th current classification listing; https://www.salusplay.com/apuntes/pae-y-diagnosticos-de-enfermeria-nanda-noc-y-nic/anexo-2-clasificacion-completa-de-resultados-de-enfermeria-noc-2024-8,,2026-09-07,"Selection remains patient/context dependent; use the licensed classification definitions, activities/indicators and scales."
00435,Inadequate health knowledge,Conhecimento inadequado sobre saúde,NIC,5602,Teaching: Disease Process,Ensino: Processo da Doença,"Nursing Interventions Classification (NIC), 8th edition",primary,Compatibility primary selected for the diagnosis; consider alternative/context-specific links before finalising a care plan.,Compatibility primary selected for the diagnosis; consider alternative/context-specific links before finalising a care plan.,Mapeamento primário de compatibilidade selecionado para o diagnóstico; considerar vínculos alternativos/específicos ao contexto antes de finalizar o plano de cuidados.,high,curated_current_edition,es,Institutional Spanish NIC 8th edition source reviewed; current code/label cross-check against NIC 8th current classification listing; https://www.salusplay.com/blog/clasificacion-completa-intervenciones-enfermeria-nic-2024/,,2026-09-07,"Selection remains patient/context dependent; use the licensed classification definitions, activities/indicators and scales."
00435,Inadequate health knowledge,Conhecimento inadequado sobre saúde,NOC,1803,Knowledge: Disease Management,Conhecimento: Controle da Doença,"Nursing Outcomes Classification (NOC), 7th edition",primary,Compatibility primary selected for the diagnosis; consider alternative/context-specific links before finalising a care plan.,Compatibility primary selected for the diagnosis; consider alternative/context-specific links before finalising a care plan.,Mapeamento primário de compatibilidade selecionado para o diagnóstico; considerar vínculos alternativos/específicos ao contexto antes de finalizar o plano de cuidados.,high,curated_current_edition,es,Institutional Spanish NOC 7th edition source reviewed; current code/label cross-check against NOC 7th current classification listing; https://www.salusplay.com/apuntes/pae-y-diagnosticos-de-enfermeria-nanda-noc-y-nic/anexo-2-clasificacion-completa-de-resultados-de-enfermeria-noc-2024-8,,2026-09-07,"Selection remains patient/context dependent; use the licensed classification definitions, activities/indicators and scales."
00436,Impaired parenting behaviours,Comportamentos parentais problemáticos,NIC,8300,Parenting Promotion,Promoção da Parentalidade,"Nursing Interventions Classification (NIC), 8th edition",primary,Compatibility primary selected for the diagnosis; consider alternative/context-specific links before finalising a care plan.,Compatibility primary selected for the diagnosis; consider alternative/context-specific links before finalising a care plan.,Mapeamento primário de compatibilidade selecionado para o diagnóstico; considerar vínculos alternativos/específicos ao contexto antes de finalizar o plano de cuidados.,high,curated_current_edition,es,Institutional Spanish NIC 8th edition source reviewed; current code/label cross-check against NIC 8th current classification listing; https://www.salusplay.com/blog/clasificacion-completa-intervenciones-enfermeria-nic-2024/,,2026-09-07,"Selection remains patient/context dependent; use the licensed classification definitions, activities/indicators and scales."
00436,Impaired parenting behaviours,Comportamentos parentais problemáticos,NOC,2211,Parenting Performance,Desempenho da Parentalidade,"Nursing Outcomes Classification (NOC), 7th edition",primary,Compatibility primary selected for the diagnosis; consider alternative/context-specific links before finalising a care plan.,Compatibility primary selected for the diagnosis; consider alternative/context-specific links before finalising a care plan.,Mapeamento primário de compatibilidade selecionado para o diagnóstico; considerar vínculos alternativos/específicos ao contexto antes de finalizar o plano de cuidados.,high,curated_current_edition,es,Institutional Spanish NOC 7th edition source reviewed; current code/label cross-check against NOC 7th current classification listing; https://www.salusplay.com/apuntes/pae-y-diagnosticos-de-enfermeria-nanda-noc-y-nic/anexo-2-clasificacion-completa-de-resultados-de-enfermeria-noc-2024-8,,2026-09-07,"Selection remains patient/context dependent; use the licensed classification definitions, activities/indicators and scales."
00437,Risk for impaired parenting behaviours,Risco de comportamentos parentais problemáticos,NIC,8300,Parenting Promotion,Promoção da Parentalidade,"Nursing Interventions Classification (NIC), 8th edition",primary,Compatibility primary selected for the diagnosis; consider alternative/context-specific links before finalising a care plan.,Compatibility primary selected for the diagnosis; consider alternative/context-specific links before finalising a care plan.,Mapeamento primário de compatibilidade selecionado para o diagnóstico; considerar vínculos alternativos/específicos ao contexto antes de finalizar o plano de cuidados.,high,curated_current_edition,es,Institutional Spanish NIC 8th edition source reviewed; current code/label cross-check against NIC 8th current classification listing; https://www.salusplay.com/blog/clasificacion-completa-intervenciones-enfermeria-nic-2024/,,2026-09-07,"Selection remains patient/context dependent; use the licensed classification definitions, activities/indicators and scales."
00437,Risk for impaired parenting behaviours,Risco de comportamentos parentais problemáticos,NOC,2211,Parenting Performance,Desempenho da Parentalidade,"Nursing Outcomes Classification (NOC), 7th edition",primary,Compatibility primary selected for the diagnosis; consider alternative/context-specific links before finalising a care plan.,Compatibility primary selected for the diagnosis; consider alternative/context-specific links before finalising a care plan.,Mapeamento primário de compatibilidade selecionado para o diagnóstico; considerar vínculos alternativos/específicos ao contexto antes de finalizar o plano de cuidados.,high,curated_current_edition,es,Institutional Spanish NOC 7th edition source reviewed; current code/label cross-check against NOC 7th current classification listing; https://www.salusplay.com/apuntes/pae-y-diagnosticos-de-enfermeria-nanda-noc-y-nic/anexo-2-clasificacion-completa-de-resultados-de-enfermeria-noc-2024-8,,2026-09-07,"Selection remains patient/context dependent; use the licensed classification definitions, activities/indicators and scales."
00438,Readiness for enhanced parenting behaviours,Prontidão para comportamentos parentais aprimorados,NIC,8300,Parenting Promotion,Promoção da Parentalidade,"Nursing Interventions Classification (NIC), 8th edition",primary,Compatibility primary selected for the diagnosis; consider alternative/context-specific links before finalising a care plan.,Compatibility primary selected for the diagnosis; consider alternative/context-specific links before finalising a care plan.,Mapeamento primário de compatibilidade selecionado para o diagnóstico; considerar vínculos alternativos/específicos ao contexto antes de finalizar o plano de cuidados.,high,curated_current_edition,es,Institutional Spanish NIC 8th edition source reviewed; current code/label cross-check against NIC 8th current classification listing; https://www.salusplay.com/blog/clasificacion-completa-intervenciones-enfermeria-nic-2024/,,2026-09-07,"Selection remains patient/context dependent; use the licensed classification definitions, activities/indicators and scales."
00438,Readiness for enhanced parenting behaviours,Prontidão para comportamentos parentais aprimorados,NOC,2211,Parenting Performance,Desempenho da Parentalidade,"Nursing Outcomes Classification (NOC), 7th edition",primary,Compatibility primary selected for the diagnosis; consider alternative/context-specific links before finalising a care plan.,Compatibility primary selected for the diagnosis; consider alternative/context-specific links before finalising a care plan.,Mapeamento primário de compatibilidade selecionado para o diagnóstico; considerar vínculos alternativos/específicos ao contexto antes de finalizar o plano de cuidados.,high,curated_current_edition,es,Institutional Spanish NOC 7th edition source reviewed; current code/label cross-check against NOC 7th current classification listing; https://www.salusplay.com/apuntes/pae-y-diagnosticos-de-enfermeria-nanda-noc-y-nic/anexo-2-clasificacion-completa-de-resultados-de-enfermeria-noc-2024-8,,2026-09-07,"Selection remains patient/context dependent; use the licensed classification definitions, activities/indicators and scales."
00439,Risk for disrupted attachment behaviours,Risco de comportamentos de apego perturbado,NIC,7110,Family Involvement Promotion,Promoção do Envolvimento Familiar,"Nursing Interventions Classification (NIC), 8th edition",primary,Compatibility primary selected for the diagnosis; consider alternative/context-specific links before finalising a care plan.,Compatibility primary selected for the diagnosis; consider alternative/context-specific links before finalising a care plan.,Mapeamento primário de compatibilidade selecionado para o diagnóstico; considerar vínculos alternativos/específicos ao contexto antes de finalizar o plano de cuidados.,moderate,curated_current_edition,es,Institutional Spanish NIC 8th edition source reviewed; current code/label cross-check against NIC 8th current classification listing; https://www.salusplay.com/blog/clasificacion-completa-intervenciones-enfermeria-nic-2024/,,2026-09-07,"Selection remains patient/context dependent; use the licensed classification definitions, activities/indicators and scales."
00439,Risk for disrupted attachment behaviours,Risco de comportamentos de apego perturbado,NOC,1500,Parent-Infant Attachment,Vínculo Pais-Lactente,"Nursing Outcomes Classification (NOC), 7th edition",primary,Compatibility primary selected for the diagnosis; consider alternative/context-specific links before finalising a care plan.,Compatibility primary selected for the diagnosis; consider alternative/context-specific links before finalising a care plan.,Mapeamento primário de compatibilidade selecionado para o diagnóstico; considerar vínculos alternativos/específicos ao contexto antes de finalizar o plano de cuidados.,moderate,curated_current_edition,es,Institutional Spanish NOC 7th edition source reviewed; current code/label cross-check against NOC 7th current classification listing; https://www.salusplay.com/apuntes/pae-y-diagnosticos-de-enfermeria-nanda-noc-y-nic/anexo-2-clasificacion-completa-de-resultados-de-enfermeria-noc-2024-8,,2026-09-07,"Selection remains patient/context dependent; use the licensed classification definitions, activities/indicators and scales."
00440,Risk for disrupted family interaction patterns,Risco de padrões de interação familiar interrompidos,NIC,7100,Family Integrity Promotion,Promoção da Integridade Familiar,"Nursing Interventions Classification (NIC), 8th edition",primary,Compatibility primary selected for the diagnosis; consider alternative/context-specific links before finalising a care plan.,Compatibility primary selected for the diagnosis; consider alternative/context-specific links before finalising a care plan.,Mapeamento primário de compatibilidade selecionado para o diagnóstico; considerar vínculos alternativos/específicos ao contexto antes de finalizar o plano de cuidados.,high,curated_current_edition,es,Institutional Spanish NIC 8th edition source reviewed; current code/label cross-check against NIC 8th current classification listing; https://www.salusplay.com/blog/clasificacion-completa-intervenciones-enfermeria-nic-2024/,,2026-09-07,"Selection remains patient/context dependent; use the licensed classification definitions, activities/indicators and scales."
00440,Risk for disrupted family interaction patterns,Risco de padrões de interação familiar interrompidos,NOC,2602,Family Functioning,Funcionamento Familiar,"Nursing Outcomes Classification (NOC), 7th edition",primary,Compatibility primary selected for the diagnosis; consider alternative/context-specific links before finalising a care plan.,Compatibility primary selected for the diagnosis; consider alternative/context-specific links before finalising a care plan.,Mapeamento primário de compatibilidade selecionado para o diagnóstico; considerar vínculos alternativos/específicos ao contexto antes de finalizar o plano de cuidados.,high,curated_current_edition,es,Institutional Spanish NOC 7th edition source reviewed; current code/label cross-check against NOC 7th current classification listing; https://www.salusplay.com/apuntes/pae-y-diagnosticos-de-enfermeria-nanda-noc-y-nic/anexo-2-clasificacion-completa-de-resultados-de-enfermeria-noc-2024-8,,2026-09-07,"Selection remains patient/context dependent; use the licensed classification definitions, activities/indicators and scales."
00442,Readiness for enhanced self-care abilities,Prontidão para habilidades aprimoradas de autocuidado,NIC,1800,Self-Care Assistance,Assistência no Autocuidado,"Nursing Interventions Classification (NIC), 8th edition",primary,Compatibility primary selected for the diagnosis; consider alternative/context-specific links before finalising a care plan.,Compatibility primary selected for the diagnosis; consider alternative/context-specific links before finalising a care plan.,Mapeamento primário de compatibilidade selecionado para o diagnóstico; considerar vínculos alternativos/específicos ao contexto antes de finalizar o plano de cuidados.,high,curated_current_edition,es,Institutional Spanish NIC 8th edition source reviewed; current code/label cross-check against NIC 8th current classification listing; https://www.salusplay.com/blog/clasificacion-completa-intervenciones-enfermeria-nic-2024/,,2026-09-07,"Selection remains patient/context dependent; use the licensed classification definitions, activities/indicators and scales."
00442,Readiness for enhanced self-care abilities,Prontidão para habilidades aprimoradas de autocuidado,NOC,0300,Self-Care Behaviour: Activities of Daily Living,Comportamento de Autocuidado: Atividades de Vida Diária,"Nursing Outcomes Classification (NOC), 7th edition",primary,Compatibility primary selected for the diagnosis; consider alternative/context-specific links before finalising a care plan.,Compatibility primary selected for the diagnosis; consider alternative/context-specific links before finalising a care plan.,Mapeamento primário de compatibilidade selecionado para o diagnóstico; considerar vínculos alternativos/específicos ao contexto antes de finalizar o plano de cuidados.,high,curated_current_edition,es,Institutional Spanish NOC 7th edition source reviewed; current code/label cross-check against NOC 7th current classification listing; https://www.salusplay.com/apuntes/pae-y-diagnosticos-de-enfermeria-nanda-noc-y-nic/anexo-2-clasificacion-completa-de-resultados-de-enfermeria-noc-2024-8,,2026-09-07,"Selection remains patient/context dependent; use the licensed classification definitions, activities/indicators and scales."
00445,Risk for ineffective intimate partner relationship,Risco de relacionamento íntimo ineficaz,NIC,5240,Counselling,Aconselhamento,"Nursing Interventions Classification (NIC), 8th edition",primary,Compatibility primary selected for the diagnosis; consider alternative/context-specific links before finalising a care plan.,Compatibility primary selected for the diagnosis; consider alternative/context-specific links before finalising a care plan.,Mapeamento primário de compatibilidade selecionado para o diagnóstico; considerar vínculos alternativos/específicos ao contexto antes de finalizar o plano de cuidados.,moderate,curated_current_edition,es,Institutional Spanish NIC 8th edition source reviewed; current code/label cross-check against NIC 8th current classification listing; https://www.salusplay.com/blog/clasificacion-completa-intervenciones-enfermeria-nic-2024/,,2026-09-07,"Selection remains patient/context dependent; use the licensed classification definitions, activities/indicators and scales."
00445,Risk for ineffective intimate partner relationship,Risco de relacionamento íntimo ineficaz,NOC,1502,Social Interaction Skills,Habilidades de Interação Social,"Nursing Outcomes Classification (NOC), 7th edition",primary,Compatibility primary selected for the diagnosis; consider alternative/context-specific links before finalising a care plan.,Compatibility primary selected for the diagnosis; consider alternative/context-specific links before finalising a care plan.,Mapeamento primário de compatibilidade selecionado para o diagnóstico; considerar vínculos alternativos/específicos ao contexto antes de finalizar o plano de cuidados.,moderate,curated_current_edition,es,Institutional Spanish NOC 7th edition source reviewed; current code/label cross-check against NOC 7th current classification listing; https://www.salusplay.com/apuntes/pae-y-diagnosticos-de-enfermeria-nanda-noc-y-nic/anexo-2-clasificacion-completa-de-resultados-de-enfermeria-noc-2024-8,,2026-09-07,"Selection remains patient/context dependent; use the licensed classification definitions, activities/indicators and scales."
00446,Readiness for enhanced intimate partner relationship,Prontidão para um relacionamento íntimo mais profundo,NIC,5240,Counselling,Aconselhamento,"Nursing Interventions Classification (NIC), 8th edition",primary,Compatibility primary selected for the diagnosis; consider alternative/context-specific links before finalising a care plan.,Compatibility primary selected for the diagnosis; consider alternative/context-specific links before finalising a care plan.,Mapeamento primário de compatibilidade selecionado para o diagnóstico; considerar vínculos alternativos/específicos ao contexto antes de finalizar o plano de cuidados.,moderate,curated_current_edition,es,Institutional Spanish NIC 8th edition source reviewed; current code/label cross-check against NIC 8th current classification listing; https://www.salusplay.com/blog/clasificacion-completa-intervenciones-enfermeria-nic-2024/,,2026-09-07,"Selection remains patient/context dependent; use the licensed classification definitions, activities/indicators and scales."
00446,Readiness for enhanced intimate partner relationship,Prontidão para um relacionamento íntimo mais profundo,NOC,1502,Social Interaction Skills,Habilidades de Interação Social,"Nursing Outcomes Classification (NOC), 7th edition",primary,Compatibility primary selected for the diagnosis; consider alternative/context-specific links before finalising a care plan.,Compatibility primary selected for the diagnosis; consider alternative/context-specific links before finalising a care plan.,Mapeamento primário de compatibilidade selecionado para o diagnóstico; considerar vínculos alternativos/específicos ao contexto antes de finalizar o plano de cuidados.,moderate,curated_current_edition,es,Institutional Spanish NOC 7th edition source reviewed; current code/label cross-check against NOC 7th current classification listing; https://www.salusplay.com/apuntes/pae-y-diagnosticos-de-enfermeria-nanda-noc-y-nic/anexo-2-clasificacion-completa-de-resultados-de-enfermeria-noc-2024-8,,2026-09-07,"Selection remains patient/context dependent; use the licensed classification definitions, activities/indicators and scales."
00447,Readiness for enhanced weight self-management,Preparação para um melhor autogerenciamento do peso,NIC,1260,Weight Management,Controle do Peso,"Nursing Interventions Classification (NIC), 8th edition",primary,Compatibility primary selected for the diagnosis; consider alternative/context-specific links before finalising a care plan.,Compatibility primary selected for the diagnosis; consider alternative/context-specific links before finalising a care plan.,Mapeamento primário de compatibilidade selecionado para o diagnóstico; considerar vínculos alternativos/específicos ao contexto antes de finalizar o plano de cuidados.,high,curated_current_edition,es,Institutional Spanish NIC 8th edition source reviewed; current code/label cross-check against NIC 8th current classification listing; https://www.salusplay.com/blog/clasificacion-completa-intervenciones-enfermeria-nic-2024/,,2026-09-07,"Selection remains patient/context dependent; use the licensed classification definitions, activities/indicators and scales."
00447,Readiness for enhanced weight self-management,Preparação para um melhor autogerenciamento do peso,NOC,1628,Weight Maintenance Behaviour,Comportamento de Manutenção do Peso,"Nursing Outcomes Classification (NOC), 7th edition",primary,Compatibility primary selected for the diagnosis; consider alternative/context-specific links before finalising a care plan.,Compatibility primary selected for the diagnosis; consider alternative/context-specific links before finalising a care plan.,Mapeamento primário de compatibilidade selecionado para o diagnóstico; considerar vínculos alternativos/específicos ao contexto antes de finalizar o plano de cuidados.,high,curated_current_edition,es,Institutional Spanish NOC 7th edition source reviewed; current code/label cross-check against NOC 7th current classification listing; https://www.salusplay.com/apuntes/pae-y-diagnosticos-de-enfermeria-nanda-noc-y-nic/anexo-2-clasificacion-completa-de-resultados-de-enfermeria-noc-2024-8,,2026-09-07,"Selection remains patient/context dependent; use the licensed classification definitions, activities/indicators and scales."
00448,Risk for decreased diversional activity engagement,Risco de diminuição do envolvimento em atividades de lazer,NIC,5360,Recreational Therapy,Terapia Recreacional,"Nursing Interventions Classification (NIC), 8th edition",primary,Compatibility primary selected for the diagnosis; consider alternative/context-specific links before finalising a care plan.,Compatibility primary selected for the diagnosis; consider alternative/context-specific links before finalising a care plan.,Mapeamento primário de compatibilidade selecionado para o diagnóstico; considerar vínculos alternativos/específicos ao contexto antes de finalizar o plano de cuidados.,high,curated_current_edition,es,Institutional Spanish NIC 8th edition source reviewed; current code/label cross-check against NIC 8th current classification listing; https://www.salusplay.com/blog/clasificacion-completa-intervenciones-enfermeria-nic-2024/,,2026-09-07,"Selection remains patient/context dependent; use the licensed classification definitions, activities/indicators and scales."
00448,Risk for decreased diversional activity engagement,Risco de diminuição do envolvimento em atividades de lazer,NOC,1604,Leisure Participation,Participação em Atividades de Lazer,"Nursing Outcomes Classification (NOC), 7th edition",primary,Compatibility primary selected for the diagnosis; consider alternative/context-specific links before finalising a care plan.,Compatibility primary selected for the diagnosis; consider alternative/context-specific links before finalising a care plan.,Mapeamento primário de compatibilidade selecionado para o diagnóstico; considerar vínculos alternativos/específicos ao contexto antes de finalizar o plano de cuidados.,high,curated_current_edition,es,Institutional Spanish NOC 7th edition source reviewed; current code/label cross-check against NOC 7th current classification listing; https://www.salusplay.com/apuntes/pae-y-diagnosticos-de-enfermeria-nanda-noc-y-nic/anexo-2-clasificacion-completa-de-resultados-de-enfermeria-noc-2024-8,,2026-09-07,"Selection remains patient/context dependent; use the licensed classification definitions, activities/indicators and scales."
00449,Ineffective intimate relationship,relacionamento íntimo ineficaz,NIC,5240,Counselling,Aconselhamento,"Nursing Interventions Classification (NIC), 8th edition",primary,Compatibility primary selected for the diagnosis; consider alternative/context-specific links before finalising a care plan.,Compatibility primary selected for the diagnosis; consider alternative/context-specific links before finalising a care plan.,Mapeamento primário de compatibilidade selecionado para o diagnóstico; considerar vínculos alternativos/específicos ao contexto antes de finalizar o plano de cuidados.,moderate,curated_current_edition,es,Institutional Spanish NIC 8th edition source reviewed; current code/label cross-check against NIC 8th current classification listing; https://www.salusplay.com/blog/clasificacion-completa-intervenciones-enfermeria-nic-2024/,,2026-09-07,"Selection remains patient/context dependent; use the licensed classification definitions, activities/indicators and scales."
00449,Ineffective intimate relationship,relacionamento íntimo ineficaz,NOC,1502,Social Interaction Skills,Habilidades de Interação Social,"Nursing Outcomes Classification (NOC), 7th edition",primary,Compatibility primary selected for the diagnosis; consider alternative/context-specific links before finalising a care plan.,Compatibility primary selected for the diagnosis; consider alternative/context-specific links before finalising a care plan.,Mapeamento primário de compatibilidade selecionado para o diagnóstico; considerar vínculos alternativos/específicos ao contexto antes de finalizar o plano de cuidados.,moderate,curated_current_edition,es,Institutional Spanish NOC 7th edition source reviewed; current code/label cross-check against NOC 7th current classification listing; https://www.salusplay.com/apuntes/pae-y-diagnosticos-de-enfermeria-nanda-noc-y-nic/anexo-2-clasificacion-completa-de-resultados-de-enfermeria-noc-2024-8,,2026-09-07,"Selection remains patient/context dependent; use the licensed classification definitions, activities/indicators and scales."
00451,Impaired infant neurodevelopmental organisation,Organização neurodesenvolvimental infantil prejudicada,NIC,8250,Developmental Care,Cuidado Desenvolvimental,"Nursing Interventions Classification (NIC), 8th edition",primary,Compatibility primary selected for the diagnosis; consider alternative/context-specific links before finalising a care plan.,Compatibility primary selected for the diagnosis; consider alternative/context-specific links before finalising a care plan.,Mapeamento primário de compatibilidade selecionado para o diagnóstico; considerar vínculos alternativos/específicos ao contexto antes de finalizar o plano de cuidados.,high,curated_current_edition,es,Institutional Spanish NIC 8th edition source reviewed; current code/label cross-check against NIC 8th current classification listing; https://www.salusplay.com/blog/clasificacion-completa-intervenciones-enfermeria-nic-2024/,,2026-09-07,"Selection remains patient/context dependent; use the licensed classification definitions, activities/indicators and scales."
00451,Impaired infant neurodevelopmental organisation,Organização neurodesenvolvimental infantil prejudicada,NOC,0117,Preterm Infant Organisation,Organização do Lactente Prematuro,"Nursing Outcomes Classification (NOC), 7th edition",primary,Compatibility primary selected for the diagnosis; consider alternative/context-specific links before finalising a care plan.,Compatibility primary selected for the diagnosis; consider alternative/context-specific links before finalising a care plan.,Mapeamento primário de compatibilidade selecionado para o diagnóstico; considerar vínculos alternativos/específicos ao contexto antes de finalizar o plano de cuidados.,high,curated_current_edition,es,Institutional Spanish NOC 7th edition source reviewed; current code/label cross-check against NOC 7th current classification listing; https://www.salusplay.com/apuntes/pae-y-diagnosticos-de-enfermeria-nanda-noc-y-nic/anexo-2-clasificacion-completa-de-resultados-de-enfermeria-noc-2024-8,,2026-09-07,"Selection remains patient/context dependent; use the licensed classification definitions, activities/indicators and scales."
00452,Risk for impaired infant neurodevelopmental organisation,Risco de comprometimento da organização do neurodesenvolvimento infantil,NIC,8250,Developmental Care,Cuidado Desenvolvimental,"Nursing Interventions Classification (NIC), 8th edition",primary,Compatibility primary selected for the diagnosis; consider alternative/context-specific links before finalising a care plan.,Compatibility primary selected for the diagnosis; consider alternative/context-specific links before finalising a care plan.,Mapeamento primário de compatibilidade selecionado para o diagnóstico; considerar vínculos alternativos/específicos ao contexto antes de finalizar o plano de cuidados.,high,curated_current_edition,es,Institutional Spanish NIC 8th edition source reviewed; current code/label cross-check against NIC 8th current classification listing; https://www.salusplay.com/blog/clasificacion-completa-intervenciones-enfermeria-nic-2024/,,2026-09-07,"Selection remains patient/context dependent; use the licensed classification definitions, activities/indicators and scales."
00452,Risk for impaired infant neurodevelopmental organisation,Risco de comprometimento da organização do neurodesenvolvimento infantil,NOC,0117,Preterm Infant Organisation,Organização do Lactente Prematuro,"Nursing Outcomes Classification (NOC), 7th edition",primary,Compatibility primary selected for the diagnosis; consider alternative/context-specific links before finalising a care plan.,Compatibility primary selected for the diagnosis; consider alternative/context-specific links before finalising a care plan.,Mapeamento primário de compatibilidade selecionado para o diagnóstico; considerar vínculos alternativos/específicos ao contexto antes de finalizar o plano de cuidados.,high,curated_current_edition,es,Institutional Spanish NOC 7th edition source reviewed; current code/label cross-check against NOC 7th current classification listing; https://www.salusplay.com/apuntes/pae-y-diagnosticos-de-enfermeria-nanda-noc-y-nic/anexo-2-clasificacion-completa-de-resultados-de-enfermeria-noc-2024-8,,2026-09-07,"Selection remains patient/context dependent; use the licensed classification definitions, activities/indicators and scales."
00453,Readiness for enhanced infant neurodevelopmental organisation,Preparação para uma melhor organização do neurodesenvolvimento infantil,NIC,8250,Developmental Care,Cuidado Desenvolvimental,"Nursing Interventions Classification (NIC), 8th edition",primary,Compatibility primary selected for the diagnosis; consider alternative/context-specific links before finalising a care plan.,Compatibility primary selected for the diagnosis; consider alternative/context-specific links before finalising a care plan.,Mapeamento primário de compatibilidade selecionado para o diagnóstico; considerar vínculos alternativos/específicos ao contexto antes de finalizar o plano de cuidados.,high,curated_current_edition,es,Institutional Spanish NIC 8th edition source reviewed; current code/label cross-check against NIC 8th current classification listing; https://www.salusplay.com/blog/clasificacion-completa-intervenciones-enfermeria-nic-2024/,,2026-09-07,"Selection remains patient/context dependent; use the licensed classification definitions, activities/indicators and scales."
00453,Readiness for enhanced infant neurodevelopmental organisation,Preparação para uma melhor organização do neurodesenvolvimento infantil,NOC,0117,Preterm Infant Organisation,Organização do Lactente Prematuro,"Nursing Outcomes Classification (NOC), 7th edition",primary,Compatibility primary selected for the diagnosis; consider alternative/context-specific links before finalising a care plan.,Compatibility primary selected for the diagnosis; consider alternative/context-specific links before finalising a care plan.,Mapeamento primário de compatibilidade selecionado para o diagnóstico; considerar vínculos alternativos/específicos ao contexto antes de finalizar o plano de cuidados.,high,curated_current_edition,es,Institutional Spanish NOC 7th edition source reviewed; current code/label cross-check against NOC 7th current classification listing; https://www.salusplay.com/apuntes/pae-y-diagnosticos-de-enfermeria-nanda-noc-y-nic/anexo-2-clasificacion-completa-de-resultados-de-enfermeria-noc-2024-8,,2026-09-07,"Selection remains patient/context dependent; use the licensed classification definitions, activities/indicators and scales."
00454,Impaired spiritual well-being,Bem-estar espiritual prejudicado,NIC,5420,Spiritual Support,Apoio Espiritual,"Nursing Interventions Classification (NIC), 8th edition",primary,Compatibility primary selected for the diagnosis; consider alternative/context-specific links before finalising a care plan.,Compatibility primary selected for the diagnosis; consider alternative/context-specific links before finalising a care plan.,Mapeamento primário de compatibilidade selecionado para o diagnóstico; considerar vínculos alternativos/específicos ao contexto antes de finalizar o plano de cuidados.,high,curated_current_edition,es,Institutional Spanish NIC 8th edition source reviewed; current code/label cross-check against NIC 8th current classification listing; https://www.salusplay.com/blog/clasificacion-completa-intervenciones-enfermeria-nic-2024/,,2026-09-07,"Selection remains patient/context dependent; use the licensed classification definitions, activities/indicators and scales."
00454,Impaired spiritual well-being,Bem-estar espiritual prejudicado,NOC,2001,Spiritual Health,Saúde Espiritual,"Nursing Outcomes Classification (NOC), 7th edition",primary,Compatibility primary selected for the diagnosis; consider alternative/context-specific links before finalising a care plan.,Compatibility primary selected for the diagnosis; consider alternative/context-specific links before finalising a care plan.,Mapeamento primário de compatibilidade selecionado para o diagnóstico; considerar vínculos alternativos/específicos ao contexto antes de finalizar o plano de cuidados.,high,curated_current_edition,es,Institutional Spanish NOC 7th edition source reviewed; current code/label cross-check against NOC 7th current classification listing; https://www.salusplay.com/apuntes/pae-y-diagnosticos-de-enfermeria-nanda-noc-y-nic/anexo-2-clasificacion-completa-de-resultados-de-enfermeria-noc-2024-8,,2026-09-07,"Selection remains patient/context dependent; use the licensed classification definitions, activities/indicators and scales."
00456,Maladaptive community coping,Enfrentamento comunitário desadaptativo,NIC,8500,Community Health Development,Desenvolvimento da Saúde Comunitária,"Nursing Interventions Classification (NIC), 8th edition",primary,Compatibility primary selected for the diagnosis; consider alternative/context-specific links before finalising a care plan.,Compatibility primary selected for the diagnosis; consider alternative/context-specific links before finalising a care plan.,Mapeamento primário de compatibilidade selecionado para o diagnóstico; considerar vínculos alternativos/específicos ao contexto antes de finalizar o plano de cuidados.,high,curated_current_edition,es,Institutional Spanish NIC 8th edition source reviewed; current code/label cross-check against NIC 8th current classification listing; https://www.salusplay.com/blog/clasificacion-completa-intervenciones-enfermeria-nic-2024/,,2026-09-07,"Selection remains patient/context dependent; use the licensed classification definitions, activities/indicators and scales."
00456,Maladaptive community coping,Enfrentamento comunitário desadaptativo,NOC,2704,Community Resilience,Resiliência da Comunidade,"Nursing Outcomes Classification (NOC), 7th edition",primary,Compatibility primary selected for the diagnosis; consider alternative/context-specific links before finalising a care plan.,Compatibility primary selected for the diagnosis; consider alternative/context-specific links before finalising a care plan.,Mapeamento primário de compatibilidade selecionado para o diagnóstico; considerar vínculos alternativos/específicos ao contexto antes de finalizar o plano de cuidados.,high,current_edition_verified,es,Institutional Spanish NOC 7th edition source reviewed; current code/label cross-check against NOC 7th current classification listing; https://www.salusplay.com/apuntes/pae-y-diagnosticos-de-enfermeria-nanda-noc-y-nic/anexo-2-clasificacion-completa-de-resultados-de-enfermeria-noc-2024-8,,2026-09-07,"Selection remains patient/context dependent; use the licensed classification definitions, activities/indicators and scales."
00456,Maladaptive community coping,Enfrentamento comunitário desadaptativo,NOC,2701,Community Health Status,Estado de Saúde da Comunidade,"Nursing Outcomes Classification (NOC), 7th edition",alternative,Use when the desired outcome is overall community health status rather than resilience/coping capacity.,Use when the desired outcome is overall community health status rather than resilience/coping capacity.,"Usar quando o desfecho desejado for o estado geral de saúde da comunidade, e não a capacidade de resiliência/enfrentamento.",high,contextual_current_edition,es,Institutional Spanish NOC 7th edition source reviewed; current code/label cross-check against NOC 7th current classification listing; https://www.salusplay.com/apuntes/pae-y-diagnosticos-de-enfermeria-nanda-noc-y-nic/anexo-2-clasificacion-completa-de-resultados-de-enfermeria-noc-2024-8,,2026-09-07,"Selection remains patient/context dependent; use the licensed classification definitions, activities/indicators and scales."
00460,Risk for impaired spiritual well-being,Risco de comprometimento do bem-estar espiritual,NIC,5420,Spiritual Support,Apoio Espiritual,"Nursing Interventions Classification (NIC), 8th edition",primary,Compatibility primary selected for the diagnosis; consider alternative/context-specific links before finalising a care plan.,Compatibility primary selected for the diagnosis; consider alternative/context-specific links before finalising a care plan.,Mapeamento primário de compatibilidade selecionado para o diagnóstico; considerar vínculos alternativos/específicos ao contexto antes de finalizar o plano de cuidados.,high,curated_current_edition,es,Institutional Spanish NIC 8th edition source reviewed; current code/label cross-check against NIC 8th current classification listing; https://www.salusplay.com/blog/clasificacion-completa-intervenciones-enfermeria-nic-2024/,,2026-09-07,"Selection remains patient/context dependent; use the licensed classification definitions, activities/indicators and scales."
00460,Risk for impaired spiritual well-being,Risco de comprometimento do bem-estar espiritual,NOC,2001,Spiritual Health,Saúde Espiritual,"Nursing Outcomes Classification (NOC), 7th edition",primary,Compatibility primary selected for the diagnosis; consider alternative/context-specific links before finalising a care plan.,Compatibility primary selected for the diagnosis; consider alternative/context-specific links before finalising a care plan.,Mapeamento primário de compatibilidade selecionado para o diagnóstico; considerar vínculos alternativos/específicos ao contexto antes de finalizar o plano de cuidados.,high,curated_current_edition,es,Institutional Spanish NOC 7th edition source reviewed; current code/label cross-check against NOC 7th current classification listing; https://www.salusplay.com/apuntes/pae-y-diagnosticos-de-enfermeria-nanda-noc-y-nic/anexo-2-clasificacion-completa-de-resultados-de-enfermeria-noc-2024-8,,2026-09-07,"Selection remains patient/context dependent; use the licensed classification definitions, activities/indicators and scales."
00461,Impaired nipple-areolar complex integrity,Integridade comprometida do complexo aréolo-mamilar,NIC,5244,Breastfeeding Counselling,Aconselhamento sobre Amamentação,"Nursing Interventions Classification (NIC), 8th edition",primary,Compatibility primary selected for the diagnosis; consider alternative/context-specific links before finalising a care plan.,Compatibility primary selected for the diagnosis; consider alternative/context-specific links before finalising a care plan.,Mapeamento primário de compatibilidade selecionado para o diagnóstico; considerar vínculos alternativos/específicos ao contexto antes de finalizar o plano de cuidados.,moderate,current_edition_verified,es,Institutional Spanish NIC 8th edition source reviewed; current code/label cross-check against NIC 8th current classification listing; https://www.salusplay.com/blog/clasificacion-completa-intervenciones-enfermeria-nic-2024/,,2026-09-07,"Selection remains patient/context dependent; use the licensed classification definitions, activities/indicators and scales."
00461,Impaired nipple-areolar complex integrity,Integridade comprometida do complexo aréolo-mamilar,NIC,3660,Wound Care,Cuidados com Feridas,"Nursing Interventions Classification (NIC), 8th edition",alternative,Use when an established nipple-areolar wound/skin lesion requires wound care.,Use when an established nipple-areolar wound/skin lesion requires wound care.,Usar quando uma ferida ou lesão cutânea mamilo-areolar estabelecida exigir cuidados com feridas.,moderate,contextual_current_edition,es,Institutional Spanish NIC 8th edition source reviewed; current code/label cross-check against NIC 8th current classification listing; https://www.salusplay.com/blog/clasificacion-completa-intervenciones-enfermeria-nic-2024/,,2026-09-07,"Selection remains patient/context dependent; use the licensed classification definitions, activities/indicators and scales."
00461,Impaired nipple-areolar complex integrity,Integridade comprometida do complexo aréolo-mamilar,NOC,1101,Tissue Integrity: Skin & Mucous Membranes,Integridade Tissular: Pele e Mucosas,"Nursing Outcomes Classification (NOC), 7th edition",primary,Compatibility primary selected for the diagnosis; consider alternative/context-specific links before finalising a care plan.,Compatibility primary selected for the diagnosis; consider alternative/context-specific links before finalising a care plan.,Mapeamento primário de compatibilidade selecionado para o diagnóstico; considerar vínculos alternativos/específicos ao contexto antes de finalizar o plano de cuidados.,moderate,curated_current_edition,es,Institutional Spanish NOC 7th edition source reviewed; current code/label cross-check against NOC 7th current classification listing; https://www.salusplay.com/apuntes/pae-y-diagnosticos-de-enfermeria-nanda-noc-y-nic/anexo-2-clasificacion-completa-de-resultados-de-enfermeria-noc-2024-8,,2026-09-07,"Selection remains patient/context dependent; use the licensed classification definitions, activities/indicators and scales."
00462,Risk for impaired nipple-areolar complex integrity,Risco de comprometimento da integridade do complexo aréolo-mamilar,NIC,5244,Breastfeeding Counselling,Aconselhamento sobre Amamentação,"Nursing Interventions Classification (NIC), 8th edition",primary,Compatibility primary selected for the diagnosis; consider alternative/context-specific links before finalising a care plan.,Compatibility primary selected for the diagnosis; consider alternative/context-specific links before finalising a care plan.,Mapeamento primário de compatibilidade selecionado para o diagnóstico; considerar vínculos alternativos/específicos ao contexto antes de finalizar o plano de cuidados.,moderate,current_edition_verified,es,Institutional Spanish NIC 8th edition source reviewed; current code/label cross-check against NIC 8th current classification listing; https://www.salusplay.com/blog/clasificacion-completa-intervenciones-enfermeria-nic-2024/,,2026-09-07,"Selection remains patient/context dependent; use the licensed classification definitions, activities/indicators and scales."
00462,Risk for impaired nipple-areolar complex integrity,Risco de comprometimento da integridade do complexo aréolo-mamilar,NIC,3590,Skin Surveillance,Supervisão da Pele,"Nursing Interventions Classification (NIC), 8th edition",alternative,Use for skin surveillance when integrity is threatened but not yet impaired.,Use for skin surveillance when integrity is threatened but not yet impaired.,"Usar para vigilância da pele quando a integridade estiver ameaçada, mas ainda não comprometida.",moderate,contextual_current_edition,es,Institutional Spanish NIC 8th edition source reviewed; current code/label cross-check against NIC 8th current classification listing; https://www.salusplay.com/blog/clasificacion-completa-intervenciones-enfermeria-nic-2024/,,2026-09-07,"Selection remains patient/context dependent; use the licensed classification definitions, activities/indicators and scales."
00462,Risk for impaired nipple-areolar complex integrity,Risco de comprometimento da integridade do complexo aréolo-mamilar,NOC,1902,Risk Control,Controle de Risco,"Nursing Outcomes Classification (NOC), 7th edition",primary,Compatibility primary selected for the diagnosis; consider alternative/context-specific links before finalising a care plan.,Compatibility primary selected for the diagnosis; consider alternative/context-specific links before finalising a care plan.,Mapeamento primário de compatibilidade selecionado para o diagnóstico; considerar vínculos alternativos/específicos ao contexto antes de finalizar o plano de cuidados.,moderate,curated_current_edition,es,Institutional Spanish NOC 7th edition source reviewed; current code/label cross-check against NOC 7th current classification listing; https://www.salusplay.com/apuntes/pae-y-diagnosticos-de-enfermeria-nanda-noc-y-nic/anexo-2-clasificacion-completa-de-resultados-de-enfermeria-noc-2024-8,,2026-09-07,"Selection remains patient/context dependent; use the licensed classification definitions, activities/indicators and scales."
00462,Risk for impaired nipple-areolar complex integrity,Risco de comprometimento da integridade do complexo aréolo-mamilar,NOC,1101,Tissue Integrity: Skin & Mucous Membranes,Integridade Tissular: Pele e Mucosas,"Nursing Outcomes Classification (NOC), 7th edition",alternative,Use to trend tissue integrity when prevention is focused on maintaining intact tissue.,Use to trend tissue integrity when prevention is focused on maintaining intact tissue.,Usar para acompanhar a evolução da integridade tissular quando a prevenção estiver focada em manter o tecido íntegro.,moderate,contextual_current_edition,es,Institutional Spanish NOC 7th edition source reviewed; current code/label cross-check against NOC 7th current classification listing; https://www.salusplay.com/apuntes/pae-y-diagnosticos-de-enfermeria-nanda-noc-y-nic/anexo-2-clasificacion-completa-de-resultados-de-enfermeria-noc-2024-8,,2026-09-07,"Selection remains patient/context dependent; use the licensed classification definitions, activities/indicators and scales."
00463,Risk for accidental suffocation,Risco de asfixia acidental,NIC,6610,Risk Identification,Identificação de Risco,"Nursing Interventions Classification (NIC), 8th edition",primary,Compatibility primary selected for the diagnosis; consider alternative/context-specific links before finalising a care plan.,Compatibility primary selected for the diagnosis; consider alternative/context-specific links before finalising a care plan.,Mapeamento primário de compatibilidade selecionado para o diagnóstico; considerar vínculos alternativos/específicos ao contexto antes de finalizar o plano de cuidados.,high,curated_current_edition,es,Institutional Spanish NIC 8th edition source reviewed; current code/label cross-check against NIC 8th current classification listing; https://www.salusplay.com/blog/clasificacion-completa-intervenciones-enfermeria-nic-2024/,,2026-09-07,"Selection remains patient/context dependent; use the licensed classification definitions, activities/indicators and scales."
00463,Risk for accidental suffocation,Risco de asfixia acidental,NOC,1908,Risk Detection,Detecção de Risco,"Nursing Outcomes Classification (NOC), 7th edition",primary,Compatibility primary selected for the diagnosis; consider alternative/context-specific links before finalising a care plan.,Compatibility primary selected for the diagnosis; consider alternative/context-specific links before finalising a care plan.,Mapeamento primário de compatibilidade selecionado para o diagnóstico; considerar vínculos alternativos/específicos ao contexto antes de finalizar o plano de cuidados.,high,curated_current_edition,es,Institutional Spanish NOC 7th edition source reviewed; current code/label cross-check against NOC 7th current classification listing; https://www.salusplay.com/apuntes/pae-y-diagnosticos-de-enfermeria-nanda-noc-y-nic/anexo-2-clasificacion-completa-de-resultados-de-enfermeria-noc-2024-8,,2026-09-07,"Selection remains patient/context dependent; use the licensed classification definitions, activities/indicators and scales."
00464,Risk for impaired surgical recovery,Risco de recuperação cirúrgica comprometida,NIC,2870,Post-anaesthesia Care,Cuidados Pós-Anestesia,"Nursing Interventions Classification (NIC), 8th edition",primary,Compatibility primary selected for the diagnosis; consider alternative/context-specific links before finalising a care plan.,Compatibility primary selected for the diagnosis; consider alternative/context-specific links before finalising a care plan.,Mapeamento primário de compatibilidade selecionado para o diagnóstico; considerar vínculos alternativos/específicos ao contexto antes de finalizar o plano de cuidados.,high,curated_current_edition,es,Institutional Spanish NIC 8th edition source reviewed; current code/label cross-check against NIC 8th current classification listing; https://www.salusplay.com/blog/clasificacion-completa-intervenciones-enfermeria-nic-2024/,,2026-09-07,"Selection remains patient/context dependent; use the licensed classification definitions, activities/indicators and scales."
00464,Risk for impaired surgical recovery,Risco de recuperação cirúrgica comprometida,NOC,2304,Surgical Recovery: Convalescence,Recuperação Cirúrgica: Convalescença,"Nursing Outcomes Classification (NOC), 7th edition",primary,Compatibility primary selected for the diagnosis; consider alternative/context-specific links before finalising a care plan.,Compatibility primary selected for the diagnosis; consider alternative/context-specific links before finalising a care plan.,Mapeamento primário de compatibilidade selecionado para o diagnóstico; considerar vínculos alternativos/específicos ao contexto antes de finalizar o plano de cuidados.,high,curated_current_edition,es,Institutional Spanish NOC 7th edition source reviewed; current code/label cross-check against NOC 7th current classification listing; https://www.salusplay.com/apuntes/pae-y-diagnosticos-de-enfermeria-nanda-noc-y-nic/anexo-2-clasificacion-completa-de-resultados-de-enfermeria-noc-2024-8,,2026-09-07,"Selection remains patient/context dependent; use the licensed classification definitions, activities/indicators and scales."
00465,Impaired surgical recovery,Recuperação cirúrgica prejudicada,NIC,2870,Post-anaesthesia Care,Cuidados Pós-Anestesia,"Nursing Interventions Classification (NIC), 8th edition",primary,Compatibility primary selected for the diagnosis; consider alternative/context-specific links before finalising a care plan.,Compatibility primary selected for the diagnosis; consider alternative/context-specific links before finalising a care plan.,Mapeamento primário de compatibilidade selecionado para o diagnóstico; considerar vínculos alternativos/específicos ao contexto antes de finalizar o plano de cuidados.,high,curated_current_edition,es,Institutional Spanish NIC 8th edition source reviewed; current code/label cross-check against NIC 8th current classification listing; https://www.salusplay.com/blog/clasificacion-completa-intervenciones-enfermeria-nic-2024/,,2026-09-07,"Selection remains patient/context dependent; use the licensed classification definitions, activities/indicators and scales."
00465,Impaired surgical recovery,Recuperação cirúrgica prejudicada,NOC,2304,Surgical Recovery: Convalescence,Recuperação Cirúrgica: Convalescença,"Nursing Outcomes Classification (NOC), 7th edition",primary,Compatibility primary selected for the diagnosis; consider alternative/context-specific links before finalising a care plan.,Compatibility primary selected for the diagnosis; consider alternative/context-specific links before finalising a care plan.,Mapeamento primário de compatibilidade selecionado para o diagnóstico; considerar vínculos alternativos/específicos ao contexto antes de finalizar o plano de cuidados.,high,curated_current_edition,es,Institutional Spanish NOC 7th edition source reviewed; current code/label cross-check against NOC 7th current classification listing; https://www.salusplay.com/apuntes/pae-y-diagnosticos-de-enfermeria-nanda-noc-y-nic/anexo-2-clasificacion-completa-de-resultados-de-enfermeria-noc-2024-8,,2026-09-07,"Selection remains patient/context dependent; use the licensed classification definitions, activities/indicators and scales."
00466,Risk for suicidal self-injurious behaviour,Risco de comportamento suicida autolesivo,NIC,6340,Suicide Prevention,Prevenção do Suicídio,"Nursing Interventions Classification (NIC), 8th edition",primary,Compatibility primary selected for the diagnosis; consider alternative/context-specific links before finalising a care plan.,Compatibility primary selected for the diagnosis; consider alternative/context-specific links before finalising a care plan.,Mapeamento primário de compatibilidade selecionado para o diagnóstico; considerar vínculos alternativos/específicos ao contexto antes de finalizar o plano de cuidados.,high,curated_current_edition,es,Institutional Spanish NIC 8th edition source reviewed; current code/label cross-check against NIC 8th current classification listing; https://www.salusplay.com/blog/clasificacion-completa-intervenciones-enfermeria-nic-2024/,,2026-09-07,"Selection remains patient/context dependent; use the licensed classification definitions, activities/indicators and scales."
00466,Risk for suicidal self-injurious behaviour,Risco de comportamento suicida autolesivo,NOC,1902,Risk Control,Controle de Risco,"Nursing Outcomes Classification (NOC), 7th edition",primary,Compatibility primary selected for the diagnosis; consider alternative/context-specific links before finalising a care plan.,Compatibility primary selected for the diagnosis; consider alternative/context-specific links before finalising a care plan.,Mapeamento primário de compatibilidade selecionado para o diagnóstico; considerar vínculos alternativos/específicos ao contexto antes de finalizar o plano de cuidados.,high,curated_current_edition,es,Institutional Spanish NOC 7th edition source reviewed; current code/label cross-check against NOC 7th current classification listing; https://www.salusplay.com/apuntes/pae-y-diagnosticos-de-enfermeria-nanda-noc-y-nic/anexo-2-clasificacion-completa-de-resultados-de-enfermeria-noc-2024-8,,2026-09-07,"Selection remains patient/context dependent; use the licensed classification definitions, activities/indicators and scales."
00467,Non-suicidal self-injurious behaviour,Comportamento autolesivo não suicida,NIC,6340,Suicide Prevention,Prevenção do Suicídio,"Nursing Interventions Classification (NIC), 8th edition",primary,Compatibility primary selected for the diagnosis; consider alternative/context-specific links before finalising a care plan.,Compatibility primary selected for the diagnosis; consider alternative/context-specific links before finalising a care plan.,Mapeamento primário de compatibilidade selecionado para o diagnóstico; considerar vínculos alternativos/específicos ao contexto antes de finalizar o plano de cuidados.,high,curated_current_edition,es,Institutional Spanish NIC 8th edition source reviewed; current code/label cross-check against NIC 8th current classification listing; https://www.salusplay.com/blog/clasificacion-completa-intervenciones-enfermeria-nic-2024/,,2026-09-07,"Selection remains patient/context dependent; use the licensed classification definitions, activities/indicators and scales."
00467,Non-suicidal self-injurious behaviour,Comportamento autolesivo não suicida,NOC,1902,Risk Control,Controle de Risco,"Nursing Outcomes Classification (NOC), 7th edition",primary,Compatibility primary selected for the diagnosis; consider alternative/context-specific links before finalising a care plan.,Compatibility primary selected for the diagnosis; consider alternative/context-specific links before finalising a care plan.,Mapeamento primário de compatibilidade selecionado para o diagnóstico; considerar vínculos alternativos/específicos ao contexto antes de finalizar o plano de cuidados.,high,curated_current_edition,es,Institutional Spanish NOC 7th edition source reviewed; current code/label cross-check against NOC 7th current classification listing; https://www.salusplay.com/apuntes/pae-y-diagnosticos-de-enfermeria-nanda-noc-y-nic/anexo-2-clasificacion-completa-de-resultados-de-enfermeria-noc-2024-8,,2026-09-07,"Selection remains patient/context dependent; use the licensed classification definitions, activities/indicators and scales."
00468,Risk for non-suicidal self-injurious behaviour,Risco de comportamento autolesivo não suicida,NIC,6340,Suicide Prevention,Prevenção do Suicídio,"Nursing Interventions Classification (NIC), 8th edition",primary,Compatibility primary selected for the diagnosis; consider alternative/context-specific links before finalising a care plan.,Compatibility primary selected for the diagnosis; consider alternative/context-specific links before finalising a care plan.,Mapeamento primário de compatibilidade selecionado para o diagnóstico; considerar vínculos alternativos/específicos ao contexto antes de finalizar o plano de cuidados.,high,curated_current_edition,es,Institutional Spanish NIC 8th edition source reviewed; current code/label cross-check against NIC 8th current classification listing; https://www.salusplay.com/blog/clasificacion-completa-intervenciones-enfermeria-nic-2024/,,2026-09-07,"Selection remains patient/context dependent; use the licensed classification definitions, activities/indicators and scales."
00468,Risk for non-suicidal self-injurious behaviour,Risco de comportamento autolesivo não suicida,NOC,1902,Risk Control,Controle de Risco,"Nursing Outcomes Classification (NOC), 7th edition",primary,Compatibility primary selected for the diagnosis; consider alternative/context-specific links before finalising a care plan.,Compatibility primary selected for the diagnosis; consider alternative/context-specific links before finalising a care plan.,Mapeamento primário de compatibilidade selecionado para o diagnóstico; considerar vínculos alternativos/específicos ao contexto antes de finalizar o plano de cuidados.,high,curated_current_edition,es,Institutional Spanish NOC 7th edition source reviewed; current code/label cross-check against NOC 7th current classification listing; https://www.salusplay.com/apuntes/pae-y-diagnosticos-de-enfermeria-nanda-noc-y-nic/anexo-2-clasificacion-completa-de-resultados-de-enfermeria-noc-2024-8,,2026-09-07,"Selection remains patient/context dependent; use the licensed classification definitions, activities/indicators and scales."
00469,Risk for accidental poisoning,Risco de envenenamento acidental,NIC,6610,Risk Identification,Identificação de Risco,"Nursing Interventions Classification (NIC), 8th edition",primary,Compatibility primary selected for the diagnosis; consider alternative/context-specific links before finalising a care plan.,Compatibility primary selected for the diagnosis; consider alternative/context-specific links before finalising a care plan.,Mapeamento primário de compatibilidade selecionado para o diagnóstico; considerar vínculos alternativos/específicos ao contexto antes de finalizar o plano de cuidados.,high,curated_current_edition,es,Institutional Spanish NIC 8th edition source reviewed; current code/label cross-check against NIC 8th current classification listing; https://www.salusplay.com/blog/clasificacion-completa-intervenciones-enfermeria-nic-2024/,,2026-09-07,"Selection remains patient/context dependent; use the licensed classification definitions, activities/indicators and scales."
00469,Risk for accidental poisoning,Risco de envenenamento acidental,NOC,1908,Risk Detection,Detecção de Risco,"Nursing Outcomes Classification (NOC), 7th edition",primary,Compatibility primary selected for the diagnosis; consider alternative/context-specific links before finalising a care plan.,Compatibility primary selected for the diagnosis; consider alternative/context-specific links before finalising a care plan.,Mapeamento primário de compatibilidade selecionado para o diagnóstico; considerar vínculos alternativos/específicos ao contexto antes de finalizar o plano de cuidados.,high,curated_current_edition,es,Institutional Spanish NOC 7th edition source reviewed; current code/label cross-check against NOC 7th current classification listing; https://www.salusplay.com/apuntes/pae-y-diagnosticos-de-enfermeria-nanda-noc-y-nic/anexo-2-clasificacion-completa-de-resultados-de-enfermeria-noc-2024-8,,2026-09-07,"Selection remains patient/context dependent; use the licensed classification definitions, activities/indicators and scales."
00471,Risk for hyperthermia,Risco de hipertermia,NIC,3900,Temperature Regulation,Regulação da Temperatura,"Nursing Interventions Classification (NIC), 8th edition",primary,Compatibility primary selected for the diagnosis; consider alternative/context-specific links before finalising a care plan.,Compatibility primary selected for the diagnosis; consider alternative/context-specific links before finalising a care plan.,Mapeamento primário de compatibilidade selecionado para o diagnóstico; considerar vínculos alternativos/específicos ao contexto antes de finalizar o plano de cuidados.,high,curated_current_edition,es,Institutional Spanish NIC 8th edition source reviewed; current code/label cross-check against NIC 8th current classification listing; https://www.salusplay.com/blog/clasificacion-completa-intervenciones-enfermeria-nic-2024/,,2026-09-07,"Selection remains patient/context dependent; use the licensed classification definitions, activities/indicators and scales."
00471,Risk for hyperthermia,Risco de hipertermia,NOC,0800,Thermoregulation,Termorregulação,"Nursing Outcomes Classification (NOC), 7th edition",primary,Compatibility primary selected for the diagnosis; consider alternative/context-specific links before finalising a care plan.,Compatibility primary selected for the diagnosis; consider alternative/context-specific links before finalising a care plan.,Mapeamento primário de compatibilidade selecionado para o diagnóstico; considerar vínculos alternativos/específicos ao contexto antes de finalizar o plano de cuidados.,high,curated_current_edition,es,Institutional Spanish NOC 7th edition source reviewed; current code/label cross-check against NOC 7th current classification listing; https://www.salusplay.com/apuntes/pae-y-diagnosticos-de-enfermeria-nanda-noc-y-nic/anexo-2-clasificacion-completa-de-resultados-de-enfermeria-noc-2024-8,,2026-09-07,"Selection remains patient/context dependent; use the licensed classification definitions, activities/indicators and scales."
00472,Decreased body temperature,Diminuição da temperatura corporal,NIC,3900,Temperature Regulation,Regulação da Temperatura,"Nursing Interventions Classification (NIC), 8th edition",primary,Compatibility primary selected for the diagnosis; consider alternative/context-specific links before finalising a care plan.,Compatibility primary selected for the diagnosis; consider alternative/context-specific links before finalising a care plan.,Mapeamento primário de compatibilidade selecionado para o diagnóstico; considerar vínculos alternativos/específicos ao contexto antes de finalizar o plano de cuidados.,high,curated_current_edition,es,Institutional Spanish NIC 8th edition source reviewed; current code/label cross-check against NIC 8th current classification listing; https://www.salusplay.com/blog/clasificacion-completa-intervenciones-enfermeria-nic-2024/,,2026-09-07,"Selection remains patient/context dependent; use the licensed classification definitions, activities/indicators and scales."
00472,Decreased body temperature,Diminuição da temperatura corporal,NOC,0800,Thermoregulation,Termorregulação,"Nursing Outcomes Classification (NOC), 7th edition",primary,Compatibility primary selected for the diagnosis; consider alternative/context-specific links before finalising a care plan.,Compatibility primary selected for the diagnosis; consider alternative/context-specific links before finalising a care plan.,Mapeamento primário de compatibilidade selecionado para o diagnóstico; considerar vínculos alternativos/específicos ao contexto antes de finalizar o plano de cuidados.,high,curated_current_edition,es,Institutional Spanish NOC 7th edition source reviewed; current code/label cross-check against NOC 7th current classification listing; https://www.salusplay.com/apuntes/pae-y-diagnosticos-de-enfermeria-nanda-noc-y-nic/anexo-2-clasificacion-completa-de-resultados-de-enfermeria-noc-2024-8,,2026-09-07,"Selection remains patient/context dependent; use the licensed classification definitions, activities/indicators and scales."
00473,Risk for decreased body temperature,Risco de diminuição da temperatura corporal,NIC,3900,Temperature Regulation,Regulação da Temperatura,"Nursing Interventions Classification (NIC), 8th edition",primary,Compatibility primary selected for the diagnosis; consider alternative/context-specific links before finalising a care plan.,Compatibility primary selected for the diagnosis; consider alternative/context-specific links before finalising a care plan.,Mapeamento primário de compatibilidade selecionado para o diagnóstico; considerar vínculos alternativos/específicos ao contexto antes de finalizar o plano de cuidados.,high,curated_current_edition,es,Institutional Spanish NIC 8th edition source reviewed; current code/label cross-check against NIC 8th current classification listing; https://www.salusplay.com/blog/clasificacion-completa-intervenciones-enfermeria-nic-2024/,,2026-09-07,"Selection remains patient/context dependent; use the licensed classification definitions, activities/indicators and scales."
00473,Risk for decreased body temperature,Risco de diminuição da temperatura corporal,NOC,0800,Thermoregulation,Termorregulação,"Nursing Outcomes Classification (NOC), 7th edition",primary,Compatibility primary selected for the diagnosis; consider alternative/context-specific links before finalising a care plan.,Compatibility primary selected for the diagnosis; consider alternative/context-specific links before finalising a care plan.,Mapeamento primário de compatibilidade selecionado para o diagnóstico; considerar vínculos alternativos/específicos ao contexto antes de finalizar o plano de cuidados.,high,curated_current_edition,es,Institutional Spanish NOC 7th edition source reviewed; current code/label cross-check against NOC 7th current classification listing; https://www.salusplay.com/apuntes/pae-y-diagnosticos-de-enfermeria-nanda-noc-y-nic/anexo-2-clasificacion-completa-de-resultados-de-enfermeria-noc-2024-8,,2026-09-07,"Selection remains patient/context dependent; use the licensed classification definitions, activities/indicators and scales."
00474,Decreased neonatal body temperature,Diminuição da temperatura corporal neonatal,NIC,3900,Temperature Regulation,Regulação da Temperatura,"Nursing Interventions Classification (NIC), 8th edition",primary,Compatibility primary selected for the diagnosis; consider alternative/context-specific links before finalising a care plan.,Compatibility primary selected for the diagnosis; consider alternative/context-specific links before finalising a care plan.,Mapeamento primário de compatibilidade selecionado para o diagnóstico; considerar vínculos alternativos/específicos ao contexto antes de finalizar o plano de cuidados.,high,curated_current_edition,es,Institutional Spanish NIC 8th edition source reviewed; current code/label cross-check against NIC 8th current classification listing; https://www.salusplay.com/blog/clasificacion-completa-intervenciones-enfermeria-nic-2024/,,2026-09-07,"Selection remains patient/context dependent; use the licensed classification definitions, activities/indicators and scales."
00474,Decreased neonatal body temperature,Diminuição da temperatura corporal neonatal,NOC,0800,Thermoregulation,Termorregulação,"Nursing Outcomes Classification (NOC), 7th edition",primary,Compatibility primary selected for the diagnosis; consider alternative/context-specific links before finalising a care plan.,Compatibility primary selected for the diagnosis; consider alternative/context-specific links before finalising a care plan.,Mapeamento primário de compatibilidade selecionado para o diagnóstico; considerar vínculos alternativos/específicos ao contexto antes de finalizar o plano de cuidados.,high,curated_current_edition,es,Institutional Spanish NOC 7th edition source reviewed; current code/label cross-check against NOC 7th current classification listing; https://www.salusplay.com/apuntes/pae-y-diagnosticos-de-enfermeria-nanda-noc-y-nic/anexo-2-clasificacion-completa-de-resultados-de-enfermeria-noc-2024-8,,2026-09-07,"Selection remains patient/context dependent; use the licensed classification definitions, activities/indicators and scales."
00475,Excessive loneliness,Solidão excessiva,NIC,5100,Socialization Enhancement,Melhora da Socialização,"Nursing Interventions Classification (NIC), 8th edition",primary,Compatibility primary selected for the diagnosis; consider alternative/context-specific links before finalising a care plan.,Compatibility primary selected for the diagnosis; consider alternative/context-specific links before finalising a care plan.,Mapeamento primário de compatibilidade selecionado para o diagnóstico; considerar vínculos alternativos/específicos ao contexto antes de finalizar o plano de cuidados.,high,curated_current_edition,es,Institutional Spanish NIC 8th edition source reviewed; current code/label cross-check against NIC 8th current classification listing; https://www.salusplay.com/blog/clasificacion-completa-intervenciones-enfermeria-nic-2024/,,2026-09-07,"Selection remains patient/context dependent; use the licensed classification definitions, activities/indicators and scales."
00475,Excessive loneliness,Solidão excessiva,NOC,1203,Loneliness Severity,Gravidade da Solidão,"Nursing Outcomes Classification (NOC), 7th edition",primary,Compatibility primary selected for the diagnosis; consider alternative/context-specific links before finalising a care plan.,Compatibility primary selected for the diagnosis; consider alternative/context-specific links before finalising a care plan.,Mapeamento primário de compatibilidade selecionado para o diagnóstico; considerar vínculos alternativos/específicos ao contexto antes de finalizar o plano de cuidados.,high,curated_current_edition,es,Institutional Spanish NOC 7th edition source reviewed; current code/label cross-check against NOC 7th current classification listing; https://www.salusplay.com/apuntes/pae-y-diagnosticos-de-enfermeria-nanda-noc-y-nic/anexo-2-clasificacion-completa-de-resultados-de-enfermeria-noc-2024-8,,2026-09-07,"Selection remains patient/context dependent; use the licensed classification definitions, activities/indicators and scales."
00476,Risk for decreased neonatal body temperature,Risco de diminuição da temperatura corporal neonatal,NIC,3900,Temperature Regulation,Regulação da Temperatura,"Nursing Interventions Classification (NIC), 8th edition",primary,Compatibility primary selected for the diagnosis; consider alternative/context-specific links before finalising a care plan.,Compatibility primary selected for the diagnosis; consider alternative/context-specific links before finalising a care plan.,Mapeamento primário de compatibilidade selecionado para o diagnóstico; considerar vínculos alternativos/específicos ao contexto antes de finalizar o plano de cuidados.,high,curated_current_edition,es,Institutional Spanish NIC 8th edition source reviewed; current code/label cross-check against NIC 8th current classification listing; https://www.salusplay.com/blog/clasificacion-completa-intervenciones-enfermeria-nic-2024/,,2026-09-07,"Selection remains patient/context dependent; use the licensed classification definitions, activities/indicators and scales."
00476,Risk for decreased neonatal body temperature,Risco de diminuição da temperatura corporal neonatal,NOC,0800,Thermoregulation,Termorregulação,"Nursing Outcomes Classification (NOC), 7th edition",primary,Compatibility primary selected for the diagnosis; consider alternative/context-specific links before finalising a care plan.,Compatibility primary selected for the diagnosis; consider alternative/context-specific links before finalising a care plan.,Mapeamento primário de compatibilidade selecionado para o diagnóstico; considerar vínculos alternativos/específicos ao contexto antes de finalizar o plano de cuidados.,high,curated_current_edition,es,Institutional Spanish NOC 7th edition source reviewed; current code/label cross-check against NOC 7th current classification listing; https://www.salusplay.com/apuntes/pae-y-diagnosticos-de-enfermeria-nanda-noc-y-nic/anexo-2-clasificacion-completa-de-resultados-de-enfermeria-noc-2024-8,,2026-09-07,"Selection remains patient/context dependent; use the licensed classification definitions, activities/indicators and scales."
00477,Excessive fatigue burden,sobrecarga de fadiga excessiva,NIC,0180,Energy Management,Controle de Energia,"Nursing Interventions Classification (NIC), 8th edition",primary,Compatibility primary selected for the diagnosis; consider alternative/context-specific links before finalising a care plan.,Compatibility primary selected for the diagnosis; consider alternative/context-specific links before finalising a care plan.,Mapeamento primário de compatibilidade selecionado para o diagnóstico; considerar vínculos alternativos/específicos ao contexto antes de finalizar o plano de cuidados.,high,curated_current_edition,es,Institutional Spanish NIC 8th edition source reviewed; current code/label cross-check against NIC 8th current classification listing; https://www.salusplay.com/blog/clasificacion-completa-intervenciones-enfermeria-nic-2024/,,2026-09-07,"Selection remains patient/context dependent; use the licensed classification definitions, activities/indicators and scales."
00477,Excessive fatigue burden,sobrecarga de fadiga excessiva,NOC,0007,Fatigue Level,Nível de Fadiga,"Nursing Outcomes Classification (NOC), 7th edition",primary,Compatibility primary selected for the diagnosis; consider alternative/context-specific links before finalising a care plan.,Compatibility primary selected for the diagnosis; consider alternative/context-specific links before finalising a care plan.,Mapeamento primário de compatibilidade selecionado para o diagnóstico; considerar vínculos alternativos/específicos ao contexto antes de finalizar o plano de cuidados.,high,curated_current_edition,es,Institutional Spanish NOC 7th edition source reviewed; current code/label cross-check against NOC 7th current classification listing; https://www.salusplay.com/apuntes/pae-y-diagnosticos-de-enfermeria-nanda-noc-y-nic/anexo-2-clasificacion-completa-de-resultados-de-enfermeria-noc-2024-8,,2026-09-07,"Selection remains patient/context dependent; use the licensed classification definitions, activities/indicators and scales."
00478,Risk for delayed child growth,Risco de atraso no crescimento infantil,NIC,1160,Nutritional Monitoring,Monitoração Nutricional,"Nursing Interventions Classification (NIC), 8th edition",primary,Compatibility primary selected for the diagnosis; consider alternative/context-specific links before finalising a care plan.,Compatibility primary selected for the diagnosis; consider alternative/context-specific links before finalising a care plan.,Mapeamento primário de compatibilidade selecionado para o diagnóstico; considerar vínculos alternativos/específicos ao contexto antes de finalizar o plano de cuidados.,high,curated_current_edition,es,Institutional Spanish NIC 8th edition source reviewed; current code/label cross-check against NIC 8th current classification listing; https://www.salusplay.com/blog/clasificacion-completa-intervenciones-enfermeria-nic-2024/,,2026-09-07,"Selection remains patient/context dependent; use the licensed classification definitions, activities/indicators and scales."
00478,Risk for delayed child growth,Risco de atraso no crescimento infantil,NOC,0110,Growth,Crescimento,"Nursing Outcomes Classification (NOC), 7th edition",primary,Compatibility primary selected for the diagnosis; consider alternative/context-specific links before finalising a care plan.,Compatibility primary selected for the diagnosis; consider alternative/context-specific links before finalising a care plan.,Mapeamento primário de compatibilidade selecionado para o diagnóstico; considerar vínculos alternativos/específicos ao contexto antes de finalizar o plano de cuidados.,high,curated_current_edition,es,Institutional Spanish NOC 7th edition source reviewed; current code/label cross-check against NOC 7th current classification listing; https://www.salusplay.com/apuntes/pae-y-diagnosticos-de-enfermeria-nanda-noc-y-nic/anexo-2-clasificacion-completa-de-resultados-de-enfermeria-noc-2024-8,,2026-09-07,"Selection remains patient/context dependent; use the licensed classification definitions, activities/indicators and scales."
00479,Readiness for enhanced chestfeeding,Prontidão para amamentação aprimorada,NIC,5244,Breastfeeding Counselling,Aconselhamento sobre Amamentação,"Nursing Interventions Classification (NIC), 8th edition",primary,Compatibility primary selected for the diagnosis; consider alternative/context-specific links before finalising a care plan.,Compatibility primary selected for the diagnosis; consider alternative/context-specific links before finalising a care plan.,Mapeamento primário de compatibilidade selecionado para o diagnóstico; considerar vínculos alternativos/específicos ao contexto antes de finalizar o plano de cuidados.,high,current_edition_verified,es,Institutional Spanish NIC 8th edition source reviewed; current code/label cross-check against NIC 8th current classification listing; https://www.salusplay.com/blog/clasificacion-completa-intervenciones-enfermeria-nic-2024/,,2026-09-07,"Selection remains patient/context dependent; use the licensed classification definitions, activities/indicators and scales."
00479,Readiness for enhanced chestfeeding,Prontidão para amamentação aprimorada,NOC,1000,Breastfeeding Establishment: Infant,Estabelecimento da Amamentação: Lactente,"Nursing Outcomes Classification (NOC), 7th edition",primary,Compatibility primary selected for the diagnosis; consider alternative/context-specific links before finalising a care plan.,Compatibility primary selected for the diagnosis; consider alternative/context-specific links before finalising a care plan.,Mapeamento primário de compatibilidade selecionado para o diagnóstico; considerar vínculos alternativos/específicos ao contexto antes de finalizar o plano de cuidados.,high,curated_current_edition,es,Institutional Spanish NOC 7th edition source reviewed; current code/label cross-check against NOC 7th current classification listing; https://www.salusplay.com/apuntes/pae-y-diagnosticos-de-enfermeria-nanda-noc-y-nic/anexo-2-clasificacion-completa-de-resultados-de-enfermeria-noc-2024-8,,2026-09-07,"Selection remains patient/context dependent; use the licensed classification definitions, activities/indicators and scales."
00479,Readiness for enhanced chestfeeding,Prontidão para amamentação aprimorada,NOC,1002,Breastfeeding Maintenance,Manutenção da Amamentação,"Nursing Outcomes Classification (NOC), 7th edition",alternative,Use when readiness focuses on sustained breastfeeding.,Use when readiness focuses on sustained breastfeeding.,Usar quando a prontidão estiver voltada à manutenção sustentada da amamentação.,high,contextual_current_edition,es,Institutional Spanish NOC 7th edition source reviewed; current code/label cross-check against NOC 7th current classification listing; https://www.salusplay.com/apuntes/pae-y-diagnosticos-de-enfermeria-nanda-noc-y-nic/anexo-2-clasificacion-completa-de-resultados-de-enfermeria-noc-2024-8,,2026-09-07,"Selection remains patient/context dependent; use the licensed classification definitions, activities/indicators and scales."
00480,Risk for chronic inadequate self-esteem,Risco de baixa autoestima crônica,NIC,5400,Self-Esteem Enhancement,Melhora da Autoestima,"Nursing Interventions Classification (NIC), 8th edition",primary,Compatibility primary selected for the diagnosis; consider alternative/context-specific links before finalising a care plan.,Compatibility primary selected for the diagnosis; consider alternative/context-specific links before finalising a care plan.,Mapeamento primário de compatibilidade selecionado para o diagnóstico; considerar vínculos alternativos/específicos ao contexto antes de finalizar o plano de cuidados.,high,curated_current_edition,es,Institutional Spanish NIC 8th edition source reviewed; current code/label cross-check against NIC 8th current classification listing; https://www.salusplay.com/blog/clasificacion-completa-intervenciones-enfermeria-nic-2024/,,2026-09-07,"Selection remains patient/context dependent; use the licensed classification definitions, activities/indicators and scales."
00480,Risk for chronic inadequate self-esteem,Risco de baixa autoestima crônica,NOC,1205,Self-Esteem,Autoestima,"Nursing Outcomes Classification (NOC), 7th edition",primary,Compatibility primary selected for the diagnosis; consider alternative/context-specific links before finalising a care plan.,Compatibility primary selected for the diagnosis; consider alternative/context-specific links before finalising a care plan.,Mapeamento primário de compatibilidade selecionado para o diagnóstico; considerar vínculos alternativos/específicos ao contexto antes de finalizar o plano de cuidados.,high,curated_current_edition,es,Institutional Spanish NOC 7th edition source reviewed; current code/label cross-check against NOC 7th current classification listing; https://www.salusplay.com/apuntes/pae-y-diagnosticos-de-enfermeria-nanda-noc-y-nic/anexo-2-clasificacion-completa-de-resultados-de-enfermeria-noc-2024-8,,2026-09-07,"Selection remains patient/context dependent; use the licensed classification definitions, activities/indicators and scales."
00481,Situational inadequate self-esteem,autoestima inadequada situacional,NIC,5400,Self-Esteem Enhancement,Melhora da Autoestima,"Nursing Interventions Classification (NIC), 8th edition",primary,Compatibility primary selected for the diagnosis; consider alternative/context-specific links before finalising a care plan.,Compatibility primary selected for the diagnosis; consider alternative/context-specific links before finalising a care plan.,Mapeamento primário de compatibilidade selecionado para o diagnóstico; considerar vínculos alternativos/específicos ao contexto antes de finalizar o plano de cuidados.,high,curated_current_edition,es,Institutional Spanish NIC 8th edition source reviewed; current code/label cross-check against NIC 8th current classification listing; https://www.salusplay.com/blog/clasificacion-completa-intervenciones-enfermeria-nic-2024/,,2026-09-07,"Selection remains patient/context dependent; use the licensed classification definitions, activities/indicators and scales."
00481,Situational inadequate self-esteem,autoestima inadequada situacional,NOC,1205,Self-Esteem,Autoestima,"Nursing Outcomes Classification (NOC), 7th edition",primary,Compatibility primary selected for the diagnosis; consider alternative/context-specific links before finalising a care plan.,Compatibility primary selected for the diagnosis; consider alternative/context-specific links before finalising a care plan.,Mapeamento primário de compatibilidade selecionado para o diagnóstico; considerar vínculos alternativos/específicos ao contexto antes de finalizar o plano de cuidados.,high,curated_current_edition,es,Institutional Spanish NOC 7th edition source reviewed; current code/label cross-check against NOC 7th current classification listing; https://www.salusplay.com/apuntes/pae-y-diagnosticos-de-enfermeria-nanda-noc-y-nic/anexo-2-clasificacion-completa-de-resultados-de-enfermeria-noc-2024-8,,2026-09-07,"Selection remains patient/context dependent; use the licensed classification definitions, activities/indicators and scales."
00482,Risk for situational inadequate self-esteem,Risco de autoestima inadequada situacional,NIC,5400,Self-Esteem Enhancement,Melhora da Autoestima,"Nursing Interventions Classification (NIC), 8th edition",primary,Compatibility primary selected for the diagnosis; consider alternative/context-specific links before finalising a care plan.,Compatibility primary selected for the diagnosis; consider alternative/context-specific links before finalising a care plan.,Mapeamento primário de compatibilidade selecionado para o diagnóstico; considerar vínculos alternativos/específicos ao contexto antes de finalizar o plano de cuidados.,high,curated_current_edition,es,Institutional Spanish NIC 8th edition source reviewed; current code/label cross-check against NIC 8th current classification listing; https://www.salusplay.com/blog/clasificacion-completa-intervenciones-enfermeria-nic-2024/,,2026-09-07,"Selection remains patient/context dependent; use the licensed classification definitions, activities/indicators and scales."
00482,Risk for situational inadequate self-esteem,Risco de autoestima inadequada situacional,NOC,1205,Self-Esteem,Autoestima,"Nursing Outcomes Classification (NOC), 7th edition",primary,Compatibility primary selected for the diagnosis; consider alternative/context-specific links before finalising a care plan.,Compatibility primary selected for the diagnosis; consider alternative/context-specific links before finalising a care plan.,Mapeamento primário de compatibilidade selecionado para o diagnóstico; considerar vínculos alternativos/específicos ao contexto antes de finalizar o plano de cuidados.,high,curated_current_edition,es,Institutional Spanish NOC 7th edition source reviewed; current code/label cross-check against NOC 7th current classification listing; https://www.salusplay.com/apuntes/pae-y-diagnosticos-de-enfermeria-nanda-noc-y-nic/anexo-2-clasificacion-completa-de-resultados-de-enfermeria-noc-2024-8,,2026-09-07,"Selection remains patient/context dependent; use the licensed classification definitions, activities/indicators and scales."
00483,Chronic inadequate self-esteem,autoestima cronicamente inadequada,NIC,5400,Self-Esteem Enhancement,Melhora da Autoestima,"Nursing Interventions Classification (NIC), 8th edition",primary,Compatibility primary selected for the diagnosis; consider alternative/context-specific links before finalising a care plan.,Compatibility primary selected for the diagnosis; consider alternative/context-specific links before finalising a care plan.,Mapeamento primário de compatibilidade selecionado para o diagnóstico; considerar vínculos alternativos/específicos ao contexto antes de finalizar o plano de cuidados.,high,curated_current_edition,es,Institutional Spanish NIC 8th edition source reviewed; current code/label cross-check against NIC 8th current classification listing; https://www.salusplay.com/blog/clasificacion-completa-intervenciones-enfermeria-nic-2024/,,2026-09-07,"Selection remains patient/context dependent; use the licensed classification definitions, activities/indicators and scales."
00483,Chronic inadequate self-esteem,autoestima cronicamente inadequada,NOC,1205,Self-Esteem,Autoestima,"Nursing Outcomes Classification (NOC), 7th edition",primary,Compatibility primary selected for the diagnosis; consider alternative/context-specific links before finalising a care plan.,Compatibility primary selected for the diagnosis; consider alternative/context-specific links before finalising a care plan.,Mapeamento primário de compatibilidade selecionado para o diagnóstico; considerar vínculos alternativos/específicos ao contexto antes de finalizar o plano de cuidados.,high,curated_current_edition,es,Institutional Spanish NOC 7th edition source reviewed; current code/label cross-check against NOC 7th current classification listing; https://www.salusplay.com/apuntes/pae-y-diagnosticos-de-enfermeria-nanda-noc-y-nic/anexo-2-clasificacion-completa-de-resultados-de-enfermeria-noc-2024-8,,2026-09-07,"Selection remains patient/context dependent; use the licensed classification definitions, activities/indicators and scales."
00484,Risk for disrupted immigration transition,Risco de transição migratória interrompida,NIC,5350,Relocation Stress Reduction,Redução do Estresse por Mudança,"Nursing Interventions Classification (NIC), 8th edition",primary,Compatibility primary selected for the diagnosis; consider alternative/context-specific links before finalising a care plan.,Compatibility primary selected for the diagnosis; consider alternative/context-specific links before finalising a care plan.,Mapeamento primário de compatibilidade selecionado para o diagnóstico; considerar vínculos alternativos/específicos ao contexto antes de finalizar o plano de cuidados.,high,curated_current_edition,es,Institutional Spanish NIC 8th edition source reviewed; current code/label cross-check against NIC 8th current classification listing; https://www.salusplay.com/blog/clasificacion-completa-intervenciones-enfermeria-nic-2024/,,2026-09-07,"Selection remains patient/context dependent; use the licensed classification definitions, activities/indicators and scales."
00484,Risk for disrupted immigration transition,Risco de transição migratória interrompida,NOC,1305,Psychosocial Adjustment: Life Change,Ajuste Psicossocial: Mudança de Vida,"Nursing Outcomes Classification (NOC), 7th edition",primary,Compatibility primary selected for the diagnosis; consider alternative/context-specific links before finalising a care plan.,Compatibility primary selected for the diagnosis; consider alternative/context-specific links before finalising a care plan.,Mapeamento primário de compatibilidade selecionado para o diagnóstico; considerar vínculos alternativos/específicos ao contexto antes de finalizar o plano de cuidados.,high,curated_current_edition,es,Institutional Spanish NOC 7th edition source reviewed; current code/label cross-check against NOC 7th current classification listing; https://www.salusplay.com/apuntes/pae-y-diagnosticos-de-enfermeria-nanda-noc-y-nic/anexo-2-clasificacion-completa-de-resultados-de-enfermeria-noc-2024-8,,2026-09-07,"Selection remains patient/context dependent; use the licensed classification definitions, activities/indicators and scales."
00485,Ineffective underweight self-management,Autogestão ineficaz do baixo peso,NIC,1240,Weight Gain Assistance,Assistência no Ganho de Peso,"Nursing Interventions Classification (NIC), 8th edition",primary,Compatibility primary selected for the diagnosis; consider alternative/context-specific links before finalising a care plan.,Compatibility primary selected for the diagnosis; consider alternative/context-specific links before finalising a care plan.,Mapeamento primário de compatibilidade selecionado para o diagnóstico; considerar vínculos alternativos/específicos ao contexto antes de finalizar o plano de cuidados.,high,curated_current_edition,es,Institutional Spanish NIC 8th edition source reviewed; current code/label cross-check against NIC 8th current classification listing; https://www.salusplay.com/blog/clasificacion-completa-intervenciones-enfermeria-nic-2024/,,2026-09-07,"Selection remains patient/context dependent; use the licensed classification definitions, activities/indicators and scales."
00485,Ineffective underweight self-management,Autogestão ineficaz do baixo peso,NOC,1626,Weight Gain Behaviour,Comportamento de Ganho de Peso,"Nursing Outcomes Classification (NOC), 7th edition",primary,Compatibility primary selected for the diagnosis; consider alternative/context-specific links before finalising a care plan.,Compatibility primary selected for the diagnosis; consider alternative/context-specific links before finalising a care plan.,Mapeamento primário de compatibilidade selecionado para o diagnóstico; considerar vínculos alternativos/específicos ao contexto antes de finalizar o plano de cuidados.,high,curated_current_edition,es,Institutional Spanish NOC 7th edition source reviewed; current code/label cross-check against NOC 7th current classification listing; https://www.salusplay.com/apuntes/pae-y-diagnosticos-de-enfermeria-nanda-noc-y-nic/anexo-2-clasificacion-completa-de-resultados-de-enfermeria-noc-2024-8,,2026-09-07,"Selection remains patient/context dependent; use the licensed classification definitions, activities/indicators and scales."
00486,Risk for ineffective underweight self-management,Risco de autogestão ineficaz do baixo peso,NIC,1240,Weight Gain Assistance,Assistência no Ganho de Peso,"Nursing Interventions Classification (NIC), 8th edition",primary,Compatibility primary selected for the diagnosis; consider alternative/context-specific links before finalising a care plan.,Compatibility primary selected for the diagnosis; consider alternative/context-specific links before finalising a care plan.,Mapeamento primário de compatibilidade selecionado para o diagnóstico; considerar vínculos alternativos/específicos ao contexto antes de finalizar o plano de cuidados.,high,curated_current_edition,es,Institutional Spanish NIC 8th edition source reviewed; current code/label cross-check against NIC 8th current classification listing; https://www.salusplay.com/blog/clasificacion-completa-intervenciones-enfermeria-nic-2024/,,2026-09-07,"Selection remains patient/context dependent; use the licensed classification definitions, activities/indicators and scales."
00486,Risk for ineffective underweight self-management,Risco de autogestão ineficaz do baixo peso,NOC,1626,Weight Gain Behaviour,Comportamento de Ganho de Peso,"Nursing Outcomes Classification (NOC), 7th edition",primary,Compatibility primary selected for the diagnosis; consider alternative/context-specific links before finalising a care plan.,Compatibility primary selected for the diagnosis; consider alternative/context-specific links before finalising a care plan.,Mapeamento primário de compatibilidade selecionado para o diagnóstico; considerar vínculos alternativos/específicos ao contexto antes de finalizar o plano de cuidados.,high,curated_current_edition,es,Institutional Spanish NOC 7th edition source reviewed; current code/label cross-check against NOC 7th current classification listing; https://www.salusplay.com/apuntes/pae-y-diagnosticos-de-enfermeria-nanda-noc-y-nic/anexo-2-clasificacion-completa-de-resultados-de-enfermeria-noc-2024-8,,2026-09-07,"Selection remains patient/context dependent; use the licensed classification definitions, activities/indicators and scales."
00487,Risk for ineffective overweight self-management,Risco de autogestão ineficaz do excesso de peso,NIC,1280,Weight Reduction Assistance,Assistência na Redução de Peso,"Nursing Interventions Classification (NIC), 8th edition",primary,Compatibility primary selected for the diagnosis; consider alternative/context-specific links before finalising a care plan.,Compatibility primary selected for the diagnosis; consider alternative/context-specific links before finalising a care plan.,Mapeamento primário de compatibilidade selecionado para o diagnóstico; considerar vínculos alternativos/específicos ao contexto antes de finalizar o plano de cuidados.,high,curated_current_edition,es,Institutional Spanish NIC 8th edition source reviewed; current code/label cross-check against NIC 8th current classification listing; https://www.salusplay.com/blog/clasificacion-completa-intervenciones-enfermeria-nic-2024/,,2026-09-07,"Selection remains patient/context dependent; use the licensed classification definitions, activities/indicators and scales."
00487,Risk for ineffective overweight self-management,Risco de autogestão ineficaz do excesso de peso,NOC,1627,Weight Loss Behaviour,Comportamento de Perda de Peso,"Nursing Outcomes Classification (NOC), 7th edition",primary,Compatibility primary selected for the diagnosis; consider alternative/context-specific links before finalising a care plan.,Compatibility primary selected for the diagnosis; consider alternative/context-specific links before finalising a care plan.,Mapeamento primário de compatibilidade selecionado para o diagnóstico; considerar vínculos alternativos/específicos ao contexto antes de finalizar o plano de cuidados.,high,curated_current_edition,es,Institutional Spanish NOC 7th edition source reviewed; current code/label cross-check against NOC 7th current classification listing; https://www.salusplay.com/apuntes/pae-y-diagnosticos-de-enfermeria-nanda-noc-y-nic/anexo-2-clasificacion-completa-de-resultados-de-enfermeria-noc-2024-8,,2026-09-07,"Selection remains patient/context dependent; use the licensed classification definitions, activities/indicators and scales."
00488,Risk for compromised human dignity,Risco de violação da dignidade humana,NIC,5270,Emotional Support,Apoio Emocional,"Nursing Interventions Classification (NIC), 8th edition",primary,Compatibility primary selected for the diagnosis; consider alternative/context-specific links before finalising a care plan.,Compatibility primary selected for the diagnosis; consider alternative/context-specific links before finalising a care plan.,Mapeamento primário de compatibilidade selecionado para o diagnóstico; considerar vínculos alternativos/específicos ao contexto antes de finalizar o plano de cuidados.,moderate,curated_current_edition,es,Institutional Spanish NIC 8th edition source reviewed; current code/label cross-check against NIC 8th current classification listing; https://www.salusplay.com/blog/clasificacion-completa-intervenciones-enfermeria-nic-2024/,,2026-09-07,"Selection remains patient/context dependent; use the licensed classification definitions, activities/indicators and scales."
00488,Risk for compromised human dignity,Risco de violação da dignidade humana,NOC,2002,Personal Well-Being,Bem-Estar Pessoal,"Nursing Outcomes Classification (NOC), 7th edition",primary,Compatibility primary selected for the diagnosis; consider alternative/context-specific links before finalising a care plan.,Compatibility primary selected for the diagnosis; consider alternative/context-specific links before finalising a care plan.,Mapeamento primário de compatibilidade selecionado para o diagnóstico; considerar vínculos alternativos/específicos ao contexto antes de finalizar o plano de cuidados.,moderate,curated_current_edition,es,Institutional Spanish NOC 7th edition source reviewed; current code/label cross-check against NOC 7th current classification listing; https://www.salusplay.com/apuntes/pae-y-diagnosticos-de-enfermeria-nanda-noc-y-nic/anexo-2-clasificacion-completa-de-resultados-de-enfermeria-noc-2024-8,,2026-09-07,"Selection remains patient/context dependent; use the licensed classification definitions, activities/indicators and scales."
00489,Risk for ineffective blood glucose pattern self-management,Risco de autogestão ineficaz do padrão de glicemia,NIC,5602,Teaching: Disease Process,Ensino: Processo da Doença,"Nursing Interventions Classification (NIC), 8th edition",primary,Compatibility primary selected for the diagnosis; consider alternative/context-specific links before finalising a care plan.,Compatibility primary selected for the diagnosis; consider alternative/context-specific links before finalising a care plan.,Mapeamento primário de compatibilidade selecionado para o diagnóstico; considerar vínculos alternativos/específicos ao contexto antes de finalizar o plano de cuidados.,high,curated_current_edition,es,Institutional Spanish NIC 8th edition source reviewed; current code/label cross-check against NIC 8th current classification listing; https://www.salusplay.com/blog/clasificacion-completa-intervenciones-enfermeria-nic-2024/,,2026-09-07,"Selection remains patient/context dependent; use the licensed classification definitions, activities/indicators and scales."
00489,Risk for ineffective blood glucose pattern self-management,Risco de autogestão ineficaz do padrão de glicemia,NOC,1619,Self-Management: Diabetes,Autogestão do Diabetes,"Nursing Outcomes Classification (NOC), 7th edition",primary,Compatibility primary selected for the diagnosis; consider alternative/context-specific links before finalising a care plan.,Compatibility primary selected for the diagnosis; consider alternative/context-specific links before finalising a care plan.,Mapeamento primário de compatibilidade selecionado para o diagnóstico; considerar vínculos alternativos/específicos ao contexto antes de finalizar o plano de cuidados.,high,curated_current_edition,es,Institutional Spanish NOC 7th edition source reviewed; current code/label cross-check against NOC 7th current classification listing; https://www.salusplay.com/apuntes/pae-y-diagnosticos-de-enfermeria-nanda-noc-y-nic/anexo-2-clasificacion-completa-de-resultados-de-enfermeria-noc-2024-8,,2026-09-07,"Selection remains patient/context dependent; use the licensed classification definitions, activities/indicators and scales."
00490,Risk for decreased perioperative body temperature,Risco de diminuição da temperatura corporal perioperatória,NIC,3900,Temperature Regulation,Regulação da Temperatura,"Nursing Interventions Classification (NIC), 8th edition",primary,Compatibility primary selected for the diagnosis; consider alternative/context-specific links before finalising a care plan.,Compatibility primary selected for the diagnosis; consider alternative/context-specific links before finalising a care plan.,Mapeamento primário de compatibilidade selecionado para o diagnóstico; considerar vínculos alternativos/específicos ao contexto antes de finalizar o plano de cuidados.,high,curated_current_edition,es,Institutional Spanish NIC 8th edition source reviewed; current code/label cross-check against NIC 8th current classification listing; https://www.salusplay.com/blog/clasificacion-completa-intervenciones-enfermeria-nic-2024/,,2026-09-07,"Selection remains patient/context dependent; use the licensed classification definitions, activities/indicators and scales."
00490,Risk for decreased perioperative body temperature,Risco de diminuição da temperatura corporal perioperatória,NOC,0800,Thermoregulation,Termorregulação,"Nursing Outcomes Classification (NOC), 7th edition",primary,Compatibility primary selected for the diagnosis; consider alternative/context-specific links before finalising a care plan.,Compatibility primary selected for the diagnosis; consider alternative/context-specific links before finalising a care plan.,Mapeamento primário de compatibilidade selecionado para o diagnóstico; considerar vínculos alternativos/específicos ao contexto antes de finalizar o plano de cuidados.,high,curated_current_edition,es,Institutional Spanish NOC 7th edition source reviewed; current code/label cross-check against NOC 7th current classification listing; https://www.salusplay.com/apuntes/pae-y-diagnosticos-de-enfermeria-nanda-noc-y-nic/anexo-2-clasificacion-completa-de-resultados-de-enfermeria-noc-2024-8,,2026-09-07,"Selection remains patient/context dependent; use the licensed classification definitions, activities/indicators and scales."
00491,Risk for impaired water-electrolyte balance,Risco de desequilíbrio hidroeletrolítico,NIC,2080,Fluid/Electrolyte Management,Controle de Líquidos/Eletrólitos,"Nursing Interventions Classification (NIC), 8th edition",primary,Compatibility primary selected for the diagnosis; consider alternative/context-specific links before finalising a care plan.,Compatibility primary selected for the diagnosis; consider alternative/context-specific links before finalising a care plan.,Mapeamento primário de compatibilidade selecionado para o diagnóstico; considerar vínculos alternativos/específicos ao contexto antes de finalizar o plano de cuidados.,high,curated_current_edition,es,Institutional Spanish NIC 8th edition source reviewed; current code/label cross-check against NIC 8th current classification listing; https://www.salusplay.com/blog/clasificacion-completa-intervenciones-enfermeria-nic-2024/,,2026-09-07,"Selection remains patient/context dependent; use the licensed classification definitions, activities/indicators and scales."
00491,Risk for impaired water-electrolyte balance,Risco de desequilíbrio hidroeletrolítico,NOC,0606,Electrolyte Balance,Equilíbrio Eletrolítico,"Nursing Outcomes Classification (NOC), 7th edition",primary,Compatibility primary selected for the diagnosis; consider alternative/context-specific links before finalising a care plan.,Compatibility primary selected for the diagnosis; consider alternative/context-specific links before finalising a care plan.,Mapeamento primário de compatibilidade selecionado para o diagnóstico; considerar vínculos alternativos/específicos ao contexto antes de finalizar o plano de cuidados.,high,curated_current_edition,es,Institutional Spanish NOC 7th edition source reviewed; current code/label cross-check against NOC 7th current classification listing; https://www.salusplay.com/apuntes/pae-y-diagnosticos-de-enfermeria-nanda-noc-y-nic/anexo-2-clasificacion-completa-de-resultados-de-enfermeria-noc-2024-8,,2026-09-07,"Selection remains patient/context dependent; use the licensed classification definitions, activities/indicators and scales."
00492,Risk for impaired fluid volume balance,Risco de desequilíbrio do volume de fluidos,NIC,4120,Fluid Management,Controle de Líquidos,"Nursing Interventions Classification (NIC), 8th edition",primary,Compatibility primary selected for the diagnosis; consider alternative/context-specific links before finalising a care plan.,Compatibility primary selected for the diagnosis; consider alternative/context-specific links before finalising a care plan.,Mapeamento primário de compatibilidade selecionado para o diagnóstico; considerar vínculos alternativos/específicos ao contexto antes de finalizar o plano de cuidados.,high,curated_current_edition,es,Institutional Spanish NIC 8th edition source reviewed; current code/label cross-check against NIC 8th current classification listing; https://www.salusplay.com/blog/clasificacion-completa-intervenciones-enfermeria-nic-2024/,,2026-09-07,"Selection remains patient/context dependent; use the licensed classification definitions, activities/indicators and scales."
00492,Risk for impaired fluid volume balance,Risco de desequilíbrio do volume de fluidos,NOC,0601,Fluid Balance,Equilíbrio Hídrico,"Nursing Outcomes Classification (NOC), 7th edition",primary,Compatibility primary selected for the diagnosis; consider alternative/context-specific links before finalising a care plan.,Compatibility primary selected for the diagnosis; consider alternative/context-specific links before finalising a care plan.,Mapeamento primário de compatibilidade selecionado para o diagnóstico; considerar vínculos alternativos/específicos ao contexto antes de finalizar o plano de cuidados.,high,curated_current_edition,es,Institutional Spanish NOC 7th edition source reviewed; current code/label cross-check against NOC 7th current classification listing; https://www.salusplay.com/apuntes/pae-y-diagnosticos-de-enfermeria-nanda-noc-y-nic/anexo-2-clasificacion-completa-de-resultados-de-enfermeria-noc-2024-8,,2026-09-07,"Selection remains patient/context dependent; use the licensed classification definitions, activities/indicators and scales."
00493,Disrupted thought processes,Processos de pensamento interrompidos,NIC,4720,Cognitive Stimulation,Estimulação Cognitiva,"Nursing Interventions Classification (NIC), 8th edition",primary,Compatibility primary selected for the diagnosis; consider alternative/context-specific links before finalising a care plan.,Compatibility primary selected for the diagnosis; consider alternative/context-specific links before finalising a care plan.,Mapeamento primário de compatibilidade selecionado para o diagnóstico; considerar vínculos alternativos/específicos ao contexto antes de finalizar o plano de cuidados.,moderate,curated_current_edition,es,Institutional Spanish NIC 8th edition source reviewed; current code/label cross-check against NIC 8th current classification listing; https://www.salusplay.com/blog/clasificacion-completa-intervenciones-enfermeria-nic-2024/,,2026-09-07,"Selection remains patient/context dependent; use the licensed classification definitions, activities/indicators and scales."
00493,Disrupted thought processes,Processos de pensamento interrompidos,NOC,0900,Cognition,Cognição,"Nursing Outcomes Classification (NOC), 7th edition",primary,Compatibility primary selected for the diagnosis; consider alternative/context-specific links before finalising a care plan.,Compatibility primary selected for the diagnosis; consider alternative/context-specific links before finalising a care plan.,Mapeamento primário de compatibilidade selecionado para o diagnóstico; considerar vínculos alternativos/específicos ao contexto antes de finalizar o plano de cuidados.,moderate,curated_current_edition,es,Institutional Spanish NOC 7th edition source reviewed; current code/label cross-check against NOC 7th current classification listing; https://www.salusplay.com/apuntes/pae-y-diagnosticos-de-enfermeria-nanda-noc-y-nic/anexo-2-clasificacion-completa-de-resultados-de-enfermeria-noc-2024-8,,2026-09-07,"Selection remains patient/context dependent; use the licensed classification definitions, activities/indicators and scales."
00494,Disrupted personal identity,Identidade pessoal perturbada,NIC,5390,Self-Awareness Enhancement,Melhora da Autoconsciência,"Nursing Interventions Classification (NIC), 8th edition",primary,Compatibility primary selected for the diagnosis; consider alternative/context-specific links before finalising a care plan.,Compatibility primary selected for the diagnosis; consider alternative/context-specific links before finalising a care plan.,Mapeamento primário de compatibilidade selecionado para o diagnóstico; considerar vínculos alternativos/específicos ao contexto antes de finalizar o plano de cuidados.,moderate,curated_current_edition,es,Institutional Spanish NIC 8th edition source reviewed; current code/label cross-check against NIC 8th current classification listing; https://www.salusplay.com/blog/clasificacion-completa-intervenciones-enfermeria-nic-2024/,,2026-09-07,"Selection remains patient/context dependent; use the licensed classification definitions, activities/indicators and scales."
00494,Disrupted personal identity,Identidade pessoal perturbada,NOC,1205,Self-Esteem,Autoestima,"Nursing Outcomes Classification (NOC), 7th edition",primary,Compatibility primary selected for the diagnosis; consider alternative/context-specific links before finalising a care plan.,Compatibility primary selected for the diagnosis; consider alternative/context-specific links before finalising a care plan.,Mapeamento primário de compatibilidade selecionado para o diagnóstico; considerar vínculos alternativos/específicos ao contexto antes de finalizar o plano de cuidados.,moderate,curated_current_edition,es,Institutional Spanish NOC 7th edition source reviewed; current code/label cross-check against NOC 7th current classification listing; https://www.salusplay.com/apuntes/pae-y-diagnosticos-de-enfermeria-nanda-noc-y-nic/anexo-2-clasificacion-completa-de-resultados-de-enfermeria-noc-2024-8,,2026-09-07,"Selection remains patient/context dependent; use the licensed classification definitions, activities/indicators and scales."
00495,Disrupted family identity syndrome,síndrome de identidade familiar desestruturada,NIC,7100,Family Integrity Promotion,Promoção da Integridade Familiar,"Nursing Interventions Classification (NIC), 8th edition",primary,Compatibility primary selected for the diagnosis; consider alternative/context-specific links before finalising a care plan.,Compatibility primary selected for the diagnosis; consider alternative/context-specific links before finalising a care plan.,Mapeamento primário de compatibilidade selecionado para o diagnóstico; considerar vínculos alternativos/específicos ao contexto antes de finalizar o plano de cuidados.,high,curated_current_edition,es,Institutional Spanish NIC 8th edition source reviewed; current code/label cross-check against NIC 8th current classification listing; https://www.salusplay.com/blog/clasificacion-completa-intervenciones-enfermeria-nic-2024/,,2026-09-07,"Selection remains patient/context dependent; use the licensed classification definitions, activities/indicators and scales."
00495,Disrupted family identity syndrome,síndrome de identidade familiar desestruturada,NOC,2603,Family Integrity,Integridade Familiar,"Nursing Outcomes Classification (NOC), 7th edition",primary,Compatibility primary selected for the diagnosis; consider alternative/context-specific links before finalising a care plan.,Compatibility primary selected for the diagnosis; consider alternative/context-specific links before finalising a care plan.,Mapeamento primário de compatibilidade selecionado para o diagnóstico; considerar vínculos alternativos/específicos ao contexto antes de finalizar o plano de cuidados.,high,curated_current_edition,es,Institutional Spanish NOC 7th edition source reviewed; current code/label cross-check against NOC 7th current classification listing; https://www.salusplay.com/apuntes/pae-y-diagnosticos-de-enfermeria-nanda-noc-y-nic/anexo-2-clasificacion-completa-de-resultados-de-enfermeria-noc-2024-8,,2026-09-07,"Selection remains patient/context dependent; use the licensed classification definitions, activities/indicators and scales."
00496,Risk for disrupted family identity syndrome,Risco de síndrome de identidade familiar desestruturada,NIC,7100,Family Integrity Promotion,Promoção da Integridade Familiar,"Nursing Interventions Classification (NIC), 8th edition",primary,Compatibility primary selected for the diagnosis; consider alternative/context-specific links before finalising a care plan.,Compatibility primary selected for the diagnosis; consider alternative/context-specific links before finalising a care plan.,Mapeamento primário de compatibilidade selecionado para o diagnóstico; considerar vínculos alternativos/específicos ao contexto antes de finalizar o plano de cuidados.,high,curated_current_edition,es,Institutional Spanish NIC 8th edition source reviewed; current code/label cross-check against NIC 8th current classification listing; https://www.salusplay.com/blog/clasificacion-completa-intervenciones-enfermeria-nic-2024/,,2026-09-07,"Selection remains patient/context dependent; use the licensed classification definitions, activities/indicators and scales."
00496,Risk for disrupted family identity syndrome,Risco de síndrome de identidade familiar desestruturada,NOC,2603,Family Integrity,Integridade Familiar,"Nursing Outcomes Classification (NOC), 7th edition",primary,Compatibility primary selected for the diagnosis; consider alternative/context-specific links before finalising a care plan.,Compatibility primary selected for the diagnosis; consider alternative/context-specific links before finalising a care plan.,Mapeamento primário de compatibilidade selecionado para o diagnóstico; considerar vínculos alternativos/específicos ao contexto antes de finalizar o plano de cuidados.,high,curated_current_edition,es,Institutional Spanish NOC 7th edition source reviewed; current code/label cross-check against NOC 7th current classification listing; https://www.salusplay.com/apuntes/pae-y-diagnosticos-de-enfermeria-nanda-noc-y-nic/anexo-2-clasificacion-completa-de-resultados-de-enfermeria-noc-2024-8,,2026-09-07,"Selection remains patient/context dependent; use the licensed classification definitions, activities/indicators and scales."
00497,Disrupted body image,Imagem corporal distorcida,NIC,5220,Body Image Enhancement,Melhora da Imagem Corporal,"Nursing Interventions Classification (NIC), 8th edition",primary,Compatibility primary selected for the diagnosis; consider alternative/context-specific links before finalising a care plan.,Compatibility primary selected for the diagnosis; consider alternative/context-specific links before finalising a care plan.,Mapeamento primário de compatibilidade selecionado para o diagnóstico; considerar vínculos alternativos/específicos ao contexto antes de finalizar o plano de cuidados.,high,curated_current_edition,es,Institutional Spanish NIC 8th edition source reviewed; current code/label cross-check against NIC 8th current classification listing; https://www.salusplay.com/blog/clasificacion-completa-intervenciones-enfermeria-nic-2024/,,2026-09-07,"Selection remains patient/context dependent; use the licensed classification definitions, activities/indicators and scales."
00497,Disrupted body image,Imagem corporal distorcida,NOC,1200,Body Image,Imagem Corporal,"Nursing Outcomes Classification (NOC), 7th edition",primary,Compatibility primary selected for the diagnosis; consider alternative/context-specific links before finalising a care plan.,Compatibility primary selected for the diagnosis; consider alternative/context-specific links before finalising a care plan.,Mapeamento primário de compatibilidade selecionado para o diagnóstico; considerar vínculos alternativos/específicos ao contexto antes de finalizar o plano de cuidados.,high,curated_current_edition,es,Institutional Spanish NOC 7th edition source reviewed; current code/label cross-check against NOC 7th current classification listing; https://www.salusplay.com/apuntes/pae-y-diagnosticos-de-enfermeria-nanda-noc-y-nic/anexo-2-clasificacion-completa-de-resultados-de-enfermeria-noc-2024-8,,2026-09-07,"Selection remains patient/context dependent; use the licensed classification definitions, activities/indicators and scales."
00499,Readiness for enhanced health knowledge,Preparação para um maior conhecimento sobre saúde,NIC,5602,Teaching: Disease Process,Ensino: Processo da Doença,"Nursing Interventions Classification (NIC), 8th edition",primary,Compatibility primary selected for the diagnosis; consider alternative/context-specific links before finalising a care plan.,Compatibility primary selected for the diagnosis; consider alternative/context-specific links before finalising a care plan.,Mapeamento primário de compatibilidade selecionado para o diagnóstico; considerar vínculos alternativos/específicos ao contexto antes de finalizar o plano de cuidados.,high,curated_current_edition,es,Institutional Spanish NIC 8th edition source reviewed; current code/label cross-check against NIC 8th current classification listing; https://www.salusplay.com/blog/clasificacion-completa-intervenciones-enfermeria-nic-2024/,,2026-09-07,"Selection remains patient/context dependent; use the licensed classification definitions, activities/indicators and scales."
00499,Readiness for enhanced health knowledge,Preparação para um maior conhecimento sobre saúde,NOC,1803,Knowledge: Disease Management,Conhecimento: Controle da Doença,"Nursing Outcomes Classification (NOC), 7th edition",primary,Compatibility primary selected for the diagnosis; consider alternative/context-specific links before finalising a care plan.,Compatibility primary selected for the diagnosis; consider alternative/context-specific links before finalising a care plan.,Mapeamento primário de compatibilidade selecionado para o diagnóstico; considerar vínculos alternativos/específicos ao contexto antes de finalizar o plano de cuidados.,high,curated_current_edition,es,Institutional Spanish NOC 7th edition source reviewed; current code/label cross-check against NOC 7th current classification listing; https://www.salusplay.com/apuntes/pae-y-diagnosticos-de-enfermeria-nanda-noc-y-nic/anexo-2-clasificacion-completa-de-resultados-de-enfermeria-noc-2024-8,,2026-09-07,"Selection remains patient/context dependent; use the licensed classification definitions, activities/indicators and scales."
00500,Risk for surgical wound infection,Risco de infecção da ferida cirúrgica,NIC,6540,Infection Control,Controle de Infecção,"Nursing Interventions Classification (NIC), 8th edition",primary,Compatibility primary selected for the diagnosis; consider alternative/context-specific links before finalising a care plan.,Compatibility primary selected for the diagnosis; consider alternative/context-specific links before finalising a care plan.,Mapeamento primário de compatibilidade selecionado para o diagnóstico; considerar vínculos alternativos/específicos ao contexto antes de finalizar o plano de cuidados.,high,curated_current_edition,es,Institutional Spanish NIC 8th edition source reviewed; current code/label cross-check against NIC 8th current classification listing; https://www.salusplay.com/blog/clasificacion-completa-intervenciones-enfermeria-nic-2024/,,2026-09-07,"Selection remains patient/context dependent; use the licensed classification definitions, activities/indicators and scales."
00500,Risk for surgical wound infection,Risco de infecção da ferida cirúrgica,NOC,1924,Risk Control: Infectious Process,Controle de Risco: Processo Infeccioso,"Nursing Outcomes Classification (NOC), 7th edition",primary,Compatibility primary selected for the diagnosis; consider alternative/context-specific links before finalising a care plan.,Compatibility primary selected for the diagnosis; consider alternative/context-specific links before finalising a care plan.,Mapeamento primário de compatibilidade selecionado para o diagnóstico; considerar vínculos alternativos/específicos ao contexto antes de finalizar o plano de cuidados.,high,curated_current_edition,es,Institutional Spanish NOC 7th edition source reviewed; current code/label cross-check against NOC 7th current classification listing; https://www.salusplay.com/apuntes/pae-y-diagnosticos-de-enfermeria-nanda-noc-y-nic/anexo-2-clasificacion-completa-de-resultados-de-enfermeria-noc-2024-8,,2026-09-07,"Selection remains patient/context dependent; use the licensed classification definitions, activities/indicators and scales."
