code,description_en,description_pt,intervention_en,intervention_pt,outcome_en,outcome_pt
97,Decreased diversional activity engagement,Diminuição do envolvimento em atividades de lazer,NIC 5360 — Leisure Participation Enhancement. Example activities: Assess preferred leisure activities; schedule feasible activities; remove barriers and reinforce participation.,NIC 5360 — Aprimoramento da participação em atividades de lazer (English: Leisure Participation Enhancement). Exemplos de atividades: Avaliar atividades de lazer preferidas; programar atividades viáveis; remover barreiras e reforçar a participação.,NOC 1604 — Participation in Leisure Activities. Example evaluation: Document frequency and engagement; example target: increase from 2/5 to 4/5 on the selected participation indicator.,NOC 1604 — Participação em atividades de lazer (English: Participation in Leisure Activities). Exemplo de avaliação: Registrar frequência e envolvimento; exemplo de meta: aumentar de 2/5 para 4/5 no indicador de participação selecionado.
448,Risk for decreased diversional activity engagement,Risco de diminuição do envolvimento em atividades de lazer,NIC 5360 — Leisure Participation Enhancement. Example activities: Assess preferred leisure activities; schedule feasible activities; remove barriers and reinforce participation.,NIC 5360 — Aprimoramento da participação em atividades de lazer (English: Leisure Participation Enhancement). Exemplos de atividades: Avaliar atividades de lazer preferidas; programar atividades viáveis; remover barreiras e reforçar a participação.,NOC 1604 — Participation in Leisure Activities. Example evaluation: Document frequency and engagement; example target: increase from 2/5 to 4/5 on the selected participation indicator.,NOC 1604 — Participação em atividades de lazer (English: Participation in Leisure Activities). Exemplo de avaliação: Registrar frequência e envolvimento; exemplo de meta: aumentar de 2/5 para 4/5 no indicador de participação selecionado.
355,Excessive sedentary behaviors,Comportamentos sedentários excessivos,"NIC 0200 — Exercise Promotion. Example activities: Assess baseline activity tolerance; agree on a progressive activity plan; reinforce safe, regular movement.",NIC 0200 — Promoção de exercícios (English: Exercise Promotion). Exemplos de atividades: Avaliar a tolerância basal à atividade; pactuar um plano progressivo; reforçar movimento regular e seguro.,"NOC 0005 — Activity Tolerance. Example evaluation: Record tolerance to planned activity; example: maintains prescribed activity without limiting fatigue, dyspnea, or abnormal vital-sign response.","NOC 0005 — Tolerância à atividade (English: Activity Tolerance). Exemplo de avaliação: Registrar tolerância à atividade planejada; exemplo: realiza atividade prescrita sem fadiga limitante, dispneia ou resposta anormal dos sinais vitais."
394,Risk for excessive sedentary behaviors,Risco de comportamentos sedentários excessivos,"NIC 0200 — Exercise Promotion. Example activities: Assess baseline activity tolerance; agree on a progressive activity plan; reinforce safe, regular movement.",NIC 0200 — Promoção de exercícios (English: Exercise Promotion). Exemplos de atividades: Avaliar a tolerância basal à atividade; pactuar um plano progressivo; reforçar movimento regular e seguro.,"NOC 0005 — Activity Tolerance. Example evaluation: Record tolerance to planned activity; example: maintains prescribed activity without limiting fatigue, dyspnea, or abnormal vital-sign response.","NOC 0005 — Tolerância à atividade (English: Activity Tolerance). Exemplo de avaliação: Registrar tolerância à atividade planejada; exemplo: realiza atividade prescrita sem fadiga limitante, dispneia ou resposta anormal dos sinais vitais."
273,Imbalanced energy field,Campo energético desequilibrado,NIC 0180 — Energy Management. Example activities: Balance activity with rest; cluster care when appropriate; identify factors that increase fatigue.,NIC 0180 — Gerenciamento de energia (English: Energy Management). Exemplos de atividades: Equilibrar atividade e repouso; agrupar cuidados quando apropriado; identificar fatores que aumentam a fadiga.,"NOC 0005 — Activity Tolerance. Example evaluation: Record tolerance to planned activity; example: maintains prescribed activity without limiting fatigue, dyspnea, or abnormal vital-sign response.","NOC 0005 — Tolerância à atividade (English: Activity Tolerance). Exemplo de avaliação: Registrar tolerância à atividade planejada; exemplo: realiza atividade prescrita sem fadiga limitante, dispneia ou resposta anormal dos sinais vitais."
276,Ineffective health self-management,Autogestão ineficaz da saúde,NIC 5510 — Health Education. Example activities: Assess learning needs; explain the condition and self-management plan in plain language; use teach-back.,NIC 5510 — Educação em saúde (English: Health Education). Exemplos de atividades: Avaliar necessidades de aprendizagem; explicar a condição e o plano de autogestão em linguagem simples; usar retorno demonstrativo.,NOC 1601 — Compliance Behavior. Example evaluation: Evaluate completion of agreed health actions; example target: increases from 2/5 to 4/5 in following the agreed regimen.,NOC 1601 — Comportamento de adesão (English: Compliance Behavior). Exemplo de avaliação: Avaliar execução das ações de saúde pactuadas; exemplo de meta: aumentar de 2/5 para 4/5 na realização do regime acordado.
369,Risk for ineffective health self-management,Risco de autogestão ineficaz da saúde,NIC 5510 — Health Education. Example activities: Assess learning needs; explain the condition and self-management plan in plain language; use teach-back.,NIC 5510 — Educação em saúde (English: Health Education). Exemplos de atividades: Avaliar necessidades de aprendizagem; explicar a condição e o plano de autogestão em linguagem simples; usar retorno demonstrativo.,NOC 1601 — Compliance Behavior. Example evaluation: Evaluate completion of agreed health actions; example target: increases from 2/5 to 4/5 in following the agreed regimen.,NOC 1601 — Comportamento de adesão (English: Compliance Behavior). Exemplo de avaliação: Avaliar execução das ações de saúde pactuadas; exemplo de meta: aumentar de 2/5 para 4/5 na realização do regime acordado.
293,Readiness for enhanced health self-management,Preparação para uma melhor autogestão da saúde,NIC 5510 — Health Education. Example activities: Assess learning needs; explain the condition and self-management plan in plain language; use teach-back.,NIC 5510 — Educação em saúde (English: Health Education). Exemplos de atividades: Avaliar necessidades de aprendizagem; explicar a condição e o plano de autogestão em linguagem simples; usar retorno demonstrativo.,NOC 1601 — Compliance Behavior. Example evaluation: Evaluate completion of agreed health actions; example target: increases from 2/5 to 4/5 in following the agreed regimen.,NOC 1601 — Comportamento de adesão (English: Compliance Behavior). Exemplo de avaliação: Avaliar execução das ações de saúde pactuadas; exemplo de meta: aumentar de 2/5 para 4/5 na realização do regime acordado.
80,Ineffective family health management,Gestão ineficaz da saúde familiar,NIC 5510 — Health Education. Example activities: Assess learning needs; explain the condition and self-management plan in plain language; use teach-back.,NIC 5510 — Educação em saúde (English: Health Education). Exemplos de atividades: Avaliar necessidades de aprendizagem; explicar a condição e o plano de autogestão em linguagem simples; usar retorno demonstrativo.,NOC 1601 — Compliance Behavior. Example evaluation: Evaluate completion of agreed health actions; example target: increases from 2/5 to 4/5 in following the agreed regimen.,NOC 1601 — Comportamento de adesão (English: Compliance Behavior). Exemplo de avaliação: Avaliar execução das ações de saúde pactuadas; exemplo de meta: aumentar de 2/5 para 4/5 na realização do regime acordado.
410,Risk for ineffective family health management,Risco de gestão ineficaz da saúde familiar,NIC 5510 — Health Education. Example activities: Assess learning needs; explain the condition and self-management plan in plain language; use teach-back.,NIC 5510 — Educação em saúde (English: Health Education). Exemplos de atividades: Avaliar necessidades de aprendizagem; explicar a condição e o plano de autogestão em linguagem simples; usar retorno demonstrativo.,NOC 1601 — Compliance Behavior. Example evaluation: Evaluate completion of agreed health actions; example target: increases from 2/5 to 4/5 in following the agreed regimen.,NOC 1601 — Comportamento de adesão (English: Compliance Behavior). Exemplo de avaliação: Avaliar execução das ações de saúde pactuadas; exemplo de meta: aumentar de 2/5 para 4/5 na realização do regime acordado.
356,Ineffective community health management,Gestão ineficaz da saúde comunitária,NIC 5510 — Health Education. Example activities: Assess learning needs; explain the condition and self-management plan in plain language; use teach-back.,NIC 5510 — Educação em saúde (English: Health Education). Exemplos de atividades: Avaliar necessidades de aprendizagem; explicar a condição e o plano de autogestão em linguagem simples; usar retorno demonstrativo.,NOC 1601 — Compliance Behavior. Example evaluation: Evaluate completion of agreed health actions; example target: increases from 2/5 to 4/5 in following the agreed regimen.,NOC 1601 — Comportamento de adesão (English: Compliance Behavior). Exemplo de avaliação: Avaliar execução das ações de saúde pactuadas; exemplo de meta: aumentar de 2/5 para 4/5 na realização do regime acordado.
413,Risk for ineffective community health management,Risco de gestão ineficaz da saúde comunitária,NIC 5510 — Health Education. Example activities: Assess learning needs; explain the condition and self-management plan in plain language; use teach-back.,NIC 5510 — Educação em saúde (English: Health Education). Exemplos de atividades: Avaliar necessidades de aprendizagem; explicar a condição e o plano de autogestão em linguagem simples; usar retorno demonstrativo.,NOC 1601 — Compliance Behavior. Example evaluation: Evaluate completion of agreed health actions; example target: increases from 2/5 to 4/5 in following the agreed regimen.,NOC 1601 — Comportamento de adesão (English: Compliance Behavior). Exemplo de avaliação: Avaliar execução das ações de saúde pactuadas; exemplo de meta: aumentar de 2/5 para 4/5 na realização do regime acordado.
489,Risk for ineffective blood glucose pattern self-management,Risco de autogestão ineficaz do padrão de glicemia,NIC 5510 — Health Education. Example activities: Assess learning needs; explain the condition and self-management plan in plain language; use teach-back.,NIC 5510 — Educação em saúde (English: Health Education). Exemplos de atividades: Avaliar necessidades de aprendizagem; explicar a condição e o plano de autogestão em linguagem simples; usar retorno demonstrativo.,"NOC 1803 — Knowledge: Disease Process. Example evaluation: Measure understanding using teach-back; example target: correctly explains the condition, warning signs, and when to seek help, from 2/5 to 4/5.","NOC 1803 — Conhecimento: processo da doença (English: Knowledge: Disease Process). Exemplo de avaliação: Medir compreensão por retorno demonstrativo; exemplo de meta: explicar corretamente condição, sinais de alerta e quando buscar ajuda, de 2/5 para 4/5."
277,Ineffective dry eye self-management,Autogestão ineficaz da síndrome do olho seco,NIC 5510 — Health Education. Example activities: Assess learning needs; explain the condition and self-management plan in plain language; use teach-back.,NIC 5510 — Educação em saúde (English: Health Education). Exemplos de atividades: Avaliar necessidades de aprendizagem; explicar a condição e o plano de autogestão em linguagem simples; usar retorno demonstrativo.,"NOC 1803 — Knowledge: Disease Process. Example evaluation: Measure understanding using teach-back; example target: correctly explains the condition, warning signs, and when to seek help, from 2/5 to 4/5.","NOC 1803 — Conhecimento: processo da doença (English: Knowledge: Disease Process). Exemplo de avaliação: Medir compreensão por retorno demonstrativo; exemplo de meta: explicar corretamente condição, sinais de alerta e quando buscar ajuda, de 2/5 para 4/5."
352,Ineffective dry mouth self-management,Autogestão ineficaz da boca seca,NIC 5510 — Health Education. Example activities: Assess learning needs; explain the condition and self-management plan in plain language; use teach-back.,NIC 5510 — Educação em saúde (English: Health Education). Exemplos de atividades: Avaliar necessidades de aprendizagem; explicar a condição e o plano de autogestão em linguagem simples; usar retorno demonstrativo.,"NOC 1803 — Knowledge: Disease Process. Example evaluation: Measure understanding using teach-back; example target: correctly explains the condition, warning signs, and when to seek help, from 2/5 to 4/5.","NOC 1803 — Conhecimento: processo da doença (English: Knowledge: Disease Process). Exemplo de avaliação: Medir compreensão por retorno demonstrativo; exemplo de meta: explicar corretamente condição, sinais de alerta e quando buscar ajuda, de 2/5 para 4/5."
412,Risk for ineffective dry mouth self-management,Risco de autogestão ineficaz da boca seca,NIC 5510 — Health Education. Example activities: Assess learning needs; explain the condition and self-management plan in plain language; use teach-back.,NIC 5510 — Educação em saúde (English: Health Education). Exemplos de atividades: Avaliar necessidades de aprendizagem; explicar a condição e o plano de autogestão em linguagem simples; usar retorno demonstrativo.,"NOC 1803 — Knowledge: Disease Process. Example evaluation: Measure understanding using teach-back; example target: correctly explains the condition, warning signs, and when to seek help, from 2/5 to 4/5.","NOC 1803 — Conhecimento: processo da doença (English: Knowledge: Disease Process). Exemplo de avaliação: Medir compreensão por retorno demonstrativo; exemplo de meta: explicar corretamente condição, sinais de alerta e quando buscar ajuda, de 2/5 para 4/5."
397,Ineffective fatigue self-management,Autogestão ineficaz da fadiga,"NIC 0200 — Exercise Promotion. Example activities: Assess baseline activity tolerance; agree on a progressive activity plan; reinforce safe, regular movement.",NIC 0200 — Promoção de exercícios (English: Exercise Promotion). Exemplos de atividades: Avaliar a tolerância basal à atividade; pactuar um plano progressivo; reforçar movimento regular e seguro.,"NOC 0005 — Activity Tolerance. Example evaluation: Record tolerance to planned activity; example: maintains prescribed activity without limiting fatigue, dyspnea, or abnormal vital-sign response.","NOC 0005 — Tolerância à atividade (English: Activity Tolerance). Exemplo de avaliação: Registrar tolerância à atividade planejada; exemplo: realiza atividade prescrita sem fadiga limitante, dispneia ou resposta anormal dos sinais vitais."
278,Ineffective lymphedema self-management,Autogestão ineficaz do linfedema,NIC 5510 — Health Education. Example activities: Assess learning needs; explain the condition and self-management plan in plain language; use teach-back.,NIC 5510 — Educação em saúde (English: Health Education). Exemplos de atividades: Avaliar necessidades de aprendizagem; explicar a condição e o plano de autogestão em linguagem simples; usar retorno demonstrativo.,"NOC 1803 — Knowledge: Disease Process. Example evaluation: Measure understanding using teach-back; example target: correctly explains the condition, warning signs, and when to seek help, from 2/5 to 4/5.","NOC 1803 — Conhecimento: processo da doença (English: Knowledge: Disease Process). Exemplo de avaliação: Medir compreensão por retorno demonstrativo; exemplo de meta: explicar corretamente condição, sinais de alerta e quando buscar ajuda, de 2/5 para 4/5."
281,Risk for ineffective lymphedema self-management,Risco de autogestão ineficaz do linfedema,NIC 5510 — Health Education. Example activities: Assess learning needs; explain the condition and self-management plan in plain language; use teach-back.,NIC 5510 — Educação em saúde (English: Health Education). Exemplos de atividades: Avaliar necessidades de aprendizagem; explicar a condição e o plano de autogestão em linguagem simples; usar retorno demonstrativo.,"NOC 1803 — Knowledge: Disease Process. Example evaluation: Measure understanding using teach-back; example target: correctly explains the condition, warning signs, and when to seek help, from 2/5 to 4/5.","NOC 1803 — Conhecimento: processo da doença (English: Knowledge: Disease Process). Exemplo de avaliação: Medir compreensão por retorno demonstrativo; exemplo de meta: explicar corretamente condição, sinais de alerta e quando buscar ajuda, de 2/5 para 4/5."
384,Ineffective nausea self-management,Autogestão ineficaz da náusea,NIC 5510 — Health Education. Example activities: Assess learning needs; explain the condition and self-management plan in plain language; use teach-back.,NIC 5510 — Educação em saúde (English: Health Education). Exemplos de atividades: Avaliar necessidades de aprendizagem; explicar a condição e o plano de autogestão em linguagem simples; usar retorno demonstrativo.,"NOC 1803 — Knowledge: Disease Process. Example evaluation: Measure understanding using teach-back; example target: correctly explains the condition, warning signs, and when to seek help, from 2/5 to 4/5.","NOC 1803 — Conhecimento: processo da doença (English: Knowledge: Disease Process). Exemplo de avaliação: Medir compreensão por retorno demonstrativo; exemplo de meta: explicar corretamente condição, sinais de alerta e quando buscar ajuda, de 2/5 para 4/5."
418,Ineffective pain self-management,Autogestão ineficaz da dor,NIC 1400 — Pain Management. Example activities: Assess pain using a consistent scale; implement prescribed pharmacologic/nonpharmacologic measures; reassess response.,NIC 1400 — Controle da dor (English: Pain Management). Exemplos de atividades: Avaliar dor com escala consistente; implementar medidas farmacológicas/não farmacológicas prescritas; reavaliar resposta.,NOC 2102 — Pain Level. Example evaluation: Record pain using a 0–10 scale plus impact on function; example target: reduce from 7/10 to ≤3/10.,NOC 2102 — Nível da dor (English: Pain Level). Exemplo de avaliação: Registrar dor em escala 0–10 e impacto funcional; exemplo de meta: reduzir de 7/10 para ≤3/10.
447,Readiness for enhanced weight self-management,Preparação para um melhor autogerenciamento do peso,NIC 5510 — Health Education. Example activities: Assess learning needs; explain the condition and self-management plan in plain language; use teach-back.,NIC 5510 — Educação em saúde (English: Health Education). Exemplos de atividades: Avaliar necessidades de aprendizagem; explicar a condição e o plano de autogestão em linguagem simples; usar retorno demonstrativo.,"NOC 1803 — Knowledge: Disease Process. Example evaluation: Measure understanding using teach-back; example target: correctly explains the condition, warning signs, and when to seek help, from 2/5 to 4/5.","NOC 1803 — Conhecimento: processo da doença (English: Knowledge: Disease Process). Exemplo de avaliação: Medir compreensão por retorno demonstrativo; exemplo de meta: explicar corretamente condição, sinais de alerta e quando buscar ajuda, de 2/5 para 4/5."
398,Ineffective overweight self-management,Autogestão ineficaz do excesso de peso,NIC 5510 — Health Education. Example activities: Assess learning needs; explain the condition and self-management plan in plain language; use teach-back.,NIC 5510 — Educação em saúde (English: Health Education). Exemplos de atividades: Avaliar necessidades de aprendizagem; explicar a condição e o plano de autogestão em linguagem simples; usar retorno demonstrativo.,"NOC 1803 — Knowledge: Disease Process. Example evaluation: Measure understanding using teach-back; example target: correctly explains the condition, warning signs, and when to seek help, from 2/5 to 4/5.","NOC 1803 — Conhecimento: processo da doença (English: Knowledge: Disease Process). Exemplo de avaliação: Medir compreensão por retorno demonstrativo; exemplo de meta: explicar corretamente condição, sinais de alerta e quando buscar ajuda, de 2/5 para 4/5."
487,Risk for ineffective overweight self-management,Risco de autogestão ineficaz do excesso de peso,NIC 5510 — Health Education. Example activities: Assess learning needs; explain the condition and self-management plan in plain language; use teach-back.,NIC 5510 — Educação em saúde (English: Health Education). Exemplos de atividades: Avaliar necessidades de aprendizagem; explicar a condição e o plano de autogestão em linguagem simples; usar retorno demonstrativo.,"NOC 1803 — Knowledge: Disease Process. Example evaluation: Measure understanding using teach-back; example target: correctly explains the condition, warning signs, and when to seek help, from 2/5 to 4/5.","NOC 1803 — Conhecimento: processo da doença (English: Knowledge: Disease Process). Exemplo de avaliação: Medir compreensão por retorno demonstrativo; exemplo de meta: explicar corretamente condição, sinais de alerta e quando buscar ajuda, de 2/5 para 4/5."
485,Ineffective underweight self-management,Autogestão ineficaz do baixo peso,NIC 5510 — Health Education. Example activities: Assess learning needs; explain the condition and self-management plan in plain language; use teach-back.,NIC 5510 — Educação em saúde (English: Health Education). Exemplos de atividades: Avaliar necessidades de aprendizagem; explicar a condição e o plano de autogestão em linguagem simples; usar retorno demonstrativo.,"NOC 1803 — Knowledge: Disease Process. Example evaluation: Measure understanding using teach-back; example target: correctly explains the condition, warning signs, and when to seek help, from 2/5 to 4/5.","NOC 1803 — Conhecimento: processo da doença (English: Knowledge: Disease Process). Exemplo de avaliação: Medir compreensão por retorno demonstrativo; exemplo de meta: explicar corretamente condição, sinais de alerta e quando buscar ajuda, de 2/5 para 4/5."
486,Risk for ineffective underweight self-management,Risco de autogestão ineficaz do baixo peso,NIC 5510 — Health Education. Example activities: Assess learning needs; explain the condition and self-management plan in plain language; use teach-back.,NIC 5510 — Educação em saúde (English: Health Education). Exemplos de atividades: Avaliar necessidades de aprendizagem; explicar a condição e o plano de autogestão em linguagem simples; usar retorno demonstrativo.,"NOC 1803 — Knowledge: Disease Process. Example evaluation: Measure understanding using teach-back; example target: correctly explains the condition, warning signs, and when to seek help, from 2/5 to 4/5.","NOC 1803 — Conhecimento: processo da doença (English: Knowledge: Disease Process). Exemplo de avaliação: Medir compreensão por retorno demonstrativo; exemplo de meta: explicar corretamente condição, sinais de alerta e quando buscar ajuda, de 2/5 para 4/5."
292,Ineffective health maintenance behaviors,Comportamentos ineficazes de manutenção da saúde,NIC 5510 — Health Education. Example activities: Assess learning needs; explain the condition and self-management plan in plain language; use teach-back.,NIC 5510 — Educação em saúde (English: Health Education). Exemplos de atividades: Avaliar necessidades de aprendizagem; explicar a condição e o plano de autogestão em linguagem simples; usar retorno demonstrativo.,NOC 1601 — Compliance Behavior. Example evaluation: Evaluate completion of agreed health actions; example target: increases from 2/5 to 4/5 in following the agreed regimen.,NOC 1601 — Comportamento de adesão (English: Compliance Behavior). Exemplo de avaliação: Avaliar execução das ações de saúde pactuadas; exemplo de meta: aumentar de 2/5 para 4/5 na realização do regime acordado.
395,Risk for ineffective health maintenance behaviors,Risco de comportamentos ineficazes de manutenção da saúde,NIC 5510 — Health Education. Example activities: Assess learning needs; explain the condition and self-management plan in plain language; use teach-back.,NIC 5510 — Educação em saúde (English: Health Education). Exemplos de atividades: Avaliar necessidades de aprendizagem; explicar a condição e o plano de autogestão em linguagem simples; usar retorno demonstrativo.,NOC 1601 — Compliance Behavior. Example evaluation: Evaluate completion of agreed health actions; example target: increases from 2/5 to 4/5 in following the agreed regimen.,NOC 1601 — Comportamento de adesão (English: Compliance Behavior). Exemplo de avaliação: Avaliar execução das ações de saúde pactuadas; exemplo de meta: aumentar de 2/5 para 4/5 na realização do regime acordado.
300,Ineffective home maintenance behaviors,Comportamentos ineficazes de manutenção doméstica,NIC 5510 — Health Education. Example activities: Assess learning needs; explain the condition and self-management plan in plain language; use teach-back.,NIC 5510 — Educação em saúde (English: Health Education). Exemplos de atividades: Avaliar necessidades de aprendizagem; explicar a condição e o plano de autogestão em linguagem simples; usar retorno demonstrativo.,"NOC 1803 — Knowledge: Disease Process. Example evaluation: Measure understanding using teach-back; example target: correctly explains the condition, warning signs, and when to seek help, from 2/5 to 4/5.","NOC 1803 — Conhecimento: processo da doença (English: Knowledge: Disease Process). Exemplo de avaliação: Medir compreensão por retorno demonstrativo; exemplo de meta: explicar corretamente condição, sinais de alerta e quando buscar ajuda, de 2/5 para 4/5."
308,Risk for ineffective home maintenance behaviors,Risco de comportamentos ineficazes de manutenção doméstica,NIC 5510 — Health Education. Example activities: Assess learning needs; explain the condition and self-management plan in plain language; use teach-back.,NIC 5510 — Educação em saúde (English: Health Education). Exemplos de atividades: Avaliar necessidades de aprendizagem; explicar a condição e o plano de autogestão em linguagem simples; usar retorno demonstrativo.,"NOC 1803 — Knowledge: Disease Process. Example evaluation: Measure understanding using teach-back; example target: correctly explains the condition, warning signs, and when to seek help, from 2/5 to 4/5.","NOC 1803 — Conhecimento: processo da doença (English: Knowledge: Disease Process). Exemplo de avaliação: Medir compreensão por retorno demonstrativo; exemplo de meta: explicar corretamente condição, sinais de alerta e quando buscar ajuda, de 2/5 para 4/5."
309,Readiness for enhanced home maintenance behaviors,Prontidão para comportamentos aprimorados de manutenção,NIC 5510 — Health Education. Example activities: Assess learning needs; explain the condition and self-management plan in plain language; use teach-back.,NIC 5510 — Educação em saúde (English: Health Education). Exemplos de atividades: Avaliar necessidades de aprendizagem; explicar a condição e o plano de autogestão em linguagem simples; usar retorno demonstrativo.,"NOC 1803 — Knowledge: Disease Process. Example evaluation: Measure understanding using teach-back; example target: correctly explains the condition, warning signs, and when to seek help, from 2/5 to 4/5.","NOC 1803 — Conhecimento: processo da doença (English: Knowledge: Disease Process). Exemplo de avaliação: Medir compreensão por retorno demonstrativo; exemplo de meta: explicar corretamente condição, sinais de alerta e quando buscar ajuda, de 2/5 para 4/5."
307,Readiness for enhanced exercise engagement,Prontidão para um maior envolvimento em exercícios físicos,NIC 5510 — Health Education. Example activities: Assess learning needs; explain the condition and self-management plan in plain language; use teach-back.,NIC 5510 — Educação em saúde (English: Health Education). Exemplos de atividades: Avaliar necessidades de aprendizagem; explicar a condição e o plano de autogestão em linguagem simples; usar retorno demonstrativo.,"NOC 1803 — Knowledge: Disease Process. Example evaluation: Measure understanding using teach-back; example target: correctly explains the condition, warning signs, and when to seek help, from 2/5 to 4/5.","NOC 1803 — Conhecimento: processo da doença (English: Knowledge: Disease Process). Exemplo de avaliação: Medir compreensão por retorno demonstrativo; exemplo de meta: explicar corretamente condição, sinais de alerta e quando buscar ajuda, de 2/5 para 4/5."
339,Inadequate health literacy,Alfabetização em saúde inadequada,NIC 5510 — Health Education. Example activities: Assess learning needs; explain the condition and self-management plan in plain language; use teach-back.,NIC 5510 — Educação em saúde (English: Health Education). Exemplos de atividades: Avaliar necessidades de aprendizagem; explicar a condição e o plano de autogestão em linguagem simples; usar retorno demonstrativo.,NOC 1601 — Compliance Behavior. Example evaluation: Evaluate completion of agreed health actions; example target: increases from 2/5 to 4/5 in following the agreed regimen.,NOC 1601 — Comportamento de adesão (English: Compliance Behavior). Exemplo de avaliação: Avaliar execução das ações de saúde pactuadas; exemplo de meta: aumentar de 2/5 para 4/5 na realização do regime acordado.
411,Risk for inadequate health literacy,Risco de alfabetização em saúde inadequada,NIC 5510 — Health Education. Example activities: Assess learning needs; explain the condition and self-management plan in plain language; use teach-back.,NIC 5510 — Educação em saúde (English: Health Education). Exemplos de atividades: Avaliar necessidades de aprendizagem; explicar a condição e o plano de autogestão em linguagem simples; usar retorno demonstrativo.,NOC 1601 — Compliance Behavior. Example evaluation: Evaluate completion of agreed health actions; example target: increases from 2/5 to 4/5 in following the agreed regimen.,NOC 1601 — Comportamento de adesão (English: Compliance Behavior). Exemplo de avaliação: Avaliar execução das ações de saúde pactuadas; exemplo de meta: aumentar de 2/5 para 4/5 na realização do regime acordado.
262,Readiness for enhanced health literacy,Prontidão para aprimorar a alfabetização em saúde,NIC 5510 — Health Education. Example activities: Assess learning needs; explain the condition and self-management plan in plain language; use teach-back.,NIC 5510 — Educação em saúde (English: Health Education). Exemplos de atividades: Avaliar necessidades de aprendizagem; explicar a condição e o plano de autogestão em linguagem simples; usar retorno demonstrativo.,NOC 1601 — Compliance Behavior. Example evaluation: Evaluate completion of agreed health actions; example target: increases from 2/5 to 4/5 in following the agreed regimen.,NOC 1601 — Comportamento de adesão (English: Compliance Behavior). Exemplo de avaliação: Avaliar execução das ações de saúde pactuadas; exemplo de meta: aumentar de 2/5 para 4/5 na realização do regime acordado.
340,Readiness for enhanced healthy aging,Preparação para um envelhecimento saudável aprimorado,NIC 5510 — Health Education. Example activities: Assess learning needs; explain the condition and self-management plan in plain language; use teach-back.,NIC 5510 — Educação em saúde (English: Health Education). Exemplos de atividades: Avaliar necessidades de aprendizagem; explicar a condição e o plano de autogestão em linguagem simples; usar retorno demonstrativo.,"NOC 1803 — Knowledge: Disease Process. Example evaluation: Measure understanding using teach-back; example target: correctly explains the condition, warning signs, and when to seek help, from 2/5 to 4/5.","NOC 1803 — Conhecimento: processo da doença (English: Knowledge: Disease Process). Exemplo de avaliação: Medir compreensão por retorno demonstrativo; exemplo de meta: explicar corretamente condição, sinais de alerta e quando buscar ajuda, de 2/5 para 4/5."
353,Elder frailty syndrome,Síndrome de fragilidade do idoso,NIC 5510 — Health Education. Example activities: Assess learning needs; explain the condition and self-management plan in plain language; use teach-back.,NIC 5510 — Educação em saúde (English: Health Education). Exemplos de atividades: Avaliar necessidades de aprendizagem; explicar a condição e o plano de autogestão em linguagem simples; usar retorno demonstrativo.,"NOC 1803 — Knowledge: Disease Process. Example evaluation: Measure understanding using teach-back; example target: correctly explains the condition, warning signs, and when to seek help, from 2/5 to 4/5.","NOC 1803 — Conhecimento: processo da doença (English: Knowledge: Disease Process). Exemplo de avaliação: Medir compreensão por retorno demonstrativo; exemplo de meta: explicar corretamente condição, sinais de alerta e quando buscar ajuda, de 2/5 para 4/5."
357,Risk for elder frailty syndrome,Risco de síndrome de fragilidade em idosos,NIC 5510 — Health Education. Example activities: Assess learning needs; explain the condition and self-management plan in plain language; use teach-back.,NIC 5510 — Educação em saúde (English: Health Education). Exemplos de atividades: Avaliar necessidades de aprendizagem; explicar a condição e o plano de autogestão em linguagem simples; usar retorno demonstrativo.,"NOC 1803 — Knowledge: Disease Process. Example evaluation: Measure understanding using teach-back; example target: correctly explains the condition, warning signs, and when to seek help, from 2/5 to 4/5.","NOC 1803 — Conhecimento: processo da doença (English: Knowledge: Disease Process). Exemplo de avaliação: Medir compreensão por retorno demonstrativo; exemplo de meta: explicar corretamente condição, sinais de alerta e quando buscar ajuda, de 2/5 para 4/5."
343,Inadequate nutritional intake,Ingestão nutricional inadequada,NIC 1100 — Nutrition Management. Example activities: Assess intake and nutritional barriers; establish an individualized plan; monitor intake and relevant trends.,NIC 1100 — Controle da nutrição (English: Nutrition Management). Exemplos de atividades: Avaliar ingestão e barreiras nutricionais; estabelecer plano individualizado; monitorar ingestão e tendências relevantes.,NOC 1004 — Nutritional Status. Example evaluation: Track intake-related indicators and trend; example target: improves from 2/5 to 4/5 in the selected nutritional indicator.,NOC 1004 — Estado nutricional (English: Nutritional Status). Exemplo de avaliação: Acompanhar indicadores relacionados à ingestão e tendência; exemplo de meta: melhorar de 2/5 para 4/5 no indicador nutricional selecionado.
409,Risk for inadequate nutritional intake,Risco de ingestão nutricional inadequada,NIC 1100 — Nutrition Management. Example activities: Assess intake and nutritional barriers; establish an individualized plan; monitor intake and relevant trends.,NIC 1100 — Controle da nutrição (English: Nutrition Management). Exemplos de atividades: Avaliar ingestão e barreiras nutricionais; estabelecer plano individualizado; monitorar ingestão e tendências relevantes.,NOC 1004 — Nutritional Status. Example evaluation: Track intake-related indicators and trend; example target: improves from 2/5 to 4/5 in the selected nutritional indicator.,NOC 1004 — Estado nutricional (English: Nutritional Status). Exemplo de avaliação: Acompanhar indicadores relacionados à ingestão e tendência; exemplo de meta: melhorar de 2/5 para 4/5 no indicador nutricional selecionado.
419,Readiness for enhanced nutritional intake,Prontidão para uma ingestão nutricional aprimorada,NIC 1100 — Nutrition Management. Example activities: Assess intake and nutritional barriers; establish an individualized plan; monitor intake and relevant trends.,NIC 1100 — Controle da nutrição (English: Nutrition Management). Exemplos de atividades: Avaliar ingestão e barreiras nutricionais; estabelecer plano individualizado; monitorar ingestão e tendências relevantes.,NOC 1004 — Nutritional Status. Example evaluation: Track intake-related indicators and trend; example target: improves from 2/5 to 4/5 in the selected nutritional indicator.,NOC 1004 — Estado nutricional (English: Nutritional Status). Exemplo de avaliação: Acompanhar indicadores relacionados à ingestão e tendência; exemplo de meta: melhorar de 2/5 para 4/5 no indicador nutricional selecionado.
359,Inadequate protein energy nutritional intake,Ingestão nutricional inadequada de proteínas e energia,NIC 1100 — Nutrition Management. Example activities: Assess intake and nutritional barriers; establish an individualized plan; monitor intake and relevant trends.,NIC 1100 — Controle da nutrição (English: Nutrition Management). Exemplos de atividades: Avaliar ingestão e barreiras nutricionais; estabelecer plano individualizado; monitorar ingestão e tendências relevantes.,NOC 1004 — Nutritional Status. Example evaluation: Track intake-related indicators and trend; example target: improves from 2/5 to 4/5 in the selected nutritional indicator.,NOC 1004 — Estado nutricional (English: Nutritional Status). Exemplo de avaliação: Acompanhar indicadores relacionados à ingestão e tendência; exemplo de meta: melhorar de 2/5 para 4/5 no indicador nutricional selecionado.
360,Risk for inadequate protein energy nutritional intake,Risco de ingestão nutricional inadequada de proteínas e energia,NIC 1100 — Nutrition Management. Example activities: Assess intake and nutritional barriers; establish an individualized plan; monitor intake and relevant trends.,NIC 1100 — Controle da nutrição (English: Nutrition Management). Exemplos de atividades: Avaliar ingestão e barreiras nutricionais; estabelecer plano individualizado; monitorar ingestão e tendências relevantes.,NOC 1004 — Nutritional Status. Example evaluation: Track intake-related indicators and trend; example target: improves from 2/5 to 4/5 in the selected nutritional indicator.,NOC 1004 — Estado nutricional (English: Nutritional Status). Exemplo de avaliação: Acompanhar indicadores relacionados à ingestão e tendência; exemplo de meta: melhorar de 2/5 para 4/5 no indicador nutricional selecionado.
371,Ineffective chestfeeding,Amamentação ineficaz,NIC 1054 — Breastfeeding Assistance. Example activities: Observe a feeding session; help optimize positioning and latch; reinforce feeding cues and maternal comfort.,NIC 1054 — Assistência à amamentação (English: Breastfeeding Assistance). Exemplos de atividades: Observar a mamada; ajudar a otimizar posicionamento e pega; reforçar sinais de fome e conforto materno.,NOC 1000 — Breastfeeding Establishment: Mother. Example evaluation: Evaluate positioning/attachment and perceived adequacy; example target: effective technique and adequate intake-related indicators improve toward 4/5.,NOC 1000 — Estabelecimento da amamentação (English: Breastfeeding Establishment: Mother). Exemplo de avaliação: Avaliar posicionamento/pega e percepção de adequação; exemplo de meta: técnica eficaz e indicadores de ingestão adequada evoluem para 4/5.
406,Risk for ineffective chestfeeding,Risco de amamentação ineficaz,NIC 1054 — Breastfeeding Assistance. Example activities: Observe a feeding session; help optimize positioning and latch; reinforce feeding cues and maternal comfort.,NIC 1054 — Assistência à amamentação (English: Breastfeeding Assistance). Exemplos de atividades: Observar a mamada; ajudar a otimizar posicionamento e pega; reforçar sinais de fome e conforto materno.,NOC 1000 — Breastfeeding Establishment: Mother. Example evaluation: Evaluate positioning/attachment and perceived adequacy; example target: effective technique and adequate intake-related indicators improve toward 4/5.,NOC 1000 — Estabelecimento da amamentação (English: Breastfeeding Establishment: Mother). Exemplo de avaliação: Avaliar posicionamento/pega e percepção de adequação; exemplo de meta: técnica eficaz e indicadores de ingestão adequada evoluem para 4/5.
347,Disrupted exclusive chestfeeding,Interrupção do aleitamento materno exclusivo,NIC 1054 — Breastfeeding Assistance. Example activities: Observe a feeding session; help optimize positioning and latch; reinforce feeding cues and maternal comfort.,NIC 1054 — Assistência à amamentação (English: Breastfeeding Assistance). Exemplos de atividades: Observar a mamada; ajudar a otimizar posicionamento e pega; reforçar sinais de fome e conforto materno.,NOC 1000 — Breastfeeding Establishment: Mother. Example evaluation: Evaluate positioning/attachment and perceived adequacy; example target: effective technique and adequate intake-related indicators improve toward 4/5.,NOC 1000 — Estabelecimento da amamentação (English: Breastfeeding Establishment: Mother). Exemplo de avaliação: Avaliar posicionamento/pega e percepção de adequação; exemplo de meta: técnica eficaz e indicadores de ingestão adequada evoluem para 4/5.
382,Risk for disrupted exclusive chestfeeding,Risco de interrupção do aleitamento materno exclusivo,NIC 1054 — Breastfeeding Assistance. Example activities: Observe a feeding session; help optimize positioning and latch; reinforce feeding cues and maternal comfort.,NIC 1054 — Assistência à amamentação (English: Breastfeeding Assistance). Exemplos de atividades: Observar a mamada; ajudar a otimizar posicionamento e pega; reforçar sinais de fome e conforto materno.,NOC 1000 — Breastfeeding Establishment: Mother. Example evaluation: Evaluate positioning/attachment and perceived adequacy; example target: effective technique and adequate intake-related indicators improve toward 4/5.,NOC 1000 — Estabelecimento da amamentação (English: Breastfeeding Establishment: Mother). Exemplo de avaliação: Avaliar posicionamento/pega e percepção de adequação; exemplo de meta: técnica eficaz e indicadores de ingestão adequada evoluem para 4/5.
479,Readiness for enhanced chestfeeding,Prontidão para amamentação aprimorada,NIC 1054 — Breastfeeding Assistance. Example activities: Observe a feeding session; help optimize positioning and latch; reinforce feeding cues and maternal comfort.,NIC 1054 — Assistência à amamentação (English: Breastfeeding Assistance). Exemplos de atividades: Observar a mamada; ajudar a otimizar posicionamento e pega; reforçar sinais de fome e conforto materno.,NOC 1000 — Breastfeeding Establishment: Mother. Example evaluation: Evaluate positioning/attachment and perceived adequacy; example target: effective technique and adequate intake-related indicators improve toward 4/5.,NOC 1000 — Estabelecimento da amamentação (English: Breastfeeding Establishment: Mother). Exemplo de avaliação: Avaliar posicionamento/pega e percepção de adequação; exemplo de meta: técnica eficaz e indicadores de ingestão adequada evoluem para 4/5.
333,Inadequate human milk production,Produção inadequada de leite humano,NIC 1054 — Breastfeeding Assistance. Example activities: Observe a feeding session; help optimize positioning and latch; reinforce feeding cues and maternal comfort.,NIC 1054 — Assistência à amamentação (English: Breastfeeding Assistance). Exemplos de atividades: Observar a mamada; ajudar a otimizar posicionamento e pega; reforçar sinais de fome e conforto materno.,NOC 1000 — Breastfeeding Establishment: Mother. Example evaluation: Evaluate positioning/attachment and perceived adequacy; example target: effective technique and adequate intake-related indicators improve toward 4/5.,NOC 1000 — Estabelecimento da amamentação (English: Breastfeeding Establishment: Mother). Exemplo de avaliação: Avaliar posicionamento/pega e percepção de adequação; exemplo de meta: técnica eficaz e indicadores de ingestão adequada evoluem para 4/5.
334,Risk for inadequate human milk production,Risco de produção inadequada de leite materno,NIC 1054 — Breastfeeding Assistance. Example activities: Observe a feeding session; help optimize positioning and latch; reinforce feeding cues and maternal comfort.,NIC 1054 — Assistência à amamentação (English: Breastfeeding Assistance). Exemplos de atividades: Observar a mamada; ajudar a otimizar posicionamento e pega; reforçar sinais de fome e conforto materno.,NOC 1000 — Breastfeeding Establishment: Mother. Example evaluation: Evaluate positioning/attachment and perceived adequacy; example target: effective technique and adequate intake-related indicators improve toward 4/5.,NOC 1000 — Estabelecimento da amamentação (English: Breastfeeding Establishment: Mother). Exemplo de avaliação: Avaliar posicionamento/pega e percepção de adequação; exemplo de meta: técnica eficaz e indicadores de ingestão adequada evoluem para 4/5.
271,Ineffective infant feeding dynamics,Dinâmica ineficaz da alimentação infantil,"NIC 6824 — Infant Care: Newborn. Example activities: Assess feeding, temperature, elimination, behavior, and caregiver needs; cluster care appropriately; support developmentally appropriate handling.","NIC 6824 — Cuidados com o lactente/recém-nascido (English: Infant Care: Newborn). Exemplos de atividades: Avaliar alimentação, temperatura, eliminação, comportamento e necessidades do cuidador; agrupar cuidados adequadamente; apoiar manejo compatível com o desenvolvimento.",NOC 0802 — Vital Signs. Example evaluation: Document physiologic tolerance plus developmentally appropriate responses; example target 2/5 to 4/5.,NOC 0802 — Organização neurodesenvolvimental do lactente (English: Vital Signs). Exemplo de avaliação: Registrar tolerância fisiológica e respostas adequadas ao desenvolvimento; exemplo de meta 2/5 para 4/5.
270,Ineffective child eating dynamics,Dinâmica alimentar infantil ineficaz,"NIC 6824 — Infant Care: Newborn. Example activities: Assess feeding, temperature, elimination, behavior, and caregiver needs; cluster care appropriately; support developmentally appropriate handling.","NIC 6824 — Cuidados com o lactente/recém-nascido (English: Infant Care: Newborn). Exemplos de atividades: Avaliar alimentação, temperatura, eliminação, comportamento e necessidades do cuidador; agrupar cuidados adequadamente; apoiar manejo compatível com o desenvolvimento.",NOC 0802 — Vital Signs. Example evaluation: Document physiologic tolerance plus developmentally appropriate responses; example target 2/5 to 4/5.,NOC 0802 — Organização neurodesenvolvimental do lactente (English: Vital Signs). Exemplo de avaliação: Registrar tolerância fisiológica e respostas adequadas ao desenvolvimento; exemplo de meta 2/5 para 4/5.
269,Ineffective adolescent eating dynamics,Dinâmicas alimentares ineficazes na adolescência,NIC 5510 — Health Education. Example activities: Assess learning needs; explain the condition and self-management plan in plain language; use teach-back.,NIC 5510 — Educação em saúde (English: Health Education). Exemplos de atividades: Avaliar necessidades de aprendizagem; explicar a condição e o plano de autogestão em linguagem simples; usar retorno demonstrativo.,"NOC 1803 — Knowledge: Disease Process. Example evaluation: Measure understanding using teach-back; example target: correctly explains the condition, warning signs, and when to seek help, from 2/5 to 4/5.","NOC 1803 — Conhecimento: processo da doença (English: Knowledge: Disease Process). Exemplo de avaliação: Medir compreensão por retorno demonstrativo; exemplo de meta: explicar corretamente condição, sinais de alerta e quando buscar ajuda, de 2/5 para 4/5."
103,Impaired swallowing,Dificuldade de deglutição,NIC 1803 — Self-Care Assistance: Feeding. Example activities: Assess ability to eat; position safely; provide adaptive assistance and monitor intake and tolerance.,NIC 1803 — Assistência no autocuidado: alimentação (English: Self-Care Assistance: Feeding). Exemplos de atividades: Avaliar capacidade para alimentar-se; posicionar com segurança; oferecer ajuda adaptada e monitorar ingestão e tolerância.,NOC 0303 — Self-Care: Eating. Example evaluation: Score ability to eat safely/independently; example target: from 2/5 to 4/5.,NOC 0303 — Autocuidado: alimentação (English: Self-Care: Eating). Exemplo de avaliação: Pontuar capacidade de alimentar-se com segurança/independência; exemplo de meta: de 2/5 para 4/5.
194,Neonatal Hyperbilirubinemia,Hiperbilirrubinemia neonatal,"NIC 6824 — Infant Care: Newborn. Example activities: Assess feeding, temperature, elimination, behavior, and caregiver needs; cluster care appropriately; support developmentally appropriate handling.","NIC 6824 — Cuidados com o lactente/recém-nascido (English: Infant Care: Newborn). Exemplos de atividades: Avaliar alimentação, temperatura, eliminação, comportamento e necessidades do cuidador; agrupar cuidados adequadamente; apoiar manejo compatível com o desenvolvimento.",NOC 0802 — Vital Signs. Example evaluation: Document physiologic tolerance plus developmentally appropriate responses; example target 2/5 to 4/5.,NOC 0802 — Organização neurodesenvolvimental do lactente (English: Vital Signs). Exemplo de avaliação: Registrar tolerância fisiológica e respostas adequadas ao desenvolvimento; exemplo de meta 2/5 para 4/5.
230,Risk for neonatal hyperbilirubinemia,Risco de hiperbilirrubinemia neonatal,"NIC 6824 — Infant Care: Newborn. Example activities: Assess feeding, temperature, elimination, behavior, and caregiver needs; cluster care appropriately; support developmentally appropriate handling.","NIC 6824 — Cuidados com o lactente/recém-nascido (English: Infant Care: Newborn). Exemplos de atividades: Avaliar alimentação, temperatura, eliminação, comportamento e necessidades do cuidador; agrupar cuidados adequadamente; apoiar manejo compatível com o desenvolvimento.",NOC 0802 — Vital Signs. Example evaluation: Document physiologic tolerance plus developmentally appropriate responses; example target 2/5 to 4/5.,NOC 0802 — Organização neurodesenvolvimental do lactente (English: Vital Signs). Exemplo de avaliação: Registrar tolerância fisiológica e respostas adequadas ao desenvolvimento; exemplo de meta 2/5 para 4/5.
491,Risk for impaired water-electrolyte balance,Risco de desequilíbrio hidroeletrolítico,"NIC 4130 — Fluid Monitoring. Example activities: Monitor intake and output; assess edema, mucous membranes, weight trends, and relevant laboratory data.","NIC 4130 — Monitorização de líquidos (English: Fluid Monitoring). Exemplos de atividades: Monitorar entradas e saídas; avaliar edema, mucosas, tendência de peso e exames laboratoriais relevantes.",NOC 0601 — Fluid Balance. Example evaluation: Compare intake/output and associated signs; example target: move from 2/5 to 4/5 in maintaining expected balance.,NOC 0601 — Equilíbrio hídrico (English: Fluid Balance). Exemplo de avaliação: Comparar entradas/saídas e sinais associados; exemplo de meta: passar de 2/5 para 4/5 na manutenção do equilíbrio esperado.
492,Risk for impaired fluid volume balance,Risco de desequilíbrio do volume de fluidos,"NIC 4130 — Fluid Monitoring. Example activities: Monitor intake and output; assess edema, mucous membranes, weight trends, and relevant laboratory data.","NIC 4130 — Monitorização de líquidos (English: Fluid Monitoring). Exemplos de atividades: Monitorar entradas e saídas; avaliar edema, mucosas, tendência de peso e exames laboratoriais relevantes.",NOC 0601 — Fluid Balance. Example evaluation: Compare intake/output and associated signs; example target: move from 2/5 to 4/5 in maintaining expected balance.,NOC 0601 — Equilíbrio hídrico (English: Fluid Balance). Exemplo de avaliação: Comparar entradas/saídas e sinais associados; exemplo de meta: passar de 2/5 para 4/5 na manutenção do equilíbrio esperado.
26,Excessive fluid volume,Volume excessivo de fluido,"NIC 4130 — Fluid Monitoring. Example activities: Monitor intake and output; assess edema, mucous membranes, weight trends, and relevant laboratory data.","NIC 4130 — Monitorização de líquidos (English: Fluid Monitoring). Exemplos de atividades: Monitorar entradas e saídas; avaliar edema, mucosas, tendência de peso e exames laboratoriais relevantes.",NOC 0601 — Fluid Balance. Example evaluation: Compare intake/output and associated signs; example target: move from 2/5 to 4/5 in maintaining expected balance.,NOC 0601 — Equilíbrio hídrico (English: Fluid Balance). Exemplo de avaliação: Comparar entradas/saídas e sinais associados; exemplo de meta: passar de 2/5 para 4/5 na manutenção do equilíbrio esperado.
370,Risk for excessive fluid volume,Risco de volume excessivo de fluidos,"NIC 4130 — Fluid Monitoring. Example activities: Monitor intake and output; assess edema, mucous membranes, weight trends, and relevant laboratory data.","NIC 4130 — Monitorização de líquidos (English: Fluid Monitoring). Exemplos de atividades: Monitorar entradas e saídas; avaliar edema, mucosas, tendência de peso e exames laboratoriais relevantes.",NOC 0601 — Fluid Balance. Example evaluation: Compare intake/output and associated signs; example target: move from 2/5 to 4/5 in maintaining expected balance.,NOC 0601 — Equilíbrio hídrico (English: Fluid Balance). Exemplo de avaliação: Comparar entradas/saídas e sinais associados; exemplo de meta: passar de 2/5 para 4/5 na manutenção do equilíbrio esperado.
421,Inadequate fluid volume,Volume de fluido inadequado,"NIC 4130 — Fluid Monitoring. Example activities: Monitor intake and output; assess edema, mucous membranes, weight trends, and relevant laboratory data.","NIC 4130 — Monitorização de líquidos (English: Fluid Monitoring). Exemplos de atividades: Monitorar entradas e saídas; avaliar edema, mucosas, tendência de peso e exames laboratoriais relevantes.",NOC 0601 — Fluid Balance. Example evaluation: Compare intake/output and associated signs; example target: move from 2/5 to 4/5 in maintaining expected balance.,NOC 0601 — Equilíbrio hídrico (English: Fluid Balance). Exemplo de avaliação: Comparar entradas/saídas e sinais associados; exemplo de meta: passar de 2/5 para 4/5 na manutenção do equilíbrio esperado.
420,Risk for inadequate fluid volume,Risco de volume inadequado de fluidos,"NIC 4130 — Fluid Monitoring. Example activities: Monitor intake and output; assess edema, mucous membranes, weight trends, and relevant laboratory data.","NIC 4130 — Monitorização de líquidos (English: Fluid Monitoring). Exemplos de atividades: Monitorar entradas e saídas; avaliar edema, mucosas, tendência de peso e exames laboratoriais relevantes.",NOC 0601 — Fluid Balance. Example evaluation: Compare intake/output and associated signs; example target: move from 2/5 to 4/5 in maintaining expected balance.,NOC 0601 — Equilíbrio hídrico (English: Fluid Balance). Exemplo de avaliação: Comparar entradas/saídas e sinais associados; exemplo de meta: passar de 2/5 para 4/5 na manutenção do equilíbrio esperado.
16,Impaired urinary elimination,Eliminação urinária prejudicada,"NIC 0590 — Urinary Elimination Management. Example activities: Assess voiding pattern; provide privacy and adequate positioning; monitor frequency, volume, and symptoms.","NIC 0590 — Controle da eliminação urinária (English: Urinary Elimination Management). Exemplos de atividades: Avaliar padrão miccional; oferecer privacidade e posicionamento adequado; monitorar frequência, volume e sintomas.","NOC 0503 — Urinary Elimination. Example evaluation: Record frequency, volume, urgency, continence and discomfort; example target: selected indicators improve from 2/5 to 4/5.","NOC 0503 — Eliminação urinária (English: Urinary Elimination). Exemplo de avaliação: Registrar frequência, volume, urgência, continência e desconforto; exemplo de meta: indicadores selecionados de 2/5 para 4/5."
322,Risk for urinary retention,Risco de retenção urinária,NIC 0610 — Urinary Retention Care. Example activities: Assess bladder fullness and voiding difficulty; monitor output; escalate persistent retention according to protocol.,NIC 0610 — Cuidados com retenção urinária (English: Urinary Retention Care). Exemplos de atividades: Avaliar distensão vesical e dificuldade para urinar; monitorar débito; comunicar retenção persistente conforme protocolo.,"NOC 0503 — Urinary Elimination. Example evaluation: Record frequency, volume, urgency, continence and discomfort; example target: selected indicators improve from 2/5 to 4/5.","NOC 0503 — Eliminação urinária (English: Urinary Elimination). Exemplo de avaliação: Registrar frequência, volume, urgência, continência e desconforto; exemplo de meta: indicadores selecionados de 2/5 para 4/5."
297,Disability-associated urinary incontinence,Incontinência urinária associada à deficiência,"NIC 0590 — Urinary Elimination Management. Example activities: Assess voiding pattern; provide privacy and adequate positioning; monitor frequency, volume, and symptoms.","NIC 0590 — Controle da eliminação urinária (English: Urinary Elimination Management). Exemplos de atividades: Avaliar padrão miccional; oferecer privacidade e posicionamento adequado; monitorar frequência, volume e sintomas.","NOC 0503 — Urinary Elimination. Example evaluation: Record frequency, volume, urgency, continence and discomfort; example target: selected indicators improve from 2/5 to 4/5.","NOC 0503 — Eliminação urinária (English: Urinary Elimination). Exemplo de avaliação: Registrar frequência, volume, urgência, continência e desconforto; exemplo de meta: indicadores selecionados de 2/5 para 4/5."
310,Mixed urinary incontinence,Incontinência urinária mista,"NIC 0590 — Urinary Elimination Management. Example activities: Assess voiding pattern; provide privacy and adequate positioning; monitor frequency, volume, and symptoms.","NIC 0590 — Controle da eliminação urinária (English: Urinary Elimination Management). Exemplos de atividades: Avaliar padrão miccional; oferecer privacidade e posicionamento adequado; monitorar frequência, volume e sintomas.","NOC 0503 — Urinary Elimination. Example evaluation: Record frequency, volume, urgency, continence and discomfort; example target: selected indicators improve from 2/5 to 4/5.","NOC 0503 — Eliminação urinária (English: Urinary Elimination). Exemplo de avaliação: Registrar frequência, volume, urgência, continência e desconforto; exemplo de meta: indicadores selecionados de 2/5 para 4/5."
17,Stress urinary incontinence,Incontinência urinária de esforço,"NIC 0590 — Urinary Elimination Management. Example activities: Assess voiding pattern; provide privacy and adequate positioning; monitor frequency, volume, and symptoms.","NIC 0590 — Controle da eliminação urinária (English: Urinary Elimination Management). Exemplos de atividades: Avaliar padrão miccional; oferecer privacidade e posicionamento adequado; monitorar frequência, volume e sintomas.","NOC 0503 — Urinary Elimination. Example evaluation: Record frequency, volume, urgency, continence and discomfort; example target: selected indicators improve from 2/5 to 4/5.","NOC 0503 — Eliminação urinária (English: Urinary Elimination). Exemplo de avaliação: Registrar frequência, volume, urgência, continência e desconforto; exemplo de meta: indicadores selecionados de 2/5 para 4/5."
19,Urge urinary incontinence,Incontinência urinária de urgência,"NIC 0590 — Urinary Elimination Management. Example activities: Assess voiding pattern; provide privacy and adequate positioning; monitor frequency, volume, and symptoms.","NIC 0590 — Controle da eliminação urinária (English: Urinary Elimination Management). Exemplos de atividades: Avaliar padrão miccional; oferecer privacidade e posicionamento adequado; monitorar frequência, volume e sintomas.","NOC 0503 — Urinary Elimination. Example evaluation: Record frequency, volume, urgency, continence and discomfort; example target: selected indicators improve from 2/5 to 4/5.","NOC 0503 — Eliminação urinária (English: Urinary Elimination). Exemplo de avaliação: Registrar frequência, volume, urgência, continência e desconforto; exemplo de meta: indicadores selecionados de 2/5 para 4/5."
22,Risk for urge urinary incontinence,Risco de incontinência urinária de urgência,"NIC 0590 — Urinary Elimination Management. Example activities: Assess voiding pattern; provide privacy and adequate positioning; monitor frequency, volume, and symptoms.","NIC 0590 — Controle da eliminação urinária (English: Urinary Elimination Management). Exemplos de atividades: Avaliar padrão miccional; oferecer privacidade e posicionamento adequado; monitorar frequência, volume e sintomas.","NOC 0503 — Urinary Elimination. Example evaluation: Record frequency, volume, urgency, continence and discomfort; example target: selected indicators improve from 2/5 to 4/5.","NOC 0503 — Eliminação urinária (English: Urinary Elimination). Exemplo de avaliação: Registrar frequência, volume, urgência, continência e desconforto; exemplo de meta: indicadores selecionados de 2/5 para 4/5."
423,Impaired gastrointestinal motility,Motilidade gastrointestinal prejudicada,"NIC 0430 — Bowel Management. Example activities: Assess bowel pattern; encourage appropriate fluids, mobility, and toileting routine; monitor stool characteristics.","NIC 0430 — Controle intestinal (English: Bowel Management). Exemplos de atividades: Avaliar padrão intestinal; estimular líquidos, mobilidade e rotina de evacuação adequados; monitorar características das fezes.","NOC 0501 — Bowel Elimination. Example evaluation: Record frequency, consistency, ease, and discomfort; example target: selected indicators improve from 2/5 to 4/5.","NOC 0501 — Eliminação intestinal (English: Bowel Elimination). Exemplo de avaliação: Registrar frequência, consistência, facilidade e desconforto; exemplo de meta: indicadores selecionados de 2/5 para 4/5."
422,Risk for impaired gastrointestinal motility,Risco de comprometimento da motilidade gastrointestinal,"NIC 0430 — Bowel Management. Example activities: Assess bowel pattern; encourage appropriate fluids, mobility, and toileting routine; monitor stool characteristics.","NIC 0430 — Controle intestinal (English: Bowel Management). Exemplos de atividades: Avaliar padrão intestinal; estimular líquidos, mobilidade e rotina de evacuação adequados; monitorar características das fezes.","NOC 0501 — Bowel Elimination. Example evaluation: Record frequency, consistency, ease, and discomfort; example target: selected indicators improve from 2/5 to 4/5.","NOC 0501 — Eliminação intestinal (English: Bowel Elimination). Exemplo de avaliação: Registrar frequência, consistência, facilidade e desconforto; exemplo de meta: indicadores selecionados de 2/5 para 4/5."
344,Impaired intestinal elimination,Eliminação intestinal prejudicada,"NIC 0430 — Bowel Management. Example activities: Assess bowel pattern; encourage appropriate fluids, mobility, and toileting routine; monitor stool characteristics.","NIC 0430 — Controle intestinal (English: Bowel Management). Exemplos de atividades: Avaliar padrão intestinal; estimular líquidos, mobilidade e rotina de evacuação adequados; monitorar características das fezes.","NOC 0501 — Bowel Elimination. Example evaluation: Record frequency, consistency, ease, and discomfort; example target: selected indicators improve from 2/5 to 4/5.","NOC 0501 — Eliminação intestinal (English: Bowel Elimination). Exemplo de avaliação: Registrar frequência, consistência, facilidade e desconforto; exemplo de meta: indicadores selecionados de 2/5 para 4/5."
346,Risk for impaired intestinal elimination,Risco de comprometimento da eliminação intestinal,"NIC 0430 — Bowel Management. Example activities: Assess bowel pattern; encourage appropriate fluids, mobility, and toileting routine; monitor stool characteristics.","NIC 0430 — Controle intestinal (English: Bowel Management). Exemplos de atividades: Avaliar padrão intestinal; estimular líquidos, mobilidade e rotina de evacuação adequados; monitorar características das fezes.","NOC 0501 — Bowel Elimination. Example evaluation: Record frequency, consistency, ease, and discomfort; example target: selected indicators improve from 2/5 to 4/5.","NOC 0501 — Eliminação intestinal (English: Bowel Elimination). Exemplo de avaliação: Registrar frequência, consistência, facilidade e desconforto; exemplo de meta: indicadores selecionados de 2/5 para 4/5."
235,Chronic functional constipation,Constipação funcional crônica,NIC 0450 — Constipation/Impaction Management. Example activities: Assess stool frequency and consistency; promote mobility and appropriate hydration/fiber; provide prescribed measures.,NIC 0450 — Controle da constipação (English: Constipation/Impaction Management). Exemplos de atividades: Avaliar frequência e consistência das fezes; estimular mobilidade e hidratação/fibras adequadas; realizar medidas prescritas.,"NOC 0501 — Bowel Elimination. Example evaluation: Record frequency, consistency, ease, and discomfort; example target: selected indicators improve from 2/5 to 4/5.","NOC 0501 — Eliminação intestinal (English: Bowel Elimination). Exemplo de avaliação: Registrar frequência, consistência, facilidade e desconforto; exemplo de meta: indicadores selecionados de 2/5 para 4/5."
236,Risk for chronic functional constipation,Risco de constipação funcional crônica,NIC 0450 — Constipation/Impaction Management. Example activities: Assess stool frequency and consistency; promote mobility and appropriate hydration/fiber; provide prescribed measures.,NIC 0450 — Controle da constipação (English: Constipation/Impaction Management). Exemplos de atividades: Avaliar frequência e consistência das fezes; estimular mobilidade e hidratação/fibras adequadas; realizar medidas prescritas.,"NOC 0501 — Bowel Elimination. Example evaluation: Record frequency, consistency, ease, and discomfort; example target: selected indicators improve from 2/5 to 4/5.","NOC 0501 — Eliminação intestinal (English: Bowel Elimination). Exemplo de avaliação: Registrar frequência, consistência, facilidade e desconforto; exemplo de meta: indicadores selecionados de 2/5 para 4/5."
424,Impaired fecal continence,Incontinência fecal prejudicada,"NIC 0430 — Bowel Management. Example activities: Assess bowel pattern; encourage appropriate fluids, mobility, and toileting routine; monitor stool characteristics.","NIC 0430 — Controle intestinal (English: Bowel Management). Exemplos de atividades: Avaliar padrão intestinal; estimular líquidos, mobilidade e rotina de evacuação adequados; monitorar características das fezes.","NOC 0501 — Bowel Elimination. Example evaluation: Record frequency, consistency, ease, and discomfort; example target: selected indicators improve from 2/5 to 4/5.","NOC 0501 — Eliminação intestinal (English: Bowel Elimination). Exemplo de avaliação: Registrar frequência, consistência, facilidade e desconforto; exemplo de meta: indicadores selecionados de 2/5 para 4/5."
345,Risk for impaired fecal continence,Risco de incontinência fecal,"NIC 0430 — Bowel Management. Example activities: Assess bowel pattern; encourage appropriate fluids, mobility, and toileting routine; monitor stool characteristics.","NIC 0430 — Controle intestinal (English: Bowel Management). Exemplos de atividades: Avaliar padrão intestinal; estimular líquidos, mobilidade e rotina de evacuação adequados; monitorar características das fezes.","NOC 0501 — Bowel Elimination. Example evaluation: Record frequency, consistency, ease, and discomfort; example target: selected indicators improve from 2/5 to 4/5.","NOC 0501 — Eliminação intestinal (English: Bowel Elimination). Exemplo de avaliação: Registrar frequência, consistência, facilidade e desconforto; exemplo de meta: indicadores selecionados de 2/5 para 4/5."
30,Impaired gas exchange,Troca gasosa prejudicada,"NIC 3350 — Respiratory Monitoring. Example activities: Monitor respiratory rate, effort, breath sounds, and oxygenation as indicated; document trends and changes.","NIC 3350 — Monitorização respiratória (English: Respiratory Monitoring). Exemplos de atividades: Monitorar frequência, esforço respiratório, sons respiratórios e oxigenação conforme indicado; registrar tendências e mudanças.","NOC 0402 — Respiratory Status: Gas Exchange. Example evaluation: Trend oxygenation, respiratory effort, and selected respiratory indicators; example target: from 2/5 to 4/5.","NOC 0402 — Estado respiratório: troca gasosa (English: Respiratory Status: Gas Exchange). Exemplo de avaliação: Acompanhar oxigenação, esforço respiratório e indicadores selecionados; exemplo de meta: de 2/5 para 4/5."
337,Ineffective sleep pattern,Padrão de sono ineficaz,NIC 1850 — Sleep Enhancement. Example activities: Assess sleep pattern; reduce avoidable noise/light; establish a consistent sleep routine and address modifiable barriers.,NIC 1850 — Melhora do sono (English: Sleep Enhancement). Exemplos de atividades: Avaliar padrão de sono; reduzir ruído/luz evitáveis; estabelecer rotina consistente e abordar barreiras modificáveis.,"NOC 0004 — Sleep. Example evaluation: Rate sleep duration, continuity, and perceived rest; example target: improve from 2/5 to 4/5.","NOC 0004 — Sono (English: Sleep). Exemplo de avaliação: Pontuar duração, continuidade e repouso percebido; exemplo de meta: melhorar de 2/5 para 4/5."
407,Risk for ineffective sleep pattern,Risco de padrão de sono ineficaz,NIC 1850 — Sleep Enhancement. Example activities: Assess sleep pattern; reduce avoidable noise/light; establish a consistent sleep routine and address modifiable barriers.,NIC 1850 — Melhora do sono (English: Sleep Enhancement). Exemplos de atividades: Avaliar padrão de sono; reduzir ruído/luz evitáveis; estabelecer rotina consistente e abordar barreiras modificáveis.,"NOC 0004 — Sleep. Example evaluation: Rate sleep duration, continuity, and perceived rest; example target: improve from 2/5 to 4/5.","NOC 0004 — Sono (English: Sleep). Exemplo de avaliação: Pontuar duração, continuidade e repouso percebido; exemplo de meta: melhorar de 2/5 para 4/5."
417,Readiness for enhanced sleep pattern,Preparação para um padrão de sono melhorado,NIC 1850 — Sleep Enhancement. Example activities: Assess sleep pattern; reduce avoidable noise/light; establish a consistent sleep routine and address modifiable barriers.,NIC 1850 — Melhora do sono (English: Sleep Enhancement). Exemplos de atividades: Avaliar padrão de sono; reduzir ruído/luz evitáveis; estabelecer rotina consistente e abordar barreiras modificáveis.,"NOC 0004 — Sleep. Example evaluation: Rate sleep duration, continuity, and perceived rest; example target: improve from 2/5 to 4/5.","NOC 0004 — Sono (English: Sleep). Exemplo de avaliação: Pontuar duração, continuidade e repouso percebido; exemplo de meta: melhorar de 2/5 para 4/5."
323,Ineffective sleep hygiene behaviors,Comportamentos ineficazes de higiene do sono,NIC 1850 — Sleep Enhancement. Example activities: Assess sleep pattern; reduce avoidable noise/light; establish a consistent sleep routine and address modifiable barriers.,NIC 1850 — Melhora do sono (English: Sleep Enhancement). Exemplos de atividades: Avaliar padrão de sono; reduzir ruído/luz evitáveis; estabelecer rotina consistente e abordar barreiras modificáveis.,"NOC 0004 — Sleep. Example evaluation: Rate sleep duration, continuity, and perceived rest; example target: improve from 2/5 to 4/5.","NOC 0004 — Sono (English: Sleep). Exemplo de avaliação: Pontuar duração, continuidade e repouso percebido; exemplo de meta: melhorar de 2/5 para 4/5."
408,Risk for ineffective sleep hygiene behaviors,Risco de comportamentos ineficazes de higiene do sono,NIC 1850 — Sleep Enhancement. Example activities: Assess sleep pattern; reduce avoidable noise/light; establish a consistent sleep routine and address modifiable barriers.,NIC 1850 — Melhora do sono (English: Sleep Enhancement). Exemplos de atividades: Avaliar padrão de sono; reduzir ruído/luz evitáveis; estabelecer rotina consistente e abordar barreiras modificáveis.,"NOC 0004 — Sleep. Example evaluation: Rate sleep duration, continuity, and perceived rest; example target: improve from 2/5 to 4/5.","NOC 0004 — Sono (English: Sleep). Exemplo de avaliação: Pontuar duração, continuidade e repouso percebido; exemplo de meta: melhorar de 2/5 para 4/5."
85,Impaired physical mobility,Mobilidade física prejudicada,NIC 0221 — Exercise Therapy: Ambulation. Example activities: Assess mobility and safety; assist with progressive ambulation; use prescribed aids and monitor response.,NIC 0221 — Promoção da mobilidade (English: Exercise Therapy: Ambulation). Exemplos de atividades: Avaliar mobilidade e segurança; auxiliar deambulação progressiva; utilizar dispositivos prescritos e monitorar resposta.,NOC 0208 — Mobility. Example evaluation: Score walking/transfer ability; example target: improve from 2/5 to 4/5 for the chosen mobility indicator.,NOC 0208 — Mobilidade (English: Mobility). Exemplo de avaliação: Pontuar capacidade de andar/transferir; exemplo de meta: melhorar de 2/5 para 4/5 no indicador de mobilidade escolhido.
324,Risk for impaired physical mobility,Risco de mobilidade física comprometida,NIC 0221 — Exercise Therapy: Ambulation. Example activities: Assess mobility and safety; assist with progressive ambulation; use prescribed aids and monitor response.,NIC 0221 — Promoção da mobilidade (English: Exercise Therapy: Ambulation). Exemplos de atividades: Avaliar mobilidade e segurança; auxiliar deambulação progressiva; utilizar dispositivos prescritos e monitorar resposta.,NOC 0208 — Mobility. Example evaluation: Score walking/transfer ability; example target: improve from 2/5 to 4/5 for the chosen mobility indicator.,NOC 0208 — Mobilidade (English: Mobility). Exemplo de avaliação: Pontuar capacidade de andar/transferir; exemplo de meta: melhorar de 2/5 para 4/5 no indicador de mobilidade escolhido.
91,Impaired bed mobility,Mobilidade reduzida no leito,NIC 0221 — Exercise Therapy: Ambulation. Example activities: Assess mobility and safety; assist with progressive ambulation; use prescribed aids and monitor response.,NIC 0221 — Promoção da mobilidade (English: Exercise Therapy: Ambulation). Exemplos de atividades: Avaliar mobilidade e segurança; auxiliar deambulação progressiva; utilizar dispositivos prescritos e monitorar resposta.,NOC 0208 — Mobility. Example evaluation: Score walking/transfer ability; example target: improve from 2/5 to 4/5 for the chosen mobility indicator.,NOC 0208 — Mobilidade (English: Mobility). Exemplo de avaliação: Pontuar capacidade de andar/transferir; exemplo de meta: melhorar de 2/5 para 4/5 no indicador de mobilidade escolhido.
89,Impaired wheelchair mobility,Mobilidade reduzida em cadeira de rodas,NIC 0221 — Exercise Therapy: Ambulation. Example activities: Assess mobility and safety; assist with progressive ambulation; use prescribed aids and monitor response.,NIC 0221 — Promoção da mobilidade (English: Exercise Therapy: Ambulation). Exemplos de atividades: Avaliar mobilidade e segurança; auxiliar deambulação progressiva; utilizar dispositivos prescritos e monitorar resposta.,NOC 0208 — Mobility. Example evaluation: Score walking/transfer ability; example target: improve from 2/5 to 4/5 for the chosen mobility indicator.,NOC 0208 — Mobilidade (English: Mobility). Exemplo de avaliação: Pontuar capacidade de andar/transferir; exemplo de meta: melhorar de 2/5 para 4/5 no indicador de mobilidade escolhido.
363,Impaired sitting ability,Capacidade de sentar-se prejudicada,NIC 0221 — Exercise Therapy: Ambulation. Example activities: Assess mobility and safety; assist with progressive ambulation; use prescribed aids and monitor response.,NIC 0221 — Promoção da mobilidade (English: Exercise Therapy: Ambulation). Exemplos de atividades: Avaliar mobilidade e segurança; auxiliar deambulação progressiva; utilizar dispositivos prescritos e monitorar resposta.,NOC 0208 — Mobility. Example evaluation: Score walking/transfer ability; example target: improve from 2/5 to 4/5 for the chosen mobility indicator.,NOC 0208 — Mobilidade (English: Mobility). Exemplo de avaliação: Pontuar capacidade de andar/transferir; exemplo de meta: melhorar de 2/5 para 4/5 no indicador de mobilidade escolhido.
364,Impaired standing ability,Capacidade de ficar em pé prejudicada,NIC 0221 — Exercise Therapy: Ambulation. Example activities: Assess mobility and safety; assist with progressive ambulation; use prescribed aids and monitor response.,NIC 0221 — Promoção da mobilidade (English: Exercise Therapy: Ambulation). Exemplos de atividades: Avaliar mobilidade e segurança; auxiliar deambulação progressiva; utilizar dispositivos prescritos e monitorar resposta.,NOC 0208 — Mobility. Example evaluation: Score walking/transfer ability; example target: improve from 2/5 to 4/5 for the chosen mobility indicator.,NOC 0208 — Mobilidade (English: Mobility). Exemplo de avaliação: Pontuar capacidade de andar/transferir; exemplo de meta: melhorar de 2/5 para 4/5 no indicador de mobilidade escolhido.
367,Impaired transferring ability,Capacidade de transferência prejudicada,NIC 0221 — Exercise Therapy: Ambulation. Example activities: Assess mobility and safety; assist with progressive ambulation; use prescribed aids and monitor response.,NIC 0221 — Promoção da mobilidade (English: Exercise Therapy: Ambulation). Exemplos de atividades: Avaliar mobilidade e segurança; auxiliar deambulação progressiva; utilizar dispositivos prescritos e monitorar resposta.,NOC 0208 — Mobility. Example evaluation: Score walking/transfer ability; example target: improve from 2/5 to 4/5 for the chosen mobility indicator.,NOC 0208 — Mobilidade (English: Mobility). Exemplo de avaliação: Pontuar capacidade de andar/transferir; exemplo de meta: melhorar de 2/5 para 4/5 no indicador de mobilidade escolhido.
365,Impaired walking ability,Capacidade de locomoção prejudicada,NIC 5510 — Health Education. Example activities: Assess learning needs; explain the condition and self-management plan in plain language; use teach-back.,NIC 5510 — Educação em saúde (English: Health Education). Exemplos de atividades: Avaliar necessidades de aprendizagem; explicar a condição e o plano de autogestão em linguagem simples; usar retorno demonstrativo.,"NOC 1803 — Knowledge: Disease Process. Example evaluation: Measure understanding using teach-back; example target: correctly explains the condition, warning signs, and when to seek help, from 2/5 to 4/5.","NOC 1803 — Conhecimento: processo da doença (English: Knowledge: Disease Process). Exemplo de avaliação: Medir compreensão por retorno demonstrativo; exemplo de meta: explicar corretamente condição, sinais de alerta e quando buscar ajuda, de 2/5 para 4/5."
298,Decreased activity tolerance,Diminuição da tolerância à atividade,"NIC 0200 — Exercise Promotion. Example activities: Assess baseline activity tolerance; agree on a progressive activity plan; reinforce safe, regular movement.",NIC 0200 — Promoção de exercícios (English: Exercise Promotion). Exemplos de atividades: Avaliar a tolerância basal à atividade; pactuar um plano progressivo; reforçar movimento regular e seguro.,"NOC 0005 — Activity Tolerance. Example evaluation: Record tolerance to planned activity; example: maintains prescribed activity without limiting fatigue, dyspnea, or abnormal vital-sign response.","NOC 0005 — Tolerância à atividade (English: Activity Tolerance). Exemplo de avaliação: Registrar tolerância à atividade planejada; exemplo: realiza atividade prescrita sem fadiga limitante, dispneia ou resposta anormal dos sinais vitais."
299,Risk for decreased activity tolerance,Risco de diminuição da tolerância à atividade,"NIC 0200 — Exercise Promotion. Example activities: Assess baseline activity tolerance; agree on a progressive activity plan; reinforce safe, regular movement.",NIC 0200 — Promoção de exercícios (English: Exercise Promotion). Exemplos de atividades: Avaliar a tolerância basal à atividade; pactuar um plano progressivo; reforçar movimento regular e seguro.,"NOC 0005 — Activity Tolerance. Example evaluation: Record tolerance to planned activity; example: maintains prescribed activity without limiting fatigue, dyspnea, or abnormal vital-sign response.","NOC 0005 — Tolerância à atividade (English: Activity Tolerance). Exemplo de avaliação: Registrar tolerância à atividade planejada; exemplo: realiza atividade prescrita sem fadiga limitante, dispneia ou resposta anormal dos sinais vitais."
477,Excessive fatigue burden,Sobrecarga de fadiga excessiva,"NIC 0200 — Exercise Promotion. Example activities: Assess baseline activity tolerance; agree on a progressive activity plan; reinforce safe, regular movement.",NIC 0200 — Promoção de exercícios (English: Exercise Promotion). Exemplos de atividades: Avaliar a tolerância basal à atividade; pactuar um plano progressivo; reforçar movimento regular e seguro.,"NOC 0005 — Activity Tolerance. Example evaluation: Record tolerance to planned activity; example: maintains prescribed activity without limiting fatigue, dyspnea, or abnormal vital-sign response.","NOC 0005 — Tolerância à atividade (English: Activity Tolerance). Exemplo de avaliação: Registrar tolerância à atividade planejada; exemplo: realiza atividade prescrita sem fadiga limitante, dispneia ou resposta anormal dos sinais vitais."
465,Impaired surgical recovery,Recuperação cirúrgica prejudicada,NIC 5510 — Health Education. Example activities: Assess learning needs; explain the condition and self-management plan in plain language; use teach-back.,NIC 5510 — Educação em saúde (English: Health Education). Exemplos de atividades: Avaliar necessidades de aprendizagem; explicar a condição e o plano de autogestão em linguagem simples; usar retorno demonstrativo.,"NOC 1803 — Knowledge: Disease Process. Example evaluation: Measure understanding using teach-back; example target: correctly explains the condition, warning signs, and when to seek help, from 2/5 to 4/5.","NOC 1803 — Conhecimento: processo da doença (English: Knowledge: Disease Process). Exemplo de avaliação: Medir compreensão por retorno demonstrativo; exemplo de meta: explicar corretamente condição, sinais de alerta e quando buscar ajuda, de 2/5 para 4/5."
464,Risk for impaired surgical recovery,Risco de recuperação cirúrgica comprometida,NIC 5510 — Health Education. Example activities: Assess learning needs; explain the condition and self-management plan in plain language; use teach-back.,NIC 5510 — Educação em saúde (English: Health Education). Exemplos de atividades: Avaliar necessidades de aprendizagem; explicar a condição e o plano de autogestão em linguagem simples; usar retorno demonstrativo.,"NOC 1803 — Knowledge: Disease Process. Example evaluation: Measure understanding using teach-back; example target: correctly explains the condition, warning signs, and when to seek help, from 2/5 to 4/5.","NOC 1803 — Conhecimento: processo da doença (English: Knowledge: Disease Process). Exemplo de avaliação: Medir compreensão por retorno demonstrativo; exemplo de meta: explicar corretamente condição, sinais de alerta e quando buscar ajuda, de 2/5 para 4/5."
311,Risk for impaired cardiovascular function,Risco de comprometimento da função cardiovascular,NIC 4040 — Cardiac Care. Example activities: Monitor vital signs and symptoms; assess perfusion and response to activity; reinforce prescribed cardiac self-management.,NIC 4040 — Cuidados cardíacos (English: Cardiac Care). Exemplos de atividades: Monitorar sinais vitais e sintomas; avaliar perfusão e resposta à atividade; reforçar autogestão cardíaca prescrita.,"NOC 0400 — Cardiac Pump Effectiveness. Example evaluation: Trend heart rate, rhythm, perfusion, and response to activity; example target 2/5 to 4/5.","NOC 0400 — Eficácia da bomba cardíaca (English: Cardiac Pump Effectiveness). Exemplo de avaliação: Acompanhar frequência/ritmo, perfusão e resposta à atividade; exemplo de meta de 2/5 para 4/5."
362,Risk for imbalanced blood pressure,Risco de pressão arterial desequilibrada,NIC 4040 — Cardiac Care. Example activities: Monitor vital signs and symptoms; assess perfusion and response to activity; reinforce prescribed cardiac self-management.,NIC 4040 — Cuidados cardíacos (English: Cardiac Care). Exemplos de atividades: Monitorar sinais vitais e sintomas; avaliar perfusão e resposta à atividade; reforçar autogestão cardíaca prescrita.,"NOC 0400 — Cardiac Pump Effectiveness. Example evaluation: Trend heart rate, rhythm, perfusion, and response to activity; example target 2/5 to 4/5.","NOC 0400 — Eficácia da bomba cardíaca (English: Cardiac Pump Effectiveness). Exemplo de avaliação: Acompanhar frequência/ritmo, perfusão e resposta à atividade; exemplo de meta de 2/5 para 4/5."
240,Risk for decreased cardiac output,Risco de diminuição do débito cardíaco,NIC 4040 — Cardiac Care. Example activities: Monitor vital signs and symptoms; assess perfusion and response to activity; reinforce prescribed cardiac self-management.,NIC 4040 — Cuidados cardíacos (English: Cardiac Care). Exemplos de atividades: Monitorar sinais vitais e sintomas; avaliar perfusão e resposta à atividade; reforçar autogestão cardíaca prescrita.,"NOC 0400 — Cardiac Pump Effectiveness. Example evaluation: Trend heart rate, rhythm, perfusion, and response to activity; example target 2/5 to 4/5.","NOC 0400 — Eficácia da bomba cardíaca (English: Cardiac Pump Effectiveness). Exemplo de avaliação: Acompanhar frequência/ritmo, perfusão e resposta à atividade; exemplo de meta de 2/5 para 4/5."
201,Risk for ineffective cerebral tissue perfusion,Risco de perfusão ineficaz do tecido cerebral,NIC 4040 — Cardiac Care. Example activities: Monitor vital signs and symptoms; assess perfusion and response to activity; reinforce prescribed cardiac self-management.,NIC 4040 — Cuidados cardíacos (English: Cardiac Care). Exemplos de atividades: Monitorar sinais vitais e sintomas; avaliar perfusão e resposta à atividade; reforçar autogestão cardíaca prescrita.,"NOC 0400 — Cardiac Pump Effectiveness. Example evaluation: Trend heart rate, rhythm, perfusion, and response to activity; example target 2/5 to 4/5.","NOC 0400 — Eficácia da bomba cardíaca (English: Cardiac Pump Effectiveness). Exemplo de avaliação: Acompanhar frequência/ritmo, perfusão e resposta à atividade; exemplo de meta de 2/5 para 4/5."
204,Ineffective peripheral tissue perfusion,Perfusão tecidual periférica ineficaz,NIC 4040 — Cardiac Care. Example activities: Monitor vital signs and symptoms; assess perfusion and response to activity; reinforce prescribed cardiac self-management.,NIC 4040 — Cuidados cardíacos (English: Cardiac Care). Exemplos de atividades: Monitorar sinais vitais e sintomas; avaliar perfusão e resposta à atividade; reforçar autogestão cardíaca prescrita.,"NOC 0400 — Cardiac Pump Effectiveness. Example evaluation: Trend heart rate, rhythm, perfusion, and response to activity; example target 2/5 to 4/5.","NOC 0400 — Eficácia da bomba cardíaca (English: Cardiac Pump Effectiveness). Exemplo de avaliação: Acompanhar frequência/ritmo, perfusão e resposta à atividade; exemplo de meta de 2/5 para 4/5."
228,Risk for ineffective peripheral tissue perfusion,Risco de perfusão tecidual periférica ineficaz,NIC 4040 — Cardiac Care. Example activities: Monitor vital signs and symptoms; assess perfusion and response to activity; reinforce prescribed cardiac self-management.,NIC 4040 — Cuidados cardíacos (English: Cardiac Care). Exemplos de atividades: Monitorar sinais vitais e sintomas; avaliar perfusão e resposta à atividade; reforçar autogestão cardíaca prescrita.,"NOC 0400 — Cardiac Pump Effectiveness. Example evaluation: Trend heart rate, rhythm, perfusion, and response to activity; example target 2/5 to 4/5.","NOC 0400 — Eficácia da bomba cardíaca (English: Cardiac Pump Effectiveness). Exemplo de avaliação: Acompanhar frequência/ritmo, perfusão e resposta à atividade; exemplo de meta de 2/5 para 4/5."
32,Ineffective breathing pattern,Padrão respiratório ineficaz,"NIC 3350 — Respiratory Monitoring. Example activities: Monitor respiratory rate, effort, breath sounds, and oxygenation as indicated; document trends and changes.","NIC 3350 — Monitorização respiratória (English: Respiratory Monitoring). Exemplos de atividades: Monitorar frequência, esforço respiratório, sons respiratórios e oxigenação conforme indicado; registrar tendências e mudanças.","NOC 0403 — Respiratory Status: Ventilation. Example evaluation: Evaluate rate, depth, effort, and ventilation-related indicators; example target 2/5 to 4/5.","NOC 0403 — Estado respiratório: ventilação (English: Respiratory Status: Ventilation). Exemplo de avaliação: Avaliar frequência, profundidade, esforço e indicadores de ventilação; exemplo de meta de 2/5 para 4/5."
33,Impaired spontaneous ventilation,Ventilação espontânea prejudicada,"NIC 3350 — Respiratory Monitoring. Example activities: Monitor respiratory rate, effort, breath sounds, and oxygenation as indicated; document trends and changes.","NIC 3350 — Monitorização respiratória (English: Respiratory Monitoring). Exemplos de atividades: Monitorar frequência, esforço respiratório, sons respiratórios e oxigenação conforme indicado; registrar tendências e mudanças.","NOC 0403 — Respiratory Status: Ventilation. Example evaluation: Evaluate rate, depth, effort, and ventilation-related indicators; example target 2/5 to 4/5.","NOC 0403 — Estado respiratório: ventilação (English: Respiratory Status: Ventilation). Exemplo de avaliação: Avaliar frequência, profundidade, esforço e indicadores de ventilação; exemplo de meta de 2/5 para 4/5."
431,Impaired child ventilatory weaning response,Resposta prejudicada ao desmame ventilatório em crianças,"NIC 3350 — Respiratory Monitoring. Example activities: Monitor respiratory rate, effort, breath sounds, and oxygenation as indicated; document trends and changes.","NIC 3350 — Monitorização respiratória (English: Respiratory Monitoring). Exemplos de atividades: Monitorar frequência, esforço respiratório, sons respiratórios e oxigenação conforme indicado; registrar tendências e mudanças.","NOC 0403 — Respiratory Status: Ventilation. Example evaluation: Evaluate rate, depth, effort, and ventilation-related indicators; example target 2/5 to 4/5.","NOC 0403 — Estado respiratório: ventilação (English: Respiratory Status: Ventilation). Exemplo de avaliação: Avaliar frequência, profundidade, esforço e indicadores de ventilação; exemplo de meta de 2/5 para 4/5."
430,Impaired adult ventilatory weaning response,Resposta prejudicada ao desmame ventilatório em adultos,"NIC 3350 — Respiratory Monitoring. Example activities: Monitor respiratory rate, effort, breath sounds, and oxygenation as indicated; document trends and changes.","NIC 3350 — Monitorização respiratória (English: Respiratory Monitoring). Exemplos de atividades: Monitorar frequência, esforço respiratório, sons respiratórios e oxigenação conforme indicado; registrar tendências e mudanças.","NOC 0403 — Respiratory Status: Ventilation. Example evaluation: Evaluate rate, depth, effort, and ventilation-related indicators; example target 2/5 to 4/5.","NOC 0403 — Estado respiratório: ventilação (English: Respiratory Status: Ventilation). Exemplo de avaliação: Avaliar frequência, profundidade, esforço e indicadores de ventilação; exemplo de meta de 2/5 para 4/5."
331,Decreased self-care ability syndrome,Síndrome da capacidade reduzida de autocuidado,NIC 1800 — Self-Care Assistance. Example activities: Assess the level of independence; assist only as needed; encourage the patient to perform each feasible step.,NIC 1800 — Assistência no autocuidado (English: Self-Care Assistance). Exemplos de atividades: Avaliar nível de independência; auxiliar somente no necessário; estimular que a pessoa execute cada etapa possível.,NOC 0300 — Self-Care: Activities of Daily Living. Example evaluation: Score the relevant ADL indicator; example target: increase independence from 2/5 to 4/5.,NOC 0300 — Autocuidado: atividades de vida diária (English: Self-Care: Activities of Daily Living). Exemplo de avaliação: Pontuar o indicador de atividade de vida diária pertinente; exemplo de meta: aumentar independência de 2/5 para 4/5.
332,Risk for decreased self-care ability syndrome,Síndrome de risco de diminuição da capacidade de autocuidado,NIC 1800 — Self-Care Assistance. Example activities: Assess the level of independence; assist only as needed; encourage the patient to perform each feasible step.,NIC 1800 — Assistência no autocuidado (English: Self-Care Assistance). Exemplos de atividades: Avaliar nível de independência; auxiliar somente no necessário; estimular que a pessoa execute cada etapa possível.,NOC 0300 — Self-Care: Activities of Daily Living. Example evaluation: Score the relevant ADL indicator; example target: increase independence from 2/5 to 4/5.,NOC 0300 — Autocuidado: atividades de vida diária (English: Self-Care: Activities of Daily Living). Exemplo de avaliação: Pontuar o indicador de atividade de vida diária pertinente; exemplo de meta: aumentar independência de 2/5 para 4/5.
442,Readiness for enhanced self-care abilities,Prontidão para habilidades aprimoradas de autocuidado,NIC 1800 — Self-Care Assistance. Example activities: Assess the level of independence; assist only as needed; encourage the patient to perform each feasible step.,NIC 1800 — Assistência no autocuidado (English: Self-Care Assistance). Exemplos de atividades: Avaliar nível de independência; auxiliar somente no necessário; estimular que a pessoa execute cada etapa possível.,NOC 0300 — Self-Care: Activities of Daily Living. Example evaluation: Score the relevant ADL indicator; example target: increase independence from 2/5 to 4/5.,NOC 0300 — Autocuidado: atividades de vida diária (English: Self-Care: Activities of Daily Living). Exemplo de avaliação: Pontuar o indicador de atividade de vida diária pertinente; exemplo de meta: aumentar independência de 2/5 para 4/5.
326,Decreased bathing abilities,Capacidade reduzida de tomar banho,NIC 5510 — Health Education. Example activities: Assess learning needs; explain the condition and self-management plan in plain language; use teach-back.,NIC 5510 — Educação em saúde (English: Health Education). Exemplos de atividades: Avaliar necessidades de aprendizagem; explicar a condição e o plano de autogestão em linguagem simples; usar retorno demonstrativo.,"NOC 1803 — Knowledge: Disease Process. Example evaluation: Measure understanding using teach-back; example target: correctly explains the condition, warning signs, and when to seek help, from 2/5 to 4/5.","NOC 1803 — Conhecimento: processo da doença (English: Knowledge: Disease Process). Exemplo de avaliação: Medir compreensão por retorno demonstrativo; exemplo de meta: explicar corretamente condição, sinais de alerta e quando buscar ajuda, de 2/5 para 4/5."
327,Decreased dressing abilities,Capacidade reduzida de se vestir,NIC 5510 — Health Education. Example activities: Assess learning needs; explain the condition and self-management plan in plain language; use teach-back.,NIC 5510 — Educação em saúde (English: Health Education). Exemplos de atividades: Avaliar necessidades de aprendizagem; explicar a condição e o plano de autogestão em linguagem simples; usar retorno demonstrativo.,"NOC 1803 — Knowledge: Disease Process. Example evaluation: Measure understanding using teach-back; example target: correctly explains the condition, warning signs, and when to seek help, from 2/5 to 4/5.","NOC 1803 — Conhecimento: processo da doença (English: Knowledge: Disease Process). Exemplo de avaliação: Medir compreensão por retorno demonstrativo; exemplo de meta: explicar corretamente condição, sinais de alerta e quando buscar ajuda, de 2/5 para 4/5."
328,Decreased feeding abilities,Capacidade de alimentação reduzida,NIC 5510 — Health Education. Example activities: Assess learning needs; explain the condition and self-management plan in plain language; use teach-back.,NIC 5510 — Educação em saúde (English: Health Education). Exemplos de atividades: Avaliar necessidades de aprendizagem; explicar a condição e o plano de autogestão em linguagem simples; usar retorno demonstrativo.,"NOC 1803 — Knowledge: Disease Process. Example evaluation: Measure understanding using teach-back; example target: correctly explains the condition, warning signs, and when to seek help, from 2/5 to 4/5.","NOC 1803 — Conhecimento: processo da doença (English: Knowledge: Disease Process). Exemplo de avaliação: Medir compreensão por retorno demonstrativo; exemplo de meta: explicar corretamente condição, sinais de alerta e quando buscar ajuda, de 2/5 para 4/5."
330,Decreased grooming abilities,Capacidade reduzida de cuidar da higiene pessoal,NIC 5510 — Health Education. Example activities: Assess learning needs; explain the condition and self-management plan in plain language; use teach-back.,NIC 5510 — Educação em saúde (English: Health Education). Exemplos de atividades: Avaliar necessidades de aprendizagem; explicar a condição e o plano de autogestão em linguagem simples; usar retorno demonstrativo.,"NOC 1803 — Knowledge: Disease Process. Example evaluation: Measure understanding using teach-back; example target: correctly explains the condition, warning signs, and when to seek help, from 2/5 to 4/5.","NOC 1803 — Conhecimento: processo da doença (English: Knowledge: Disease Process). Exemplo de avaliação: Medir compreensão por retorno demonstrativo; exemplo de meta: explicar corretamente condição, sinais de alerta e quando buscar ajuda, de 2/5 para 4/5."
329,Decreased toileting abilities,Diminuição da capacidade de usar o banheiro,NIC 5510 — Health Education. Example activities: Assess learning needs; explain the condition and self-management plan in plain language; use teach-back.,NIC 5510 — Educação em saúde (English: Health Education). Exemplos de atividades: Avaliar necessidades de aprendizagem; explicar a condição e o plano de autogestão em linguagem simples; usar retorno demonstrativo.,"NOC 1803 — Knowledge: Disease Process. Example evaluation: Measure understanding using teach-back; example target: correctly explains the condition, warning signs, and when to seek help, from 2/5 to 4/5.","NOC 1803 — Conhecimento: processo da doença (English: Knowledge: Disease Process). Exemplo de avaliação: Medir compreensão por retorno demonstrativo; exemplo de meta: explicar corretamente condição, sinais de alerta e quando buscar ajuda, de 2/5 para 4/5."
375,Ineffective oral hygiene behaviors,Comportamentos ineficazes de higiene oral,NIC 5510 — Health Education. Example activities: Assess learning needs; explain the condition and self-management plan in plain language; use teach-back.,NIC 5510 — Educação em saúde (English: Health Education). Exemplos de atividades: Avaliar necessidades de aprendizagem; explicar a condição e o plano de autogestão em linguagem simples; usar retorno demonstrativo.,"NOC 1803 — Knowledge: Disease Process. Example evaluation: Measure understanding using teach-back; example target: correctly explains the condition, warning signs, and when to seek help, from 2/5 to 4/5.","NOC 1803 — Conhecimento: processo da doença (English: Knowledge: Disease Process). Exemplo de avaliação: Medir compreensão por retorno demonstrativo; exemplo de meta: explicar corretamente condição, sinais de alerta e quando buscar ajuda, de 2/5 para 4/5."
414,Risk for ineffective oral hygiene behaviors,Risco de comportamentos ineficazes de higiene oral,NIC 5510 — Health Education. Example activities: Assess learning needs; explain the condition and self-management plan in plain language; use teach-back.,NIC 5510 — Educação em saúde (English: Health Education). Exemplos de atividades: Avaliar necessidades de aprendizagem; explicar a condição e o plano de autogestão em linguagem simples; usar retorno demonstrativo.,"NOC 1803 — Knowledge: Disease Process. Example evaluation: Measure understanding using teach-back; example target: correctly explains the condition, warning signs, and when to seek help, from 2/5 to 4/5.","NOC 1803 — Conhecimento: processo da doença (English: Knowledge: Disease Process). Exemplo de avaliação: Medir compreensão por retorno demonstrativo; exemplo de meta: explicar corretamente condição, sinais de alerta e quando buscar ajuda, de 2/5 para 4/5."
128,Acute confusion,Confusão aguda,NIC 4720 — Cognitive Stimulation. Example activities: Provide structured orientation or cognitive tasks matched to ability; reduce distractions; reinforce successful responses.,NIC 4720 — Estimulação cognitiva (English: Cognitive Stimulation). Exemplos de atividades: Oferecer tarefas estruturadas de orientação/cognição compatíveis com a capacidade; reduzir distrações; reforçar respostas bem-sucedidas.,NOC 0900 — Cognition. Example evaluation: Score orientation/attention/cognitive responses relevant to the diagnosis; example target 2/5 to 4/5.,NOC 0900 — Cognição (English: Cognition). Exemplo de avaliação: Pontuar orientação/atenção/respostas cognitivas pertinentes; exemplo de meta 2/5 para 4/5.
173,Risk for acute confusion,Risco de confusão aguda,NIC 4720 — Cognitive Stimulation. Example activities: Provide structured orientation or cognitive tasks matched to ability; reduce distractions; reinforce successful responses.,NIC 4720 — Estimulação cognitiva (English: Cognitive Stimulation). Exemplos de atividades: Oferecer tarefas estruturadas de orientação/cognição compatíveis com a capacidade; reduzir distrações; reforçar respostas bem-sucedidas.,NOC 0900 — Cognition. Example evaluation: Score orientation/attention/cognitive responses relevant to the diagnosis; example target 2/5 to 4/5.,NOC 0900 — Cognição (English: Cognition). Exemplo de avaliação: Pontuar orientação/atenção/respostas cognitivas pertinentes; exemplo de meta 2/5 para 4/5.
129,Chronic confusion,Confusão crônica,NIC 4720 — Cognitive Stimulation. Example activities: Provide structured orientation or cognitive tasks matched to ability; reduce distractions; reinforce successful responses.,NIC 4720 — Estimulação cognitiva (English: Cognitive Stimulation). Exemplos de atividades: Oferecer tarefas estruturadas de orientação/cognição compatíveis com a capacidade; reduzir distrações; reforçar respostas bem-sucedidas.,NOC 0900 — Cognition. Example evaluation: Score orientation/attention/cognitive responses relevant to the diagnosis; example target 2/5 to 4/5.,NOC 0900 — Cognição (English: Cognition). Exemplo de avaliação: Pontuar orientação/atenção/respostas cognitivas pertinentes; exemplo de meta 2/5 para 4/5.
222,Ineffective impulse control,Controle de impulsos ineficaz,NIC 5510 — Health Education. Example activities: Assess learning needs; explain the condition and self-management plan in plain language; use teach-back.,NIC 5510 — Educação em saúde (English: Health Education). Exemplos de atividades: Avaliar necessidades de aprendizagem; explicar a condição e o plano de autogestão em linguagem simples; usar retorno demonstrativo.,"NOC 1803 — Knowledge: Disease Process. Example evaluation: Measure understanding using teach-back; example target: correctly explains the condition, warning signs, and when to seek help, from 2/5 to 4/5.","NOC 1803 — Conhecimento: processo da doença (English: Knowledge: Disease Process). Exemplo de avaliação: Medir compreensão por retorno demonstrativo; exemplo de meta: explicar corretamente condição, sinais de alerta e quando buscar ajuda, de 2/5 para 4/5."
493,Disrupted thought processes,Processos de pensamento interrompidos,NIC 4720 — Cognitive Stimulation. Example activities: Provide structured orientation or cognitive tasks matched to ability; reduce distractions; reinforce successful responses.,NIC 4720 — Estimulação cognitiva (English: Cognitive Stimulation). Exemplos de atividades: Oferecer tarefas estruturadas de orientação/cognição compatíveis com a capacidade; reduzir distrações; reforçar respostas bem-sucedidas.,NOC 0900 — Cognition. Example evaluation: Score orientation/attention/cognitive responses relevant to the diagnosis; example target 2/5 to 4/5.,NOC 0900 — Cognição (English: Cognition). Exemplo de avaliação: Pontuar orientação/atenção/respostas cognitivas pertinentes; exemplo de meta 2/5 para 4/5.
435,Inadequate health knowledge,Conhecimento inadequado sobre saúde,NIC 5510 — Health Education. Example activities: Assess learning needs; explain the condition and self-management plan in plain language; use teach-back.,NIC 5510 — Educação em saúde (English: Health Education). Exemplos de atividades: Avaliar necessidades de aprendizagem; explicar a condição e o plano de autogestão em linguagem simples; usar retorno demonstrativo.,NOC 1601 — Compliance Behavior. Example evaluation: Evaluate completion of agreed health actions; example target: increases from 2/5 to 4/5 in following the agreed regimen.,NOC 1601 — Comportamento de adesão (English: Compliance Behavior). Exemplo de avaliação: Avaliar execução das ações de saúde pactuadas; exemplo de meta: aumentar de 2/5 para 4/5 na realização do regime acordado.
499,Readiness for enhanced health knowledge,Preparação para um maior conhecimento sobre saúde,NIC 5510 — Health Education. Example activities: Assess learning needs; explain the condition and self-management plan in plain language; use teach-back.,NIC 5510 — Educação em saúde (English: Health Education). Exemplos de atividades: Avaliar necessidades de aprendizagem; explicar a condição e o plano de autogestão em linguagem simples; usar retorno demonstrativo.,NOC 1601 — Compliance Behavior. Example evaluation: Evaluate completion of agreed health actions; example target: increases from 2/5 to 4/5 in following the agreed regimen.,NOC 1601 — Comportamento de adesão (English: Compliance Behavior). Exemplo de avaliação: Avaliar execução das ações de saúde pactuadas; exemplo de meta: aumentar de 2/5 para 4/5 na realização do regime acordado.
131,Impaired memory,Memória prejudicada,"NIC 4760 — Memory Training. Example activities: Use repetition, cues, calendars or written reminders; practice recall of relevant information; review effectiveness.","NIC 4760 — Treinamento da memória (English: Memory Training). Exemplos de atividades: Usar repetição, pistas, calendário ou lembretes escritos; praticar recordação de informações relevantes; revisar eficácia.",NOC 0908 — Memory. Example evaluation: Score recall of relevant information; example target 2/5 to 4/5.,NOC 0908 — Memória (English: Memory). Exemplo de avaliação: Pontuar recordação de informações relevantes; exemplo de meta 2/5 para 4/5.
429,Impaired decision-making,Comprometimento na tomada de decisões,NIC 4720 — Cognitive Stimulation. Example activities: Provide structured orientation or cognitive tasks matched to ability; reduce distractions; reinforce successful responses.,NIC 4720 — Estimulação cognitiva (English: Cognitive Stimulation). Exemplos de atividades: Oferecer tarefas estruturadas de orientação/cognição compatíveis com a capacidade; reduzir distrações; reforçar respostas bem-sucedidas.,NOC 0900 — Cognition. Example evaluation: Score orientation/attention/cognitive responses relevant to the diagnosis; example target 2/5 to 4/5.,NOC 0900 — Cognição (English: Cognition). Exemplo de avaliação: Pontuar orientação/atenção/respostas cognitivas pertinentes; exemplo de meta 2/5 para 4/5.
184,Readiness for enhanced decision-making,Preparação para uma tomada de decisão aprimorada,NIC 4720 — Cognitive Stimulation. Example activities: Provide structured orientation or cognitive tasks matched to ability; reduce distractions; reinforce successful responses.,NIC 4720 — Estimulação cognitiva (English: Cognitive Stimulation). Exemplos de atividades: Oferecer tarefas estruturadas de orientação/cognição compatíveis com a capacidade; reduzir distrações; reforçar respostas bem-sucedidas.,NOC 0900 — Cognition. Example evaluation: Score orientation/attention/cognitive responses relevant to the diagnosis; example target 2/5 to 4/5.,NOC 0900 — Cognição (English: Cognition). Exemplo de avaliação: Pontuar orientação/atenção/respostas cognitivas pertinentes; exemplo de meta 2/5 para 4/5.
242,Impaired emancipated decision-making,Comprometimento da capacidade de tomar decisões emancipadas,NIC 4720 — Cognitive Stimulation. Example activities: Provide structured orientation or cognitive tasks matched to ability; reduce distractions; reinforce successful responses.,NIC 4720 — Estimulação cognitiva (English: Cognitive Stimulation). Exemplos de atividades: Oferecer tarefas estruturadas de orientação/cognição compatíveis com a capacidade; reduzir distrações; reforçar respostas bem-sucedidas.,NOC 0900 — Cognition. Example evaluation: Score orientation/attention/cognitive responses relevant to the diagnosis; example target 2/5 to 4/5.,NOC 0900 — Cognição (English: Cognition). Exemplo de avaliação: Pontuar orientação/atenção/respostas cognitivas pertinentes; exemplo de meta 2/5 para 4/5.
244,Risk for impaired emancipated decision-making,Risco de comprometimento na tomada de decisões emancipadas,NIC 4720 — Cognitive Stimulation. Example activities: Provide structured orientation or cognitive tasks matched to ability; reduce distractions; reinforce successful responses.,NIC 4720 — Estimulação cognitiva (English: Cognitive Stimulation). Exemplos de atividades: Oferecer tarefas estruturadas de orientação/cognição compatíveis com a capacidade; reduzir distrações; reforçar respostas bem-sucedidas.,NOC 0900 — Cognition. Example evaluation: Score orientation/attention/cognitive responses relevant to the diagnosis; example target 2/5 to 4/5.,NOC 0900 — Cognição (English: Cognition). Exemplo de avaliação: Pontuar orientação/atenção/respostas cognitivas pertinentes; exemplo de meta 2/5 para 4/5.
243,Readiness for enhanced emancipated decision-making,Prontidão para uma tomada de decisão emancipada,NIC 4720 — Cognitive Stimulation. Example activities: Provide structured orientation or cognitive tasks matched to ability; reduce distractions; reinforce successful responses.,NIC 4720 — Estimulação cognitiva (English: Cognitive Stimulation). Exemplos de atividades: Oferecer tarefas estruturadas de orientação/cognição compatíveis com a capacidade; reduzir distrações; reforçar respostas bem-sucedidas.,NOC 0900 — Cognition. Example evaluation: Score orientation/attention/cognitive responses relevant to the diagnosis; example target 2/5 to 4/5.,NOC 0900 — Cognição (English: Cognition). Exemplo de avaliação: Pontuar orientação/atenção/respostas cognitivas pertinentes; exemplo de meta 2/5 para 4/5.
51,Impaired verbal communication,Comunicação verbal prejudicada,"NIC 4920 — Active Listening. Example activities: Use short, clear statements; allow extra response time; confirm understanding and adapt communication to ability.",NIC 4920 — Escuta ativa (English: Active Listening). Exemplos de atividades: Usar frases curtas e claras; oferecer tempo adicional para resposta; confirmar compreensão e adaptar comunicação à capacidade.,NOC 0902 — Communication. Example evaluation: Score ability to communicate needs and understand messages; example target 2/5 to 4/5.,NOC 0902 — Comunicação (English: Communication). Exemplo de avaliação: Pontuar capacidade de comunicar necessidades e compreender mensagens; exemplo de meta 2/5 para 4/5.
434,Risk for impaired verbal communication,Risco de comprometimento da comunicação verbal,"NIC 4920 — Active Listening. Example activities: Use short, clear statements; allow extra response time; confirm understanding and adapt communication to ability.",NIC 4920 — Escuta ativa (English: Active Listening). Exemplos de atividades: Usar frases curtas e claras; oferecer tempo adicional para resposta; confirmar compreensão e adaptar comunicação à capacidade.,NOC 0902 — Communication. Example evaluation: Score ability to communicate needs and understand messages; example target 2/5 to 4/5.,NOC 0902 — Comunicação (English: Communication). Exemplo de avaliação: Pontuar capacidade de comunicar necessidades e compreender mensagens; exemplo de meta 2/5 para 4/5.
368,Readiness for enhanced verbal communication,Prontidão para uma comunicação verbal aprimorada,"NIC 4920 — Active Listening. Example activities: Use short, clear statements; allow extra response time; confirm understanding and adapt communication to ability.",NIC 4920 — Escuta ativa (English: Active Listening). Exemplos de atividades: Usar frases curtas e claras; oferecer tempo adicional para resposta; confirmar compreensão e adaptar comunicação à capacidade.,NOC 0902 — Communication. Example evaluation: Score ability to communicate needs and understand messages; example target 2/5 to 4/5.,NOC 0902 — Comunicação (English: Communication). Exemplo de avaliação: Pontuar capacidade de comunicar necessidades e compreender mensagens; exemplo de meta 2/5 para 4/5.
167,Readiness for enhanced self-concept,Prontidão para um autoconceito aprimorado,NIC 5400 — Self-Esteem Enhancement. Example activities: Identify strengths; set achievable goals; provide specific positive feedback linked to observed effort and progress.,NIC 5400 — Aprimoramento da autoestima (English: Self-Esteem Enhancement). Exemplos de atividades: Identificar pontos fortes; estabelecer metas alcançáveis; oferecer feedback positivo específico ligado ao esforço e progresso.,NOC 1205 — Self-Esteem. Example evaluation: Rate self-worth and confidence in abilities; example target 2/5 to 4/5.,NOC 1205 — Autoestima (English: Self-Esteem). Exemplo de avaliação: Pontuar valor pessoal e confiança nas próprias capacidades; exemplo de meta 2/5 para 4/5.
494,Disrupted personal identity,Identidade pessoal perturbada,NIC 5510 — Health Education. Example activities: Assess learning needs; explain the condition and self-management plan in plain language; use teach-back.,NIC 5510 — Educação em saúde (English: Health Education). Exemplos de atividades: Avaliar necessidades de aprendizagem; explicar a condição e o plano de autogestão em linguagem simples; usar retorno demonstrativo.,"NOC 1803 — Knowledge: Disease Process. Example evaluation: Measure understanding using teach-back; example target: correctly explains the condition, warning signs, and when to seek help, from 2/5 to 4/5.","NOC 1803 — Conhecimento: processo da doença (English: Knowledge: Disease Process). Exemplo de avaliação: Medir compreensão por retorno demonstrativo; exemplo de meta: explicar corretamente condição, sinais de alerta e quando buscar ajuda, de 2/5 para 4/5."
495,Disrupted family identity syndrome,Síndrome de identidade familiar desestruturada,NIC 7140 — Family Support. Example activities: Assess family roles and needs; facilitate communication; include family in education and care planning with consent.,NIC 7140 — Apoio à família (English: Family Support). Exemplos de atividades: Avaliar papéis e necessidades familiares; facilitar comunicação; incluir família na educação e no planejamento com consentimento.,"NOC 2602 — Family Functioning. Example evaluation: Score communication, roles, and participation in care; example target 2/5 to 4/5.","NOC 2602 — Funcionamento familiar (English: Family Functioning). Exemplo de avaliação: Pontuar comunicação, papéis e participação no cuidado; exemplo de meta 2/5 para 4/5."
496,Risk for disrupted family identity syndrome,Risco de síndrome de identidade familiar desestruturada,NIC 7140 — Family Support. Example activities: Assess family roles and needs; facilitate communication; include family in education and care planning with consent.,NIC 7140 — Apoio à família (English: Family Support). Exemplos de atividades: Avaliar papéis e necessidades familiares; facilitar comunicação; incluir família na educação e no planejamento com consentimento.,"NOC 2602 — Family Functioning. Example evaluation: Score communication, roles, and participation in care; example target 2/5 to 4/5.","NOC 2602 — Funcionamento familiar (English: Family Functioning). Exemplo de avaliação: Pontuar comunicação, papéis e participação no cuidado; exemplo de meta 2/5 para 4/5."
488,Risk for compromised human dignity,Risco de violação da dignidade humana,NIC 5510 — Health Education. Example activities: Assess learning needs; explain the condition and self-management plan in plain language; use teach-back.,NIC 5510 — Educação em saúde (English: Health Education). Exemplos de atividades: Avaliar necessidades de aprendizagem; explicar a condição e o plano de autogestão em linguagem simples; usar retorno demonstrativo.,"NOC 1803 — Knowledge: Disease Process. Example evaluation: Measure understanding using teach-back; example target: correctly explains the condition, warning signs, and when to seek help, from 2/5 to 4/5.","NOC 1803 — Conhecimento: processo da doença (English: Knowledge: Disease Process). Exemplo de avaliação: Medir compreensão por retorno demonstrativo; exemplo de meta: explicar corretamente condição, sinais de alerta e quando buscar ajuda, de 2/5 para 4/5."
341,Readiness for enhanced transgender social identity,Prontidão para uma identidade social transgênero aprimorada,NIC 5510 — Health Education. Example activities: Assess learning needs; explain the condition and self-management plan in plain language; use teach-back.,NIC 5510 — Educação em saúde (English: Health Education). Exemplos de atividades: Avaliar necessidades de aprendizagem; explicar a condição e o plano de autogestão em linguagem simples; usar retorno demonstrativo.,"NOC 1803 — Knowledge: Disease Process. Example evaluation: Measure understanding using teach-back; example target: correctly explains the condition, warning signs, and when to seek help, from 2/5 to 4/5.","NOC 1803 — Conhecimento: processo da doença (English: Knowledge: Disease Process). Exemplo de avaliação: Medir compreensão por retorno demonstrativo; exemplo de meta: explicar corretamente condição, sinais de alerta e quando buscar ajuda, de 2/5 para 4/5."
483,Chronic inadequate self-esteem,Autoestima cronicamente inadequada,NIC 5400 — Self-Esteem Enhancement. Example activities: Identify strengths; set achievable goals; provide specific positive feedback linked to observed effort and progress.,NIC 5400 — Aprimoramento da autoestima (English: Self-Esteem Enhancement). Exemplos de atividades: Identificar pontos fortes; estabelecer metas alcançáveis; oferecer feedback positivo específico ligado ao esforço e progresso.,NOC 1205 — Self-Esteem. Example evaluation: Rate self-worth and confidence in abilities; example target 2/5 to 4/5.,NOC 1205 — Autoestima (English: Self-Esteem). Exemplo de avaliação: Pontuar valor pessoal e confiança nas próprias capacidades; exemplo de meta 2/5 para 4/5.
480,Risk for chronic inadequate self-esteem,Risco de baixa autoestima crônica,NIC 5400 — Self-Esteem Enhancement. Example activities: Identify strengths; set achievable goals; provide specific positive feedback linked to observed effort and progress.,NIC 5400 — Aprimoramento da autoestima (English: Self-Esteem Enhancement). Exemplos de atividades: Identificar pontos fortes; estabelecer metas alcançáveis; oferecer feedback positivo específico ligado ao esforço e progresso.,NOC 1205 — Self-Esteem. Example evaluation: Rate self-worth and confidence in abilities; example target 2/5 to 4/5.,NOC 1205 — Autoestima (English: Self-Esteem). Exemplo de avaliação: Pontuar valor pessoal e confiança nas próprias capacidades; exemplo de meta 2/5 para 4/5.
481,Situational inadequate self-esteem,Autoestima inadequada situacional,NIC 5400 — Self-Esteem Enhancement. Example activities: Identify strengths; set achievable goals; provide specific positive feedback linked to observed effort and progress.,NIC 5400 — Aprimoramento da autoestima (English: Self-Esteem Enhancement). Exemplos de atividades: Identificar pontos fortes; estabelecer metas alcançáveis; oferecer feedback positivo específico ligado ao esforço e progresso.,NOC 1205 — Self-Esteem. Example evaluation: Rate self-worth and confidence in abilities; example target 2/5 to 4/5.,NOC 1205 — Autoestima (English: Self-Esteem). Exemplo de avaliação: Pontuar valor pessoal e confiança nas próprias capacidades; exemplo de meta 2/5 para 4/5.
482,Risk for situational inadequate self-esteem,Risco de autoestima inadequada situacional,NIC 5400 — Self-Esteem Enhancement. Example activities: Identify strengths; set achievable goals; provide specific positive feedback linked to observed effort and progress.,NIC 5400 — Aprimoramento da autoestima (English: Self-Esteem Enhancement). Exemplos de atividades: Identificar pontos fortes; estabelecer metas alcançáveis; oferecer feedback positivo específico ligado ao esforço e progresso.,NOC 1205 — Self-Esteem. Example evaluation: Rate self-worth and confidence in abilities; example target 2/5 to 4/5.,NOC 1205 — Autoestima (English: Self-Esteem). Exemplo de avaliação: Pontuar valor pessoal e confiança nas próprias capacidades; exemplo de meta 2/5 para 4/5.
338,Inadequate health self-efficacy,Autoeficácia inadequada em saúde,NIC 5510 — Health Education. Example activities: Assess learning needs; explain the condition and self-management plan in plain language; use teach-back.,NIC 5510 — Educação em saúde (English: Health Education). Exemplos de atividades: Avaliar necessidades de aprendizagem; explicar a condição e o plano de autogestão em linguagem simples; usar retorno demonstrativo.,NOC 1601 — Compliance Behavior. Example evaluation: Evaluate completion of agreed health actions; example target: increases from 2/5 to 4/5 in following the agreed regimen.,NOC 1601 — Comportamento de adesão (English: Compliance Behavior). Exemplo de avaliação: Avaliar execução das ações de saúde pactuadas; exemplo de meta: aumentar de 2/5 para 4/5 na realização do regime acordado.
497,Disrupted body image,Imagem corporal distorcida,NIC 5220 — Body Image Enhancement. Example activities: Explore body-image concerns; support expression and realistic coping; reinforce function and identity beyond appearance.,NIC 5220 — Aprimoramento da imagem corporal (English: Body Image Enhancement). Exemplos de atividades: Explorar preocupações com imagem corporal; apoiar expressão e enfrentamento realista; reforçar função e identidade além da aparência.,NOC 1200 — Body Image. Example evaluation: Score acceptance/adaptation to body changes; example target 2/5 to 4/5.,NOC 1200 — Imagem corporal (English: Body Image). Exemplo de avaliação: Pontuar aceitação/adaptação às mudanças corporais; exemplo de meta 2/5 para 4/5.
436,Impaired parenting behaviors,Comportamentos parentais problemáticos,"NIC 8300 — Parenting Promotion. Example activities: Assess parenting strengths and stressors; model age-appropriate responses; reinforce safe, responsive caregiver behaviors.",NIC 8300 — Promoção da parentalidade (English: Parenting Promotion). Exemplos de atividades: Avaliar forças e estressores da parentalidade; modelar respostas adequadas à idade; reforçar comportamentos seguros e responsivos do cuidador.,NOC 2211 — Parent Performance: Child. Example evaluation: Score caregiving knowledge/behaviors appropriate to age; example target 2/5 to 4/5.,NOC 2211 — Desempenho da parentalidade (English: Parent Performance: Child). Exemplo de avaliação: Pontuar conhecimentos/comportamentos de cuidado adequados à idade; exemplo de meta 2/5 para 4/5.
437,Risk for impaired parenting behaviors,Risco de comportamentos parentais problemáticos,"NIC 8300 — Parenting Promotion. Example activities: Assess parenting strengths and stressors; model age-appropriate responses; reinforce safe, responsive caregiver behaviors.",NIC 8300 — Promoção da parentalidade (English: Parenting Promotion). Exemplos de atividades: Avaliar forças e estressores da parentalidade; modelar respostas adequadas à idade; reforçar comportamentos seguros e responsivos do cuidador.,NOC 2211 — Parent Performance: Child. Example evaluation: Score caregiving knowledge/behaviors appropriate to age; example target 2/5 to 4/5.,NOC 2211 — Desempenho da parentalidade (English: Parent Performance: Child). Exemplo de avaliação: Pontuar conhecimentos/comportamentos de cuidado adequados à idade; exemplo de meta 2/5 para 4/5.
438,Readiness for enhanced parenting behaviors,Prontidão para comportamentos parentais aprimorados,"NIC 8300 — Parenting Promotion. Example activities: Assess parenting strengths and stressors; model age-appropriate responses; reinforce safe, responsive caregiver behaviors.",NIC 8300 — Promoção da parentalidade (English: Parenting Promotion). Exemplos de atividades: Avaliar forças e estressores da parentalidade; modelar respostas adequadas à idade; reforçar comportamentos seguros e responsivos do cuidador.,NOC 2211 — Parent Performance: Child. Example evaluation: Score caregiving knowledge/behaviors appropriate to age; example target 2/5 to 4/5.,NOC 2211 — Desempenho da parentalidade (English: Parent Performance: Child). Exemplo de avaliação: Pontuar conhecimentos/comportamentos de cuidado adequados à idade; exemplo de meta 2/5 para 4/5.
387,Excessive parental role conflict,Conflito excessivo nos papéis parentais,"NIC 8300 — Parenting Promotion. Example activities: Assess parenting strengths and stressors; model age-appropriate responses; reinforce safe, responsive caregiver behaviors.",NIC 8300 — Promoção da parentalidade (English: Parenting Promotion). Exemplos de atividades: Avaliar forças e estressores da parentalidade; modelar respostas adequadas à idade; reforçar comportamentos seguros e responsivos do cuidador.,NOC 2211 — Parent Performance: Child. Example evaluation: Score caregiving knowledge/behaviors appropriate to age; example target 2/5 to 4/5.,NOC 2211 — Desempenho da parentalidade (English: Parent Performance: Child). Exemplo de avaliação: Pontuar conhecimentos/comportamentos de cuidado adequados à idade; exemplo de meta 2/5 para 4/5.
389,Disrupted family interaction patterns,Padrões de interação familiar perturbados,NIC 7140 — Family Support. Example activities: Assess family roles and needs; facilitate communication; include family in education and care planning with consent.,NIC 7140 — Apoio à família (English: Family Support). Exemplos de atividades: Avaliar papéis e necessidades familiares; facilitar comunicação; incluir família na educação e no planejamento com consentimento.,"NOC 2602 — Family Functioning. Example evaluation: Score communication, roles, and participation in care; example target 2/5 to 4/5.","NOC 2602 — Funcionamento familiar (English: Family Functioning). Exemplo de avaliação: Pontuar comunicação, papéis e participação no cuidado; exemplo de meta 2/5 para 4/5."
440,Risk for disrupted family interaction patterns,Risco de padrões de interação familiar interrompidos,NIC 7140 — Family Support. Example activities: Assess family roles and needs; facilitate communication; include family in education and care planning with consent.,NIC 7140 — Apoio à família (English: Family Support). Exemplos de atividades: Avaliar papéis e necessidades familiares; facilitar comunicação; incluir família na educação e no planejamento com consentimento.,"NOC 2602 — Family Functioning. Example evaluation: Score communication, roles, and participation in care; example target 2/5 to 4/5.","NOC 2602 — Funcionamento familiar (English: Family Functioning). Exemplo de avaliação: Pontuar comunicação, papéis e participação no cuidado; exemplo de meta 2/5 para 4/5."
388,Impaired family processes,Processos familiares prejudicados,NIC 7140 — Family Support. Example activities: Assess family roles and needs; facilitate communication; include family in education and care planning with consent.,NIC 7140 — Apoio à família (English: Family Support). Exemplos de atividades: Avaliar papéis e necessidades familiares; facilitar comunicação; incluir família na educação e no planejamento com consentimento.,"NOC 2602 — Family Functioning. Example evaluation: Score communication, roles, and participation in care; example target 2/5 to 4/5.","NOC 2602 — Funcionamento familiar (English: Family Functioning). Exemplo de avaliação: Pontuar comunicação, papéis e participação no cuidado; exemplo de meta 2/5 para 4/5."
159,Readiness for enhanced family processes,Preparação para processos familiares aprimorados,NIC 7140 — Family Support. Example activities: Assess family roles and needs; facilitate communication; include family in education and care planning with consent.,NIC 7140 — Apoio à família (English: Family Support). Exemplos de atividades: Avaliar papéis e necessidades familiares; facilitar comunicação; incluir família na educação e no planejamento com consentimento.,"NOC 2602 — Family Functioning. Example evaluation: Score communication, roles, and participation in care; example target 2/5 to 4/5.","NOC 2602 — Funcionamento familiar (English: Family Functioning). Exemplo de avaliação: Pontuar comunicação, papéis e participação no cuidado; exemplo de meta 2/5 para 4/5."
439,Risk for disrupted attachment behaviors,Risco de comportamentos de apego perturbado,NIC 5510 — Health Education. Example activities: Assess learning needs; explain the condition and self-management plan in plain language; use teach-back.,NIC 5510 — Educação em saúde (English: Health Education). Exemplos de atividades: Avaliar necessidades de aprendizagem; explicar a condição e o plano de autogestão em linguagem simples; usar retorno demonstrativo.,"NOC 1803 — Knowledge: Disease Process. Example evaluation: Measure understanding using teach-back; example target: correctly explains the condition, warning signs, and when to seek help, from 2/5 to 4/5.","NOC 1803 — Conhecimento: processo da doença (English: Knowledge: Disease Process). Exemplo de avaliação: Medir compreensão por retorno demonstrativo; exemplo de meta: explicar corretamente condição, sinais de alerta e quando buscar ajuda, de 2/5 para 4/5."
55,Ineffective role performance,Desempenho de função ineficaz,NIC 5510 — Health Education. Example activities: Assess learning needs; explain the condition and self-management plan in plain language; use teach-back.,NIC 5510 — Educação em saúde (English: Health Education). Exemplos de atividades: Avaliar necessidades de aprendizagem; explicar a condição e o plano de autogestão em linguagem simples; usar retorno demonstrativo.,"NOC 1803 — Knowledge: Disease Process. Example evaluation: Measure understanding using teach-back; example target: correctly explains the condition, warning signs, and when to seek help, from 2/5 to 4/5.","NOC 1803 — Conhecimento: processo da doença (English: Knowledge: Disease Process). Exemplo de avaliação: Medir compreensão por retorno demonstrativo; exemplo de meta: explicar corretamente condição, sinais de alerta e quando buscar ajuda, de 2/5 para 4/5."
449,Ineffective intimate relationship,Relacionamento íntimo ineficaz,NIC 6780 — Pregnancy Monitoring. Example activities: Assess relevant maternal/fetal findings; monitor warning signs; reinforce prenatal/postpartum guidance and referral thresholds.,NIC 6780 — Cuidados no processo reprodutivo (English: Pregnancy Monitoring). Exemplos de atividades: Avaliar achados maternos/fetais relevantes; monitorar sinais de alerta; reforçar orientações pré/pós-natais e critérios de encaminhamento.,NOC 2509 — Maternal-Fetal Status. Example evaluation: Trend relevant maternal/fetal indicators and warning signs; example target 2/5 to 4/5.,NOC 2509 — Estado reprodutivo (English: Maternal-Fetal Status). Exemplo de avaliação: Acompanhar indicadores maternos/fetais relevantes e sinais de alerta; exemplo de meta 2/5 para 4/5.
445,Risk for ineffective intimate partner relationship,Risco de relacionamento íntimo ineficaz,NIC 6780 — Pregnancy Monitoring. Example activities: Assess relevant maternal/fetal findings; monitor warning signs; reinforce prenatal/postpartum guidance and referral thresholds.,NIC 6780 — Cuidados no processo reprodutivo (English: Pregnancy Monitoring). Exemplos de atividades: Avaliar achados maternos/fetais relevantes; monitorar sinais de alerta; reforçar orientações pré/pós-natais e critérios de encaminhamento.,NOC 2509 — Maternal-Fetal Status. Example evaluation: Trend relevant maternal/fetal indicators and warning signs; example target 2/5 to 4/5.,NOC 2509 — Estado reprodutivo (English: Maternal-Fetal Status). Exemplo de avaliação: Acompanhar indicadores maternos/fetais relevantes e sinais de alerta; exemplo de meta 2/5 para 4/5.
446,Readiness for enhanced intimate partner relationship,Prontidão para um relacionamento íntimo mais profundo,NIC 6780 — Pregnancy Monitoring. Example activities: Assess relevant maternal/fetal findings; monitor warning signs; reinforce prenatal/postpartum guidance and referral thresholds.,NIC 6780 — Cuidados no processo reprodutivo (English: Pregnancy Monitoring). Exemplos de atividades: Avaliar achados maternos/fetais relevantes; monitorar sinais de alerta; reforçar orientações pré/pós-natais e critérios de encaminhamento.,NOC 2509 — Maternal-Fetal Status. Example evaluation: Trend relevant maternal/fetal indicators and warning signs; example target 2/5 to 4/5.,NOC 2509 — Estado reprodutivo (English: Maternal-Fetal Status). Exemplo de avaliação: Acompanhar indicadores maternos/fetais relevantes e sinais de alerta; exemplo de meta 2/5 para 4/5.
52,Impaired social interaction,Interação social prejudicada,NIC 5510 — Health Education. Example activities: Assess learning needs; explain the condition and self-management plan in plain language; use teach-back.,NIC 5510 — Educação em saúde (English: Health Education). Exemplos de atividades: Avaliar necessidades de aprendizagem; explicar a condição e o plano de autogestão em linguagem simples; usar retorno demonstrativo.,"NOC 1803 — Knowledge: Disease Process. Example evaluation: Measure understanding using teach-back; example target: correctly explains the condition, warning signs, and when to seek help, from 2/5 to 4/5.","NOC 1803 — Conhecimento: processo da doença (English: Knowledge: Disease Process). Exemplo de avaliação: Medir compreensão por retorno demonstrativo; exemplo de meta: explicar corretamente condição, sinais de alerta e quando buscar ajuda, de 2/5 para 4/5."
221,Ineffective childbearing process,Processo de gravidez ineficaz,NIC 6780 — Pregnancy Monitoring. Example activities: Assess relevant maternal/fetal findings; monitor warning signs; reinforce prenatal/postpartum guidance and referral thresholds.,NIC 6780 — Cuidados no processo reprodutivo (English: Pregnancy Monitoring). Exemplos de atividades: Avaliar achados maternos/fetais relevantes; monitorar sinais de alerta; reforçar orientações pré/pós-natais e critérios de encaminhamento.,NOC 2509 — Maternal-Fetal Status. Example evaluation: Trend relevant maternal/fetal indicators and warning signs; example target 2/5 to 4/5.,NOC 2509 — Estado reprodutivo (English: Maternal-Fetal Status). Exemplo de avaliação: Acompanhar indicadores maternos/fetais relevantes e sinais de alerta; exemplo de meta 2/5 para 4/5.
227,Risk for ineffective childbearing process,Risco de processo reprodutivo ineficaz,NIC 6780 — Pregnancy Monitoring. Example activities: Assess relevant maternal/fetal findings; monitor warning signs; reinforce prenatal/postpartum guidance and referral thresholds.,NIC 6780 — Cuidados no processo reprodutivo (English: Pregnancy Monitoring). Exemplos de atividades: Avaliar achados maternos/fetais relevantes; monitorar sinais de alerta; reforçar orientações pré/pós-natais e critérios de encaminhamento.,NOC 2509 — Maternal-Fetal Status. Example evaluation: Trend relevant maternal/fetal indicators and warning signs; example target 2/5 to 4/5.,NOC 2509 — Estado reprodutivo (English: Maternal-Fetal Status). Exemplo de avaliação: Acompanhar indicadores maternos/fetais relevantes e sinais de alerta; exemplo de meta 2/5 para 4/5.
208,Readiness for enhanced childbearing process,Preparação para um processo de gestação aprimorado,NIC 6780 — Pregnancy Monitoring. Example activities: Assess relevant maternal/fetal findings; monitor warning signs; reinforce prenatal/postpartum guidance and referral thresholds.,NIC 6780 — Cuidados no processo reprodutivo (English: Pregnancy Monitoring). Exemplos de atividades: Avaliar achados maternos/fetais relevantes; monitorar sinais de alerta; reforçar orientações pré/pós-natais e critérios de encaminhamento.,NOC 2509 — Maternal-Fetal Status. Example evaluation: Trend relevant maternal/fetal indicators and warning signs; example target 2/5 to 4/5.,NOC 2509 — Estado reprodutivo (English: Maternal-Fetal Status). Exemplo de avaliação: Acompanhar indicadores maternos/fetais relevantes e sinais de alerta; exemplo de meta 2/5 para 4/5.
386,Impaired sexual function,Disfunção sexual,"NIC 5248 — Sexual Counseling. Example activities: Provide a private, nonjudgmental assessment; identify concerns; give evidence-based information and discuss referral when needed.",NIC 5248 — Aconselhamento sexual (English: Sexual Counseling). Exemplos de atividades: Oferecer avaliação privada e sem julgamentos; identificar preocupações; fornecer informação baseada em evidências e discutir encaminhamento quando necessário.,NOC 0119 — Sexual Functioning. Example evaluation: Score the patient-identified sexual-function indicator; example target 2/5 to 4/5.,NOC 0119 — Funcionamento sexual (English: Sexual Functioning). Exemplo de avaliação: Pontuar o indicador de função sexual definido com a pessoa; exemplo de meta 2/5 para 4/5.
349,Risk for impaired maternal-fetal dyad,Risco de comprometimento da díade materno-fetal,NIC 6780 — Pregnancy Monitoring. Example activities: Assess relevant maternal/fetal findings; monitor warning signs; reinforce prenatal/postpartum guidance and referral thresholds.,NIC 6780 — Cuidados no processo reprodutivo (English: Pregnancy Monitoring). Exemplos de atividades: Avaliar achados maternos/fetais relevantes; monitorar sinais de alerta; reforçar orientações pré/pós-natais e critérios de encaminhamento.,NOC 2509 — Maternal-Fetal Status. Example evaluation: Trend relevant maternal/fetal indicators and warning signs; example target 2/5 to 4/5.,NOC 2509 — Estado reprodutivo (English: Maternal-Fetal Status). Exemplo de avaliação: Acompanhar indicadores maternos/fetais relevantes e sinais de alerta; exemplo de meta 2/5 para 4/5.
141,Post-trauma syndrome,Síndrome pós-traumática,NIC 5510 — Health Education. Example activities: Assess learning needs; explain the condition and self-management plan in plain language; use teach-back.,NIC 5510 — Educação em saúde (English: Health Education). Exemplos de atividades: Avaliar necessidades de aprendizagem; explicar a condição e o plano de autogestão em linguagem simples; usar retorno demonstrativo.,"NOC 1803 — Knowledge: Disease Process. Example evaluation: Measure understanding using teach-back; example target: correctly explains the condition, warning signs, and when to seek help, from 2/5 to 4/5.","NOC 1803 — Conhecimento: processo da doença (English: Knowledge: Disease Process). Exemplo de avaliação: Medir compreensão por retorno demonstrativo; exemplo de meta: explicar corretamente condição, sinais de alerta e quando buscar ajuda, de 2/5 para 4/5."
145,Risk for post-trauma syndrome,Risco de síndrome pós-traumática,NIC 5510 — Health Education. Example activities: Assess learning needs; explain the condition and self-management plan in plain language; use teach-back.,NIC 5510 — Educação em saúde (English: Health Education). Exemplos de atividades: Avaliar necessidades de aprendizagem; explicar a condição e o plano de autogestão em linguagem simples; usar retorno demonstrativo.,"NOC 1803 — Knowledge: Disease Process. Example evaluation: Measure understanding using teach-back; example target: correctly explains the condition, warning signs, and when to seek help, from 2/5 to 4/5.","NOC 1803 — Conhecimento: processo da doença (English: Knowledge: Disease Process). Exemplo de avaliação: Medir compreensão por retorno demonstrativo; exemplo de meta: explicar corretamente condição, sinais de alerta e quando buscar ajuda, de 2/5 para 4/5."
484,Risk for disrupted immigration transition,Risco de transição migratória interrompida,NIC 5510 — Health Education. Example activities: Assess learning needs; explain the condition and self-management plan in plain language; use teach-back.,NIC 5510 — Educação em saúde (English: Health Education). Exemplos de atividades: Avaliar necessidades de aprendizagem; explicar a condição e o plano de autogestão em linguagem simples; usar retorno demonstrativo.,"NOC 1803 — Knowledge: Disease Process. Example evaluation: Measure understanding using teach-back; example target: correctly explains the condition, warning signs, and when to seek help, from 2/5 to 4/5.","NOC 1803 — Conhecimento: processo da doença (English: Knowledge: Disease Process). Exemplo de avaliação: Medir compreensão por retorno demonstrativo; exemplo de meta: explicar corretamente condição, sinais de alerta e quando buscar ajuda, de 2/5 para 4/5."
405,Maladaptive coping,Enfrentamento desadaptativo,NIC 5230 — Coping Enhancement. Example activities: Identify existing coping strategies and supports; strengthen problem-solving; agree on one manageable next step.,NIC 5230 — Aprimoramento do enfrentamento (English: Coping Enhancement). Exemplos de atividades: Identificar estratégias e apoios existentes; fortalecer resolução de problemas; pactuar um próximo passo manejável.,NOC 1302 — Coping. Example evaluation: Score use of adaptive coping strategies; example target 2/5 to 4/5.,NOC 1302 — Enfrentamento (English: Coping). Exemplo de avaliação: Pontuar uso de estratégias adaptativas de enfrentamento; exemplo de meta 2/5 para 4/5.
158,Readiness for enhanced coping,Prontidão para um enfrentamento aprimorado,NIC 5230 — Coping Enhancement. Example activities: Identify existing coping strategies and supports; strengthen problem-solving; agree on one manageable next step.,NIC 5230 — Aprimoramento do enfrentamento (English: Coping Enhancement). Exemplos de atividades: Identificar estratégias e apoios existentes; fortalecer resolução de problemas; pactuar um próximo passo manejável.,NOC 1302 — Coping. Example evaluation: Score use of adaptive coping strategies; example target 2/5 to 4/5.,NOC 1302 — Enfrentamento (English: Coping). Exemplo de avaliação: Pontuar uso de estratégias adaptativas de enfrentamento; exemplo de meta 2/5 para 4/5.
373,Maladaptive family coping,Enfrentamento familiar desadaptativo,NIC 5230 — Coping Enhancement. Example activities: Identify existing coping strategies and supports; strengthen problem-solving; agree on one manageable next step.,NIC 5230 — Aprimoramento do enfrentamento (English: Coping Enhancement). Exemplos de atividades: Identificar estratégias e apoios existentes; fortalecer resolução de problemas; pactuar um próximo passo manejável.,NOC 1302 — Coping. Example evaluation: Score use of adaptive coping strategies; example target 2/5 to 4/5.,NOC 1302 — Enfrentamento (English: Coping). Exemplo de avaliação: Pontuar uso de estratégias adaptativas de enfrentamento; exemplo de meta 2/5 para 4/5.
75,Readiness for enhanced family coping,Prontidão para um melhor enfrentamento familiar,NIC 5230 — Coping Enhancement. Example activities: Identify existing coping strategies and supports; strengthen problem-solving; agree on one manageable next step.,NIC 5230 — Aprimoramento do enfrentamento (English: Coping Enhancement). Exemplos de atividades: Identificar estratégias e apoios existentes; fortalecer resolução de problemas; pactuar um próximo passo manejável.,NOC 1302 — Coping. Example evaluation: Score use of adaptive coping strategies; example target 2/5 to 4/5.,NOC 1302 — Enfrentamento (English: Coping). Exemplo de avaliação: Pontuar uso de estratégias adaptativas de enfrentamento; exemplo de meta 2/5 para 4/5.
456,Maladaptive community coping,Enfrentamento comunitário desadaptativo,NIC 5230 — Coping Enhancement. Example activities: Identify existing coping strategies and supports; strengthen problem-solving; agree on one manageable next step.,NIC 5230 — Aprimoramento do enfrentamento (English: Coping Enhancement). Exemplos de atividades: Identificar estratégias e apoios existentes; fortalecer resolução de problemas; pactuar um próximo passo manejável.,NOC 1302 — Coping. Example evaluation: Score use of adaptive coping strategies; example target 2/5 to 4/5.,NOC 1302 — Enfrentamento (English: Coping). Exemplo de avaliação: Pontuar uso de estratégias adaptativas de enfrentamento; exemplo de meta 2/5 para 4/5.
76,Readiness for enhanced community coping,Prontidão para uma melhor adaptação à comunidade,NIC 5230 — Coping Enhancement. Example activities: Identify existing coping strategies and supports; strengthen problem-solving; agree on one manageable next step.,NIC 5230 — Aprimoramento do enfrentamento (English: Coping Enhancement). Exemplos de atividades: Identificar estratégias e apoios existentes; fortalecer resolução de problemas; pactuar um próximo passo manejável.,NOC 1302 — Coping. Example evaluation: Score use of adaptive coping strategies; example target 2/5 to 4/5.,NOC 1302 — Enfrentamento (English: Coping). Exemplo de avaliação: Pontuar uso de estratégias adaptativas de enfrentamento; exemplo de meta 2/5 para 4/5.
366,Excessive caregiving burden,Sobrecarga excessiva de cuidados,NIC 5510 — Health Education. Example activities: Assess learning needs; explain the condition and self-management plan in plain language; use teach-back.,NIC 5510 — Educação em saúde (English: Health Education). Exemplos de atividades: Avaliar necessidades de aprendizagem; explicar a condição e o plano de autogestão em linguagem simples; usar retorno demonstrativo.,"NOC 1803 — Knowledge: Disease Process. Example evaluation: Measure understanding using teach-back; example target: correctly explains the condition, warning signs, and when to seek help, from 2/5 to 4/5.","NOC 1803 — Conhecimento: processo da doença (English: Knowledge: Disease Process). Exemplo de avaliação: Medir compreensão por retorno demonstrativo; exemplo de meta: explicar corretamente condição, sinais de alerta e quando buscar ajuda, de 2/5 para 4/5."
401,Risk for excessive caregiving burden,Risco de sobrecarga de cuidados,NIC 5510 — Health Education. Example activities: Assess learning needs; explain the condition and self-management plan in plain language; use teach-back.,NIC 5510 — Educação em saúde (English: Health Education). Exemplos de atividades: Avaliar necessidades de aprendizagem; explicar a condição e o plano de autogestão em linguagem simples; usar retorno demonstrativo.,"NOC 1803 — Knowledge: Disease Process. Example evaluation: Measure understanding using teach-back; example target: correctly explains the condition, warning signs, and when to seek help, from 2/5 to 4/5.","NOC 1803 — Conhecimento: processo da doença (English: Knowledge: Disease Process). Exemplo de avaliação: Medir compreensão por retorno demonstrativo; exemplo de meta: explicar corretamente condição, sinais de alerta e quando buscar ajuda, de 2/5 para 4/5."
301,Maladaptive grieving,Luto desadaptativo,NIC 5290 — Grief Work Facilitation. Example activities: Encourage expression of grief; validate the person's experience; assess support needs and connect appropriate resources.,NIC 5290 — Facilitação do processo de luto (English: Grief Work Facilitation). Exemplos de atividades: Estimular expressão do luto; validar a experiência; avaliar necessidade de apoio e conectar recursos apropriados.,"NOC 1304 — Resolution of Grief. Example evaluation: Document expression, acceptance, and adaptation indicators; example target 2/5 to 4/5.","NOC 1304 — Resolução do luto (English: Resolution of Grief). Exemplo de avaliação: Registrar indicadores de expressão, aceitação e adaptação; exemplo de meta 2/5 para 4/5."
302,Risk for maladaptive grieving,Risco de luto desadaptativo,NIC 5290 — Grief Work Facilitation. Example activities: Encourage expression of grief; validate the person's experience; assess support needs and connect appropriate resources.,NIC 5290 — Facilitação do processo de luto (English: Grief Work Facilitation). Exemplos de atividades: Estimular expressão do luto; validar a experiência; avaliar necessidade de apoio e conectar recursos apropriados.,"NOC 1304 — Resolution of Grief. Example evaluation: Document expression, acceptance, and adaptation indicators; example target 2/5 to 4/5.","NOC 1304 — Resolução do luto (English: Resolution of Grief). Exemplo de avaliação: Registrar indicadores de expressão, aceitação e adaptação; exemplo de meta 2/5 para 4/5."
285,Readiness for enhanced grieving,Preparação para um luto mais profundo,NIC 5290 — Grief Work Facilitation. Example activities: Encourage expression of grief; validate the person's experience; assess support needs and connect appropriate resources.,NIC 5290 — Facilitação do processo de luto (English: Grief Work Facilitation). Exemplos de atividades: Estimular expressão do luto; validar a experiência; avaliar necessidade de apoio e conectar recursos apropriados.,"NOC 1304 — Resolution of Grief. Example evaluation: Document expression, acceptance, and adaptation indicators; example target 2/5 to 4/5.","NOC 1304 — Resolução do luto (English: Resolution of Grief). Exemplo de avaliação: Registrar indicadores de expressão, aceitação e adaptação; exemplo de meta 2/5 para 4/5."
210,Impaired resilience,Resiliência prejudicada,NIC 5230 — Coping Enhancement. Example activities: Identify existing coping strategies and supports; strengthen problem-solving; agree on one manageable next step.,NIC 5230 — Aprimoramento do enfrentamento (English: Coping Enhancement). Exemplos de atividades: Identificar estratégias e apoios existentes; fortalecer resolução de problemas; pactuar um próximo passo manejável.,NOC 1302 — Coping. Example evaluation: Score use of adaptive coping strategies; example target 2/5 to 4/5.,NOC 1302 — Enfrentamento (English: Coping). Exemplo de avaliação: Pontuar uso de estratégias adaptativas de enfrentamento; exemplo de meta 2/5 para 4/5.
211,Risk for impaired resilience,Risco de resiliência prejudicada,NIC 5230 — Coping Enhancement. Example activities: Identify existing coping strategies and supports; strengthen problem-solving; agree on one manageable next step.,NIC 5230 — Aprimoramento do enfrentamento (English: Coping Enhancement). Exemplos de atividades: Identificar estratégias e apoios existentes; fortalecer resolução de problemas; pactuar um próximo passo manejável.,NOC 1302 — Coping. Example evaluation: Score use of adaptive coping strategies; example target 2/5 to 4/5.,NOC 1302 — Enfrentamento (English: Coping). Exemplo de avaliação: Pontuar uso de estratégias adaptativas de enfrentamento; exemplo de meta 2/5 para 4/5.
212,Readiness for enhanced resilience,Preparação para uma maior resiliência,NIC 5230 — Coping Enhancement. Example activities: Identify existing coping strategies and supports; strengthen problem-solving; agree on one manageable next step.,NIC 5230 — Aprimoramento do enfrentamento (English: Coping Enhancement). Exemplos de atividades: Identificar estratégias e apoios existentes; fortalecer resolução de problemas; pactuar um próximo passo manejável.,NOC 1302 — Coping. Example evaluation: Score use of adaptive coping strategies; example target 2/5 to 4/5.,NOC 1302 — Enfrentamento (English: Coping). Exemplo de avaliação: Pontuar uso de estratégias adaptativas de enfrentamento; exemplo de meta 2/5 para 4/5.
185,Readiness for enhanced hope,Prontidão para uma esperança maior,NIC 5310 — Hope Inspiration. Example activities: Identify meaningful short-term goals; highlight strengths and resources; review progress toward achievable goals.,NIC 5310 — Inspiração de esperança (English: Hope Inspiration). Exemplos de atividades: Identificar metas de curto prazo com significado; destacar forças e recursos; revisar progresso em metas alcançáveis.,"NOC 1201 — Hope. Example evaluation: Document realistic goals, future orientation, and perceived resources; example target 2/5 to 4/5.","NOC 1201 — Esperança (English: Hope). Exemplo de avaliação: Registrar metas realistas, orientação para o futuro e recursos percebidos; exemplo de meta 2/5 para 4/5."
325,Inadequate self-compassion,Autocompaixão inadequada,NIC 5510 — Health Education. Example activities: Assess learning needs; explain the condition and self-management plan in plain language; use teach-back.,NIC 5510 — Educação em saúde (English: Health Education). Exemplos de atividades: Avaliar necessidades de aprendizagem; explicar a condição e o plano de autogestão em linguagem simples; usar retorno demonstrativo.,"NOC 1803 — Knowledge: Disease Process. Example evaluation: Measure understanding using teach-back; example target: correctly explains the condition, warning signs, and when to seek help, from 2/5 to 4/5.","NOC 1803 — Conhecimento: processo da doença (English: Knowledge: Disease Process). Exemplo de avaliação: Medir compreensão por retorno demonstrativo; exemplo de meta: explicar corretamente condição, sinais de alerta e quando buscar ajuda, de 2/5 para 4/5."
400,Excessive anxiety,Ansiedade excessiva,NIC 5820 — Anxiety Reduction. Example activities: Use calm communication; identify triggers and concerns; teach breathing/relaxation strategies and provide clear information.,NIC 5820 — Redução da ansiedade (English: Anxiety Reduction). Exemplos de atividades: Usar comunicação calma; identificar gatilhos e preocupações; ensinar respiração/relaxamento e fornecer informações claras.,NOC 1211 — Anxiety Level. Example evaluation: Use a consistent rating and document associated behaviors/symptoms; example target: 4/5 to 2/5.,NOC 1211 — Nível de ansiedade (English: Anxiety Level). Exemplo de avaliação: Usar pontuação consistente e registrar comportamentos/sintomas associados; exemplo de meta: 4/5 para 2/5.
399,Excessive death anxiety,Ansiedade excessiva em relação à morte,NIC 5820 — Anxiety Reduction. Example activities: Use calm communication; identify triggers and concerns; teach breathing/relaxation strategies and provide clear information.,NIC 5820 — Redução da ansiedade (English: Anxiety Reduction). Exemplos de atividades: Usar comunicação calma; identificar gatilhos e preocupações; ensinar respiração/relaxamento e fornecer informações claras.,NOC 1211 — Anxiety Level. Example evaluation: Use a consistent rating and document associated behaviors/symptoms; example target: 4/5 to 2/5.,NOC 1211 — Nível de ansiedade (English: Anxiety Level). Exemplo de avaliação: Usar pontuação consistente e registrar comportamentos/sintomas associados; exemplo de meta: 4/5 para 2/5.
390,Excessive fear,Medo excessivo,NIC 5380 — Enhancing Coping. Example activities: Explore the feared outcome; provide accurate information; support coping strategies and gradual participation when appropriate.,NIC 5380 — Redução do medo (English: Enhancing Coping). Exemplos de atividades: Explorar o desfecho temido; fornecer informação correta; apoiar estratégias de enfrentamento e participação gradual quando apropriado.,NOC 1210 — Fear Level. Example evaluation: Rate intensity and functional impact; example target: 4/5 to 2/5.,NOC 1210 — Nível de medo (English: Fear Level). Exemplo de avaliação: Pontuar intensidade e impacto funcional; exemplo de meta: 4/5 para 2/5.
10,Risk for autonomic dysreflexia,Risco de disreflexia autonômica,NIC 5510 — Health Education. Example activities: Assess learning needs; explain the condition and self-management plan in plain language; use teach-back.,NIC 5510 — Educação em saúde (English: Health Education). Exemplos de atividades: Avaliar necessidades de aprendizagem; explicar a condição e o plano de autogestão em linguagem simples; usar retorno demonstrativo.,"NOC 1803 — Knowledge: Disease Process. Example evaluation: Measure understanding using teach-back; example target: correctly explains the condition, warning signs, and when to seek help, from 2/5 to 4/5.","NOC 1803 — Conhecimento: processo da doença (English: Knowledge: Disease Process). Exemplo de avaliação: Medir compreensão por retorno demonstrativo; exemplo de meta: explicar corretamente condição, sinais de alerta e quando buscar ajuda, de 2/5 para 4/5."
372,Ineffective emotion regulation,Regulação emocional ineficaz,NIC 5510 — Health Education. Example activities: Assess learning needs; explain the condition and self-management plan in plain language; use teach-back.,NIC 5510 — Educação em saúde (English: Health Education). Exemplos de atividades: Avaliar necessidades de aprendizagem; explicar a condição e o plano de autogestão em linguagem simples; usar retorno demonstrativo.,"NOC 1803 — Knowledge: Disease Process. Example evaluation: Measure understanding using teach-back; example target: correctly explains the condition, warning signs, and when to seek help, from 2/5 to 4/5.","NOC 1803 — Conhecimento: processo da doença (English: Knowledge: Disease Process). Exemplo de avaliação: Medir compreensão por retorno demonstrativo; exemplo de meta: explicar corretamente condição, sinais de alerta e quando buscar ajuda, de 2/5 para 4/5."
241,Impaired mood regulation,Regulação do humor prejudicada,NIC 5510 — Health Education. Example activities: Assess learning needs; explain the condition and self-management plan in plain language; use teach-back.,NIC 5510 — Educação em saúde (English: Health Education). Exemplos de atividades: Avaliar necessidades de aprendizagem; explicar a condição e o plano de autogestão em linguagem simples; usar retorno demonstrativo.,"NOC 1803 — Knowledge: Disease Process. Example evaluation: Measure understanding using teach-back; example target: correctly explains the condition, warning signs, and when to seek help, from 2/5 to 4/5.","NOC 1803 — Conhecimento: processo da doença (English: Knowledge: Disease Process). Exemplo de avaliação: Medir compreensão por retorno demonstrativo; exemplo de meta: explicar corretamente condição, sinais de alerta e quando buscar ajuda, de 2/5 para 4/5."
258,Acute substance withdrawal syndrome,Síndrome de abstinência aguda de substâncias,NIC 5510 — Health Education. Example activities: Assess learning needs; explain the condition and self-management plan in plain language; use teach-back.,NIC 5510 — Educação em saúde (English: Health Education). Exemplos de atividades: Avaliar necessidades de aprendizagem; explicar a condição e o plano de autogestão em linguagem simples; usar retorno demonstrativo.,"NOC 1803 — Knowledge: Disease Process. Example evaluation: Measure understanding using teach-back; example target: correctly explains the condition, warning signs, and when to seek help, from 2/5 to 4/5.","NOC 1803 — Conhecimento: processo da doença (English: Knowledge: Disease Process). Exemplo de avaliação: Medir compreensão por retorno demonstrativo; exemplo de meta: explicar corretamente condição, sinais de alerta e quando buscar ajuda, de 2/5 para 4/5."
259,Risk for acute substance withdrawal syndrome,Risco de síndrome de abstinência aguda de substâncias,NIC 5510 — Health Education. Example activities: Assess learning needs; explain the condition and self-management plan in plain language; use teach-back.,NIC 5510 — Educação em saúde (English: Health Education). Exemplos de atividades: Avaliar necessidades de aprendizagem; explicar a condição e o plano de autogestão em linguagem simples; usar retorno demonstrativo.,"NOC 1803 — Knowledge: Disease Process. Example evaluation: Measure understanding using teach-back; example target: correctly explains the condition, warning signs, and when to seek help, from 2/5 to 4/5.","NOC 1803 — Conhecimento: processo da doença (English: Knowledge: Disease Process). Exemplo de avaliação: Medir compreensão por retorno demonstrativo; exemplo de meta: explicar corretamente condição, sinais de alerta e quando buscar ajuda, de 2/5 para 4/5."
175,Moral distress,Angústia moral,NIC 5420 — Spiritual Support. Example activities: Ask about spiritual preferences and sources of meaning; facilitate desired practices; respect beliefs and boundaries.,NIC 5420 — Apoio espiritual (English: Spiritual Support). Exemplos de atividades: Perguntar sobre preferências espirituais e fontes de significado; facilitar práticas desejadas; respeitar crenças e limites.,"NOC 2001 — Spiritual Health. Example evaluation: Score connection to meaning, values, or desired spiritual practices; example target 2/5 to 4/5.","NOC 2001 — Saúde espiritual (English: Spiritual Health). Exemplo de avaliação: Pontuar conexão com significado, valores ou práticas espirituais desejadas; exemplo de meta 2/5 para 4/5."
454,Impaired spiritual well-being,Bem-estar espiritual prejudicado,NIC 5420 — Spiritual Support. Example activities: Ask about spiritual preferences and sources of meaning; facilitate desired practices; respect beliefs and boundaries.,NIC 5420 — Apoio espiritual (English: Spiritual Support). Exemplos de atividades: Perguntar sobre preferências espirituais e fontes de significado; facilitar práticas desejadas; respeitar crenças e limites.,"NOC 2001 — Spiritual Health. Example evaluation: Score connection to meaning, values, or desired spiritual practices; example target 2/5 to 4/5.","NOC 2001 — Saúde espiritual (English: Spiritual Health). Exemplo de avaliação: Pontuar conexão com significado, valores ou práticas espirituais desejadas; exemplo de meta 2/5 para 4/5."
460,Risk for impaired spiritual well-being,Risco de comprometimento do bem-estar espiritual,NIC 5420 — Spiritual Support. Example activities: Ask about spiritual preferences and sources of meaning; facilitate desired practices; respect beliefs and boundaries.,NIC 5420 — Apoio espiritual (English: Spiritual Support). Exemplos de atividades: Perguntar sobre preferências espirituais e fontes de significado; facilitar práticas desejadas; respeitar crenças e limites.,"NOC 2001 — Spiritual Health. Example evaluation: Score connection to meaning, values, or desired spiritual practices; example target 2/5 to 4/5.","NOC 2001 — Saúde espiritual (English: Spiritual Health). Exemplo de avaliação: Pontuar conexão com significado, valores ou práticas espirituais desejadas; exemplo de meta 2/5 para 4/5."
68,Readiness for enhanced spiritual well-being,Prontidão para um maior bem-estar espiritual,NIC 5420 — Spiritual Support. Example activities: Ask about spiritual preferences and sources of meaning; facilitate desired practices; respect beliefs and boundaries.,NIC 5420 — Apoio espiritual (English: Spiritual Support). Exemplos de atividades: Perguntar sobre preferências espirituais e fontes de significado; facilitar práticas desejadas; respeitar crenças e limites.,"NOC 2001 — Spiritual Health. Example evaluation: Score connection to meaning, values, or desired spiritual practices; example target 2/5 to 4/5.","NOC 2001 — Saúde espiritual (English: Spiritual Health). Exemplo de avaliação: Pontuar conexão com significado, valores ou práticas espirituais desejadas; exemplo de meta 2/5 para 4/5."
169,Impaired religiosity,Religiosidade prejudicada,NIC 5420 — Spiritual Support. Example activities: Ask about spiritual preferences and sources of meaning; facilitate desired practices; respect beliefs and boundaries.,NIC 5420 — Apoio espiritual (English: Spiritual Support). Exemplos de atividades: Perguntar sobre preferências espirituais e fontes de significado; facilitar práticas desejadas; respeitar crenças e limites.,"NOC 2001 — Spiritual Health. Example evaluation: Score connection to meaning, values, or desired spiritual practices; example target 2/5 to 4/5.","NOC 2001 — Saúde espiritual (English: Spiritual Health). Exemplo de avaliação: Pontuar conexão com significado, valores ou práticas espirituais desejadas; exemplo de meta 2/5 para 4/5."
170,Risk for impaired religiosity,Risco de religiosidade prejudicada,NIC 5420 — Spiritual Support. Example activities: Ask about spiritual preferences and sources of meaning; facilitate desired practices; respect beliefs and boundaries.,NIC 5420 — Apoio espiritual (English: Spiritual Support). Exemplos de atividades: Perguntar sobre preferências espirituais e fontes de significado; facilitar práticas desejadas; respeitar crenças e limites.,"NOC 2001 — Spiritual Health. Example evaluation: Score connection to meaning, values, or desired spiritual practices; example target 2/5 to 4/5.","NOC 2001 — Saúde espiritual (English: Spiritual Health). Exemplo de avaliação: Pontuar conexão com significado, valores ou práticas espirituais desejadas; exemplo de meta 2/5 para 4/5."
171,Readiness for enhanced religiosity,Prontidão para uma religiosidade reforçada,NIC 5420 — Spiritual Support. Example activities: Ask about spiritual preferences and sources of meaning; facilitate desired practices; respect beliefs and boundaries.,NIC 5420 — Apoio espiritual (English: Spiritual Support). Exemplos de atividades: Perguntar sobre preferências espirituais e fontes de significado; facilitar práticas desejadas; respeitar crenças e limites.,"NOC 2001 — Spiritual Health. Example evaluation: Score connection to meaning, values, or desired spiritual practices; example target 2/5 to 4/5.","NOC 2001 — Saúde espiritual (English: Spiritual Health). Exemplo de avaliação: Pontuar conexão com significado, valores ou práticas espirituais desejadas; exemplo de meta 2/5 para 4/5."
361,Impaired immune response,Resposta imune prejudicada,NIC 6540 — Infection Control. Example activities: Perform hand hygiene; use appropriate PPE; apply aseptic technique and monitor for signs of infection.,NIC 6540 — Controle de infecção (English: Infection Control). Exemplos de atividades: Realizar higiene das mãos; usar EPI adequado; aplicar técnica asséptica e monitorar sinais de infecção.,NOC 0702 — Immune Status. Example evaluation: Trend relevant infection/immune indicators; example target 2/5 to 4/5 or maintenance at baseline when stable.,NOC 0702 — Estado imunológico (English: Immune Status). Exemplo de avaliação: Acompanhar indicadores imunológicos/infecciosos pertinentes; exemplo de meta 2/5 para 4/5 ou manutenção do basal quando estável.
4,Risk for infection,Risco de infecção,NIC 6540 — Infection Control. Example activities: Perform hand hygiene; use appropriate PPE; apply aseptic technique and monitor for signs of infection.,NIC 6540 — Controle de infecção (English: Infection Control). Exemplos de atividades: Realizar higiene das mãos; usar EPI adequado; aplicar técnica asséptica e monitorar sinais de infecção.,NOC 1902 — Risk Control. Example evaluation: Score recognition and reduction of infection risks; example target 2/5 to 4/5.,NOC 1902 — Controle de risco: infecção (English: Risk Control). Exemplo de avaliação: Pontuar reconhecimento e redução de riscos infecciosos; exemplo de meta 2/5 para 4/5.
500,Risk for surgical wound infection,Risco de infecção da ferida cirúrgica,"NIC 3660 — Wound Care. Example activities: Assess wound characteristics; perform ordered care with aseptic technique; document appearance, drainage, and response.","NIC 3660 — Cuidados com feridas (English: Wound Care). Exemplos de atividades: Avaliar características da ferida; realizar cuidados prescritos com técnica asséptica; registrar aspecto, exsudato e resposta.","NOC 1103 — Wound Healing: Secondary Intention. Example evaluation: Trend size, tissue characteristics, drainage and healing progression; example target 2/5 to 4/5.","NOC 1103 — Cicatrização de ferida (English: Wound Healing: Secondary Intention). Exemplo de avaliação: Acompanhar tamanho, características teciduais, exsudato e progressão da cicatrização; exemplo de meta 2/5 para 4/5."
336,Risk for physical injury,Risco de lesão física,NIC 5510 — Health Education. Example activities: Assess learning needs; explain the condition and self-management plan in plain language; use teach-back.,NIC 5510 — Educação em saúde (English: Health Education). Exemplos de atividades: Avaliar necessidades de aprendizagem; explicar a condição e o plano de autogestão em linguagem simples; usar retorno demonstrativo.,"NOC 1803 — Knowledge: Disease Process. Example evaluation: Measure understanding using teach-back; example target: correctly explains the condition, warning signs, and when to seek help, from 2/5 to 4/5.","NOC 1803 — Conhecimento: processo da doença (English: Knowledge: Disease Process). Exemplo de avaliação: Medir compreensão por retorno demonstrativo; exemplo de meta: explicar corretamente condição, sinais de alerta e quando buscar ajuda, de 2/5 para 4/5."
350,Risk for burn injury,Risco de queimaduras,NIC 5510 — Health Education. Example activities: Assess learning needs; explain the condition and self-management plan in plain language; use teach-back.,NIC 5510 — Educação em saúde (English: Health Education). Exemplos de atividades: Avaliar necessidades de aprendizagem; explicar a condição e o plano de autogestão em linguagem simples; usar retorno demonstrativo.,"NOC 1803 — Knowledge: Disease Process. Example evaluation: Measure understanding using teach-back; example target: correctly explains the condition, warning signs, and when to seek help, from 2/5 to 4/5.","NOC 1803 — Conhecimento: processo da doença (English: Knowledge: Disease Process). Exemplo de avaliação: Medir compreensão por retorno demonstrativo; exemplo de meta: explicar corretamente condição, sinais de alerta e quando buscar ajuda, de 2/5 para 4/5."
351,Risk for cold injury,Risco de lesão por frio,NIC 5510 — Health Education. Example activities: Assess learning needs; explain the condition and self-management plan in plain language; use teach-back.,NIC 5510 — Educação em saúde (English: Health Education). Exemplos de atividades: Avaliar necessidades de aprendizagem; explicar a condição e o plano de autogestão em linguagem simples; usar retorno demonstrativo.,"NOC 1803 — Knowledge: Disease Process. Example evaluation: Measure understanding using teach-back; example target: correctly explains the condition, warning signs, and when to seek help, from 2/5 to 4/5.","NOC 1803 — Conhecimento: processo da doença (English: Knowledge: Disease Process). Exemplo de avaliação: Medir compreensão por retorno demonstrativo; exemplo de meta: explicar corretamente condição, sinais de alerta e quando buscar ajuda, de 2/5 para 4/5."
245,Risk for corneal injury,Risco de lesão na córnea,NIC 5510 — Health Education. Example activities: Assess learning needs; explain the condition and self-management plan in plain language; use teach-back.,NIC 5510 — Educação em saúde (English: Health Education). Exemplos de atividades: Avaliar necessidades de aprendizagem; explicar a condição e o plano de autogestão em linguagem simples; usar retorno demonstrativo.,"NOC 1803 — Knowledge: Disease Process. Example evaluation: Measure understanding using teach-back; example target: correctly explains the condition, warning signs, and when to seek help, from 2/5 to 4/5.","NOC 1803 — Conhecimento: processo da doença (English: Knowledge: Disease Process). Exemplo de avaliação: Medir compreensão por retorno demonstrativo; exemplo de meta: explicar corretamente condição, sinais de alerta e quando buscar ajuda, de 2/5 para 4/5."
219,Risk for dry eye,Risco de olho seco,NIC 5510 — Health Education. Example activities: Assess learning needs; explain the condition and self-management plan in plain language; use teach-back.,NIC 5510 — Educação em saúde (English: Health Education). Exemplos de atividades: Avaliar necessidades de aprendizagem; explicar a condição e o plano de autogestão em linguagem simples; usar retorno demonstrativo.,"NOC 1803 — Knowledge: Disease Process. Example evaluation: Measure understanding using teach-back; example target: correctly explains the condition, warning signs, and when to seek help, from 2/5 to 4/5.","NOC 1803 — Conhecimento: processo da doença (English: Knowledge: Disease Process). Exemplo de avaliação: Medir compreensão por retorno demonstrativo; exemplo de meta: explicar corretamente condição, sinais de alerta e quando buscar ajuda, de 2/5 para 4/5."
87,Risk for perioperative positioning injury,Risco de lesão por posicionamento perioperatório,NIC 5510 — Health Education. Example activities: Assess learning needs; explain the condition and self-management plan in plain language; use teach-back.,NIC 5510 — Educação em saúde (English: Health Education). Exemplos de atividades: Avaliar necessidades de aprendizagem; explicar a condição e o plano de autogestão em linguagem simples; usar retorno demonstrativo.,"NOC 1803 — Knowledge: Disease Process. Example evaluation: Measure understanding using teach-back; example target: correctly explains the condition, warning signs, and when to seek help, from 2/5 to 4/5.","NOC 1803 — Conhecimento: processo da doença (English: Knowledge: Disease Process). Exemplo de avaliação: Medir compreensão por retorno demonstrativo; exemplo de meta: explicar corretamente condição, sinais de alerta e quando buscar ajuda, de 2/5 para 4/5."
287,Neonatal pressure injury,Lesão por pressão neonatal,"NIC 6824 — Infant Care: Newborn. Example activities: Assess feeding, temperature, elimination, behavior, and caregiver needs; cluster care appropriately; support developmentally appropriate handling.","NIC 6824 — Cuidados com o lactente/recém-nascido (English: Infant Care: Newborn). Exemplos de atividades: Avaliar alimentação, temperatura, eliminação, comportamento e necessidades do cuidador; agrupar cuidados adequadamente; apoiar manejo compatível com o desenvolvimento.",NOC 0802 — Vital Signs. Example evaluation: Document physiologic tolerance plus developmentally appropriate responses; example target 2/5 to 4/5.,NOC 0802 — Organização neurodesenvolvimental do lactente (English: Vital Signs). Exemplo de avaliação: Registrar tolerância fisiológica e respostas adequadas ao desenvolvimento; exemplo de meta 2/5 para 4/5.
288,Risk for neonatal pressure injury,Risco de lesão por pressão neonatal,"NIC 6824 — Infant Care: Newborn. Example activities: Assess feeding, temperature, elimination, behavior, and caregiver needs; cluster care appropriately; support developmentally appropriate handling.","NIC 6824 — Cuidados com o lactente/recém-nascido (English: Infant Care: Newborn). Exemplos de atividades: Avaliar alimentação, temperatura, eliminação, comportamento e necessidades do cuidador; agrupar cuidados adequadamente; apoiar manejo compatível com o desenvolvimento.",NOC 0802 — Vital Signs. Example evaluation: Document physiologic tolerance plus developmentally appropriate responses; example target 2/5 to 4/5.,NOC 0802 — Organização neurodesenvolvimental do lactente (English: Vital Signs). Exemplo de avaliação: Registrar tolerância fisiológica e respostas adequadas ao desenvolvimento; exemplo de meta 2/5 para 4/5.
313,Child pressure injury,Lesão por pressão infantil,"NIC 6824 — Infant Care: Newborn. Example activities: Assess feeding, temperature, elimination, behavior, and caregiver needs; cluster care appropriately; support developmentally appropriate handling.","NIC 6824 — Cuidados com o lactente/recém-nascido (English: Infant Care: Newborn). Exemplos de atividades: Avaliar alimentação, temperatura, eliminação, comportamento e necessidades do cuidador; agrupar cuidados adequadamente; apoiar manejo compatível com o desenvolvimento.",NOC 0802 — Vital Signs. Example evaluation: Document physiologic tolerance plus developmentally appropriate responses; example target 2/5 to 4/5.,NOC 0802 — Organização neurodesenvolvimental do lactente (English: Vital Signs). Exemplo de avaliação: Registrar tolerância fisiológica e respostas adequadas ao desenvolvimento; exemplo de meta 2/5 para 4/5.
286,Risk for child pressure injury,Risco de lesão por pressão em crianças,NIC 5510 — Health Education. Example activities: Assess learning needs; explain the condition and self-management plan in plain language; use teach-back.,NIC 5510 — Educação em saúde (English: Health Education). Exemplos de atividades: Avaliar necessidades de aprendizagem; explicar a condição e o plano de autogestão em linguagem simples; usar retorno demonstrativo.,"NOC 1803 — Knowledge: Disease Process. Example evaluation: Measure understanding using teach-back; example target: correctly explains the condition, warning signs, and when to seek help, from 2/5 to 4/5.","NOC 1803 — Conhecimento: processo da doença (English: Knowledge: Disease Process). Exemplo de avaliação: Medir compreensão por retorno demonstrativo; exemplo de meta: explicar corretamente condição, sinais de alerta e quando buscar ajuda, de 2/5 para 4/5."
312,Adult pressure injury,Lesão por pressão em adultos,NIC 5510 — Health Education. Example activities: Assess learning needs; explain the condition and self-management plan in plain language; use teach-back.,NIC 5510 — Educação em saúde (English: Health Education). Exemplos de atividades: Avaliar necessidades de aprendizagem; explicar a condição e o plano de autogestão em linguagem simples; usar retorno demonstrativo.,"NOC 1803 — Knowledge: Disease Process. Example evaluation: Measure understanding using teach-back; example target: correctly explains the condition, warning signs, and when to seek help, from 2/5 to 4/5.","NOC 1803 — Conhecimento: processo da doença (English: Knowledge: Disease Process). Exemplo de avaliação: Medir compreensão por retorno demonstrativo; exemplo de meta: explicar corretamente condição, sinais de alerta e quando buscar ajuda, de 2/5 para 4/5."
304,Risk for adult pressure injury,Risco de lesão por pressão em adultos,NIC 5510 — Health Education. Example activities: Assess learning needs; explain the condition and self-management plan in plain language; use teach-back.,NIC 5510 — Educação em saúde (English: Health Education). Exemplos de atividades: Avaliar necessidades de aprendizagem; explicar a condição e o plano de autogestão em linguagem simples; usar retorno demonstrativo.,"NOC 1803 — Knowledge: Disease Process. Example evaluation: Measure understanding using teach-back; example target: correctly explains the condition, warning signs, and when to seek help, from 2/5 to 4/5.","NOC 1803 — Conhecimento: processo da doença (English: Knowledge: Disease Process). Exemplo de avaliação: Medir compreensão por retorno demonstrativo; exemplo de meta: explicar corretamente condição, sinais de alerta e quando buscar ajuda, de 2/5 para 4/5."
250,Risk for urinary tract injury,Risco de lesão do trato urinário,"NIC 0590 — Urinary Elimination Management. Example activities: Assess voiding pattern; provide privacy and adequate positioning; monitor frequency, volume, and symptoms.","NIC 0590 — Controle da eliminação urinária (English: Urinary Elimination Management). Exemplos de atividades: Avaliar padrão miccional; oferecer privacidade e posicionamento adequado; monitorar frequência, volume e sintomas.","NOC 0503 — Urinary Elimination. Example evaluation: Record frequency, volume, urgency, continence and discomfort; example target: selected indicators improve from 2/5 to 4/5.","NOC 0503 — Eliminação urinária (English: Urinary Elimination). Exemplo de avaliação: Registrar frequência, volume, urgência, continência e desconforto; exemplo de meta: indicadores selecionados de 2/5 para 4/5."
44,Impaired tissue integrity,Integridade tecidual comprometida,NIC 3590 — Skin Surveillance. Example activities: Inspect skin regularly; identify pressure/friction risks; document findings and implement protective measures.,NIC 3590 — Vigilância da pele (English: Skin Surveillance). Exemplos de atividades: Inspecionar a pele regularmente; identificar riscos de pressão/atrito; registrar achados e implementar medidas protetoras.,NOC 1101 — Tissue Integrity: Skin and Mucous Membranes. Example evaluation: Trend skin integrity indicators; example target: no progression and improvement from 2/5 to 4/5.,NOC 1101 — Integridade tissular: pele e membranas mucosas (English: Tissue Integrity: Skin and Mucous Membranes). Exemplo de avaliação: Acompanhar integridade da pele; exemplo de meta: ausência de progressão e melhora de 2/5 para 4/5.
248,Risk for impaired tissue integrity,Risco de integridade tecidual comprometida,NIC 3590 — Skin Surveillance. Example activities: Inspect skin regularly; identify pressure/friction risks; document findings and implement protective measures.,NIC 3590 — Vigilância da pele (English: Skin Surveillance). Exemplos de atividades: Inspecionar a pele regularmente; identificar riscos de pressão/atrito; registrar achados e implementar medidas protetoras.,NOC 1101 — Tissue Integrity: Skin and Mucous Membranes. Example evaluation: Trend skin integrity indicators; example target: no progression and improvement from 2/5 to 4/5.,NOC 1101 — Integridade tissular: pele e membranas mucosas (English: Tissue Integrity: Skin and Mucous Membranes). Exemplo de avaliação: Acompanhar integridade da pele; exemplo de meta: ausência de progressão e melhora de 2/5 para 4/5.
46,Impaired skin integrity,Integridade da pele comprometida,NIC 3590 — Skin Surveillance. Example activities: Inspect skin regularly; identify pressure/friction risks; document findings and implement protective measures.,NIC 3590 — Vigilância da pele (English: Skin Surveillance). Exemplos de atividades: Inspecionar a pele regularmente; identificar riscos de pressão/atrito; registrar achados e implementar medidas protetoras.,NOC 1101 — Tissue Integrity: Skin and Mucous Membranes. Example evaluation: Trend skin integrity indicators; example target: no progression and improvement from 2/5 to 4/5.,NOC 1101 — Integridade tissular: pele e membranas mucosas (English: Tissue Integrity: Skin and Mucous Membranes). Exemplo de avaliação: Acompanhar integridade da pele; exemplo de meta: ausência de progressão e melhora de 2/5 para 4/5.
47,Risk for impaired skin integrity,Risco de integridade da pele comprometida,NIC 3590 — Skin Surveillance. Example activities: Inspect skin regularly; identify pressure/friction risks; document findings and implement protective measures.,NIC 3590 — Vigilância da pele (English: Skin Surveillance). Exemplos de atividades: Inspecionar a pele regularmente; identificar riscos de pressão/atrito; registrar achados e implementar medidas protetoras.,NOC 1101 — Tissue Integrity: Skin and Mucous Membranes. Example evaluation: Trend skin integrity indicators; example target: no progression and improvement from 2/5 to 4/5.,NOC 1101 — Integridade tissular: pele e membranas mucosas (English: Tissue Integrity: Skin and Mucous Membranes). Exemplo de avaliação: Acompanhar integridade da pele; exemplo de meta: ausência de progressão e melhora de 2/5 para 4/5.
461,Impaired nipple-areolar complex integrity,Integridade comprometida do complexo aréolo-mamilar,NIC 5510 — Health Education. Example activities: Assess learning needs; explain the condition and self-management plan in plain language; use teach-back.,NIC 5510 — Educação em saúde (English: Health Education). Exemplos de atividades: Avaliar necessidades de aprendizagem; explicar a condição e o plano de autogestão em linguagem simples; usar retorno demonstrativo.,"NOC 1803 — Knowledge: Disease Process. Example evaluation: Measure understanding using teach-back; example target: correctly explains the condition, warning signs, and when to seek help, from 2/5 to 4/5.","NOC 1803 — Conhecimento: processo da doença (English: Knowledge: Disease Process). Exemplo de avaliação: Medir compreensão por retorno demonstrativo; exemplo de meta: explicar corretamente condição, sinais de alerta e quando buscar ajuda, de 2/5 para 4/5."
462,Risk for impaired nipple-areolar complex integrity,Risco de comprometimento da integridade do complexo aréolo-mamilar,NIC 5510 — Health Education. Example activities: Assess learning needs; explain the condition and self-management plan in plain language; use teach-back.,NIC 5510 — Educação em saúde (English: Health Education). Exemplos de atividades: Avaliar necessidades de aprendizagem; explicar a condição e o plano de autogestão em linguagem simples; usar retorno demonstrativo.,"NOC 1803 — Knowledge: Disease Process. Example evaluation: Measure understanding using teach-back; example target: correctly explains the condition, warning signs, and when to seek help, from 2/5 to 4/5.","NOC 1803 — Conhecimento: processo da doença (English: Knowledge: Disease Process). Exemplo de avaliação: Medir compreensão por retorno demonstrativo; exemplo de meta: explicar corretamente condição, sinais de alerta e quando buscar ajuda, de 2/5 para 4/5."
45,Impaired oral mucous membrane integrity,Integridade da membrana mucosa oral comprometida,NIC 3590 — Skin Surveillance. Example activities: Inspect skin regularly; identify pressure/friction risks; document findings and implement protective measures.,NIC 3590 — Vigilância da pele (English: Skin Surveillance). Exemplos de atividades: Inspecionar a pele regularmente; identificar riscos de pressão/atrito; registrar achados e implementar medidas protetoras.,NOC 1101 — Tissue Integrity: Skin and Mucous Membranes. Example evaluation: Trend skin integrity indicators; example target: no progression and improvement from 2/5 to 4/5.,NOC 1101 — Integridade tissular: pele e membranas mucosas (English: Tissue Integrity: Skin and Mucous Membranes). Exemplo de avaliação: Acompanhar integridade da pele; exemplo de meta: ausência de progressão e melhora de 2/5 para 4/5.
247,Risk for impaired oral mucous membrane integrity,Risco de comprometimento da integridade da mucosa oral,NIC 3590 — Skin Surveillance. Example activities: Inspect skin regularly; identify pressure/friction risks; document findings and implement protective measures.,NIC 3590 — Vigilância da pele (English: Skin Surveillance). Exemplos de atividades: Inspecionar a pele regularmente; identificar riscos de pressão/atrito; registrar achados e implementar medidas protetoras.,NOC 1101 — Tissue Integrity: Skin and Mucous Membranes. Example evaluation: Trend skin integrity indicators; example target: no progression and improvement from 2/5 to 4/5.,NOC 1101 — Integridade tissular: pele e membranas mucosas (English: Tissue Integrity: Skin and Mucous Membranes). Exemplo de avaliação: Acompanhar integridade da pele; exemplo de meta: ausência de progressão e melhora de 2/5 para 4/5.
306,Risk for child falls,Risco de quedas em crianças,NIC 6490 — Fall Prevention. Example activities: Assess fall risk; keep the environment uncluttered and call device accessible; assist transfers and ambulation as needed.,NIC 6490 — Prevenção de quedas (English: Fall Prevention). Exemplos de atividades: Avaliar risco de queda; manter ambiente desobstruído e dispositivo de chamada acessível; auxiliar transferências e deambulação conforme necessário.,NOC 1909 — Fall Prevention Behavior. Example evaluation: Score safe behaviors such as asking for help and using assistive devices; example target 2/5 to 4/5.,"NOC 1909 — Comportamento de prevenção de quedas (English: Fall Prevention Behavior). Exemplo de avaliação: Pontuar comportamentos seguros, como pedir ajuda e usar dispositivos; exemplo de meta 2/5 para 4/5."
303,Risk for adult falls,Risco de quedas em adultos,NIC 6490 — Fall Prevention. Example activities: Assess fall risk; keep the environment uncluttered and call device accessible; assist transfers and ambulation as needed.,NIC 6490 — Prevenção de quedas (English: Fall Prevention). Exemplos de atividades: Avaliar risco de queda; manter ambiente desobstruído e dispositivo de chamada acessível; auxiliar transferências e deambulação conforme necessário.,NOC 1909 — Fall Prevention Behavior. Example evaluation: Score safe behaviors such as asking for help and using assistive devices; example target 2/5 to 4/5.,"NOC 1909 — Comportamento de prevenção de quedas (English: Fall Prevention Behavior). Exemplo de avaliação: Pontuar comportamentos seguros, como pedir ajuda e usar dispositivos; exemplo de meta 2/5 para 4/5."
39,Risk for aspiration,Risco de aspiração,NIC 3140 — Airway Management. Example activities: Assess airway patency; position to optimize ventilation; encourage effective coughing and suction when indicated.,NIC 3140 — Controle das vias aéreas (English: Airway Management). Exemplos de atividades: Avaliar permeabilidade das vias aéreas; posicionar para otimizar ventilação; estimular tosse eficaz e aspirar quando indicado.,"NOC 0402 — Respiratory Status: Gas Exchange. Example evaluation: Trend oxygenation, respiratory effort, and selected respiratory indicators; example target: from 2/5 to 4/5.","NOC 0402 — Estado respiratório: troca gasosa (English: Respiratory Status: Gas Exchange). Exemplo de avaliação: Acompanhar oxigenação, esforço respiratório e indicadores selecionados; exemplo de meta: de 2/5 para 4/5."
31,Ineffective airway clearance,Desobstrução ineficaz das vias aéreas,NIC 3140 — Airway Management. Example activities: Assess airway patency; position to optimize ventilation; encourage effective coughing and suction when indicated.,NIC 3140 — Controle das vias aéreas (English: Airway Management). Exemplos de atividades: Avaliar permeabilidade das vias aéreas; posicionar para otimizar ventilação; estimular tosse eficaz e aspirar quando indicado.,"NOC 0402 — Respiratory Status: Gas Exchange. Example evaluation: Trend oxygenation, respiratory effort, and selected respiratory indicators; example target: from 2/5 to 4/5.","NOC 0402 — Estado respiratório: troca gasosa (English: Respiratory Status: Gas Exchange). Exemplo de avaliação: Acompanhar oxigenação, esforço respiratório e indicadores selecionados; exemplo de meta: de 2/5 para 4/5."
463,Risk for accidental suffocation,Risco de asfixia acidental,NIC 3140 — Airway Management. Example activities: Assess airway patency; position to optimize ventilation; encourage effective coughing and suction when indicated.,NIC 3140 — Controle das vias aéreas (English: Airway Management). Exemplos de atividades: Avaliar permeabilidade das vias aéreas; posicionar para otimizar ventilação; estimular tosse eficaz e aspirar quando indicado.,"NOC 0402 — Respiratory Status: Gas Exchange. Example evaluation: Trend oxygenation, respiratory effort, and selected respiratory indicators; example target: from 2/5 to 4/5.","NOC 0402 — Estado respiratório: troca gasosa (English: Respiratory Status: Gas Exchange). Exemplo de avaliação: Acompanhar oxigenação, esforço respiratório e indicadores selecionados; exemplo de meta: de 2/5 para 4/5."
374,Risk for excessive bleeding,Risco de sangramento excessivo,NIC 6610 — Risk Identification. Example activities: Assess the specific hazard and contributing factors; implement agreed preventive measures; reassess for new or worsening risk.,NIC 6610 — Identificação de riscos (English: Risk Identification). Exemplos de atividades: Avaliar o risco específico e fatores contribuintes; implementar medidas preventivas pactuadas; reavaliar surgimento ou agravamento do risco.,NOC 1908 — Detect Risk. Example evaluation: Score recognition and management of relevant safety risks; example target 2/5 to 4/5.,NOC 1908 — Controle de riscos (English: Detect Risk). Exemplo de avaliação: Pontuar reconhecimento e manejo dos riscos de segurança pertinentes; exemplo de meta 2/5 para 4/5.
205,Risk for shock,Risco de choque,NIC 6610 — Risk Identification. Example activities: Assess the specific hazard and contributing factors; implement agreed preventive measures; reassess for new or worsening risk.,NIC 6610 — Identificação de riscos (English: Risk Identification). Exemplos de atividades: Avaliar o risco específico e fatores contribuintes; implementar medidas preventivas pactuadas; reavaliar surgimento ou agravamento do risco.,NOC 1908 — Detect Risk. Example evaluation: Score recognition and management of relevant safety risks; example target 2/5 to 4/5.,NOC 1908 — Controle de riscos (English: Detect Risk). Exemplo de avaliação: Pontuar reconhecimento e manejo dos riscos de segurança pertinentes; exemplo de meta 2/5 para 4/5.
291,Risk for thrombosis,Risco de trombose,NIC 6610 — Risk Identification. Example activities: Assess the specific hazard and contributing factors; implement agreed preventive measures; reassess for new or worsening risk.,NIC 6610 — Identificação de riscos (English: Risk Identification). Exemplos de atividades: Avaliar o risco específico e fatores contribuintes; implementar medidas preventivas pactuadas; reavaliar surgimento ou agravamento do risco.,NOC 1908 — Detect Risk. Example evaluation: Score recognition and management of relevant safety risks; example target 2/5 to 4/5.,NOC 1908 — Controle de riscos (English: Detect Risk). Exemplo de avaliação: Pontuar reconhecimento e manejo dos riscos de segurança pertinentes; exemplo de meta 2/5 para 4/5.
425,Risk for impaired peripheral neurovascular function,Risco de comprometimento da função neurovascular periférica,NIC 6610 — Risk Identification. Example activities: Assess the specific hazard and contributing factors; implement agreed preventive measures; reassess for new or worsening risk.,NIC 6610 — Identificação de riscos (English: Risk Identification). Exemplos de atividades: Avaliar o risco específico e fatores contribuintes; implementar medidas preventivas pactuadas; reavaliar surgimento ou agravamento do risco.,NOC 1908 — Detect Risk. Example evaluation: Score recognition and management of relevant safety risks; example target 2/5 to 4/5.,NOC 1908 — Controle de riscos (English: Detect Risk). Exemplo de avaliação: Pontuar reconhecimento e manejo dos riscos de segurança pertinentes; exemplo de meta 2/5 para 4/5.
156,Risk for sudden infant death,Risco de morte súbita infantil,"NIC 6824 — Infant Care: Newborn. Example activities: Assess feeding, temperature, elimination, behavior, and caregiver needs; cluster care appropriately; support developmentally appropriate handling.","NIC 6824 — Cuidados com o lactente/recém-nascido (English: Infant Care: Newborn). Exemplos de atividades: Avaliar alimentação, temperatura, eliminação, comportamento e necessidades do cuidador; agrupar cuidados adequadamente; apoiar manejo compatível com o desenvolvimento.",NOC 0802 — Vital Signs. Example evaluation: Document physiologic tolerance plus developmentally appropriate responses; example target 2/5 to 4/5.,NOC 0802 — Organização neurodesenvolvimental do lactente (English: Vital Signs). Exemplo de avaliação: Registrar tolerância fisiológica e respostas adequadas ao desenvolvimento; exemplo de meta 2/5 para 4/5.
290,Risk for escape attempt,Risco de tentativa de fuga,NIC 5510 — Health Education. Example activities: Assess learning needs; explain the condition and self-management plan in plain language; use teach-back.,NIC 5510 — Educação em saúde (English: Health Education). Exemplos de atividades: Avaliar necessidades de aprendizagem; explicar a condição e o plano de autogestão em linguagem simples; usar retorno demonstrativo.,"NOC 1803 — Knowledge: Disease Process. Example evaluation: Measure understanding using teach-back; example target: correctly explains the condition, warning signs, and when to seek help, from 2/5 to 4/5.","NOC 1803 — Conhecimento: processo da doença (English: Knowledge: Disease Process). Exemplo de avaliação: Medir compreensão por retorno demonstrativo; exemplo de meta: explicar corretamente condição, sinais de alerta e quando buscar ajuda, de 2/5 para 4/5."
138,Risk for other-directed violence,Risco de violência direcionada a terceiros,NIC 6487 — Environmental Management: Violence Prevention. Example activities: Assess triggers and environmental risks; reduce stimulation when appropriate; use de-escalation and follow local safety procedures.,NIC 6487 — Prevenção da violência (English: Environmental Management: Violence Prevention). Exemplos de atividades: Avaliar gatilhos e riscos ambientais; reduzir estímulos quando apropriado; usar desescalada e seguir procedimentos locais de segurança.,NOC 1908 — Detect Risk. Example evaluation: Score recognition and management of relevant safety risks; example target 2/5 to 4/5.,NOC 1908 — Controle de riscos (English: Detect Risk). Exemplo de avaliação: Pontuar reconhecimento e manejo dos riscos de segurança pertinentes; exemplo de meta 2/5 para 4/5.
272,Risk for female genital mutilation,Risco de mutilação genital feminina,NIC 5510 — Health Education. Example activities: Assess learning needs; explain the condition and self-management plan in plain language; use teach-back.,NIC 5510 — Educação em saúde (English: Health Education). Exemplos de atividades: Avaliar necessidades de aprendizagem; explicar a condição e o plano de autogestão em linguagem simples; usar retorno demonstrativo.,"NOC 1803 — Knowledge: Disease Process. Example evaluation: Measure understanding using teach-back; example target: correctly explains the condition, warning signs, and when to seek help, from 2/5 to 4/5.","NOC 1803 — Conhecimento: processo da doença (English: Knowledge: Disease Process). Exemplo de avaliação: Medir compreensão por retorno demonstrativo; exemplo de meta: explicar corretamente condição, sinais de alerta e quando buscar ajuda, de 2/5 para 4/5."
466,Risk for suicidal self-injurious behavior,Risco de comportamento suicida autolesivo,NIC 6340 — Suicide Prevention. Example activities: Assess immediate safety using local protocol; remove or secure hazards when indicated; maintain observation level prescribed and escalate concerns.,NIC 6340 — Prevenção do suicídio (English: Suicide Prevention). Exemplos de atividades: Avaliar segurança imediata conforme protocolo local; remover ou proteger riscos quando indicado; manter nível de observação prescrito e comunicar preocupações.,NOC 1908 — Detect Risk. Example evaluation: Score recognition and management of relevant safety risks; example target 2/5 to 4/5.,NOC 1908 — Controle de riscos (English: Detect Risk). Exemplo de avaliação: Pontuar reconhecimento e manejo dos riscos de segurança pertinentes; exemplo de meta 2/5 para 4/5.
467,Non-suicidal self-injurious behavior,Comportamento autolesivo não suicida,NIC 6340 — Suicide Prevention. Example activities: Assess immediate safety using local protocol; remove or secure hazards when indicated; maintain observation level prescribed and escalate concerns.,NIC 6340 — Prevenção do suicídio (English: Suicide Prevention). Exemplos de atividades: Avaliar segurança imediata conforme protocolo local; remover ou proteger riscos quando indicado; manter nível de observação prescrito e comunicar preocupações.,NOC 1908 — Detect Risk. Example evaluation: Score recognition and management of relevant safety risks; example target 2/5 to 4/5.,NOC 1908 — Controle de riscos (English: Detect Risk). Exemplo de avaliação: Pontuar reconhecimento e manejo dos riscos de segurança pertinentes; exemplo de meta 2/5 para 4/5.
468,Risk for non-suicidal self-injurious behavior,Risco de comportamento autolesivo não suicida,NIC 6340 — Suicide Prevention. Example activities: Assess immediate safety using local protocol; remove or secure hazards when indicated; maintain observation level prescribed and escalate concerns.,NIC 6340 — Prevenção do suicídio (English: Suicide Prevention). Exemplos de atividades: Avaliar segurança imediata conforme protocolo local; remover ou proteger riscos quando indicado; manter nível de observação prescrito e comunicar preocupações.,NOC 1908 — Detect Risk. Example evaluation: Score recognition and management of relevant safety risks; example target 2/5 to 4/5.,NOC 1908 — Controle de riscos (English: Detect Risk). Exemplo de avaliação: Pontuar reconhecimento e manejo dos riscos de segurança pertinentes; exemplo de meta 2/5 para 4/5.
181,Contamination,Contaminação,NIC 6540 — Infection Control. Example activities: Perform hand hygiene; use appropriate PPE; apply aseptic technique and monitor for signs of infection.,NIC 6540 — Controle de infecção (English: Infection Control). Exemplos de atividades: Realizar higiene das mãos; usar EPI adequado; aplicar técnica asséptica e monitorar sinais de infecção.,NOC 1902 — Risk Control. Example evaluation: Score recognition and reduction of infection risks; example target 2/5 to 4/5.,NOC 1902 — Controle de risco: infecção (English: Risk Control). Exemplo de avaliação: Pontuar reconhecimento e redução de riscos infecciosos; exemplo de meta 2/5 para 4/5.
180,Risk for contamination,Risco de contaminação,NIC 6540 — Infection Control. Example activities: Perform hand hygiene; use appropriate PPE; apply aseptic technique and monitor for signs of infection.,NIC 6540 — Controle de infecção (English: Infection Control). Exemplos de atividades: Realizar higiene das mãos; usar EPI adequado; aplicar técnica asséptica e monitorar sinais de infecção.,NOC 1902 — Risk Control. Example evaluation: Score recognition and reduction of infection risks; example target 2/5 to 4/5.,NOC 1902 — Controle de risco: infecção (English: Risk Control). Exemplo de avaliação: Pontuar reconhecimento e redução de riscos infecciosos; exemplo de meta 2/5 para 4/5.
469,Risk for accidental poisoning,Risco de envenenamento acidental,NIC 6610 — Risk Identification. Example activities: Assess the specific hazard and contributing factors; implement agreed preventive measures; reassess for new or worsening risk.,NIC 6610 — Identificação de riscos (English: Risk Identification). Exemplos de atividades: Avaliar o risco específico e fatores contribuintes; implementar medidas preventivas pactuadas; reavaliar surgimento ou agravamento do risco.,NOC 1908 — Detect Risk. Example evaluation: Score recognition and management of relevant safety risks; example target 2/5 to 4/5.,NOC 1908 — Controle de riscos (English: Detect Risk). Exemplo de avaliação: Pontuar reconhecimento e manejo dos riscos de segurança pertinentes; exemplo de meta 2/5 para 4/5.
404,Risk for occupational illness,Risco de doenças ocupacionais,NIC 6610 — Risk Identification. Example activities: Assess the specific hazard and contributing factors; implement agreed preventive measures; reassess for new or worsening risk.,NIC 6610 — Identificação de riscos (English: Risk Identification). Exemplos de atividades: Avaliar o risco específico e fatores contribuintes; implementar medidas preventivas pactuadas; reavaliar surgimento ou agravamento do risco.,NOC 1908 — Detect Risk. Example evaluation: Score recognition and management of relevant safety risks; example target 2/5 to 4/5.,NOC 1908 — Controle de riscos (English: Detect Risk). Exemplo de avaliação: Pontuar reconhecimento e manejo dos riscos de segurança pertinentes; exemplo de meta 2/5 para 4/5.
402,Risk for occupational physical injury,Risco de lesões físicas ocupacionais,NIC 6610 — Risk Identification. Example activities: Assess the specific hazard and contributing factors; implement agreed preventive measures; reassess for new or worsening risk.,NIC 6610 — Identificação de riscos (English: Risk Identification). Exemplos de atividades: Avaliar o risco específico e fatores contribuintes; implementar medidas preventivas pactuadas; reavaliar surgimento ou agravamento do risco.,NOC 1908 — Detect Risk. Example evaluation: Score recognition and management of relevant safety risks; example target 2/5 to 4/5.,NOC 1908 — Controle de riscos (English: Detect Risk). Exemplo de avaliação: Pontuar reconhecimento e manejo dos riscos de segurança pertinentes; exemplo de meta 2/5 para 4/5.
217,Risk for allergic reaction,Risco de reação alérgica,NIC 5510 — Health Education. Example activities: Assess learning needs; explain the condition and self-management plan in plain language; use teach-back.,NIC 5510 — Educação em saúde (English: Health Education). Exemplos de atividades: Avaliar necessidades de aprendizagem; explicar a condição e o plano de autogestão em linguagem simples; usar retorno demonstrativo.,"NOC 1803 — Knowledge: Disease Process. Example evaluation: Measure understanding using teach-back; example target: correctly explains the condition, warning signs, and when to seek help, from 2/5 to 4/5.","NOC 1803 — Conhecimento: processo da doença (English: Knowledge: Disease Process). Exemplo de avaliação: Medir compreensão por retorno demonstrativo; exemplo de meta: explicar corretamente condição, sinais de alerta e quando buscar ajuda, de 2/5 para 4/5."
42,Risk for latex allergy reaction,Risco de reação alérgica ao látex,NIC 6610 — Risk Identification. Example activities: Assess the specific hazard and contributing factors; implement agreed preventive measures; reassess for new or worsening risk.,NIC 6610 — Identificação de riscos (English: Risk Identification). Exemplos de atividades: Avaliar o risco específico e fatores contribuintes; implementar medidas preventivas pactuadas; reavaliar surgimento ou agravamento do risco.,NOC 1908 — Detect Risk. Example evaluation: Score recognition and management of relevant safety risks; example target 2/5 to 4/5.,NOC 1908 — Controle de riscos (English: Detect Risk). Exemplo de avaliação: Pontuar reconhecimento e manejo dos riscos de segurança pertinentes; exemplo de meta 2/5 para 4/5.
8,Ineffective thermoregulation,Termorregulação ineficaz,NIC 3900 — Temperature Regulation. Example activities: Monitor temperature; adjust environmental measures and clothing/blankets; reassess response after interventions.,NIC 3900 — Regulação da temperatura (English: Temperature Regulation). Exemplos de atividades: Monitorar temperatura; ajustar medidas ambientais e roupas/cobertores; reavaliar resposta após as intervenções.,NOC 0800 — Thermoregulation. Example evaluation: Trend body temperature and behavioral/physiologic signs; example target 2/5 to 4/5.,NOC 0800 — Termorregulação (English: Thermoregulation). Exemplo de avaliação: Acompanhar temperatura corporal e sinais comportamentais/fisiológicos; exemplo de meta 2/5 para 4/5.
274,Risk for ineffective thermoregulation,Risco de termorregulação ineficaz,NIC 3900 — Temperature Regulation. Example activities: Monitor temperature; adjust environmental measures and clothing/blankets; reassess response after interventions.,NIC 3900 — Regulação da temperatura (English: Temperature Regulation). Exemplos de atividades: Monitorar temperatura; ajustar medidas ambientais e roupas/cobertores; reavaliar resposta após as intervenções.,NOC 0800 — Thermoregulation. Example evaluation: Trend body temperature and behavioral/physiologic signs; example target 2/5 to 4/5.,NOC 0800 — Termorregulação (English: Thermoregulation). Exemplo de avaliação: Acompanhar temperatura corporal e sinais comportamentais/fisiológicos; exemplo de meta 2/5 para 4/5.
474,Decreased neonatal body temperature,Diminuição da temperatura corporal neonatal,NIC 3900 — Temperature Regulation. Example activities: Monitor temperature; adjust environmental measures and clothing/blankets; reassess response after interventions.,NIC 3900 — Regulação da temperatura (English: Temperature Regulation). Exemplos de atividades: Monitorar temperatura; ajustar medidas ambientais e roupas/cobertores; reavaliar resposta após as intervenções.,NOC 0800 — Thermoregulation. Example evaluation: Trend body temperature and behavioral/physiologic signs; example target 2/5 to 4/5.,NOC 0800 — Termorregulação (English: Thermoregulation). Exemplo de avaliação: Acompanhar temperatura corporal e sinais comportamentais/fisiológicos; exemplo de meta 2/5 para 4/5.
476,Risk for decreased neonatal body temperature,Risco de diminuição da temperatura corporal neonatal,NIC 3900 — Temperature Regulation. Example activities: Monitor temperature; adjust environmental measures and clothing/blankets; reassess response after interventions.,NIC 3900 — Regulação da temperatura (English: Temperature Regulation). Exemplos de atividades: Monitorar temperatura; ajustar medidas ambientais e roupas/cobertores; reavaliar resposta após as intervenções.,NOC 0800 — Thermoregulation. Example evaluation: Trend body temperature and behavioral/physiologic signs; example target 2/5 to 4/5.,NOC 0800 — Termorregulação (English: Thermoregulation). Exemplo de avaliação: Acompanhar temperatura corporal e sinais comportamentais/fisiológicos; exemplo de meta 2/5 para 4/5.
472,Decreased body temperature,Diminuição da temperatura corporal,NIC 3900 — Temperature Regulation. Example activities: Monitor temperature; adjust environmental measures and clothing/blankets; reassess response after interventions.,NIC 3900 — Regulação da temperatura (English: Temperature Regulation). Exemplos de atividades: Monitorar temperatura; ajustar medidas ambientais e roupas/cobertores; reavaliar resposta após as intervenções.,NOC 0800 — Thermoregulation. Example evaluation: Trend body temperature and behavioral/physiologic signs; example target 2/5 to 4/5.,NOC 0800 — Termorregulação (English: Thermoregulation). Exemplo de avaliação: Acompanhar temperatura corporal e sinais comportamentais/fisiológicos; exemplo de meta 2/5 para 4/5.
473,Risk for decreased body temperature,Risco de diminuição da temperatura corporal,NIC 3900 — Temperature Regulation. Example activities: Monitor temperature; adjust environmental measures and clothing/blankets; reassess response after interventions.,NIC 3900 — Regulação da temperatura (English: Temperature Regulation). Exemplos de atividades: Monitorar temperatura; ajustar medidas ambientais e roupas/cobertores; reavaliar resposta após as intervenções.,NOC 0800 — Thermoregulation. Example evaluation: Trend body temperature and behavioral/physiologic signs; example target 2/5 to 4/5.,NOC 0800 — Termorregulação (English: Thermoregulation). Exemplo de avaliação: Acompanhar temperatura corporal e sinais comportamentais/fisiológicos; exemplo de meta 2/5 para 4/5.
490,Risk for decreased perioperative body temperature,Risco de diminuição da temperatura corporal perioperatória,NIC 3900 — Temperature Regulation. Example activities: Monitor temperature; adjust environmental measures and clothing/blankets; reassess response after interventions.,NIC 3900 — Regulação da temperatura (English: Temperature Regulation). Exemplos de atividades: Monitorar temperatura; ajustar medidas ambientais e roupas/cobertores; reavaliar resposta após as intervenções.,NOC 0800 — Thermoregulation. Example evaluation: Trend body temperature and behavioral/physiologic signs; example target 2/5 to 4/5.,NOC 0800 — Termorregulação (English: Thermoregulation). Exemplo de avaliação: Acompanhar temperatura corporal e sinais comportamentais/fisiológicos; exemplo de meta 2/5 para 4/5.
7,Hyperthermia,Hipertermia,NIC 3900 — Temperature Regulation. Example activities: Monitor temperature; adjust environmental measures and clothing/blankets; reassess response after interventions.,NIC 3900 — Regulação da temperatura (English: Temperature Regulation). Exemplos de atividades: Monitorar temperatura; ajustar medidas ambientais e roupas/cobertores; reavaliar resposta após as intervenções.,NOC 0800 — Thermoregulation. Example evaluation: Trend body temperature and behavioral/physiologic signs; example target 2/5 to 4/5.,NOC 0800 — Termorregulação (English: Thermoregulation). Exemplo de avaliação: Acompanhar temperatura corporal e sinais comportamentais/fisiológicos; exemplo de meta 2/5 para 4/5.
471,Risk for hyperthermia,Risco de hipertermia,NIC 3900 — Temperature Regulation. Example activities: Monitor temperature; adjust environmental measures and clothing/blankets; reassess response after interventions.,NIC 3900 — Regulação da temperatura (English: Temperature Regulation). Exemplos de atividades: Monitorar temperatura; ajustar medidas ambientais e roupas/cobertores; reavaliar resposta após as intervenções.,NOC 0800 — Thermoregulation. Example evaluation: Trend body temperature and behavioral/physiologic signs; example target 2/5 to 4/5.,NOC 0800 — Termorregulação (English: Thermoregulation). Exemplo de avaliação: Acompanhar temperatura corporal e sinais comportamentais/fisiológicos; exemplo de meta 2/5 para 4/5.
380,Impaired physical comfort,Conforto físico prejudicado,NIC 5510 — Health Education. Example activities: Assess learning needs; explain the condition and self-management plan in plain language; use teach-back.,NIC 5510 — Educação em saúde (English: Health Education). Exemplos de atividades: Avaliar necessidades de aprendizagem; explicar a condição e o plano de autogestão em linguagem simples; usar retorno demonstrativo.,"NOC 1803 — Knowledge: Disease Process. Example evaluation: Measure understanding using teach-back; example target: correctly explains the condition, warning signs, and when to seek help, from 2/5 to 4/5.","NOC 1803 — Conhecimento: processo da doença (English: Knowledge: Disease Process). Exemplo de avaliação: Medir compreensão por retorno demonstrativo; exemplo de meta: explicar corretamente condição, sinais de alerta e quando buscar ajuda, de 2/5 para 4/5."
378,Readiness for enhanced physical comfort,Prontidão para maior conforto físico,NIC 5510 — Health Education. Example activities: Assess learning needs; explain the condition and self-management plan in plain language; use teach-back.,NIC 5510 — Educação em saúde (English: Health Education). Exemplos de atividades: Avaliar necessidades de aprendizagem; explicar a condição e o plano de autogestão em linguagem simples; usar retorno demonstrativo.,"NOC 1803 — Knowledge: Disease Process. Example evaluation: Measure understanding using teach-back; example target: correctly explains the condition, warning signs, and when to seek help, from 2/5 to 4/5.","NOC 1803 — Conhecimento: processo da doença (English: Knowledge: Disease Process). Exemplo de avaliação: Medir compreensão por retorno demonstrativo; exemplo de meta: explicar corretamente condição, sinais de alerta e quando buscar ajuda, de 2/5 para 4/5."
342,Impaired end-of-life comfort syndrome,Síndrome de conforto no fim da vida prejudicada,NIC 5510 — Health Education. Example activities: Assess learning needs; explain the condition and self-management plan in plain language; use teach-back.,NIC 5510 — Educação em saúde (English: Health Education). Exemplos de atividades: Avaliar necessidades de aprendizagem; explicar a condição e o plano de autogestão em linguagem simples; usar retorno demonstrativo.,"NOC 1803 — Knowledge: Disease Process. Example evaluation: Measure understanding using teach-back; example target: correctly explains the condition, warning signs, and when to seek help, from 2/5 to 4/5.","NOC 1803 — Conhecimento: processo da doença (English: Knowledge: Disease Process). Exemplo de avaliação: Medir compreensão por retorno demonstrativo; exemplo de meta: explicar corretamente condição, sinais de alerta e quando buscar ajuda, de 2/5 para 4/5."
132,Acute pain,Dor aguda,NIC 1400 — Pain Management. Example activities: Assess pain using a consistent scale; implement prescribed pharmacologic/nonpharmacologic measures; reassess response.,NIC 1400 — Controle da dor (English: Pain Management). Exemplos de atividades: Avaliar dor com escala consistente; implementar medidas farmacológicas/não farmacológicas prescritas; reavaliar resposta.,NOC 2102 — Pain Level. Example evaluation: Record pain using a 0–10 scale plus impact on function; example target: reduce from 7/10 to ≤3/10.,NOC 2102 — Nível da dor (English: Pain Level). Exemplo de avaliação: Registrar dor em escala 0–10 e impacto funcional; exemplo de meta: reduzir de 7/10 para ≤3/10.
255,Chronic pain syndrome,Síndrome da dor crônica,NIC 1400 — Pain Management. Example activities: Assess pain using a consistent scale; implement prescribed pharmacologic/nonpharmacologic measures; reassess response.,NIC 1400 — Controle da dor (English: Pain Management). Exemplos de atividades: Avaliar dor com escala consistente; implementar medidas farmacológicas/não farmacológicas prescritas; reavaliar resposta.,NOC 2102 — Pain Level. Example evaluation: Record pain using a 0–10 scale plus impact on function; example target: reduce from 7/10 to ≤3/10.,NOC 2102 — Nível da dor (English: Pain Level). Exemplo de avaliação: Registrar dor em escala 0–10 e impacto funcional; exemplo de meta: reduzir de 7/10 para ≤3/10.
133,Chronic pain,Dor crônica,NIC 1400 — Pain Management. Example activities: Assess pain using a consistent scale; implement prescribed pharmacologic/nonpharmacologic measures; reassess response.,NIC 1400 — Controle da dor (English: Pain Management). Exemplos de atividades: Avaliar dor com escala consistente; implementar medidas farmacológicas/não farmacológicas prescritas; reavaliar resposta.,NOC 2102 — Pain Level. Example evaluation: Record pain using a 0–10 scale plus impact on function; example target: reduce from 7/10 to ≤3/10.,NOC 2102 — Nível da dor (English: Pain Level). Exemplo de avaliação: Registrar dor em escala 0–10 e impacto funcional; exemplo de meta: reduzir de 7/10 para ≤3/10.
256,Labor pain,Dor do parto,NIC 1400 — Pain Management. Example activities: Assess pain using a consistent scale; implement prescribed pharmacologic/nonpharmacologic measures; reassess response.,NIC 1400 — Controle da dor (English: Pain Management). Exemplos de atividades: Avaliar dor com escala consistente; implementar medidas farmacológicas/não farmacológicas prescritas; reavaliar resposta.,NOC 2102 — Pain Level. Example evaluation: Record pain using a 0–10 scale plus impact on function; example target: reduce from 7/10 to ≤3/10.,NOC 2102 — Nível da dor (English: Pain Level). Exemplo de avaliação: Registrar dor em escala 0–10 e impacto funcional; exemplo de meta: reduzir de 7/10 para ≤3/10.
376,Readiness for enhanced social comfort,Prontidão para maior conforto social,NIC 5510 — Health Education. Example activities: Assess learning needs; explain the condition and self-management plan in plain language; use teach-back.,NIC 5510 — Educação em saúde (English: Health Education). Exemplos de atividades: Avaliar necessidades de aprendizagem; explicar a condição e o plano de autogestão em linguagem simples; usar retorno demonstrativo.,"NOC 1803 — Knowledge: Disease Process. Example evaluation: Measure understanding using teach-back; example target: correctly explains the condition, warning signs, and when to seek help, from 2/5 to 4/5.","NOC 1803 — Conhecimento: processo da doença (English: Knowledge: Disease Process). Exemplo de avaliação: Medir compreensão por retorno demonstrativo; exemplo de meta: explicar corretamente condição, sinais de alerta e quando buscar ajuda, de 2/5 para 4/5."
383,Inadequate social connectedness,Conexões sociais inadequadas,NIC 5510 — Health Education. Example activities: Assess learning needs; explain the condition and self-management plan in plain language; use teach-back.,NIC 5510 — Educação em saúde (English: Health Education). Exemplos de atividades: Avaliar necessidades de aprendizagem; explicar a condição e o plano de autogestão em linguagem simples; usar retorno demonstrativo.,"NOC 1803 — Knowledge: Disease Process. Example evaluation: Measure understanding using teach-back; example target: correctly explains the condition, warning signs, and when to seek help, from 2/5 to 4/5.","NOC 1803 — Conhecimento: processo da doença (English: Knowledge: Disease Process). Exemplo de avaliação: Medir compreensão por retorno demonstrativo; exemplo de meta: explicar corretamente condição, sinais de alerta e quando buscar ajuda, de 2/5 para 4/5."
358,Inadequate social support network,Rede de apoio social inadequada,NIC 5510 — Health Education. Example activities: Assess learning needs; explain the condition and self-management plan in plain language; use teach-back.,NIC 5510 — Educação em saúde (English: Health Education). Exemplos de atividades: Avaliar necessidades de aprendizagem; explicar a condição e o plano de autogestão em linguagem simples; usar retorno demonstrativo.,"NOC 1803 — Knowledge: Disease Process. Example evaluation: Measure understanding using teach-back; example target: correctly explains the condition, warning signs, and when to seek help, from 2/5 to 4/5.","NOC 1803 — Conhecimento: processo da doença (English: Knowledge: Disease Process). Exemplo de avaliação: Medir compreensão por retorno demonstrativo; exemplo de meta: explicar corretamente condição, sinais de alerta e quando buscar ajuda, de 2/5 para 4/5."
475,Excessive loneliness,Solidão excessiva,NIC 5510 — Health Education. Example activities: Assess learning needs; explain the condition and self-management plan in plain language; use teach-back.,NIC 5510 — Educação em saúde (English: Health Education). Exemplos de atividades: Avaliar necessidades de aprendizagem; explicar a condição e o plano de autogestão em linguagem simples; usar retorno demonstrativo.,"NOC 1803 — Knowledge: Disease Process. Example evaluation: Measure understanding using teach-back; example target: correctly explains the condition, warning signs, and when to seek help, from 2/5 to 4/5.","NOC 1803 — Conhecimento: processo da doença (English: Knowledge: Disease Process). Exemplo de avaliação: Medir compreensão por retorno demonstrativo; exemplo de meta: explicar corretamente condição, sinais de alerta e quando buscar ajuda, de 2/5 para 4/5."
335,Risk for excessive loneliness,Risco de solidão excessiva,NIC 5510 — Health Education. Example activities: Assess learning needs; explain the condition and self-management plan in plain language; use teach-back.,NIC 5510 — Educação em saúde (English: Health Education). Exemplos de atividades: Avaliar necessidades de aprendizagem; explicar a condição e o plano de autogestão em linguagem simples; usar retorno demonstrativo.,"NOC 1803 — Knowledge: Disease Process. Example evaluation: Measure understanding using teach-back; example target: correctly explains the condition, warning signs, and when to seek help, from 2/5 to 4/5.","NOC 1803 — Conhecimento: processo da doença (English: Knowledge: Disease Process). Exemplo de avaliação: Medir compreensão por retorno demonstrativo; exemplo de meta: explicar corretamente condição, sinais de alerta e quando buscar ajuda, de 2/5 para 4/5."
379,Impaired psychological comfort,Conforto psicológico prejudicado,NIC 5510 — Health Education. Example activities: Assess learning needs; explain the condition and self-management plan in plain language; use teach-back.,NIC 5510 — Educação em saúde (English: Health Education). Exemplos de atividades: Avaliar necessidades de aprendizagem; explicar a condição e o plano de autogestão em linguagem simples; usar retorno demonstrativo.,"NOC 1803 — Knowledge: Disease Process. Example evaluation: Measure understanding using teach-back; example target: correctly explains the condition, warning signs, and when to seek help, from 2/5 to 4/5.","NOC 1803 — Conhecimento: processo da doença (English: Knowledge: Disease Process). Exemplo de avaliação: Medir compreensão por retorno demonstrativo; exemplo de meta: explicar corretamente condição, sinais de alerta e quando buscar ajuda, de 2/5 para 4/5."
377,Readiness for enhanced psychological comfort,Prontidão para um maior conforto psicológico,NIC 5510 — Health Education. Example activities: Assess learning needs; explain the condition and self-management plan in plain language; use teach-back.,NIC 5510 — Educação em saúde (English: Health Education). Exemplos de atividades: Avaliar necessidades de aprendizagem; explicar a condição e o plano de autogestão em linguagem simples; usar retorno demonstrativo.,"NOC 1803 — Knowledge: Disease Process. Example evaluation: Measure understanding using teach-back; example target: correctly explains the condition, warning signs, and when to seek help, from 2/5 to 4/5.","NOC 1803 — Conhecimento: processo da doença (English: Knowledge: Disease Process). Exemplo de avaliação: Medir compreensão por retorno demonstrativo; exemplo de meta: explicar corretamente condição, sinais de alerta e quando buscar ajuda, de 2/5 para 4/5."
348,Delayed child growth,Atraso no crescimento infantil,NIC 8250 — Infant Development. Example activities: Assess developmental cues; provide age-appropriate stimulation; involve caregivers in responsive interaction and play.,NIC 8250 — Promoção do desenvolvimento (English: Infant Development). Exemplos de atividades: Avaliar sinais do desenvolvimento; oferecer estimulação adequada à idade; envolver cuidadores em interação responsiva e brincadeira.,NOC 0110 — Child Development. Example evaluation: Score age-appropriate developmental indicators; example target 2/5 to 4/5.,NOC 0110 — Desenvolvimento infantil (English: Child Development). Exemplo de avaliação: Pontuar indicadores de desenvolvimento adequados à idade; exemplo de meta 2/5 para 4/5.
478,Risk for delayed child growth,Risco de atraso no crescimento infantil,NIC 8250 — Infant Development. Example activities: Assess developmental cues; provide age-appropriate stimulation; involve caregivers in responsive interaction and play.,NIC 8250 — Promoção do desenvolvimento (English: Infant Development). Exemplos de atividades: Avaliar sinais do desenvolvimento; oferecer estimulação adequada à idade; envolver cuidadores em interação responsiva e brincadeira.,NOC 0110 — Child Development. Example evaluation: Score age-appropriate developmental indicators; example target 2/5 to 4/5.,NOC 0110 — Desenvolvimento infantil (English: Child Development). Exemplo de avaliação: Pontuar indicadores de desenvolvimento adequados à idade; exemplo de meta 2/5 para 4/5.
314,Delayed child development,Atraso no desenvolvimento infantil,NIC 8250 — Infant Development. Example activities: Assess developmental cues; provide age-appropriate stimulation; involve caregivers in responsive interaction and play.,NIC 8250 — Promoção do desenvolvimento (English: Infant Development). Exemplos de atividades: Avaliar sinais do desenvolvimento; oferecer estimulação adequada à idade; envolver cuidadores em interação responsiva e brincadeira.,NOC 0110 — Child Development. Example evaluation: Score age-appropriate developmental indicators; example target 2/5 to 4/5.,NOC 0110 — Desenvolvimento infantil (English: Child Development). Exemplo de avaliação: Pontuar indicadores de desenvolvimento adequados à idade; exemplo de meta 2/5 para 4/5.
305,Risk for delayed child development,Risco de atraso no desenvolvimento infantil,NIC 8250 — Infant Development. Example activities: Assess developmental cues; provide age-appropriate stimulation; involve caregivers in responsive interaction and play.,NIC 8250 — Promoção do desenvolvimento (English: Infant Development). Exemplos de atividades: Avaliar sinais do desenvolvimento; oferecer estimulação adequada à idade; envolver cuidadores em interação responsiva e brincadeira.,NOC 0110 — Child Development. Example evaluation: Score age-appropriate developmental indicators; example target 2/5 to 4/5.,NOC 0110 — Desenvolvimento infantil (English: Child Development). Exemplo de avaliação: Pontuar indicadores de desenvolvimento adequados à idade; exemplo de meta 2/5 para 4/5.
315,Delayed infant motor development,Atraso no desenvolvimento motor infantil,NIC 8250 — Infant Development. Example activities: Assess developmental cues; provide age-appropriate stimulation; involve caregivers in responsive interaction and play.,NIC 8250 — Promoção do desenvolvimento (English: Infant Development). Exemplos de atividades: Avaliar sinais do desenvolvimento; oferecer estimulação adequada à idade; envolver cuidadores em interação responsiva e brincadeira.,NOC 0110 — Child Development. Example evaluation: Score age-appropriate developmental indicators; example target 2/5 to 4/5.,NOC 0110 — Desenvolvimento infantil (English: Child Development). Exemplo de avaliação: Pontuar indicadores de desenvolvimento adequados à idade; exemplo de meta 2/5 para 4/5.
316,Risk for delayed infant motor development,Risco de atraso no desenvolvimento motor infantil,NIC 8250 — Infant Development. Example activities: Assess developmental cues; provide age-appropriate stimulation; involve caregivers in responsive interaction and play.,NIC 8250 — Promoção do desenvolvimento (English: Infant Development). Exemplos de atividades: Avaliar sinais do desenvolvimento; oferecer estimulação adequada à idade; envolver cuidadores em interação responsiva e brincadeira.,NOC 0110 — Child Development. Example evaluation: Score age-appropriate developmental indicators; example target 2/5 to 4/5.,NOC 0110 — Desenvolvimento infantil (English: Child Development). Exemplo de avaliação: Pontuar indicadores de desenvolvimento adequados à idade; exemplo de meta 2/5 para 4/5.
451,Impaired infant neurodevelopmental organization,Organização neurodesenvolvimental infantil prejudicada,NIC 8250 — Infant Development. Example activities: Assess developmental cues; provide age-appropriate stimulation; involve caregivers in responsive interaction and play.,NIC 8250 — Promoção do desenvolvimento (English: Infant Development). Exemplos de atividades: Avaliar sinais do desenvolvimento; oferecer estimulação adequada à idade; envolver cuidadores em interação responsiva e brincadeira.,NOC 0110 — Child Development. Example evaluation: Score age-appropriate developmental indicators; example target 2/5 to 4/5.,NOC 0110 — Desenvolvimento infantil (English: Child Development). Exemplo de avaliação: Pontuar indicadores de desenvolvimento adequados à idade; exemplo de meta 2/5 para 4/5.
452,Risk for impaired infant neurodevelopmental organization,Risco de organização neurodesenvolvimental prejudicada em bebês,NIC 8250 — Infant Development. Example activities: Assess developmental cues; provide age-appropriate stimulation; involve caregivers in responsive interaction and play.,NIC 8250 — Promoção do desenvolvimento (English: Infant Development). Exemplos de atividades: Avaliar sinais do desenvolvimento; oferecer estimulação adequada à idade; envolver cuidadores em interação responsiva e brincadeira.,NOC 0110 — Child Development. Example evaluation: Score age-appropriate developmental indicators; example target 2/5 to 4/5.,NOC 0110 — Desenvolvimento infantil (English: Child Development). Exemplo de avaliação: Pontuar indicadores de desenvolvimento adequados à idade; exemplo de meta 2/5 para 4/5.
453,Readiness for enhanced infant neurodevelopmental organization,Prontidão para o aprimoramento da organização neurodesenvolvimental em bebês,NIC 8250 — Infant Development. Example activities: Assess developmental cues; provide age-appropriate stimulation; involve caregivers in responsive interaction and play.,NIC 8250 — Promoção do desenvolvimento (English: Infant Development). Exemplos de atividades: Avaliar sinais do desenvolvimento; oferecer estimulação adequada à idade; envolver cuidadores em interação responsiva e brincadeira.,NOC 0110 — Child Development. Example evaluation: Score age-appropriate developmental indicators; example target 2/5 to 4/5.,NOC 0110 — Desenvolvimento infantil (English: Child Development). Exemplo de avaliação: Pontuar indicadores de desenvolvimento adequados à idade; exemplo de meta 2/5 para 4/5.
295,Ineffective infant suck-swallow response,Resposta de sucção-deglutição ineficaz em bebês,NIC 1803 — Self-Care Assistance: Feeding. Example activities: Assess ability to eat; position safely; provide adaptive assistance and monitor intake and tolerance.,NIC 1803 — Assistência no autocuidado: alimentação (English: Self-Care Assistance: Feeding). Exemplos de atividades: Avaliar capacidade para alimentar-se; posicionar com segurança; oferecer ajuda adaptada e monitorar ingestão e tolerância.,NOC 0303 — Self-Care: Eating. Example evaluation: Score ability to eat safely/independently; example target: from 2/5 to 4/5.,NOC 0303 — Autocuidado: alimentação (English: Self-Care: Eating). Exemplo de avaliação: Pontuar capacidade de alimentar-se com segurança/independência; exemplo de meta: de 2/5 para 4/5.
