review_priority,evidence_basis,code,description_en,description_pt,nanda_domain,nanda_class,nanda_source_page,nanda_pdf_page,nic_code,nic_label_en,nic_label_pt,nic_reuse_count,noc_code,noc_label_en,noc_label_pt,noc_reuse_count,mapping_confidence,mapping_status,contextual_alternative_count,contextual_nic_codes,contextual_noc_codes,mapping_reference,mapping_rationale,mapping_review_date
high,edition_baseline_plus_semantic_match,00085,Impaired physical mobility,Mobilidade física prejudicada,4,2,353,432,0221,Exercise Therapy: Ambulation,Terapia com Exercício: Deambulação,6,0208,Mobility,Mobilidade,9,moderate,curated_current_editions_contextual,0,,,https://nursing.uiowa.edu/center-for-nursing-classification-and-clinical-effectiveness,Ambulation-focused exercise therapy supports mobility; Mobility is the direct broad outcome.,2026-09-08
high,specific_literature_or_source,00087,Risk for perioperative positioning injury,Risco de lesão por posicionamento perioperatório,11,2,549,683,0842,Positioning: Intraoperative,Posicionamento: Intraoperatório,1,0204,Immobility Consequences: Physiological,Consequências da Imobilidade: Fisiológicas,1,moderate,curated_current_editions_contextual,1,,1902 Risk Control,https://www.researchgate.net/publication/324549548_Nursing_Outcomes_for_Patients_with_Risk_of_Perioperative_Positioning_Injury,Intraoperative positioning is diagnosis-specific; NOC 0204 (Immobility Consequences: Physiological) is a current physiologic surveillance outcome but remains broader than positioning injury itself.,2026-09-08
high,edition_baseline_plus_semantic_match,00091,Impaired bed mobility,Mobilidade reduzida no leito,4,2,356,436,0221,Exercise Therapy: Ambulation,Terapia com Exercício: Deambulação,6,0208,Mobility,Mobilidade,9,moderate,curated_current_editions_contextual,0,,,https://nursing.uiowa.edu/center-for-nursing-classification-and-clinical-effectiveness,Ambulation-focused exercise therapy supports mobility; Mobility is the direct broad outcome.,2026-09-08
high,specific_literature_or_source,00141,Post-trauma syndrome,Síndrome pós-traumática,9,1,483,597,5230,Coping Enhancement,Melhora do Enfrentamento,5,1305,Psychosocial Adjustment: Life Change,Ajuste Psicossocial: Mudança de Vida,3,moderate,curated_current_editions_contextual,0,,,https://doi.org/10.1111/2047-3095.12323,Coping enhancement and psychosocial adjustment are central to post-trauma adaptation.,2026-09-08
high,specific_literature_or_source,00145,Risk for post-trauma syndrome,Risco de síndrome pós-traumática,9,1,485,599,5230,Coping Enhancement,Melhora do Enfrentamento,5,1305,Psychosocial Adjustment: Life Change,Ajuste Psicossocial: Mudança de Vida,3,moderate,curated_current_editions_contextual,0,,,https://doi.org/10.1111/2047-3095.12323,Coping enhancement and psychosocial adjustment are central to post-trauma adaptation.,2026-09-08
high,current_edition_code_label_listing_plus_semantic_match,00156,Risk for sudden infant death,Risco de morte súbita infantil,11,2,593,746,6824,Infant Care: Newborn,Cuidados com o Lactente: Recém-Nascido,1,1947,Safe Home Environment: Child's Room,Ambiente Domiciliar Seguro: Quarto da Criança,1,moderate,curated_current_editions_contextual,0,,,https://www.salusplay.com/apuntes/pae-y-diagnosticos-de-enfermeria-nanda-noc-y-nic/anexo-2-clasificacion-completa-de-resultados-de-enfermeria-noc-2024-8,"Newborn care with a safe child-room environment is more specific than generic Risk Control for SIDS-risk prevention, but it does not replace evidence-based safe-sleep guidance.",2026-09-08
high,edition_baseline_plus_semantic_match,00167,Readiness for enhanced self-concept,Prontidão para um autoconceito aprimorado,6,1,426,527,5390,Self-Awareness Enhancement,Melhora da Autoconsciência,2,1205,Self-Esteem,Autoestima,7,moderate,curated_current_editions_contextual,0,,,https://nursing.uiowa.edu/center-for-nursing-classification-and-clinical-effectiveness,Self-awareness work supports self-concept/identity; Self-Esteem provides a measurable self-perception outcome.,2026-09-08
high,edition_baseline_plus_semantic_match,00169,Impaired religiosity,Religiosidade prejudicada,10,3,531,658,5420,Spiritual Support,Apoio Espiritual,6,2001,Spiritual Health,Saúde Espiritual,7,moderate,curated_current_editions_contextual,0,,,https://nursing.uiowa.edu/center-for-nursing-classification-and-clinical-effectiveness,Spiritual Support and Spiritual Health are the closest broad standardized targets for religiosity diagnoses.,2026-09-08
high,edition_baseline_plus_semantic_match,00170,Risk for impaired religiosity,Risco de religiosidade prejudicada,10,3,533,660,5420,Spiritual Support,Apoio Espiritual,6,2001,Spiritual Health,Saúde Espiritual,7,moderate,curated_current_editions_contextual,0,,,https://nursing.uiowa.edu/center-for-nursing-classification-and-clinical-effectiveness,Spiritual Support and Spiritual Health are the closest broad standardized targets for religiosity diagnoses.,2026-09-08
high,edition_baseline_plus_semantic_match,00171,Readiness for enhanced religiosity,Prontidão para uma religiosidade reforçada,10,3,534,661,5420,Spiritual Support,Apoio Espiritual,6,2001,Spiritual Health,Saúde Espiritual,7,moderate,curated_current_editions_contextual,0,,,https://nursing.uiowa.edu/center-for-nursing-classification-and-clinical-effectiveness,Spiritual Support and Spiritual Health are the closest broad standardized targets for religiosity diagnoses.,2026-09-08
high,edition_baseline_plus_semantic_match,00175,Moral distress,Angústia moral,10,3,524,649,5480,Values Clarification,Esclarecimento de Valores,1,2001,Spiritual Health,Saúde Espiritual,7,moderate,curated_current_editions_contextual,0,,,https://nursing.uiowa.edu/center-for-nursing-classification-and-clinical-effectiveness,Values Clarification supports moral conflict; Spiritual Health is used as a broad value/meaning outcome.,2026-09-08
high,edition_baseline_plus_semantic_match,00180,Risk for contamination,Risco de contaminação,11,4,610,767,6540,Infection Control,Controle de Infecção,4,1902,Risk Control,Controle de Risco,12,moderate,curated_current_editions_contextual,0,,,https://nursing.uiowa.edu/center-for-nursing-classification-and-clinical-effectiveness,Infection/environmental controls with general risk control are used as a conservative contamination linkage.,2026-09-08
high,edition_baseline_plus_semantic_match,00181,Contamination,Contaminação,11,4,607,763,6540,Infection Control,Controle de Infecção,4,1902,Risk Control,Controle de Risco,12,moderate,curated_current_editions_contextual,0,,,https://nursing.uiowa.edu/center-for-nursing-classification-and-clinical-effectiveness,Infection/environmental controls with general risk control are used as a conservative contamination linkage.,2026-09-08
high,current_edition_code_label_listing_plus_semantic_match,00208,Readiness for enhanced childbearing process,Preparação para um processo de gestação aprimorado,7,3,474,585,6960,Prenatal Care,Cuidados Pré-Natais,3,2509,Maternal Status: Antepartum,Estado Materno: Anteparto,4,moderate,curated_current_editions_contextual,5,6760 Childbirth Preparation; 6830 Intrapartum Care; 6930 Postpartum Care,2510 Maternal Status: Intrapartum; 2511 Maternal Status: Postpartum,https://www.salusplay.com/blog/clasificacion-completa-intervenciones-enfermeria-nic-2024/,Legacy NIC 6780 is not present in NIC 8th. Prenatal Care (6960) and Maternal Status: Antepartum (2509) are used as compatibility primaries; intrapartum/postpartum alternatives are exposed separately because childbearing-process care is phase dependent.,2026-09-08
high,current_edition_code_label_listing_plus_semantic_match,00221,Ineffective childbearing process,Processo de gravidez ineficaz,7,3,471,582,6960,Prenatal Care,Cuidados Pré-Natais,3,2509,Maternal Status: Antepartum,Estado Materno: Anteparto,4,moderate,curated_current_editions_contextual,5,6760 Childbirth Preparation; 6830 Intrapartum Care; 6930 Postpartum Care,2510 Maternal Status: Intrapartum; 2511 Maternal Status: Postpartum,https://www.salusplay.com/blog/clasificacion-completa-intervenciones-enfermeria-nic-2024/,Legacy NIC 6780 is not present in NIC 8th. Prenatal Care (6960) and Maternal Status: Antepartum (2509) are used as compatibility primaries; intrapartum/postpartum alternatives are exposed separately because childbearing-process care is phase dependent.,2026-09-08
high,current_edition_code_label_listing_plus_semantic_match,00227,Risk for ineffective childbearing process,Risco de processo reprodutivo ineficaz,7,3,473,584,6960,Prenatal Care,Cuidados Pré-Natais,3,2509,Maternal Status: Antepartum,Estado Materno: Anteparto,4,moderate,curated_current_editions_contextual,5,6760 Childbirth Preparation; 6830 Intrapartum Care; 6930 Postpartum Care,2510 Maternal Status: Intrapartum; 2511 Maternal Status: Postpartum,https://www.salusplay.com/blog/clasificacion-completa-intervenciones-enfermeria-nic-2024/,Legacy NIC 6780 is not present in NIC 8th. Prenatal Care (6960) and Maternal Status: Antepartum (2509) are used as compatibility primaries; intrapartum/postpartum alternatives are exposed separately because childbearing-process care is phase dependent.,2026-09-08
high,edition_baseline_plus_semantic_match,00245,Risk for corneal injury,Risco de lesão na córnea,11,2,546,679,1650,Eye Care,Cuidados com os Olhos,1,1101,Tissue Integrity: Skin & Mucous Membranes,Integridade Tissular: Pele e Mucosas,6,moderate,curated_current_editions_contextual,0,,,https://nursing.uiowa.edu/center-for-nursing-classification-and-clinical-effectiveness,Eye Care plus tissue/mucous-membrane integrity targets prevention of corneal injury.,2026-09-08
high,edition_baseline_plus_semantic_match,00271,Ineffective infant feeding dynamics,Dinâmica ineficaz da alimentação infantil,2,1,298,358,1050,Feeding,Alimentação,2,1008,Nutritional Status: Food and Fluid Intake,Estado Nutricional: Ingestão de Alimentos e Líquidos,1,moderate,curated_current_editions_contextual,0,,,https://nursing.uiowa.edu/center-for-nursing-classification-and-clinical-effectiveness,Feeding support and Food/Fluid Intake directly address ineffective infant feeding dynamics.,2026-09-08
high,specific_literature_or_source,00273,Imbalanced energy field,Campo energético desequilibrado,1,1,212,246,5465,Therapeutic Touch,Toque Terapêutico,1,2002,Personal Well-Being,Bem-Estar Pessoal,2,moderate,curated_current_editions_contextual,0,,,https://doi.org/10.1590/0034-7167-2025-0119,Current literature specifically discusses the diagnostic concept in relation to Therapeutic Touch; well-being is used as a conservative measurable patient outcome.,2026-09-08
high,specific_literature_or_source,00276,Ineffective health self-management,Autogestão ineficaz da saúde,1,2,214,248,4480,Self-Responsibility Facilitation,Facilitação da Autorresponsabilidade,4,1613,Self-Management of Care,Autogestão dos Cuidados,2,moderate,curated_current_editions_contextual,0,,,https://doi.org/10.1111/jan.15503,Self-direction and responsibility are closer to self-management than generic disease knowledge alone.,2026-09-08
high,specific_literature_or_source,00292,Ineffective health maintenance behaviours,Comportamentos ineficazes de manutenção da saúde,1,2,255,303,4480,Self-Responsibility Facilitation,Facilitação da Autorresponsabilidade,4,1602,Health Promoting Behaviour,Comportamento de Promoção da Saúde,3,moderate,curated_current_editions_contextual,0,,,https://doi.org/10.1111/jan.15503,Health-maintenance behaviour is better represented by health-promoting behaviour than disease-process knowledge.,2026-09-08
high,specific_literature_or_source,00293,Readiness for enhanced health self-management,Preparação para uma melhor autogestão da saúde,1,2,218,253,5510,Health Education,Educação em Saúde,1,1602,Health Promoting Behaviour,Comportamento de Promoção da Saúde,3,moderate,curated_current_editions_contextual,0,,,https://doi.org/10.1111/jan.15503,Readiness for improved self-management is best tracked as health-promoting behaviour with education support.,2026-09-08
high,current_edition_code_label_listing_plus_semantic_match,00305,Risk for delayed child development,Risco de atraso no desenvolvimento infantil,13,2,664,834,8274,Child Care,Cuidados com a Criança,2,0107,Child Development: 5 Years,Desenvolvimento Infantil: 5 Anos,2,moderate,curated_current_editions_contextual,8,5650 Teaching: Middle Childhood Development (6-12 Years); 5670 Teaching: Adolescent Development (12-21 Years); 5680 Teaching: Early Childhood Development (1-5 Years),0127 Child Development: 6-7 Years; 0128 Child Development: 8-10 Years; 0129 Child Development: Early Adolescence; 0130 Child Development: Late Adolescence; 0131 Child Development: Middle Adolescence,https://www.salusplay.com/blog/clasificacion-completa-intervenciones-enfermeria-nic-2024/,NIC 8274 is now labelled Child Care in NIC 8th. NOC development outcomes are age-specific; 0107 remains only a compatibility representative while age-specific alternatives are returned by the API.,2026-09-08
high,current_edition_code_label_listing_plus_semantic_match,00314,Delayed child development,Atraso no desenvolvimento infantil,13,2,662,831,8274,Child Care,Cuidados com a Criança,2,0107,Child Development: 5 Years,Desenvolvimento Infantil: 5 Anos,2,moderate,curated_current_editions_contextual,8,5650 Teaching: Middle Childhood Development (6-12 Years); 5670 Teaching: Adolescent Development (12-21 Years); 5680 Teaching: Early Childhood Development (1-5 Years),0127 Child Development: 6-7 Years; 0128 Child Development: 8-10 Years; 0129 Child Development: Early Adolescence; 0130 Child Development: Late Adolescence; 0131 Child Development: Middle Adolescence,https://www.salusplay.com/blog/clasificacion-completa-intervenciones-enfermeria-nic-2024/,NIC 8274 is now labelled Child Care in NIC 8th. NOC development outcomes are age-specific; 0107 remains only a compatibility representative while age-specific alternatives are returned by the API.,2026-09-08
high,edition_baseline_plus_semantic_match,00315,Delayed infant motor development,Atraso no desenvolvimento motor infantil,13,2,666,836,8278,Developmental Enhancement: Infant,Melhora do Desenvolvimento: Lactente,2,0208,Mobility,Mobilidade,9,moderate,curated_current_editions_contextual,7,,0100 Child Development: 2 Months; 0101 Child Development: 4 Months; 0102 Child Development: 6 Months; 0103 Child Development: 12 Months; 0120 Child Development: 1 Month; 0125 Child Development: 9 Months; 0126 Child Development: 18 Months,https://nursing.uiowa.edu/center-for-nursing-classification-and-clinical-effectiveness,Infant developmental enhancement plus Mobility targets infant motor development; age-specific developmental outcomes should supplement this primary mapping.,2026-09-08
high,edition_baseline_plus_semantic_match,00316,Risk for delayed infant motor development,Risco de atraso no desenvolvimento motor infantil,13,2,668,838,8278,Developmental Enhancement: Infant,Melhora do Desenvolvimento: Lactente,2,0208,Mobility,Mobilidade,9,moderate,curated_current_editions_contextual,7,,0100 Child Development: 2 Months; 0101 Child Development: 4 Months; 0102 Child Development: 6 Months; 0103 Child Development: 12 Months; 0120 Child Development: 1 Month; 0125 Child Development: 9 Months; 0126 Child Development: 18 Months,https://nursing.uiowa.edu/center-for-nursing-classification-and-clinical-effectiveness,Infant developmental enhancement plus Mobility targets infant motor development; age-specific developmental outcomes should supplement this primary mapping.,2026-09-08
high,edition_baseline_plus_semantic_match,00324,Risk for impaired physical mobility,Risco de mobilidade física comprometida,4,2,355,434,0221,Exercise Therapy: Ambulation,Terapia com Exercício: Deambulação,6,0208,Mobility,Mobilidade,9,moderate,curated_current_editions_contextual,0,,,https://nursing.uiowa.edu/center-for-nursing-classification-and-clinical-effectiveness,Ambulation-focused exercise therapy supports mobility; Mobility is the direct broad outcome.,2026-09-08
high,edition_baseline_plus_semantic_match,00325,Inadequate self-compassion,Autocompaixão inadequada,9,2,507,628,5270,Emotional Support,Apoio Emocional,4,1205,Self-Esteem,Autoestima,7,moderate,curated_current_editions_contextual,0,,,https://nursing.uiowa.edu/center-for-nursing-classification-and-clinical-effectiveness,Emotional support and self-esteem are conservative measurable targets for inadequate self-compassion.,2026-09-08
high,specific_literature_or_source,00340,Readiness for enhanced healthy ageing,Preparação para um envelhecimento saudável aprimorado,1,2,268,320,8340,Resilience Promotion,Promoção da Resiliência,4,0113,Physical Ageing,Envelhecimento Físico,1,moderate,curated_current_editions_contextual,0,,,https://doi.org/10.1111/2047-3095.12225,Resilience promotion plus Physical Ageing provides a measurable healthy-ageing trajectory.,2026-09-08
high,specific_literature_or_source,00341,Readiness for enhanced transgender social identity,Prontidão para uma identidade social transgênero aprimorada,6,1,432,535,5440,Support System Enhancement,Melhora do Sistema de Apoio,2,1504,Social Support,Apoio Social,2,moderate,curated_current_editions_contextual,0,,,https://doi.org/10.1177/20473087261445590,Support-system enhancement supports transgender social identity and social support.,2026-09-08
high,edition_baseline_plus_semantic_match,00342,Impaired end-of-life comfort syndrome,Síndrome de conforto no fim da vida prejudicada,12,1,640,804,6482,Environmental Management: Comfort,Controle do Ambiente: Conforto,3,2109,Discomfort Level,Nível de Desconforto,1,moderate,curated_current_editions_contextual,0,,,https://nursing.uiowa.edu/center-for-nursing-classification-and-clinical-effectiveness,Comfort-focused environmental care and discomfort level are conservative measurable end-of-life comfort targets.,2026-09-08
high,edition_baseline_plus_semantic_match,00352,Ineffective dry mouth self-management,Autogestão ineficaz da boca seca,1,2,229,268,1710,Oral Health Maintenance,Manutenção da Saúde Oral,4,1100,Oral Health,Saúde Oral,2,moderate,curated_current_editions_contextual,0,,,https://nursing.uiowa.edu/center-for-nursing-classification-and-clinical-effectiveness,Oral-health maintenance and Oral Health are closer to dry-mouth consequences than generic disease knowledge.,2026-09-08
high,edition_baseline_plus_semantic_match,00362,Risk for imbalanced blood pressure,Risco de pressão arterial desequilibrada,4,4,374,459,4150,Haemodynamic Regulation,Regulação Hemodinâmica,1,0401,Circulation Status,Estado Circulatório,2,moderate,curated_current_editions_contextual,2,,1928 Risk Control: Hypertension; 1933 Risk Control: Hypotension,https://nursing.uiowa.edu/center-for-nursing-classification-and-clinical-effectiveness,Haemodynamic regulation and Circulation Status are aligned to blood-pressure instability risk.,2026-09-08
high,edition_baseline_plus_semantic_match,00363,Impaired sitting ability,Capacidade de sentar-se prejudicada,4,2,359,440,0221,Exercise Therapy: Ambulation,Terapia com Exercício: Deambulação,6,0208,Mobility,Mobilidade,9,moderate,curated_current_editions_contextual,0,,,https://nursing.uiowa.edu/center-for-nursing-classification-and-clinical-effectiveness,Ambulation-focused exercise therapy supports mobility; Mobility is the direct broad outcome.,2026-09-08
high,edition_baseline_plus_semantic_match,00364,Impaired standing ability,Capacidade de ficar em pé prejudicada,4,2,360,442,0221,Exercise Therapy: Ambulation,Terapia com Exercício: Deambulação,6,0208,Mobility,Mobilidade,9,moderate,curated_current_editions_contextual,0,,,https://nursing.uiowa.edu/center-for-nursing-classification-and-clinical-effectiveness,Ambulation-focused exercise therapy supports mobility; Mobility is the direct broad outcome.,2026-09-08
high,specific_literature_or_source,00369,Risk for ineffective health self-management,Risco de autogestão ineficaz da saúde,1,2,216,251,4480,Self-Responsibility Facilitation,Facilitação da Autorresponsabilidade,4,1613,Self-Management of Care,Autogestão dos Cuidados,2,moderate,curated_current_editions_contextual,0,,,https://doi.org/10.1111/jan.15503,Self-direction and responsibility are closer to self-management than generic disease knowledge alone.,2026-09-08
high,specific_literature_or_source,00376,Readiness for enhanced social comfort,Prontidão para maior conforto social,12,3,647,814,5100,Socialization Enhancement,Melhora da Socialização,5,2012,Comfort Status: Sociocultural,Estado de Conforto: Sociocultural,1,moderate,curated_current_editions_contextual,0,,,https://doi.org/10.1177/20473087261445590,Socialization enhancement and sociocultural comfort align with readiness for enhanced social comfort.,2026-09-08
high,specific_literature_or_source,00395,Risk for ineffective health maintenance behaviours,Risco de comportamentos ineficazes de manutenção da saúde,1,2,257,306,4480,Self-Responsibility Facilitation,Facilitação da Autorresponsabilidade,4,1602,Health Promoting Behaviour,Comportamento de Promoção da Saúde,3,moderate,curated_current_editions_contextual,0,,,https://doi.org/10.1111/jan.15503,Health-maintenance behaviour is better represented by health-promoting behaviour than disease-process knowledge.,2026-09-08
high,edition_baseline_plus_semantic_match,00412,Risk for ineffective dry mouth self-management,Risco de autogestão ineficaz da boca seca,1,2,232,272,1710,Oral Health Maintenance,Manutenção da Saúde Oral,4,1100,Oral Health,Saúde Oral,2,moderate,curated_current_editions_contextual,0,,,https://nursing.uiowa.edu/center-for-nursing-classification-and-clinical-effectiveness,Oral-health maintenance and Oral Health are closer to dry-mouth consequences than generic disease knowledge.,2026-09-08
high,specific_literature_or_source,00439,Risk for disrupted attachment behaviours,Risco de comportamentos de apego perturbado,7,2,461,570,7110,Family Involvement Promotion,Promoção do Envolvimento Familiar,3,1500,Parent-Infant Attachment,Vínculo Pais-Lactente,1,moderate,curated_current_editions_contextual,0,,,https://doi.org/10.1111/2047-3095.12323,Family involvement supports attachment processes; Parent-Infant Attachment is the closest NOC outcome.,2026-09-08
high,specific_literature_or_source,00445,Risk for ineffective intimate partner relationship,Risco de relacionamento íntimo ineficaz,7,3,467,577,5240,Counselling,Aconselhamento,3,1502,Social Interaction Skills,Habilidades de Interação Social,4,moderate,curated_current_editions_contextual,0,,,https://doi.org/10.1111/jan.16652,Counselling plus social interaction skills is a safer relationship-focused linkage than the prior pregnancy-specific mapping.,2026-09-08
high,specific_literature_or_source,00446,Readiness for enhanced intimate partner relationship,Prontidão para um relacionamento íntimo mais profundo,7,3,468,578,5240,Counselling,Aconselhamento,3,1502,Social Interaction Skills,Habilidades de Interação Social,4,moderate,curated_current_editions_contextual,0,,,https://doi.org/10.1111/jan.16652,Counselling plus social interaction skills is a safer relationship-focused linkage than the prior pregnancy-specific mapping.,2026-09-08
high,specific_literature_or_source,00449,Ineffective intimate relationship,relacionamento íntimo ineficaz,7,3,465,574,5240,Counselling,Aconselhamento,3,1502,Social Interaction Skills,Habilidades de Interação Social,4,moderate,curated_current_editions_contextual,0,,,https://doi.org/10.1111/jan.16652,Counselling plus social interaction skills is a safer relationship-focused linkage than the prior pregnancy-specific mapping.,2026-09-08
high,current_edition_code_label_listing_plus_semantic_match,00461,Impaired nipple-areolar complex integrity,Integridade comprometida do complexo aréolo-mamilar,11,2,572,716,5244,Breastfeeding Counselling,Aconselhamento sobre Amamentação,9,1101,Tissue Integrity: Skin & Mucous Membranes,Integridade Tissular: Pele e Mucosas,6,moderate,curated_current_editions_contextual,1,3660 Wound Care,,https://www.salusplay.com/blog/clasificacion-completa-intervenciones-enfermeria-nic-2024/,Legacy NIC 1054 is not listed in NIC 8th. Breastfeeding Counselling (5244) can address nipple care/feeding technique while Tissue Integrity tracks the injury; wound/skin interventions may be selected after assessment.,2026-09-08
high,current_edition_code_label_listing_plus_semantic_match,00462,Risk for impaired nipple-areolar complex integrity,Risco de comprometimento da integridade do complexo aréolo-mamilar,11,2,574,719,5244,Breastfeeding Counselling,Aconselhamento sobre Amamentação,9,1902,Risk Control,Controle de Risco,12,moderate,curated_current_editions_contextual,2,3590 Skin Surveillance,1101 Tissue Integrity: Skin & Mucous Membranes,https://www.salusplay.com/blog/clasificacion-completa-intervenciones-enfermeria-nic-2024/,Legacy NIC 1054 is not listed in NIC 8th. Breastfeeding Counselling (5244) supports preventive technique; general Risk Control remains a compatibility outcome pending patient-specific risk selection.,2026-09-08
high,edition_baseline_plus_semantic_match,00488,Risk for compromised human dignity,Risco de violação da dignidade humana,6,1,431,534,5270,Emotional Support,Apoio Emocional,4,2002,Personal Well-Being,Bem-Estar Pessoal,2,moderate,curated_current_editions_contextual,0,,,https://nursing.uiowa.edu/center-for-nursing-classification-and-clinical-effectiveness,Emotional support and personal well-being are conservative targets when dignity is threatened.,2026-09-08
high,edition_baseline_plus_semantic_match,00493,Disrupted thought processes,Processos de pensamento interrompidos,5,4,409,506,4720,Cognitive Stimulation,Estimulação Cognitiva,1,0900,Cognition,Cognição,3,moderate,curated_current_editions_contextual,0,,,https://nursing.uiowa.edu/center-for-nursing-classification-and-clinical-effectiveness,Cognitive Stimulation and Cognition align with disrupted thought processes.,2026-09-08
high,edition_baseline_plus_semantic_match,00494,Disrupted personal identity,Identidade pessoal perturbada,6,1,427,528,5390,Self-Awareness Enhancement,Melhora da Autoconsciência,2,1205,Self-Esteem,Autoestima,7,moderate,curated_current_editions_contextual,0,,,https://nursing.uiowa.edu/center-for-nursing-classification-and-clinical-effectiveness,Self-awareness work supports self-concept/identity; Self-Esteem provides a measurable self-perception outcome.,2026-09-08
medium,edition_baseline_plus_semantic_match,00007,Hyperthermia,Hipertermia,11,6,630,793,3900,Temperature Regulation,Regulação da Temperatura,9,0800,Thermoregulation,Termorregulação,9,high,curated_current_editions_contextual,0,,,https://nursing.uiowa.edu/center-for-nursing-classification-and-clinical-effectiveness,Temperature Regulation and Thermoregulation directly match thermoregulation diagnoses.,2026-09-08
medium,edition_baseline_plus_semantic_match,00008,Ineffective thermoregulation,Termorregulação ineficaz,11,6,620,778,3900,Temperature Regulation,Regulação da Temperatura,9,0800,Thermoregulation,Termorregulação,9,high,curated_current_editions_contextual,0,,,https://nursing.uiowa.edu/center-for-nursing-classification-and-clinical-effectiveness,Temperature Regulation and Thermoregulation directly match thermoregulation diagnoses.,2026-09-08
medium,current_edition_code_label_listing_plus_semantic_match,00010,Risk for autonomic dysreflexia,Risco de disreflexia autonômica,9,3,515,637,2620,Neurologic Monitoring,Monitoração Neurológica,2,0910,Neurological Function: Autonomic,Função Neurológica: Autonômica,1,high,curated_current_editions_contextual,0,,,https://www.salusplay.com/apuntes/pae-y-diagnosticos-de-enfermeria-nanda-noc-y-nic/anexo-2-clasificacion-completa-de-resultados-de-enfermeria-noc-2024-8,Neurologic Monitoring with Neurological Function: Autonomic directly targets autonomic dysreflexia rather than the prior nonspecific Cognition outcome.,2026-09-08
medium,edition_baseline_plus_semantic_match,00026,Excessive fluid volume,Volume excessivo de fluido,2,5,311,376,4120,Fluid Management,Controle de Líquidos,5,0603,Fluid Overload Severity,Gravidade da Sobrecarga Hídrica,2,high,curated_current_editions_contextual,0,,,https://nursing.uiowa.edu/center-for-nursing-classification-and-clinical-effectiveness,Fluid Overload Severity directly measures excessive fluid volume.,2026-09-08
medium,edition_baseline_plus_semantic_match,00039,Risk for aspiration,Risco de aspiração,11,2,583,732,3200,Aspiration Precautions,Precauções contra Aspiração,1,0410,Respiratory Status: Airway Patency,Estado Respiratório: Permeabilidade das Vias Aéreas,2,high,curated_current_editions_contextual,0,,,https://nursing.uiowa.edu/center-for-nursing-classification-and-clinical-effectiveness,Aspiration Precautions and airway patency directly address aspiration risk; corrects the prior overly generic Airway Management mapping.,2026-09-08
medium,edition_baseline_plus_semantic_match,00042,Risk for latex allergy reaction,Risco de reação alérgica ao látex,11,5,619,776,6570,Latex Precautions,Precauções com Látex,1,0707,Immune Hypersensitivity Response,Resposta de Hipersensibilidade Imunológica,2,high,curated_current_editions_contextual,0,,,https://nursing.uiowa.edu/center-for-nursing-classification-and-clinical-effectiveness,Latex Precautions and Immune Hypersensitivity Response directly address latex-allergy risk.,2026-09-08
medium,edition_baseline_plus_semantic_match,00045,Impaired oral mucous membrane integrity,Integridade da membrana mucosa oral comprometida,11,2,576,721,1710,Oral Health Maintenance,Manutenção da Saúde Oral,4,1101,Tissue Integrity: Skin & Mucous Membranes,Integridade Tissular: Pele e Mucosas,6,high,curated_current_editions_contextual,0,,,https://nursing.uiowa.edu/center-for-nursing-classification-and-clinical-effectiveness,Oral health maintenance and tissue/mucous-membrane integrity directly address oral mucosa.,2026-09-08
medium,edition_baseline_plus_semantic_match,00047,Risk for impaired skin integrity,Risco de integridade da pele comprometida,11,2,570,714,3590,Skin Surveillance,Supervisão da Pele,2,1902,Risk Control,Controle de Risco,12,high,curated_current_editions_contextual,0,,,https://nursing.uiowa.edu/center-for-nursing-classification-and-clinical-effectiveness,Skin surveillance and risk control directly address threatened tissue/skin integrity.,2026-09-08
medium,edition_baseline_plus_semantic_match,00068,Readiness for enhanced spiritual well-being,Prontidão para um maior bem-estar espiritual,10,3,529,656,5420,Spiritual Support,Apoio Espiritual,6,2001,Spiritual Health,Saúde Espiritual,7,high,curated_current_editions_contextual,0,,,https://nursing.uiowa.edu/center-for-nursing-classification-and-clinical-effectiveness,Spiritual Support and Spiritual Health directly address spiritual well-being.,2026-09-08
medium,current_edition_code_label_listing_plus_semantic_match,00076,Readiness for enhanced community coping,Prontidão para uma melhor adaptação à comunidade,9,2,493,610,8500,Community Health Development,Desenvolvimento da Saúde Comunitária,4,2704,Community Resilience,Resiliência da Comunidade,2,high,curated_current_editions_contextual,1,,2701 Community Health Status,https://www.salusplay.com/apuntes/pae-y-diagnosticos-de-enfermeria-nanda-noc-y-nic/anexo-2-clasificacion-completa-de-resultados-de-enfermeria-noc-2024-8,"Corrects NOC 2700, which means Social Competence in NOC 7th. Community Resilience (2704) is the more direct community-level coping outcome.",2026-09-08
medium,edition_baseline_plus_semantic_match,00089,Impaired wheelchair mobility,Mobilidade reduzida em cadeira de rodas,4,2,357,438,0846,Positioning: Wheelchair,Posicionamento: Cadeira de Rodas,1,0208,Mobility,Mobilidade,9,high,curated_current_editions_contextual,0,,,https://nursing.uiowa.edu/center-for-nursing-classification-and-clinical-effectiveness,Wheelchair positioning is specific to impaired wheelchair mobility; Mobility measures functional change.,2026-09-08
medium,edition_baseline_plus_semantic_match,00129,Chronic confusion,Confusão crônica,5,4,406,502,6460,Dementia Management,Controle da Demência,1,0900,Cognition,Cognição,3,high,curated_current_editions_contextual,0,,,https://nursing.uiowa.edu/center-for-nursing-classification-and-clinical-effectiveness,Dementia Management is specific to chronic confusional states; Cognition measures status.,2026-09-08
medium,edition_baseline_plus_semantic_match,00131,Impaired memory,Memória prejudicada,5,4,414,511,4760,Memory Training,Treinamento da Memória,1,0908,Memory,Memória,1,high,curated_current_editions_contextual,0,,,https://nursing.uiowa.edu/center-for-nursing-classification-and-clinical-effectiveness,Memory Training and Memory directly target impaired memory.,2026-09-08
medium,edition_baseline_plus_semantic_match,00132,Acute pain,Dor aguda,12,1,641,806,1400,Pain Management,Controle da Dor,5,2102,Pain Level,Nível de Dor,4,high,curated_current_editions_contextual,0,,,https://nursing.uiowa.edu/center-for-nursing-classification-and-clinical-effectiveness,Pain Management and Pain Level directly address pain diagnoses.,2026-09-08
medium,edition_baseline_plus_semantic_match,00133,Chronic pain,dor crônica,12,1,643,809,1400,Pain Management,Controle da Dor,5,2102,Pain Level,Nível de Dor,4,high,curated_current_editions_contextual,0,,,https://nursing.uiowa.edu/center-for-nursing-classification-and-clinical-effectiveness,Pain Management and Pain Level directly address pain diagnoses.,2026-09-08
medium,edition_baseline_plus_semantic_match,00138,Risk for other-directed violence,Risco de violência direcionada a terceiros,11,3,596,749,6487,Environmental Management: Violence Prevention,Controle do Ambiente: Prevenção da Violência,1,1902,Risk Control,Controle de Risco,12,high,curated_current_editions_contextual,0,,,https://nursing.uiowa.edu/center-for-nursing-classification-and-clinical-effectiveness,Violence-prevention environmental management and Risk Control directly address other-directed violence risk.,2026-09-08
medium,edition_baseline_plus_semantic_match,00194,Neonatal Hyperbilirubinemia,Hiperbilirrubinemia neonatal,2,4,306,369,6924,Phototherapy: Neonate,Fototerapia: Neonato,2,0118,Newborn Adaptation,Adaptação do Recém-Nascido,2,high,curated_current_editions_contextual,0,,,https://uvadoc.uva.es/handle/10324/76379,Phototherapy: Neonate is current NIC; Newborn Adaptation provides a broader measurable neonatal outcome including bilirubin-related transition.,2026-09-08
medium,edition_baseline_plus_semantic_match,00205,Risk for shock,Risco de choque,11,2,589,740,4250,Shock Management,Controle do Choque,1,0401,Circulation Status,Estado Circulatório,2,high,curated_current_editions_contextual,0,,,https://nursing.uiowa.edu/center-for-nursing-classification-and-clinical-effectiveness,Shock Management and Circulation Status are direct safety/circulation targets.,2026-09-08
medium,edition_baseline_plus_semantic_match,00217,Risk for allergic reaction,Risco de reação alérgica,11,5,618,775,6410,Allergy Management,Controle de Alergias,1,0707,Immune Hypersensitivity Response,Resposta de Hipersensibilidade Imunológica,2,high,curated_current_editions_contextual,0,,,https://nursing.uiowa.edu/center-for-nursing-classification-and-clinical-effectiveness,Allergy Management and Immune Hypersensitivity Response directly address allergic-reaction risk.,2026-09-08
medium,current_edition_code_label_listing_plus_semantic_match,00222,Ineffective impulse control,Controle de impulsos ineficaz,5,4,408,504,4370,Impulse Control Training,Treinamento para Controle de Impulsos,1,1405,Self-Control of Impulses,Autocontrole dos Impulsos,1,high,curated_current_editions_contextual,0,,,https://www.salusplay.com/apuntes/pae-y-diagnosticos-de-enfermeria-nanda-noc-y-nic/anexo-2-clasificacion-completa-de-resultados-de-enfermeria-noc-2024-8,Impulse Control Training and Self-Control of Impulses directly align with ineffective impulse control in the current editions.,2026-09-08
medium,edition_baseline_plus_semantic_match,00230,Risk for neonatal hyperbilirubinemia,Risco de hiperbilirrubinemia neonatal,2,4,308,371,6924,Phototherapy: Neonate,Fototerapia: Neonato,2,0118,Newborn Adaptation,Adaptação do Recém-Nascido,2,high,curated_current_editions_contextual,0,,,https://uvadoc.uva.es/handle/10324/76379,Phototherapy: Neonate is current NIC; Newborn Adaptation provides a broader measurable neonatal outcome including bilirubin-related transition.,2026-09-08
medium,edition_baseline_plus_semantic_match,00235,Chronic functional constipation,constipação funcional crônica,3,2,334,406,0450,Constipation/Impaction Management,Controle da Constipação/Impactação,2,0501,Bowel Elimination,Eliminação Intestinal,4,high,curated_current_editions_contextual,0,,,https://nursing.uiowa.edu/center-for-nursing-classification-and-clinical-effectiveness,Constipation/Impaction Management is diagnosis-specific; Bowel Elimination measures resolution.,2026-09-08
medium,edition_baseline_plus_semantic_match,00236,Risk for chronic functional constipation,Risco de constipação funcional crônica,3,2,336,409,0450,Constipation/Impaction Management,Controle da Constipação/Impactação,2,0501,Bowel Elimination,Eliminação Intestinal,4,high,curated_current_editions_contextual,0,,,https://nursing.uiowa.edu/center-for-nursing-classification-and-clinical-effectiveness,Constipation/Impaction Management is diagnosis-specific; Bowel Elimination measures resolution.,2026-09-08
medium,edition_baseline_plus_semantic_match,00240,Risk for decreased cardiac output,Risco de diminuição do débito cardíaco,4,4,375,461,4040,Cardiac Care,Cuidados Cardíacos,1,0400,Cardiac Pump Effectiveness,Eficácia da Bomba Cardíaca,1,high,curated_current_editions_contextual,0,,,https://nursing.uiowa.edu/center-for-nursing-classification-and-clinical-effectiveness,Cardiac Care and Cardiac Pump Effectiveness directly address cardiac-output risk.,2026-09-08
medium,edition_baseline_plus_semantic_match,00247,Risk for impaired oral mucous membrane integrity,Risco de comprometimento da integridade da mucosa oral,11,2,578,724,1710,Oral Health Maintenance,Manutenção da Saúde Oral,4,1101,Tissue Integrity: Skin & Mucous Membranes,Integridade Tissular: Pele e Mucosas,6,high,curated_current_editions_contextual,0,,,https://nursing.uiowa.edu/center-for-nursing-classification-and-clinical-effectiveness,Oral health maintenance and tissue/mucous-membrane integrity directly address oral mucosa.,2026-09-08
medium,edition_baseline_plus_semantic_match,00248,Risk for impaired tissue integrity,Risco de integridade tecidual comprometida,11,2,566,708,3590,Skin Surveillance,Supervisão da Pele,2,1902,Risk Control,Controle de Risco,12,high,curated_current_editions_contextual,0,,,https://nursing.uiowa.edu/center-for-nursing-classification-and-clinical-effectiveness,Skin surveillance and risk control directly address threatened tissue/skin integrity.,2026-09-08
medium,edition_baseline_plus_semantic_match,00250,Risk for urinary tract injury,Risco de lesão do trato urinário,11,2,563,703,6610,Risk Identification,Identificação de Risco,10,1908,Risk Detection,Detecção de Risco,8,high,curated_current_editions_contextual,0,,,https://nursing.uiowa.edu/center-for-nursing-classification-and-clinical-effectiveness,Risk Identification and Risk Detection are appropriate primary safety linkages.,2026-09-08
medium,edition_baseline_plus_semantic_match,00255,Chronic pain syndrome,Síndrome da dor crônica,12,1,642,807,1400,Pain Management,Controle da Dor,5,2102,Pain Level,Nível de Dor,4,high,curated_current_editions_contextual,0,,,https://nursing.uiowa.edu/center-for-nursing-classification-and-clinical-effectiveness,Pain Management and Pain Level directly address pain diagnoses.,2026-09-08
medium,edition_baseline_plus_semantic_match,00256,Labour pain,dor do parto,12,1,645,811,1400,Pain Management,Controle da Dor,5,2102,Pain Level,Nível de Dor,4,high,curated_current_editions_contextual,0,,,https://nursing.uiowa.edu/center-for-nursing-classification-and-clinical-effectiveness,Pain Management and Pain Level directly address pain diagnoses.,2026-09-08
medium,current_edition_code_label_listing_plus_semantic_match,00258,Acute substance withdrawal syndrome,síndrome de abstinência aguda de substâncias,9,3,521,645,4514,Substance Use Treatment: Drug Withdrawal,Tratamento do Uso de Substâncias: Abstinência de Drogas,2,2108,Substance Withdrawal Severity,Severidade da Abstinência de Substâncias,2,high,curated_current_editions_contextual,3,4510 Substance Use Treatment; 4512 Substance Use Treatment: Alcohol Withdrawal,1407 Substance Addiction Consequences,https://www.salusplay.com/apuntes/pae-y-diagnosticos-de-enfermeria-nanda-noc-y-nic/anexo-2-clasificacion-completa-de-resultados-de-enfermeria-noc-2024-8,"Current NIC 8th includes Substance Use Treatment: Drug Withdrawal (4514), and NOC 7th includes Substance Withdrawal Severity (2108); these are more specific to withdrawal than generic addiction consequences.",2026-09-08
medium,current_edition_code_label_listing_plus_semantic_match,00259,Risk for acute substance withdrawal syndrome,Risco de síndrome de abstinência aguda de substâncias,9,3,522,646,4514,Substance Use Treatment: Drug Withdrawal,Tratamento do Uso de Substâncias: Abstinência de Drogas,2,2108,Substance Withdrawal Severity,Severidade da Abstinência de Substâncias,2,high,curated_current_editions_contextual,3,4510 Substance Use Treatment; 4512 Substance Use Treatment: Alcohol Withdrawal,1407 Substance Addiction Consequences,https://www.salusplay.com/apuntes/pae-y-diagnosticos-de-enfermeria-nanda-noc-y-nic/anexo-2-clasificacion-completa-de-resultados-de-enfermeria-noc-2024-8,"Current NIC 8th includes Substance Use Treatment: Drug Withdrawal (4514), and NOC 7th includes Substance Withdrawal Severity (2108); these are more specific to withdrawal than generic addiction consequences.",2026-09-08
medium,edition_baseline_plus_semantic_match,00269,Ineffective adolescent eating dynamics,Dinâmicas alimentares ineficazes na adolescência,2,1,302,363,1100,Nutrition Management,Controle da Nutrição,7,1004,Nutritional Status,Estado Nutricional,7,high,curated_current_editions_contextual,0,,,https://nursing.uiowa.edu/center-for-nursing-classification-and-clinical-effectiveness,Nutrition Management and Nutritional Status directly address intake/eating dynamics.,2026-09-08
medium,edition_baseline_plus_semantic_match,00270,Ineffective child eating dynamics,Dinâmica alimentar infantil ineficaz,2,1,300,361,1100,Nutrition Management,Controle da Nutrição,7,1004,Nutritional Status,Estado Nutricional,7,high,curated_current_editions_contextual,0,,,https://nursing.uiowa.edu/center-for-nursing-classification-and-clinical-effectiveness,Nutrition Management and Nutritional Status directly address intake/eating dynamics.,2026-09-08
medium,current_edition_code_label_listing_plus_semantic_match,00272,Risk for female genital mutilation,Risco de mutilação genital feminina,11,3,597,750,6400,Abuse Protection Support,Apoio à Proteção contra Abuso,1,2501,Protection from Abuse,Proteção contra Abuso,1,high,curated_current_editions_contextual,0,,,https://www.salusplay.com/apuntes/pae-y-diagnosticos-de-enfermeria-nanda-noc-y-nic/anexo-2-clasificacion-completa-de-resultados-de-enfermeria-noc-2024-8,Abuse Protection Support plus Protection from Abuse directly align with safeguarding for risk of female genital mutilation; legal and safeguarding protocols remain required.,2026-09-08
medium,edition_baseline_plus_semantic_match,00274,Risk for ineffective thermoregulation,Risco de termorregulação ineficaz,11,6,621,780,3900,Temperature Regulation,Regulação da Temperatura,9,0800,Thermoregulation,Termorregulação,9,high,curated_current_editions_contextual,0,,,https://nursing.uiowa.edu/center-for-nursing-classification-and-clinical-effectiveness,Temperature Regulation and Thermoregulation directly match thermoregulation diagnoses.,2026-09-08
medium,edition_baseline_plus_semantic_match,00285,Readiness for enhanced grieving,Preparação para um luto mais profundo,9,2,501,620,5290,Grief Work Facilitation,Facilitação do Processo de Luto,3,1304,Grief Resolution,Resolução do Luto,3,high,curated_current_editions_contextual,0,,,https://nursing.uiowa.edu/center-for-nursing-classification-and-clinical-effectiveness,Grief Work Facilitation and Grief Resolution directly address grieving.,2026-09-08
medium,edition_baseline_plus_semantic_match,00286,Risk for child pressure injury,Risco de lesão por pressão em crianças,11,2,557,693,3540,Pressure Injury Prevention,Prevenção de Lesão por Pressão,3,1902,Risk Control,Controle de Risco,12,high,curated_current_editions_contextual,0,,,https://nursing.uiowa.edu/center-for-nursing-classification-and-clinical-effectiveness,Pressure Injury Prevention and Risk Control directly target risk states.,2026-09-08
medium,edition_baseline_plus_semantic_match,00287,Neonatal pressure injury,Lesão por pressão neonatal,11,2,550,685,3520,Pressure Injury Care,Cuidados com Lesão por Pressão,3,1103,Wound Healing: Secondary Intention,Cicatrização de Feridas: Segunda Intenção,3,high,curated_current_editions_contextual,0,,,https://nursing.uiowa.edu/center-for-nursing-classification-and-clinical-effectiveness,Pressure-injury care and secondary-intention wound healing directly target established pressure injury.,2026-09-08
medium,edition_baseline_plus_semantic_match,00288,Risk for neonatal pressure injury,Risco de lesão por pressão neonatal,11,2,552,687,3540,Pressure Injury Prevention,Prevenção de Lesão por Pressão,3,1902,Risk Control,Controle de Risco,12,high,curated_current_editions_contextual,0,,,https://nursing.uiowa.edu/center-for-nursing-classification-and-clinical-effectiveness,Pressure Injury Prevention and Risk Control directly target risk states.,2026-09-08
medium,current_edition_code_label_listing_plus_semantic_match,00290,Risk for escape attempt,Risco de tentativa de fuga,11,2,594,747,6610,Risk Identification,Identificação de Risco,10,1920,Elopement Risk,Risco de Fuga,1,high,curated_current_editions_contextual,1,,1908 Risk Detection,https://www.salusplay.com/apuntes/pae-y-diagnosticos-de-enfermeria-nanda-noc-y-nic/anexo-2-clasificacion-completa-de-resultados-de-enfermeria-noc-2024-8,Risk Identification plus Elopement Risk (1920) is more specific than generic Risk Detection; facility-specific safety procedures remain required.,2026-09-08
medium,current_edition_code_label_listing_plus_semantic_match,00291,Risk for thrombosis,Risco de trombose,11,2,591,742,6610,Risk Identification,Identificação de Risco,10,1932,Risk Control: Thrombus,Controle do Risco: Trombo,1,high,curated_current_editions_contextual,1,,1902 Risk Control,https://www.salusplay.com/apuntes/pae-y-diagnosticos-de-enfermeria-nanda-noc-y-nic/anexo-2-clasificacion-completa-de-resultados-de-enfermeria-noc-2024-8,Risk Identification and Risk Control: Thrombus (1932) directly target thrombosis risk; local VTE protocol remains required.,2026-09-08
medium,edition_baseline_plus_semantic_match,00295,Ineffective infant suck-swallow response,Resposta de sucção-deglutição ineficaz em bebês,13,2,675,847,1050,Feeding,Alimentação,2,1010,Swallowing Status,Estado da Deglutição,2,high,curated_current_editions_contextual,0,,,https://nursing.uiowa.edu/center-for-nursing-classification-and-clinical-effectiveness,Feeding support plus Swallowing Status targets the suck-swallow response while avoiding the prior inappropriate self-care/eating outcome for an infant.,2026-09-08
medium,edition_baseline_plus_semantic_match,00301,Maladaptive grieving,Luto desadaptativo,9,2,498,616,5290,Grief Work Facilitation,Facilitação do Processo de Luto,3,1304,Grief Resolution,Resolução do Luto,3,high,curated_current_editions_contextual,0,,,https://nursing.uiowa.edu/center-for-nursing-classification-and-clinical-effectiveness,Grief Work Facilitation and Grief Resolution directly address grieving.,2026-09-08
medium,edition_baseline_plus_semantic_match,00302,Risk for maladaptive grieving,Risco de luto desadaptativo,9,2,500,618,5290,Grief Work Facilitation,Facilitação do Processo de Luto,3,1304,Grief Resolution,Resolução do Luto,3,high,curated_current_editions_contextual,0,,,https://nursing.uiowa.edu/center-for-nursing-classification-and-clinical-effectiveness,Grief Work Facilitation and Grief Resolution directly address grieving.,2026-09-08
medium,edition_baseline_plus_semantic_match,00303,Risk for adult falls,Risco de quedas em adultos,11,2,271,729,6490,Fall Prevention,Prevenção de Quedas,2,1909,Fall Prevention Behaviour,Comportamento de Prevenção de Quedas,2,high,curated_current_editions_contextual,0,,,https://nursing.uiowa.edu/center-for-nursing-classification-and-clinical-effectiveness,Fall Prevention and Fall Prevention Behaviour directly address fall risk.,2026-09-08
medium,edition_baseline_plus_semantic_match,00304,Risk for adult pressure injury,Risco de lesão por pressão em adultos,11,2,561,700,3540,Pressure Injury Prevention,Prevenção de Lesão por Pressão,3,1902,Risk Control,Controle de Risco,12,high,curated_current_editions_contextual,0,,,https://nursing.uiowa.edu/center-for-nursing-classification-and-clinical-effectiveness,Pressure Injury Prevention and Risk Control directly target risk states.,2026-09-08
medium,edition_baseline_plus_semantic_match,00306,Risk for child falls,Risco de quedas em crianças,11,2,579,726,6490,Fall Prevention,Prevenção de Quedas,2,1909,Fall Prevention Behaviour,Comportamento de Prevenção de Quedas,2,high,curated_current_editions_contextual,0,,,https://nursing.uiowa.edu/center-for-nursing-classification-and-clinical-effectiveness,Fall Prevention and Fall Prevention Behaviour directly address fall risk.,2026-09-08
medium,current_edition_code_label_listing_plus_semantic_match,00311,Risk for impaired cardiovascular function,Risco de comprometimento da função cardiovascular,4,4,372,457,4050,Cardiac Risk Management,Manejo do Risco Cardíaco,1,1914,Risk Control: Cardiovascular Disease,Controle do Risco: Doença Cardiovascular,1,high,curated_current_editions_contextual,1,,0414 Cardiopulmonary Function,https://www.salusplay.com/apuntes/pae-y-diagnosticos-de-enfermeria-nanda-noc-y-nic/anexo-2-clasificacion-completa-de-resultados-de-enfermeria-noc-2024-8,Cardiac Risk Management and Risk Control: Cardiovascular Disease directly target cardiovascular risk; Cardiopulmonary Function remains a contextual physiologic outcome.,2026-09-08
medium,edition_baseline_plus_semantic_match,00312,Adult pressure injury,Lesão por pressão em adultos,11,2,559,697,3520,Pressure Injury Care,Cuidados com Lesão por Pressão,3,1103,Wound Healing: Secondary Intention,Cicatrização de Feridas: Segunda Intenção,3,high,curated_current_editions_contextual,0,,,https://nursing.uiowa.edu/center-for-nursing-classification-and-clinical-effectiveness,Pressure-injury care and secondary-intention wound healing directly target established pressure injury.,2026-09-08
medium,edition_baseline_plus_semantic_match,00313,Child pressure injury,Lesão por pressão infantil,11,2,554,690,3520,Pressure Injury Care,Cuidados com Lesão por Pressão,3,1103,Wound Healing: Secondary Intention,Cicatrização de Feridas: Segunda Intenção,3,high,curated_current_editions_contextual,0,,,https://nursing.uiowa.edu/center-for-nursing-classification-and-clinical-effectiveness,Pressure-injury care and secondary-intention wound healing directly target established pressure injury.,2026-09-08
medium,edition_baseline_plus_semantic_match,00323,Ineffective sleep hygiene behaviours,Comportamentos ineficazes de higiene do sono,4,1,350,428,1850,Sleep Enhancement,Melhora do Sono,5,0004,Sleep,Sono,5,high,curated_current_editions_contextual,0,,,https://nursing.uiowa.edu/center-for-nursing-classification-and-clinical-effectiveness,Sleep Enhancement and Sleep directly match sleep-pattern and sleep-hygiene diagnoses.,2026-09-08
medium,edition_baseline_plus_semantic_match,00327,Decreased dressing abilities,Capacidade reduzida de se vestir,4,5,392,484,1802,Self-Care Assistance: Dressing/Grooming,Assistência no Autocuidado: Vestir-se/Arrumar-se,2,0302,Self-Care Behaviour: Dressing,Comportamento de Autocuidado: Vestir-se,1,high,curated_current_editions_contextual,0,,,https://nursing.uiowa.edu/center-for-nursing-classification-and-clinical-effectiveness,Dressing/Grooming assistance and dressing outcome directly match decreased dressing ability.,2026-09-08
medium,edition_baseline_plus_semantic_match,00328,Decreased feeding abilities,Capacidade de alimentação reduzida,4,5,394,486,1803,Self-Care Assistance: Feeding,Assistência no Autocuidado: Alimentação,1,0303,Self-Care Behaviour: Eating,Comportamento de Autocuidado: Alimentação,1,high,curated_current_editions_contextual,0,,,https://nursing.uiowa.edu/center-for-nursing-classification-and-clinical-effectiveness,Feeding self-care assistance and eating outcome directly match decreased feeding ability.,2026-09-08
medium,edition_baseline_plus_semantic_match,00330,Decreased grooming abilities,Capacidade reduzida de cuidar da higiene pessoal,4,5,395,488,1802,Self-Care Assistance: Dressing/Grooming,Assistência no Autocuidado: Vestir-se/Arrumar-se,2,0305,Self-Care Behaviour: Hygiene,Comportamento de Autocuidado: Higiene,1,high,curated_current_editions_contextual,0,,,https://nursing.uiowa.edu/center-for-nursing-classification-and-clinical-effectiveness,Dressing/Grooming assistance includes grooming support; Hygiene measures functional grooming/hygiene performance.,2026-09-08
medium,edition_baseline_plus_semantic_match,00331,Decreased self-care ability syndrome,Síndrome da capacidade reduzida de autocuidado,4,5,388,478,1800,Self-Care Assistance,Assistência no Autocuidado,3,0300,Self-Care Behaviour: Activities of Daily Living,Comportamento de Autocuidado: Atividades de Vida Diária,5,high,curated_current_editions_contextual,0,,,https://nursing.uiowa.edu/center-for-nursing-classification-and-clinical-effectiveness,General self-care assistance and ADL self-care behaviour match the syndrome/readiness construct.,2026-09-08
medium,edition_baseline_plus_semantic_match,00332,Risk for decreased self-care ability syndrome,Síndrome de risco de diminuição da capacidade de autocuidado,4,5,389,480,1800,Self-Care Assistance,Assistência no Autocuidado,3,0300,Self-Care Behaviour: Activities of Daily Living,Comportamento de Autocuidado: Atividades de Vida Diária,5,high,curated_current_editions_contextual,0,,,https://nursing.uiowa.edu/center-for-nursing-classification-and-clinical-effectiveness,General self-care assistance and ADL self-care behaviour match the syndrome/readiness construct.,2026-09-08
medium,current_edition_code_label_listing_plus_semantic_match,00333,Inadequate human milk production,Produção inadequada de leite humano,2,1,293,352,5244,Breastfeeding Counselling,Aconselhamento sobre Amamentação,9,1001,Breastfeeding Establishment: Maternal,Estabelecimento da Amamentação: Materno,2,high,curated_current_editions_contextual,1,,1002 Breastfeeding Maintenance,https://www.salusplay.com/blog/clasificacion-completa-intervenciones-enfermeria-nic-2024/,Breastfeeding Counselling (5244) is the current NIC 8th counselling intervention; maternal breastfeeding establishment directly measures the maternal side of milk production/feeding establishment.,2026-09-08
medium,current_edition_code_label_listing_plus_semantic_match,00334,Risk for inadequate human milk production,Risco de produção inadequada de leite materno,2,1,296,356,5244,Breastfeeding Counselling,Aconselhamento sobre Amamentação,9,1001,Breastfeeding Establishment: Maternal,Estabelecimento da Amamentação: Materno,2,high,curated_current_editions_contextual,1,,1002 Breastfeeding Maintenance,https://www.salusplay.com/blog/clasificacion-completa-intervenciones-enfermeria-nic-2024/,Breastfeeding Counselling (5244) is the current NIC 8th counselling intervention; maternal breastfeeding establishment directly measures the maternal side of milk production/feeding establishment.,2026-09-08
medium,edition_baseline_plus_semantic_match,00336,Risk for physical injury,Risco de lesão física,11,2,543,674,6610,Risk Identification,Identificação de Risco,10,1908,Risk Detection,Detecção de Risco,8,high,curated_current_editions_contextual,0,,,https://nursing.uiowa.edu/center-for-nursing-classification-and-clinical-effectiveness,Risk Identification and Risk Detection are appropriate primary safety linkages.,2026-09-08
medium,edition_baseline_plus_semantic_match,00337,Ineffective sleep pattern,Padrão de sono ineficaz,4,1,345,422,1850,Sleep Enhancement,Melhora do Sono,5,0004,Sleep,Sono,5,high,curated_current_editions_contextual,0,,,https://nursing.uiowa.edu/center-for-nursing-classification-and-clinical-effectiveness,Sleep Enhancement and Sleep directly match sleep-pattern and sleep-hygiene diagnoses.,2026-09-08
medium,edition_baseline_plus_semantic_match,00343,Inadequate nutritional intake,ingestão nutricional inadequada,2,1,275,329,1100,Nutrition Management,Controle da Nutrição,7,1004,Nutritional Status,Estado Nutricional,7,high,curated_current_editions_contextual,0,,,https://nursing.uiowa.edu/center-for-nursing-classification-and-clinical-effectiveness,Nutrition Management and Nutritional Status directly address intake/eating dynamics.,2026-09-08
medium,edition_baseline_plus_semantic_match,00344,Impaired intestinal elimination,Eliminação intestinal prejudicada,3,2,330,402,0430,Bowel Management,Controle Intestinal,4,0501,Bowel Elimination,Eliminação Intestinal,4,high,curated_current_editions_contextual,0,,,https://nursing.uiowa.edu/center-for-nursing-classification-and-clinical-effectiveness,Bowel Management and Bowel Elimination directly address intestinal elimination.,2026-09-08
medium,edition_baseline_plus_semantic_match,00345,Risk for impaired fecal continence,Risco de incontinência fecal,3,2,340,414,0410,Bowel Incontinence Care,Cuidados na Incontinência Intestinal,2,0500,Bowel Continence,Continência Intestinal,2,high,curated_current_editions_contextual,0,,,https://nursing.uiowa.edu/center-for-nursing-classification-and-clinical-effectiveness,Bowel Incontinence Care and Bowel Continence directly address fecal continence.,2026-09-08
medium,edition_baseline_plus_semantic_match,00346,Risk for impaired intestinal elimination,Risco de comprometimento da eliminação intestinal,3,2,332,404,0430,Bowel Management,Controle Intestinal,4,0501,Bowel Elimination,Eliminação Intestinal,4,high,curated_current_editions_contextual,0,,,https://nursing.uiowa.edu/center-for-nursing-classification-and-clinical-effectiveness,Bowel Management and Bowel Elimination directly address intestinal elimination.,2026-09-08
medium,current_edition_code_label_listing_plus_semantic_match,00347,Disrupted exclusive chestfeeding,Interrupção do aleitamento materno exclusivo,2,1,288,347,5244,Breastfeeding Counselling,Aconselhamento sobre Amamentação,9,1000,Breastfeeding Establishment: Infant,Estabelecimento da Amamentação: Lactente,5,high,curated_current_editions_contextual,1,,1002 Breastfeeding Maintenance,https://www.salusplay.com/blog/clasificacion-completa-intervenciones-enfermeria-nic-2024/,NIC 8th no longer lists legacy 1054; Breastfeeding Counselling (5244) is current and directly supports breastfeeding establishment.,2026-09-08
medium,edition_baseline_plus_semantic_match,00348,Delayed child growth,Atraso no crescimento infantil,13,1,658,827,1160,Nutritional Monitoring,Monitoração Nutricional,2,0110,Growth,Crescimento,2,high,curated_current_editions_contextual,0,,,https://www.scielo.org.mx/scielo.php?pid=S2448-60942024000100206&script=sci_arttext&tlng=en,Current concept analysis explicitly identifies NOC Growth (0110) and nutritional monitoring/management interventions for delayed child growth.,2026-09-08
medium,current_edition_code_label_listing_plus_semantic_match,00349,Risk for impaired maternal-fetal dyad,Risco de comprometimento da díade materno-fetal,8,3,478,592,6800,High-Risk Pregnancy Care,Cuidados na Gestação de Alto Risco,1,2509,Maternal Status: Antepartum,Estado Materno: Anteparto,4,high,curated_current_editions_contextual,4,6771 Electronic Fetal Monitoring: Antepartum; 6834 Intrapartum Care: High-Risk Delivery,0111 Fetal Status: Prenatal; 0112 Fetal Status: Intrapartum,https://www.salusplay.com/blog/clasificacion-completa-intervenciones-enfermeria-nic-2024/,Legacy NIC 6780 is not present in NIC 8th. High-Risk Pregnancy Care (6800) with Maternal Status: Antepartum (2509) more directly addresses maternal-fetal dyad risk.,2026-09-08
medium,edition_baseline_plus_semantic_match,00350,Risk for burn injury,Risco de queimaduras,11,2,544,676,6610,Risk Identification,Identificação de Risco,10,1908,Risk Detection,Detecção de Risco,8,high,curated_current_editions_contextual,0,,,https://nursing.uiowa.edu/center-for-nursing-classification-and-clinical-effectiveness,Risk Identification and Risk Detection are appropriate primary safety linkages.,2026-09-08
medium,edition_baseline_plus_semantic_match,00351,Risk for cold injury,Risco de lesão por frio,11,2,545,677,6610,Risk Identification,Identificação de Risco,10,1908,Risk Detection,Detecção de Risco,8,high,curated_current_editions_contextual,0,,,https://nursing.uiowa.edu/center-for-nursing-classification-and-clinical-effectiveness,Risk Identification and Risk Detection are appropriate primary safety linkages.,2026-09-08
medium,edition_baseline_plus_semantic_match,00359,Inadequate protein energy nutritional intake,Ingestão nutricional inadequada de proteínas e energia,2,1,280,336,1100,Nutrition Management,Controle da Nutrição,7,1004,Nutritional Status,Estado Nutricional,7,high,curated_current_editions_contextual,0,,,https://nursing.uiowa.edu/center-for-nursing-classification-and-clinical-effectiveness,Nutrition Management and Nutritional Status directly address intake/eating dynamics.,2026-09-08
medium,edition_baseline_plus_semantic_match,00360,Risk for inadequate protein energy nutritional intake,Risco de ingestão nutricional inadequada de proteínas e energia,2,1,282,339,1100,Nutrition Management,Controle da Nutrição,7,1004,Nutritional Status,Estado Nutricional,7,high,curated_current_editions_contextual,0,,,https://nursing.uiowa.edu/center-for-nursing-classification-and-clinical-effectiveness,Nutrition Management and Nutritional Status directly address intake/eating dynamics.,2026-09-08
medium,edition_baseline_plus_semantic_match,00361,Impaired immune response,Resposta imune prejudicada,11,1,538,668,6550,Infection Protection,Proteção contra Infecção,1,0702,Immune Status,Estado Imunológico,1,high,curated_current_editions_contextual,0,,,https://nursing.uiowa.edu/center-for-nursing-classification-and-clinical-effectiveness,Infection Protection/immune support and Immune Status directly address impaired immune response.,2026-09-08
medium,edition_baseline_plus_semantic_match,00365,Impaired walking ability,Capacidade de locomoção prejudicada,4,2,363,445,0221,Exercise Therapy: Ambulation,Terapia com Exercício: Deambulação,6,0200,Ambulation,Deambulação,1,high,curated_current_editions_contextual,0,,,https://nursing.uiowa.edu/center-for-nursing-classification-and-clinical-effectiveness,Exercise Therapy: Ambulation and Ambulation directly target walking ability.,2026-09-08
medium,edition_baseline_plus_semantic_match,00367,Impaired transferring ability,Capacidade de transferência prejudicada,4,2,361,444,0970,Transfer,Transferência,1,0208,Mobility,Mobilidade,9,high,curated_current_editions_contextual,0,,,https://nursing.uiowa.edu/center-for-nursing-classification-and-clinical-effectiveness,Transfer intervention directly matches impaired transferring ability.,2026-09-08
medium,edition_baseline_plus_semantic_match,00370,Risk for excessive fluid volume,Risco de volume excessivo de fluidos,2,5,313,378,4120,Fluid Management,Controle de Líquidos,5,0603,Fluid Overload Severity,Gravidade da Sobrecarga Hídrica,2,high,curated_current_editions_contextual,0,,,https://nursing.uiowa.edu/center-for-nursing-classification-and-clinical-effectiveness,Fluid Overload Severity directly measures excessive fluid volume.,2026-09-08
medium,current_edition_code_label_listing_plus_semantic_match,00371,Ineffective chestfeeding,amamentação ineficaz,2,1,284,341,5244,Breastfeeding Counselling,Aconselhamento sobre Amamentação,9,1000,Breastfeeding Establishment: Infant,Estabelecimento da Amamentação: Lactente,5,high,curated_current_editions_contextual,1,,1002 Breastfeeding Maintenance,https://www.salusplay.com/blog/clasificacion-completa-intervenciones-enfermeria-nic-2024/,NIC 8th no longer lists legacy 1054; Breastfeeding Counselling (5244) is current and directly supports breastfeeding establishment.,2026-09-08
medium,edition_baseline_plus_semantic_match,00374,Risk for excessive bleeding,Risco de sangramento excessivo,11,2,588,739,4010,Bleeding Precautions,Precauções contra Sangramento,1,0413,Blood Loss Severity,Gravidade da Perda de Sangue,1,high,curated_current_editions_contextual,0,,,https://nursing.uiowa.edu/center-for-nursing-classification-and-clinical-effectiveness,Bleeding Precautions and Blood Loss Severity directly address bleeding risk.,2026-09-08
medium,current_edition_code_label_listing_plus_semantic_match,00382,Risk for disrupted exclusive chestfeeding,Risco de interrupção do aleitamento materno exclusivo,2,1,290,349,5244,Breastfeeding Counselling,Aconselhamento sobre Amamentação,9,1000,Breastfeeding Establishment: Infant,Estabelecimento da Amamentação: Lactente,5,high,curated_current_editions_contextual,1,,1002 Breastfeeding Maintenance,https://www.salusplay.com/blog/clasificacion-completa-intervenciones-enfermeria-nic-2024/,NIC 8th no longer lists legacy 1054; Breastfeeding Counselling (5244) is current and directly supports breastfeeding establishment.,2026-09-08
medium,edition_baseline_plus_semantic_match,00386,Impaired sexual function,Disfunção sexual,8,2,476,589,5248,Sexual Counselling,Aconselhamento Sexual,1,0119,Sexual Functioning,Funcionamento Sexual,1,high,curated_current_editions_contextual,0,,,https://nursing.uiowa.edu/center-for-nursing-classification-and-clinical-effectiveness,Sexual Counselling and Sexual Functioning directly address impaired sexual function.,2026-09-08
medium,edition_baseline_plus_semantic_match,00390,Excessive fear,Medo excessivo,9,2,513,635,5230,Coping Enhancement,Melhora do Enfrentamento,5,1210,Fear Level,Nível de Medo,1,high,curated_current_editions_contextual,0,,,https://nursing.uiowa.edu/center-for-nursing-classification-and-clinical-effectiveness,Coping support with Fear Level provides a direct measurable fear outcome.,2026-09-08
medium,edition_baseline_plus_semantic_match,00399,Excessive death anxiety,Ansiedade excessiva em relação à morte,9,2,511,633,5820,Anxiety Reduction,Redução da Ansiedade,2,1211,Anxiety Level,Nível de Ansiedade,2,high,curated_current_editions_contextual,0,,,https://nursing.uiowa.edu/center-for-nursing-classification-and-clinical-effectiveness,"Anxiety Reduction and Anxiety Level directly address excessive anxiety, including death anxiety.",2026-09-08
medium,edition_baseline_plus_semantic_match,00400,Excessive anxiety,Ansiedade excessiva,9,2,509,630,5820,Anxiety Reduction,Redução da Ansiedade,2,1211,Anxiety Level,Nível de Ansiedade,2,high,curated_current_editions_contextual,0,,,https://nursing.uiowa.edu/center-for-nursing-classification-and-clinical-effectiveness,"Anxiety Reduction and Anxiety Level directly address excessive anxiety, including death anxiety.",2026-09-08
medium,edition_baseline_plus_semantic_match,00402,Risk for occupational physical injury,Risco de lesões físicas ocupacionais,11,4,616,773,6610,Risk Identification,Identificação de Risco,10,1908,Risk Detection,Detecção de Risco,8,high,curated_current_editions_contextual,0,,,https://nursing.uiowa.edu/center-for-nursing-classification-and-clinical-effectiveness,Risk Identification and Risk Detection are appropriate primary safety linkages.,2026-09-08
medium,edition_baseline_plus_semantic_match,00404,Risk for occupational illness,Risco de doenças ocupacionais,11,4,614,771,6610,Risk Identification,Identificação de Risco,10,1908,Risk Detection,Detecção de Risco,8,high,curated_current_editions_contextual,0,,,https://nursing.uiowa.edu/center-for-nursing-classification-and-clinical-effectiveness,Risk Identification and Risk Detection are appropriate primary safety linkages.,2026-09-08
medium,current_edition_code_label_listing_plus_semantic_match,00406,Risk for ineffective chestfeeding,Risco de amamentação ineficaz,2,1,286,344,5244,Breastfeeding Counselling,Aconselhamento sobre Amamentação,9,1000,Breastfeeding Establishment: Infant,Estabelecimento da Amamentação: Lactente,5,high,curated_current_editions_contextual,1,,1002 Breastfeeding Maintenance,https://www.salusplay.com/blog/clasificacion-completa-intervenciones-enfermeria-nic-2024/,NIC 8th no longer lists legacy 1054; Breastfeeding Counselling (5244) is current and directly supports breastfeeding establishment.,2026-09-08
medium,edition_baseline_plus_semantic_match,00407,Risk for ineffective sleep pattern,Risco de padrão de sono ineficaz,4,1,347,425,1850,Sleep Enhancement,Melhora do Sono,5,0004,Sleep,Sono,5,high,curated_current_editions_contextual,0,,,https://nursing.uiowa.edu/center-for-nursing-classification-and-clinical-effectiveness,Sleep Enhancement and Sleep directly match sleep-pattern and sleep-hygiene diagnoses.,2026-09-08
medium,edition_baseline_plus_semantic_match,00408,Risk for ineffective sleep hygiene behaviours,Risco de comportamentos ineficazes de higiene do sono,4,1,352,430,1850,Sleep Enhancement,Melhora do Sono,5,0004,Sleep,Sono,5,high,curated_current_editions_contextual,0,,,https://nursing.uiowa.edu/center-for-nursing-classification-and-clinical-effectiveness,Sleep Enhancement and Sleep directly match sleep-pattern and sleep-hygiene diagnoses.,2026-09-08
medium,edition_baseline_plus_semantic_match,00409,Risk for inadequate nutritional intake,Risco de ingestão nutricional inadequada,2,1,277,333,1100,Nutrition Management,Controle da Nutrição,7,1004,Nutritional Status,Estado Nutricional,7,high,curated_current_editions_contextual,0,,,https://nursing.uiowa.edu/center-for-nursing-classification-and-clinical-effectiveness,Nutrition Management and Nutritional Status directly address intake/eating dynamics.,2026-09-08
medium,edition_baseline_plus_semantic_match,00417,Readiness for enhanced sleep pattern,Preparação para um padrão de sono melhorado,4,1,349,427,1850,Sleep Enhancement,Melhora do Sono,5,0004,Sleep,Sono,5,high,curated_current_editions_contextual,0,,,https://nursing.uiowa.edu/center-for-nursing-classification-and-clinical-effectiveness,Sleep Enhancement and Sleep directly match sleep-pattern and sleep-hygiene diagnoses.,2026-09-08
medium,edition_baseline_plus_semantic_match,00419,Readiness for enhanced nutritional intake,Prontidão para uma ingestão nutricional aprimorada,2,1,279,335,1100,Nutrition Management,Controle da Nutrição,7,1004,Nutritional Status,Estado Nutricional,7,high,curated_current_editions_contextual,0,,,https://nursing.uiowa.edu/center-for-nursing-classification-and-clinical-effectiveness,Nutrition Management and Nutritional Status directly address intake/eating dynamics.,2026-09-08
medium,edition_baseline_plus_semantic_match,00420,Risk for inadequate fluid volume,Risco de volume inadequado de fluidos,2,5,316,381,4120,Fluid Management,Controle de Líquidos,5,0602,Hydration,Hidratação,2,high,curated_current_editions_contextual,0,,,https://nursing.uiowa.edu/center-for-nursing-classification-and-clinical-effectiveness,Hydration directly measures inadequate fluid volume while Fluid Management targets correction/prevention.,2026-09-08
medium,edition_baseline_plus_semantic_match,00421,Inadequate fluid volume,Volume de fluido inadequado,2,5,314,379,4120,Fluid Management,Controle de Líquidos,5,0602,Hydration,Hidratação,2,high,curated_current_editions_contextual,0,,,https://nursing.uiowa.edu/center-for-nursing-classification-and-clinical-effectiveness,Hydration directly measures inadequate fluid volume while Fluid Management targets correction/prevention.,2026-09-08
medium,current_edition_code_label_listing_plus_semantic_match,00422,Risk for impaired gastrointestinal motility,Risco de comprometimento da motilidade gastrointestinal,3,2,329,400,0430,Bowel Management,Controle Intestinal,4,1015,Gastrointestinal Function,Função Gastrointestinal,2,high,curated_current_editions_contextual,0,,,https://www.salusplay.com/apuntes/pae-y-diagnosticos-de-enfermeria-nanda-noc-y-nic/anexo-2-clasificacion-completa-de-resultados-de-enfermeria-noc-2024-8,Corrects obsolete/invalid NOC code 1050: Gastrointestinal Function is 1015 in NOC 7th edition; Bowel Management supports motility management.,2026-09-08
medium,current_edition_code_label_listing_plus_semantic_match,00423,Impaired gastrointestinal motility,Motilidade gastrointestinal prejudicada,3,2,328,398,0430,Bowel Management,Controle Intestinal,4,1015,Gastrointestinal Function,Função Gastrointestinal,2,high,curated_current_editions_contextual,0,,,https://www.salusplay.com/apuntes/pae-y-diagnosticos-de-enfermeria-nanda-noc-y-nic/anexo-2-clasificacion-completa-de-resultados-de-enfermeria-noc-2024-8,Corrects obsolete/invalid NOC code 1050: Gastrointestinal Function is 1015 in NOC 7th edition; Bowel Management supports motility management.,2026-09-08
medium,edition_baseline_plus_semantic_match,00424,Impaired fecal continence,Incontinência fecal prejudicada,3,2,338,412,0410,Bowel Incontinence Care,Cuidados na Incontinência Intestinal,2,0500,Bowel Continence,Continência Intestinal,2,high,curated_current_editions_contextual,0,,,https://nursing.uiowa.edu/center-for-nursing-classification-and-clinical-effectiveness,Bowel Incontinence Care and Bowel Continence directly address fecal continence.,2026-09-08
medium,edition_baseline_plus_semantic_match,00435,Inadequate health knowledge,Conhecimento inadequado sobre saúde,5,4,411,508,5602,Teaching: Disease Process,Ensino: Processo da Doença,5,1803,Knowledge: Disease Management,Conhecimento: Controle da Doença,2,high,curated_current_editions_contextual,0,,,https://nursing.uiowa.edu/center-for-nursing-classification-and-clinical-effectiveness,Teaching: Disease Process and Knowledge: Disease Management directly address inadequate/enhanced health knowledge.,2026-09-08
medium,edition_baseline_plus_semantic_match,00442,Readiness for enhanced self-care abilities,Prontidão para habilidades aprimoradas de autocuidado,4,5,390,481,1800,Self-Care Assistance,Assistência no Autocuidado,3,0300,Self-Care Behaviour: Activities of Daily Living,Comportamento de Autocuidado: Atividades de Vida Diária,5,high,curated_current_editions_contextual,0,,,https://nursing.uiowa.edu/center-for-nursing-classification-and-clinical-effectiveness,General self-care assistance and ADL self-care behaviour match the syndrome/readiness construct.,2026-09-08
medium,edition_baseline_plus_semantic_match,00451,Impaired infant neurodevelopmental organisation,Organização neurodesenvolvimental infantil prejudicada,13,2,670,841,8250,Developmental Care,Cuidado Desenvolvimental,3,0117,Preterm Infant Organisation,Organização do Lactente Prematuro,3,high,curated_current_editions_contextual,0,,,https://nursing.uiowa.edu/center-for-nursing-classification-and-clinical-effectiveness,Developmental Care is the current NIC label for 8250; Preterm Infant Organisation is a direct NOC construct for neurodevelopmental organisation.,2026-09-08
medium,edition_baseline_plus_semantic_match,00452,Risk for impaired infant neurodevelopmental organisation,Risco de comprometimento da organização do neurodesenvolvimento infantil,13,2,672,844,8250,Developmental Care,Cuidado Desenvolvimental,3,0117,Preterm Infant Organisation,Organização do Lactente Prematuro,3,high,curated_current_editions_contextual,0,,,https://nursing.uiowa.edu/center-for-nursing-classification-and-clinical-effectiveness,Developmental Care is the current NIC label for 8250; Preterm Infant Organisation is a direct NOC construct for neurodevelopmental organisation.,2026-09-08
medium,edition_baseline_plus_semantic_match,00453,Readiness for enhanced infant neurodevelopmental organisation,Preparação para uma melhor organização do neurodesenvolvimento infantil,13,2,674,846,8250,Developmental Care,Cuidado Desenvolvimental,3,0117,Preterm Infant Organisation,Organização do Lactente Prematuro,3,high,curated_current_editions_contextual,0,,,https://nursing.uiowa.edu/center-for-nursing-classification-and-clinical-effectiveness,Developmental Care is the current NIC label for 8250; Preterm Infant Organisation is a direct NOC construct for neurodevelopmental organisation.,2026-09-08
medium,edition_baseline_plus_semantic_match,00454,Impaired spiritual well-being,Bem-estar espiritual prejudicado,10,3,525,651,5420,Spiritual Support,Apoio Espiritual,6,2001,Spiritual Health,Saúde Espiritual,7,high,curated_current_editions_contextual,0,,,https://nursing.uiowa.edu/center-for-nursing-classification-and-clinical-effectiveness,Spiritual Support and Spiritual Health directly address spiritual well-being.,2026-09-08
medium,current_edition_code_label_listing_plus_semantic_match,00456,Maladaptive community coping,Enfrentamento comunitário desadaptativo,9,2,492,608,8500,Community Health Development,Desenvolvimento da Saúde Comunitária,4,2704,Community Resilience,Resiliência da Comunidade,2,high,curated_current_editions_contextual,1,,2701 Community Health Status,https://www.salusplay.com/apuntes/pae-y-diagnosticos-de-enfermeria-nanda-noc-y-nic/anexo-2-clasificacion-completa-de-resultados-de-enfermeria-noc-2024-8,"Corrects NOC 2700, which means Social Competence in NOC 7th. Community Resilience (2704) is the more direct community-level coping outcome.",2026-09-08
medium,edition_baseline_plus_semantic_match,00460,Risk for impaired spiritual well-being,Risco de comprometimento do bem-estar espiritual,10,3,527,654,5420,Spiritual Support,Apoio Espiritual,6,2001,Spiritual Health,Saúde Espiritual,7,high,curated_current_editions_contextual,0,,,https://nursing.uiowa.edu/center-for-nursing-classification-and-clinical-effectiveness,Spiritual Support and Spiritual Health directly address spiritual well-being.,2026-09-08
medium,edition_baseline_plus_semantic_match,00463,Risk for accidental suffocation,Risco de asfixia acidental,11,2,586,736,6610,Risk Identification,Identificação de Risco,10,1908,Risk Detection,Detecção de Risco,8,high,curated_current_editions_contextual,0,,,https://nursing.uiowa.edu/center-for-nursing-classification-and-clinical-effectiveness,Risk Identification and Risk Detection are appropriate primary safety linkages.,2026-09-08
medium,edition_baseline_plus_semantic_match,00469,Risk for accidental poisoning,Risco de envenenamento acidental,11,4,612,769,6610,Risk Identification,Identificação de Risco,10,1908,Risk Detection,Detecção de Risco,8,high,curated_current_editions_contextual,0,,,https://nursing.uiowa.edu/center-for-nursing-classification-and-clinical-effectiveness,Risk Identification and Risk Detection are appropriate primary safety linkages.,2026-09-08
medium,edition_baseline_plus_semantic_match,00471,Risk for hyperthermia,Risco de hipertermia,11,6,632,796,3900,Temperature Regulation,Regulação da Temperatura,9,0800,Thermoregulation,Termorregulação,9,high,curated_current_editions_contextual,0,,,https://nursing.uiowa.edu/center-for-nursing-classification-and-clinical-effectiveness,Temperature Regulation and Thermoregulation directly match thermoregulation diagnoses.,2026-09-08
medium,edition_baseline_plus_semantic_match,00472,Decreased body temperature,Diminuição da temperatura corporal,11,6,626,786,3900,Temperature Regulation,Regulação da Temperatura,9,0800,Thermoregulation,Termorregulação,9,high,curated_current_editions_contextual,0,,,https://nursing.uiowa.edu/center-for-nursing-classification-and-clinical-effectiveness,Temperature Regulation and Thermoregulation directly match thermoregulation diagnoses.,2026-09-08
medium,edition_baseline_plus_semantic_match,00473,Risk for decreased body temperature,Risco de diminuição da temperatura corporal,11,6,628,789,3900,Temperature Regulation,Regulação da Temperatura,9,0800,Thermoregulation,Termorregulação,9,high,curated_current_editions_contextual,0,,,https://nursing.uiowa.edu/center-for-nursing-classification-and-clinical-effectiveness,Temperature Regulation and Thermoregulation directly match thermoregulation diagnoses.,2026-09-08
medium,edition_baseline_plus_semantic_match,00474,Decreased neonatal body temperature,Diminuição da temperatura corporal neonatal,11,6,622,781,3900,Temperature Regulation,Regulação da Temperatura,9,0800,Thermoregulation,Termorregulação,9,high,curated_current_editions_contextual,0,,,https://nursing.uiowa.edu/center-for-nursing-classification-and-clinical-effectiveness,Temperature Regulation and Thermoregulation directly match thermoregulation diagnoses.,2026-09-08
medium,edition_baseline_plus_semantic_match,00476,Risk for decreased neonatal body temperature,Risco de diminuição da temperatura corporal neonatal,11,6,624,784,3900,Temperature Regulation,Regulação da Temperatura,9,0800,Thermoregulation,Termorregulação,9,high,curated_current_editions_contextual,0,,,https://nursing.uiowa.edu/center-for-nursing-classification-and-clinical-effectiveness,Temperature Regulation and Thermoregulation directly match thermoregulation diagnoses.,2026-09-08
medium,edition_baseline_plus_semantic_match,00478,Risk for delayed child growth,Risco de atraso no crescimento infantil,13,1,660,830,1160,Nutritional Monitoring,Monitoração Nutricional,2,0110,Growth,Crescimento,2,high,curated_current_editions_contextual,0,,,https://www.scielo.org.mx/scielo.php?pid=S2448-60942024000100206&script=sci_arttext&tlng=en,Current concept analysis explicitly identifies NOC Growth (0110) and nutritional monitoring/management interventions for delayed child growth.,2026-09-08
medium,current_edition_code_label_listing_plus_semantic_match,00479,Readiness for enhanced chestfeeding,Prontidão para amamentação aprimorada,2,1,292,351,5244,Breastfeeding Counselling,Aconselhamento sobre Amamentação,9,1000,Breastfeeding Establishment: Infant,Estabelecimento da Amamentação: Lactente,5,high,curated_current_editions_contextual,1,,1002 Breastfeeding Maintenance,https://www.salusplay.com/blog/clasificacion-completa-intervenciones-enfermeria-nic-2024/,NIC 8th no longer lists legacy 1054; Breastfeeding Counselling (5244) is current and directly supports breastfeeding establishment.,2026-09-08
medium,edition_baseline_plus_semantic_match,00480,Risk for chronic inadequate self-esteem,Risco de baixa autoestima crônica,6,2,435,539,5400,Self-Esteem Enhancement,Melhora da Autoestima,4,1205,Self-Esteem,Autoestima,7,high,curated_current_editions_contextual,0,,,https://nursing.uiowa.edu/center-for-nursing-classification-and-clinical-effectiveness,Self-Esteem Enhancement and Self-Esteem directly match inadequate self-esteem diagnoses.,2026-09-08
medium,edition_baseline_plus_semantic_match,00481,Situational inadequate self-esteem,autoestima inadequada situacional,6,2,437,541,5400,Self-Esteem Enhancement,Melhora da Autoestima,4,1205,Self-Esteem,Autoestima,7,high,curated_current_editions_contextual,0,,,https://nursing.uiowa.edu/center-for-nursing-classification-and-clinical-effectiveness,Self-Esteem Enhancement and Self-Esteem directly match inadequate self-esteem diagnoses.,2026-09-08
medium,edition_baseline_plus_semantic_match,00482,Risk for situational inadequate self-esteem,Risco de autoestima inadequada situacional,6,2,439,543,5400,Self-Esteem Enhancement,Melhora da Autoestima,4,1205,Self-Esteem,Autoestima,7,high,curated_current_editions_contextual,0,,,https://nursing.uiowa.edu/center-for-nursing-classification-and-clinical-effectiveness,Self-Esteem Enhancement and Self-Esteem directly match inadequate self-esteem diagnoses.,2026-09-08
medium,edition_baseline_plus_semantic_match,00483,Chronic inadequate self-esteem,autoestima cronicamente inadequada,6,2,433,536,5400,Self-Esteem Enhancement,Melhora da Autoestima,4,1205,Self-Esteem,Autoestima,7,high,curated_current_editions_contextual,0,,,https://nursing.uiowa.edu/center-for-nursing-classification-and-clinical-effectiveness,Self-Esteem Enhancement and Self-Esteem directly match inadequate self-esteem diagnoses.,2026-09-08
medium,edition_baseline_plus_semantic_match,00490,Risk for decreased perioperative body temperature,Risco de diminuição da temperatura corporal perioperatória,11,6,629,791,3900,Temperature Regulation,Regulação da Temperatura,9,0800,Thermoregulation,Termorregulação,9,high,curated_current_editions_contextual,0,,,https://nursing.uiowa.edu/center-for-nursing-classification-and-clinical-effectiveness,Temperature Regulation and Thermoregulation directly match thermoregulation diagnoses.,2026-09-08
medium,edition_baseline_plus_semantic_match,00492,Risk for impaired fluid volume balance,Risco de desequilíbrio do volume de fluidos,2,5,310,374,4120,Fluid Management,Controle de Líquidos,5,0601,Fluid Balance,Equilíbrio Hídrico,1,high,curated_current_editions_contextual,0,,,https://nursing.uiowa.edu/center-for-nursing-classification-and-clinical-effectiveness,Fluid Management and Fluid Balance directly address fluid-volume balance.,2026-09-08
medium,edition_baseline_plus_semantic_match,00497,Disrupted body image,Imagem corporal distorcida,6,3,443,547,5220,Body Image Enhancement,Melhora da Imagem Corporal,1,1200,Body Image,Imagem Corporal,1,high,curated_current_editions_contextual,0,,,https://nursing.uiowa.edu/center-for-nursing-classification-and-clinical-effectiveness,Body Image Enhancement and Body Image directly match the diagnosis.,2026-09-08
medium,edition_baseline_plus_semantic_match,00499,Readiness for enhanced health knowledge,Preparação para um maior conhecimento sobre saúde,5,4,413,510,5602,Teaching: Disease Process,Ensino: Processo da Doença,5,1803,Knowledge: Disease Management,Conhecimento: Controle da Doença,2,high,curated_current_editions_contextual,0,,,https://nursing.uiowa.edu/center-for-nursing-classification-and-clinical-effectiveness,Teaching: Disease Process and Knowledge: Disease Management directly address inadequate/enhanced health knowledge.,2026-09-08
normal,specific_literature_or_source,00004,Risk for infection,Risco de infecção,11,1,540,670,6540,Infection Control,Controle de Infecção,4,1924,Risk Control: Infectious Process,Controle de Risco: Processo Infeccioso,2,high,curated_current_editions_contextual,0,,,https://pmc.ncbi.nlm.nih.gov/articles/PMC8242432/,Infection Control and Risk Control: Infectious Process directly address infection risk.,2026-09-08
normal,specific_literature_or_source,00016,Impaired urinary elimination,Eliminação urinária prejudicada,3,1,319,386,0590,Urinary Elimination Management,Controle da Eliminação Urinária,1,0503,Urinary Elimination,Eliminação Urinária,2,high,curated_current_editions_contextual,0,,,https://doi.org/10.1111/2047-3095.12080,Urinary Elimination Management and Urinary Elimination directly match the diagnosis.,2026-09-08
normal,specific_literature_or_source,00017,Stress urinary incontinence,Incontinência urinária de esforço,3,1,324,393,0610,Urinary Incontinence Care,Cuidados na Incontinência Urinária,5,0502,Urinary Continence,Continência Urinária,5,high,curated_current_editions_contextual,0,,,https://doi.org/10.1111/2047-3095.12080,Urinary Incontinence Care and Urinary Continence directly address incontinence.,2026-09-08
normal,specific_literature_or_source,00019,Urge urinary incontinence,Incontinência urinária de urgência,3,1,325,394,0610,Urinary Incontinence Care,Cuidados na Incontinência Urinária,5,0502,Urinary Continence,Continência Urinária,5,high,curated_current_editions_contextual,0,,,https://doi.org/10.1111/2047-3095.12080,Urinary Incontinence Care and Urinary Continence directly address incontinence.,2026-09-08
normal,specific_literature_or_source,00022,Risk for urge urinary incontinence,Risco de incontinência urinária de urgência,3,1,327,396,0610,Urinary Incontinence Care,Cuidados na Incontinência Urinária,5,0502,Urinary Continence,Continência Urinária,5,high,curated_current_editions_contextual,0,,,https://doi.org/10.1111/2047-3095.12080,Urinary Incontinence Care and Urinary Continence directly address incontinence.,2026-09-08
normal,specific_literature_or_source,00030,Impaired gas exchange,Troca gasosa prejudicada,3,4,341,416,3350,Respiratory Monitoring,Monitoração Respiratória,1,0402,Respiratory Status: Gas Exchange,Estado Respiratório: Troca Gasosa,1,high,curated_current_editions_contextual,0,,,https://doi.org/10.1111/2047-3095.12307,Respiratory Monitoring and Respiratory Status: Gas Exchange are established linkages for impaired gas exchange.,2026-09-08
normal,specific_literature_or_source,00031,Ineffective airway clearance,Desobstrução ineficaz das vias aéreas,11,2,584,734,3250,Cough Enhancement,Melhora da Tosse,1,0410,Respiratory Status: Airway Patency,Estado Respiratório: Permeabilidade das Vias Aéreas,2,high,curated_current_editions_contextual,0,,,https://pmc.ncbi.nlm.nih.gov/articles/PMC8242432/,Cough Enhancement and airway patency are established for ineffective airway clearance.,2026-09-08
normal,specific_literature_or_source,00032,Ineffective breathing pattern,Padrão respiratório ineficaz,4,4,381,468,3390,Ventilation Assistance,Assistência Ventilatória,4,0403,Respiratory Status: Ventilation,Estado Respiratório: Ventilação,4,high,curated_current_editions_contextual,0,,,https://doi.org/10.1111/2047-3095.12307,Ventilation Assistance and Respiratory Status: Ventilation directly address ineffective ventilation/breathing.,2026-09-08
normal,specific_literature_or_source,00033,Impaired spontaneous ventilation,Ventilação espontânea prejudicada,4,4,383,471,3390,Ventilation Assistance,Assistência Ventilatória,4,0403,Respiratory Status: Ventilation,Estado Respiratório: Ventilação,4,high,curated_current_editions_contextual,0,,,https://doi.org/10.1111/2047-3095.12307,Ventilation Assistance and Respiratory Status: Ventilation directly address ineffective ventilation/breathing.,2026-09-08
normal,specific_literature_or_source,00044,Impaired tissue integrity,Integridade tecidual comprometida,11,2,564,704,3660,Wound Care,Cuidados com Feridas,2,1101,Tissue Integrity: Skin & Mucous Membranes,Integridade Tissular: Pele e Mucosas,6,high,curated_current_editions_contextual,0,,,https://pmc.ncbi.nlm.nih.gov/articles/PMC8242432/,Wound/skin care and tissue integrity directly address established tissue/skin impairment.,2026-09-08
normal,specific_literature_or_source,00046,Impaired skin integrity,Integridade da pele comprometida,11,2,568,711,3660,Wound Care,Cuidados com Feridas,2,1101,Tissue Integrity: Skin & Mucous Membranes,Integridade Tissular: Pele e Mucosas,6,high,curated_current_editions_contextual,0,,,https://pmc.ncbi.nlm.nih.gov/articles/PMC8242432/,Wound/skin care and tissue integrity directly address established tissue/skin impairment.,2026-09-08
normal,specific_literature_or_source,00051,Impaired verbal communication,Comunicação verbal prejudicada,5,5,420,520,4976,Communication Enhancement: Speech Deficit,Melhora da Comunicação: Déficit da Fala,3,0902,Communication,Comunicação,3,high,curated_current_editions_contextual,0,,,https://doi.org/10.3390/ijerph16224504,Communication Enhancement: Speech Deficit and Communication are a direct verbal-communication pairing.,2026-09-08
normal,specific_literature_or_source,00052,Impaired social interaction,Interação social prejudicada,7,3,469,580,5100,Socialization Enhancement,Melhora da Socialização,5,1502,Social Interaction Skills,Habilidades de Interação Social,4,high,curated_current_editions_contextual,0,,,https://doi.org/10.1111/jan.16652,Socialization Enhancement and Social Interaction Skills directly match impaired social interaction.,2026-09-08
normal,specific_literature_or_source,00055,Ineffective role performance,Desempenho de função ineficaz,7,3,463,572,5370,Role Enhancement,Melhora do Papel,1,1501,Role Performance,Desempenho de Papel,1,high,curated_current_editions_contextual,0,,,https://doi.org/10.1111/2047-3095.12323,Role Enhancement and Role Performance directly match ineffective role performance.,2026-09-08
normal,specific_literature_or_source,00075,Readiness for enhanced family coping,Prontidão para um melhor enfrentamento familiar,9,2,491,607,7140,Family Support,Apoio Familiar,2,2600,Family Coping,Enfrentamento Familiar,2,high,curated_current_editions_contextual,0,,,https://doi.org/10.1111/2047-3095.12323,Family Support and Family Coping directly address family coping.,2026-09-08
normal,specific_literature_or_source,00080,Ineffective family health management,Gestão ineficaz da saúde familiar,1,2,219,254,7110,Family Involvement Promotion,Promoção do Envolvimento Familiar,3,2606,Family Health Status,Estado de Saúde Familiar,2,high,curated_current_editions_contextual,0,,,https://doi.org/10.1111/2047-3095.12323,Family involvement and Family Health Status are contemporary family-management linkages.,2026-09-08
normal,specific_literature_or_source,00097,Decreased diversional activity engagement,Diminuição do envolvimento em atividades de lazer,1,1,207,240,5360,Recreational Therapy,Terapia Recreacional,2,1604,Leisure Participation,Participação em Atividades de Lazer,2,high,curated_current_editions_contextual,0,,,https://doi.org/10.1111/j.2047-3095.2013.01233.x,Leisure/recreation intervention and outcome directly target reduced diversional engagement.,2026-09-08
normal,specific_literature_or_source,00103,Impaired swallowing,Dificuldade de deglutição,2,1,304,366,1860,Swallowing Therapy,Terapia para Deglutição,1,1010,Swallowing Status,Estado da Deglutição,2,high,curated_current_editions_contextual,0,,,https://doi.org/10.1177/20473087261443252,Swallowing Therapy and Swallowing Status directly address impaired swallowing.,2026-09-08
normal,specific_literature_or_source,00128,Acute confusion,Confusão aguda,5,4,403,498,6440,Delirium Management,Controle do Delirium,1,0900,Cognition,Cognição,3,high,curated_current_editions_contextual,0,,,https://doi.org/10.3390/ijerph16224504,Delirium Management and Cognition are validated for acute confusion.,2026-09-08
normal,specific_literature_or_source,00158,Readiness for enhanced coping,Prontidão para um enfrentamento aprimorado,9,2,489,605,5230,Coping Enhancement,Melhora do Enfrentamento,5,1302,Coping,Enfrentamento,2,high,curated_current_editions_contextual,0,,,https://doi.org/10.1111/2047-3095.12323,Coping Enhancement and Coping directly address maladaptive/enhanced coping.,2026-09-08
normal,specific_literature_or_source,00159,Readiness for enhanced family processes,Preparação para processos familiares aprimorados,7,2,460,569,7100,Family Integrity Promotion,Promoção da Integridade Familiar,6,2602,Family Functioning,Funcionamento Familiar,4,high,curated_current_editions_contextual,0,,,https://doi.org/10.1111/2047-3095.12323,Family Integrity/Process interventions and Family Functioning directly address family interaction/process patterns.,2026-09-08
normal,specific_literature_or_source,00173,Risk for acute confusion,Risco de confusão aguda,5,4,405,501,4820,Reality Orientation,Orientação para a Realidade,1,0901,Cognitive Orientation,Orientação Cognitiva,1,high,curated_current_editions_contextual,0,,,https://doi.org/10.3390/ijerph16224504,Reality Orientation and Cognitive Orientation are established for acute-confusion risk.,2026-09-08
normal,specific_literature_or_source,00184,Readiness for enhanced decision-making,Preparação para uma tomada de decisão aprimorada,5,4,416,515,5250,Decision-Making Support,Apoio à Tomada de Decisão,5,0906,Decision-Making,Tomada de Decisão,5,high,curated_current_editions_contextual,0,,,https://doi.org/10.1111/2047-3095.12392,Decision-Making Support and Decision-Making directly address decision capacity/readiness.,2026-09-08
normal,specific_literature_or_source,00185,Readiness for enhanced hope,Prontidão para uma esperança maior,9,2,506,626,5310,Hope Inspiration,Inspiração de Esperança,1,1201,Hope,Esperança,1,high,curated_current_editions_contextual,0,,,https://doi.org/10.1111/2047-3095.12392,Hope Inspiration and Hope directly match readiness for enhanced hope.,2026-09-08
normal,specific_literature_or_source,00201,Risk for ineffective cerebral tissue perfusion,Risco de perfusão ineficaz do tecido cerebral,4,4,377,463,2620,Neurologic Monitoring,Monitoração Neurológica,2,0406,Tissue Perfusion: Cerebral,Perfusão Tissular: Cerebral,1,high,curated_current_editions_contextual,0,,,https://doi.org/10.3390/ijerph16224504,Neurologic Monitoring and Tissue Perfusion: Cerebral directly address cerebral perfusion risk.,2026-09-08
normal,specific_literature_or_source,00204,Ineffective peripheral tissue perfusion,Perfusão tecidual periférica ineficaz,4,4,378,465,4062,Circulatory Care: Arterial Insufficiency,Cuidados Circulatórios: Insuficiência Arterial,2,0407,Tissue Perfusion: Peripheral,Perfusão Tissular: Periférica,2,high,curated_current_editions_contextual,0,,,https://doi.org/10.1590/0034-7167-2017-0504,Circulatory Care: Arterial Insufficiency and Tissue Perfusion: Peripheral are validated direct concepts.,2026-09-08
normal,specific_literature_or_source,00210,Impaired resilience,Resiliência prejudicada,9,2,502,621,8340,Resilience Promotion,Promoção da Resiliência,4,1309,Personal Resiliency,Resiliência Pessoal,3,high,curated_current_editions_contextual,0,,,https://doi.org/10.1111/2047-3095.12323,Resilience Promotion and Personal Resiliency directly match resilience diagnoses.,2026-09-08
normal,specific_literature_or_source,00211,Risk for impaired resilience,Risco de resiliência prejudicada,9,2,504,623,8340,Resilience Promotion,Promoção da Resiliência,4,1309,Personal Resiliency,Resiliência Pessoal,3,high,curated_current_editions_contextual,0,,,https://doi.org/10.1111/2047-3095.12323,Resilience Promotion and Personal Resiliency directly match resilience diagnoses.,2026-09-08
normal,specific_literature_or_source,00212,Readiness for enhanced resilience,Preparação para uma maior resiliência,9,2,505,625,8340,Resilience Promotion,Promoção da Resiliência,4,1309,Personal Resiliency,Resiliência Pessoal,3,high,curated_current_editions_contextual,0,,,https://doi.org/10.1111/2047-3095.12323,Resilience Promotion and Personal Resiliency directly match resilience diagnoses.,2026-09-08
normal,specific_literature_or_source,00219,Risk for dry eye,Risco de olho seco,11,2,547,681,1350,Dry Eye Prevention,Prevenção de Olho Seco,2,1927,Risk Control: Dry Eye,Controle de Risco: Olho Seco,1,high,curated_current_editions_contextual,0,,,https://doi.org/10.1097/01.NPR.0000920536.53179.f8,Dry Eye Prevention and Risk Control: Dry Eye directly address the risk diagnosis.,2026-09-08
normal,specific_literature_or_source,00228,Risk for ineffective peripheral tissue perfusion,Risco de perfusão tecidual periférica ineficaz,4,4,380,467,4062,Circulatory Care: Arterial Insufficiency,Cuidados Circulatórios: Insuficiência Arterial,2,0407,Tissue Perfusion: Peripheral,Perfusão Tissular: Periférica,2,high,curated_current_editions_contextual,0,,,https://doi.org/10.1590/0034-7167-2017-0504,Circulatory Care: Arterial Insufficiency and Tissue Perfusion: Peripheral are validated direct concepts.,2026-09-08
normal,specific_literature_or_source,00241,Impaired mood regulation,Regulação do humor prejudicada,9,3,519,642,5330,Mood Management,Controle do Humor,2,1204,Mood Equilibrium,Equilíbrio do Humor,2,high,curated_current_editions_contextual,0,,,https://doi.org/10.1177/20473087261445590,Mood Management and Mood Equilibrium directly target emotion/mood regulation.,2026-09-08
normal,specific_literature_or_source,00242,Impaired emancipated decision-making,Comprometimento da capacidade de tomar decisões emancipadas,5,4,417,516,5250,Decision-Making Support,Apoio à Tomada de Decisão,5,0906,Decision-Making,Tomada de Decisão,5,high,curated_current_editions_contextual,0,,,https://doi.org/10.1111/2047-3095.12392,Decision-Making Support and Decision-Making directly address decision capacity/readiness.,2026-09-08
normal,specific_literature_or_source,00243,Readiness for enhanced emancipated decision-making,Prontidão para uma tomada de decisão emancipada aprimorada,5,4,419,519,5250,Decision-Making Support,Apoio à Tomada de Decisão,5,0906,Decision-Making,Tomada de Decisão,5,high,curated_current_editions_contextual,0,,,https://doi.org/10.1111/2047-3095.12392,Decision-Making Support and Decision-Making directly address decision capacity/readiness.,2026-09-08
normal,specific_literature_or_source,00244,Risk for impaired emancipated decision-making,Risco de comprometimento na tomada de decisões emancipadas,5,4,418,517,5250,Decision-Making Support,Apoio à Tomada de Decisão,5,0906,Decision-Making,Tomada de Decisão,5,high,curated_current_editions_contextual,0,,,https://doi.org/10.1111/2047-3095.12392,Decision-Making Support and Decision-Making directly address decision capacity/readiness.,2026-09-08
normal,specific_literature_or_source,00262,Readiness for enhanced health literacy,Preparação para uma maior literacia em saúde,1,2,267,319,5515,Health Literacy Enhancement,Melhora da Literacia em Saúde,3,2015,Health Literacy Behaviour,Comportamento de Literacia em Saúde,3,high,curated_current_editions_contextual,0,,,https://doi.org/10.1111/2047-3095.12482,Current literature explicitly pairs Health Literacy Enhancement (5515) with Health Literacy Behaviour (2015).,2026-09-08
normal,specific_literature_or_source,00277,Ineffective dry eye self-management,Autogestão ineficaz da síndrome do olho seco,1,2,227,264,1350,Dry Eye Prevention,Prevenção de Olho Seco,2,2110,Dry Eye Severity,Gravidade do Olho Seco,1,high,curated_current_editions_contextual,0,,,https://doi.org/10.1097/01.NPR.0000920536.53179.f8,Dry Eye Prevention and Dry Eye Severity directly address the diagnosis focus.,2026-09-08
normal,specific_literature_or_source,00278,Ineffective lymphoedema self-management,Autogestão ineficaz do linfedema,1,2,236,277,5602,Teaching: Disease Process,Ensino: Processo da Doença,5,2117,Lymphoedema Severity,Gravidade do Linfedema,2,high,curated_current_editions_contextual,0,,,https://doi.org/10.11606/T.7.2024.tde-05062025-140418,Lymphoedema Severity is a current NOC outcome; disease-process teaching supports self-management education.,2026-09-08
normal,specific_literature_or_source,00281,Risk for ineffective lymphoedema self-management,Risco de autogestão ineficaz do linfedema,1,2,238,280,5602,Teaching: Disease Process,Ensino: Processo da Doença,5,2117,Lymphoedema Severity,Gravidade do Linfedema,2,high,curated_current_editions_contextual,0,,,https://doi.org/10.11606/T.7.2024.tde-05062025-140418,Lymphoedema Severity is a current NOC outcome; disease-process teaching supports self-management education.,2026-09-08
normal,specific_literature_or_source,00297,Disability-associated urinary incontinence,Incontinência urinária associada à deficiência,3,1,321,389,0610,Urinary Incontinence Care,Cuidados na Incontinência Urinária,5,0502,Urinary Continence,Continência Urinária,5,high,curated_current_editions_contextual,0,,,https://doi.org/10.1111/2047-3095.12080,Urinary Incontinence Care and Urinary Continence directly address incontinence.,2026-09-08
normal,specific_literature_or_source,00298,Decreased activity tolerance,Diminuição da tolerância à atividade,4,3,364,447,0180,Energy Management,Controle de Energia,6,0005,Activity Tolerance,Tolerância à Atividade,2,high,curated_current_editions_contextual,0,,,https://doi.org/10.1111/2047-3095.12307,Energy Management and Activity Tolerance are established linkages for reduced activity tolerance.,2026-09-08
normal,specific_literature_or_source,00299,Risk for decreased activity tolerance,Risco de diminuição da tolerância à atividade,4,3,365,449,0180,Energy Management,Controle de Energia,6,0005,Activity Tolerance,Tolerância à Atividade,2,high,curated_current_editions_contextual,0,,,https://doi.org/10.1111/2047-3095.12307,Energy Management and Activity Tolerance are established linkages for reduced activity tolerance.,2026-09-08
normal,specific_literature_or_source,00300,Ineffective home maintenance behaviours,Comportamentos ineficazes de manutenção doméstica,1,2,259,309,7180,Home Maintenance Assistance,Assistência na Manutenção do Lar,3,0306,Self-Care Behaviour: Instrumental Activities of Daily Living,Comportamento de Autocuidado: Atividades Instrumentais de Vida Diária,3,high,curated_current_editions_contextual,0,,,https://doi.org/10.1111/2047-3095.12323,Home Maintenance Assistance and instrumental ADL performance directly cover maintaining a safe functional home.,2026-09-08
normal,specific_literature_or_source,00307,Readiness for enhanced exercise engagement,Prontidão para um maior envolvimento em exercícios físicos,1,2,263,313,0200,Exercise Promotion,Promoção do Exercício,3,1633,Exercise Participation,Participação em Exercício,3,high,curated_current_editions_contextual,0,,,https://doi.org/10.1111/jan.15503,Exercise participation directly measures the target behaviour; Exercise Promotion is the primary behavioural intervention.,2026-09-08
normal,specific_literature_or_source,00308,Risk for ineffective home maintenance behaviours,Risco de comportamentos ineficazes de manutenção doméstica,1,2,261,311,7180,Home Maintenance Assistance,Assistência na Manutenção do Lar,3,0306,Self-Care Behaviour: Instrumental Activities of Daily Living,Comportamento de Autocuidado: Atividades Instrumentais de Vida Diária,3,high,curated_current_editions_contextual,0,,,https://doi.org/10.1111/2047-3095.12323,Home Maintenance Assistance and instrumental ADL performance directly cover maintaining a safe functional home.,2026-09-08
normal,specific_literature_or_source,00309,Readiness for enhanced home maintenance behaviours,Prontidão para comportamentos aprimorados de manutenção doméstica,1,2,262,312,7180,Home Maintenance Assistance,Assistência na Manutenção do Lar,3,0306,Self-Care Behaviour: Instrumental Activities of Daily Living,Comportamento de Autocuidado: Atividades Instrumentais de Vida Diária,3,high,curated_current_editions_contextual,0,,,https://doi.org/10.1111/2047-3095.12323,Home Maintenance Assistance and instrumental ADL performance directly cover maintaining a safe functional home.,2026-09-08
normal,specific_literature_or_source,00310,Mixed urinary incontinence,Incontinência urinária mista,3,1,323,391,0610,Urinary Incontinence Care,Cuidados na Incontinência Urinária,5,0502,Urinary Continence,Continência Urinária,5,high,curated_current_editions_contextual,0,,,https://doi.org/10.1111/2047-3095.12080,Urinary Incontinence Care and Urinary Continence directly address incontinence.,2026-09-08
normal,specific_literature_or_source,00322,Risk for urinary retention,Risco de retenção urinária,3,1,320,388,0620,Urinary Retention Care,Cuidados na Retenção Urinária,1,0503,Urinary Elimination,Eliminação Urinária,2,high,curated_current_editions_contextual,0,,,https://doi.org/10.1111/2047-3095.12080,Corrects the prior code error: 0620 is Urinary Retention Care; 0610 is incontinence care.,2026-09-08
normal,specific_literature_or_source,00326,Decreased bathing abilities,Capacidade reduzida de tomar banho,4,5,391,482,1801,Self-Care Assistance: Bathing/Hygiene,Assistência no Autocuidado: Banho/Higiene,1,0301,Self-Care Behaviour: Bathing,Comportamento de Autocuidado: Banho,1,high,curated_current_editions_contextual,0,,,https://doi.org/10.1177/20473087261443252,Bathing/Hygiene self-care assistance and bathing outcome directly match decreased bathing ability.,2026-09-08
normal,specific_literature_or_source,00329,Decreased toileting abilities,Diminuição da capacidade de usar o banheiro,4,5,397,490,1804,Self-Care Assistance: Toileting,Assistência no Autocuidado: Uso do Banheiro,1,0310,Self-Care Behaviour: Toileting,Comportamento de Autocuidado: Uso do Banheiro,1,high,curated_current_editions_contextual,0,,,https://doi.org/10.1111/2047-3095.12080,Toileting self-care assistance and toileting outcome directly match decreased toileting ability.,2026-09-08
normal,specific_literature_or_source,00335,Risk for excessive loneliness,Risco de solidão excessiva,12,3,653,821,5100,Socialization Enhancement,Melhora da Socialização,5,1203,Loneliness Severity,Gravidade da Solidão,2,high,curated_current_editions_contextual,0,,,https://doi.org/10.1177/20473087261445590,2026 linkage work identifies Loneliness Severity as the resolution outcome and Socialization Enhancement among primary interventions.,2026-09-08
normal,specific_literature_or_source,00338,Inadequate health self-efficacy,Autoeficácia inadequada em saúde,6,2,441,545,5395,Self-Efficacy Enhancement,Melhora da Autoeficácia,1,1701,Health Beliefs: Perceived Ability to Perform,Crenças de Saúde: Capacidade Percebida para Agir,1,high,curated_current_editions_contextual,0,,,https://pmc.ncbi.nlm.nih.gov/articles/PMC10099907/,Self-Efficacy Enhancement and perceived ability to perform directly target health self-efficacy.,2026-09-08
normal,specific_literature_or_source,00339,Inadequate health literacy,Alfabetização em saúde inadequada,1,2,264,315,5515,Health Literacy Enhancement,Melhora da Literacia em Saúde,3,2015,Health Literacy Behaviour,Comportamento de Literacia em Saúde,3,high,curated_current_editions_contextual,0,,,https://doi.org/10.1111/2047-3095.12482,Current literature explicitly pairs Health Literacy Enhancement (5515) with Health Literacy Behaviour (2015).,2026-09-08
normal,specific_literature_or_source,00353,Elder frailty syndrome,Síndrome de fragilidade do idoso,1,2,269,321,0180,Energy Management,Controle de Energia,6,0300,Self-Care Behaviour: Activities of Daily Living,Comportamento de Autocuidado: Atividades de Vida Diária,5,high,curated_current_editions_contextual,0,,,https://doi.org/10.1111/2047-3095.12225,"Frailty linkage evidence emphasizes energy, mobility and self-care; ADL performance is an appropriate primary outcome.",2026-09-08
normal,specific_literature_or_source,00355,Excessive sedentary behaviours,Comportamentos sedentários excessivos,1,1,209,242,0200,Exercise Promotion,Promoção do Exercício,3,1633,Exercise Participation,Participação em Exercício,3,high,curated_current_editions_contextual,0,,,https://doi.org/10.1111/jan.15503,Exercise participation directly measures the target behaviour; Exercise Promotion is the primary behavioural intervention.,2026-09-08
normal,specific_literature_or_source,00356,Ineffective community health management,Gestão ineficaz da saúde comunitária,1,2,223,259,8500,Community Health Development,Desenvolvimento da Saúde Comunitária,4,2701,Community Health Status,Estado de Saúde da Comunidade,2,high,curated_current_editions_contextual,0,,,https://pmc.ncbi.nlm.nih.gov/articles/PMC8250918/,Community-level management requires a community intervention and community health outcome rather than individual education alone.,2026-09-08
normal,specific_literature_or_source,00357,Risk for elder frailty syndrome,Risco de síndrome de fragilidade em idosos,1,2,271,324,0180,Energy Management,Controle de Energia,6,0300,Self-Care Behaviour: Activities of Daily Living,Comportamento de Autocuidado: Atividades de Vida Diária,5,high,curated_current_editions_contextual,0,,,https://doi.org/10.1111/2047-3095.12225,"Frailty linkage evidence emphasizes energy, mobility and self-care; ADL performance is an appropriate primary outcome.",2026-09-08
normal,specific_literature_or_source,00358,Inadequate social support network,Rede de apoio social inadequada,12,3,650,817,5440,Support System Enhancement,Melhora do Sistema de Apoio,2,1504,Social Support,Apoio Social,2,high,curated_current_editions_contextual,0,,,https://doi.org/10.1177/20473087261445590,Support System Enhancement and Social Support directly address inadequate support networks.,2026-09-08
normal,specific_literature_or_source,00366,Excessive caregiving burden,sobrecarga excessiva de cuidados,9,2,494,611,7040,Caregiver Support,Apoio ao Cuidador,2,2210,Caregiver Role Endurance,Resistência no Papel de Cuidador,2,high,curated_current_editions_contextual,0,,,https://doi.org/10.1111/2047-3095.12323,Caregiver Support and Caregiver Role Endurance directly address caregiving burden/risk.,2026-09-08
normal,specific_literature_or_source,00368,Readiness for enhanced verbal communication,Prontidão para uma comunicação verbal aprimorada,5,5,423,524,4976,Communication Enhancement: Speech Deficit,Melhora da Comunicação: Déficit da Fala,3,0902,Communication,Comunicação,3,high,curated_current_editions_contextual,0,,,https://doi.org/10.3390/ijerph16224504,Communication Enhancement: Speech Deficit and Communication are a direct verbal-communication pairing.,2026-09-08
normal,specific_literature_or_source,00372,Ineffective emotion regulation,Regulação emocional ineficaz,9,3,517,640,5330,Mood Management,Controle do Humor,2,1204,Mood Equilibrium,Equilíbrio do Humor,2,high,curated_current_editions_contextual,0,,,https://doi.org/10.1177/20473087261445590,Mood Management and Mood Equilibrium directly target emotion/mood regulation.,2026-09-08
normal,specific_literature_or_source,00373,Maladaptive family coping,Enfrentamento familiar desadaptativo,9,2,490,606,7140,Family Support,Apoio Familiar,2,2600,Family Coping,Enfrentamento Familiar,2,high,curated_current_editions_contextual,0,,,https://doi.org/10.1111/2047-3095.12323,Family Support and Family Coping directly address family coping.,2026-09-08
normal,specific_literature_or_source,00375,Ineffective oral hygiene behaviours,Comportamentos ineficazes de higiene oral,4,5,398,492,1720,Oral Health Promotion,Promoção da Saúde Oral,2,0308,Self-Care Behaviour: Oral Hygiene,Comportamento de Autocuidado: Higiene Oral,2,high,curated_current_editions_contextual,0,,,https://pmc.ncbi.nlm.nih.gov/articles/PMC8516802/,Oral Health Promotion and Oral Hygiene self-care directly match ineffective oral hygiene behaviour.,2026-09-08
normal,specific_literature_or_source,00377,Readiness for enhanced psychological comfort,Prontidão para um maior conforto psicológico,12,4,656,825,5270,Emotional Support,Apoio Emocional,4,2011,Comfort Status: Psychospiritual,Estado de Conforto: Psicoespiritual,2,high,curated_current_editions_contextual,0,,,https://doi.org/10.1177/20473087261445590,Emotional Support and psychospiritual comfort directly address psychological comfort.,2026-09-08
normal,specific_literature_or_source,00378,Readiness for enhanced physical comfort,Prontidão para maior conforto físico,12,1,639,803,6482,Environmental Management: Comfort,Controle do Ambiente: Conforto,3,2010,Comfort Status: Physical,Estado de Conforto: Físico,2,high,curated_current_editions_contextual,0,,,https://doi.org/10.1177/20473087261445590,Environmental Management: Comfort and physical comfort status directly address physical comfort.,2026-09-08
normal,specific_literature_or_source,00379,Impaired psychological comfort,Conforto psicológico prejudicado,12,4,654,823,5270,Emotional Support,Apoio Emocional,4,2011,Comfort Status: Psychospiritual,Estado de Conforto: Psicoespiritual,2,high,curated_current_editions_contextual,0,,,https://doi.org/10.1177/20473087261445590,Emotional Support and psychospiritual comfort directly address psychological comfort.,2026-09-08
normal,specific_literature_or_source,00380,Impaired physical comfort,Conforto físico prejudicado,12,1,637,801,6482,Environmental Management: Comfort,Controle do Ambiente: Conforto,3,2010,Comfort Status: Physical,Estado de Conforto: Físico,2,high,curated_current_editions_contextual,0,,,https://doi.org/10.1177/20473087261445590,Environmental Management: Comfort and physical comfort status directly address physical comfort.,2026-09-08
normal,specific_literature_or_source,00383,Inadequate social connectedness,Conexões sociais inadequadas,12,3,648,815,5100,Socialization Enhancement,Melhora da Socialização,5,1503,Social Involvement,Envolvimento Social,1,high,curated_current_editions_contextual,0,,,https://doi.org/10.1177/20473087261445590,Socialization Enhancement and Social Involvement directly address inadequate social connectedness.,2026-09-08
normal,specific_literature_or_source,00384,Ineffective nausea self-management,Autogestão ineficaz da náusea,1,2,240,282,1450,Nausea Management,Controle da Náusea,1,1618,Nausea & Vomiting Control,Controle de Náuseas e Vômitos,1,high,curated_current_editions_contextual,0,,,https://doi.org/10.1111/jan.15503,Nausea Management and Nausea & Vomiting Control directly match the diagnosis focus.,2026-09-08
normal,specific_literature_or_source,00387,Excessive parental role conflict,Conflito excessivo nos papéis parentais,7,1,452,559,8300,Parenting Promotion,Promoção da Parentalidade,4,2211,Parenting Performance,Desempenho da Parentalidade,4,high,curated_current_editions_contextual,0,,,https://doi.org/10.1111/2047-3095.12323,Parenting Promotion and Parenting Performance directly address parenting behaviour/role conflict.,2026-09-08
normal,specific_literature_or_source,00388,Impaired family processes,Processos familiares prejudicados,7,2,457,565,7100,Family Integrity Promotion,Promoção da Integridade Familiar,6,2602,Family Functioning,Funcionamento Familiar,4,high,curated_current_editions_contextual,0,,,https://doi.org/10.1111/2047-3095.12323,Family Integrity/Process interventions and Family Functioning directly address family interaction/process patterns.,2026-09-08
normal,specific_literature_or_source,00389,Disrupted family interaction patterns,Padrões de interação familiar perturbados,7,2,454,561,7100,Family Integrity Promotion,Promoção da Integridade Familiar,6,2602,Family Functioning,Funcionamento Familiar,4,high,curated_current_editions_contextual,0,,,https://doi.org/10.1111/2047-3095.12323,Family Integrity/Process interventions and Family Functioning directly address family interaction/process patterns.,2026-09-08
normal,specific_literature_or_source,00394,Risk for excessive sedentary behaviours,Risco de comportamentos sedentários excessivos,1,1,211,244,0200,Exercise Promotion,Promoção do Exercício,3,1633,Exercise Participation,Participação em Exercício,3,high,curated_current_editions_contextual,0,,,https://doi.org/10.1111/jan.15503,Exercise participation directly measures the target behaviour; Exercise Promotion is the primary behavioural intervention.,2026-09-08
normal,specific_literature_or_source,00397,Ineffective fatigue self-management,Autogestão ineficaz da fadiga,1,2,234,274,0180,Energy Management,Controle de Energia,6,0007,Fatigue Level,Nível de Fadiga,2,high,curated_current_editions_contextual,0,,,https://pmc.ncbi.nlm.nih.gov/articles/PMC8242432/,Energy Management and Fatigue Level directly address fatigue self-management.,2026-09-08
normal,specific_literature_or_source,00398,Ineffective overweight self-management,Autogestão ineficaz do excesso de peso,1,2,245,291,1280,Weight Reduction Assistance,Assistência na Redução de Peso,2,1627,Weight Loss Behaviour,Comportamento de Perda de Peso,2,high,curated_current_editions_contextual,0,,,https://doi.org/10.1111/jan.15503,Weight-reduction assistance and Weight Loss Behaviour directly target overweight self-management.,2026-09-08
normal,specific_literature_or_source,00401,Risk for excessive caregiving burden,Risco de sobrecarga de cuidados,9,2,496,614,7040,Caregiver Support,Apoio ao Cuidador,2,2210,Caregiver Role Endurance,Resistência no Papel de Cuidador,2,high,curated_current_editions_contextual,0,,,https://doi.org/10.1111/2047-3095.12323,Caregiver Support and Caregiver Role Endurance directly address caregiving burden/risk.,2026-09-08
normal,specific_literature_or_source,00405,Maladaptive coping,Enfrentamento desadaptativo,9,2,487,602,5230,Coping Enhancement,Melhora do Enfrentamento,5,1302,Coping,Enfrentamento,2,high,curated_current_editions_contextual,0,,,https://doi.org/10.1111/2047-3095.12323,Coping Enhancement and Coping directly address maladaptive/enhanced coping.,2026-09-08
normal,specific_literature_or_source,00410,Risk for ineffective family health management,Risco de gestão ineficaz da saúde familiar,1,2,221,257,7110,Family Involvement Promotion,Promoção do Envolvimento Familiar,3,2606,Family Health Status,Estado de Saúde Familiar,2,high,curated_current_editions_contextual,0,,,https://doi.org/10.1111/2047-3095.12323,Family involvement and Family Health Status are contemporary family-management linkages.,2026-09-08
normal,specific_literature_or_source,00411,Risk for inadequate health literacy,Risco de alfabetização em saúde inadequada,1,2,266,317,5515,Health Literacy Enhancement,Melhora da Literacia em Saúde,3,2015,Health Literacy Behaviour,Comportamento de Literacia em Saúde,3,high,curated_current_editions_contextual,0,,,https://doi.org/10.1111/2047-3095.12482,Current literature explicitly pairs Health Literacy Enhancement (5515) with Health Literacy Behaviour (2015).,2026-09-08
normal,specific_literature_or_source,00413,Risk for ineffective community health management,Risco de gestão ineficaz da saúde comunitária,1,2,224,260,8500,Community Health Development,Desenvolvimento da Saúde Comunitária,4,2701,Community Health Status,Estado de Saúde da Comunidade,2,high,curated_current_editions_contextual,0,,,https://pmc.ncbi.nlm.nih.gov/articles/PMC8250918/,Community-level management requires a community intervention and community health outcome rather than individual education alone.,2026-09-08
normal,specific_literature_or_source,00414,Risk for ineffective oral hygiene behaviours,Risco de comportamentos ineficazes de higiene oral,4,5,400,494,1720,Oral Health Promotion,Promoção da Saúde Oral,2,0308,Self-Care Behaviour: Oral Hygiene,Comportamento de Autocuidado: Higiene Oral,2,high,curated_current_editions_contextual,0,,,https://pmc.ncbi.nlm.nih.gov/articles/PMC8516802/,Oral Health Promotion and Oral Hygiene self-care directly match ineffective oral hygiene behaviour.,2026-09-08
normal,specific_literature_or_source,00418,Ineffective pain self-management,Autogestão ineficaz da dor,1,2,242,286,1400,Pain Management,Controle da Dor,5,1605,Pain Control,Controle da Dor,1,high,curated_current_editions_contextual,0,,,https://doi.org/10.1111/jan.15503,Pain Management with Pain Control measures self-management success better than symptom level alone.,2026-09-08
normal,specific_literature_or_source,00425,Risk for impaired peripheral neurovascular function,Risco de comprometimento da função neurovascular periférica,11,2,592,744,2660,Peripheral Sensation Management,Controle da Sensibilidade Periférica,1,0917,Neurological Status: Peripheral,Estado Neurológico: Periférico,1,high,curated_current_editions_contextual,0,,,https://doi.org/10.3390/healthcare11172449,Peripheral sensation monitoring and peripheral neurologic status directly address neurovascular risk.,2026-09-08
normal,specific_literature_or_source,00429,Impaired decision-making,Comprometimento na tomada de decisões,5,4,415,513,5250,Decision-Making Support,Apoio à Tomada de Decisão,5,0906,Decision-Making,Tomada de Decisão,5,high,curated_current_editions_contextual,0,,,https://doi.org/10.1111/2047-3095.12392,Decision-Making Support and Decision-Making directly address decision capacity/readiness.,2026-09-08
normal,specific_literature_or_source,00430,Impaired adult ventilatory weaning response,Resposta prejudicada ao desmame ventilatório em adultos,4,4,386,475,3390,Ventilation Assistance,Assistência Ventilatória,4,0403,Respiratory Status: Ventilation,Estado Respiratório: Ventilação,4,high,curated_current_editions_contextual,0,,,https://doi.org/10.1111/2047-3095.12307,Ventilation Assistance and Respiratory Status: Ventilation directly address ineffective ventilation/breathing.,2026-09-08
normal,specific_literature_or_source,00431,Impaired child ventilatory weaning response,Resposta prejudicada ao desmame ventilatório em crianças,4,4,384,472,3390,Ventilation Assistance,Assistência Ventilatória,4,0403,Respiratory Status: Ventilation,Estado Respiratório: Ventilação,4,high,curated_current_editions_contextual,0,,,https://doi.org/10.1111/2047-3095.12307,Ventilation Assistance and Respiratory Status: Ventilation directly address ineffective ventilation/breathing.,2026-09-08
normal,specific_literature_or_source,00434,Risk for impaired verbal communication,Risco de comprometimento da comunicação verbal,5,5,422,523,4976,Communication Enhancement: Speech Deficit,Melhora da Comunicação: Déficit da Fala,3,0902,Communication,Comunicação,3,high,curated_current_editions_contextual,0,,,https://doi.org/10.3390/ijerph16224504,Communication Enhancement: Speech Deficit and Communication are a direct verbal-communication pairing.,2026-09-08
normal,specific_literature_or_source,00436,Impaired parenting behaviours,Comportamentos parentais problemáticos,7,1,447,552,8300,Parenting Promotion,Promoção da Parentalidade,4,2211,Parenting Performance,Desempenho da Parentalidade,4,high,curated_current_editions_contextual,0,,,https://doi.org/10.1111/2047-3095.12323,Parenting Promotion and Parenting Performance directly address parenting behaviour/role conflict.,2026-09-08
normal,specific_literature_or_source,00437,Risk for impaired parenting behaviours,Risco de comportamentos parentais problemáticos,7,1,449,555,8300,Parenting Promotion,Promoção da Parentalidade,4,2211,Parenting Performance,Desempenho da Parentalidade,4,high,curated_current_editions_contextual,0,,,https://doi.org/10.1111/2047-3095.12323,Parenting Promotion and Parenting Performance directly address parenting behaviour/role conflict.,2026-09-08
normal,specific_literature_or_source,00438,Readiness for enhanced parenting behaviours,Prontidão para comportamentos parentais aprimorados,7,1,451,558,8300,Parenting Promotion,Promoção da Parentalidade,4,2211,Parenting Performance,Desempenho da Parentalidade,4,high,curated_current_editions_contextual,0,,,https://doi.org/10.1111/2047-3095.12323,Parenting Promotion and Parenting Performance directly address parenting behaviour/role conflict.,2026-09-08
normal,specific_literature_or_source,00440,Risk for disrupted family interaction patterns,Risco de padrões de interação familiar interrompidos,7,2,456,563,7100,Family Integrity Promotion,Promoção da Integridade Familiar,6,2602,Family Functioning,Funcionamento Familiar,4,high,curated_current_editions_contextual,0,,,https://doi.org/10.1111/2047-3095.12323,Family Integrity/Process interventions and Family Functioning directly address family interaction/process patterns.,2026-09-08
normal,specific_literature_or_source,00447,Readiness for enhanced weight self-management,Preparação para um melhor autogerenciamento do peso,1,2,244,289,1260,Weight Management,Controle do Peso,1,1628,Weight Maintenance Behaviour,Comportamento de Manutenção do Peso,1,high,curated_current_editions_contextual,0,,,https://doi.org/10.1111/jan.15503,Weight Management with Weight Maintenance Behaviour matches readiness for weight self-management.,2026-09-08
normal,specific_literature_or_source,00448,Risk for decreased diversional activity engagement,Risco de diminuição do envolvimento em atividades de lazer,1,1,208,241,5360,Recreational Therapy,Terapia Recreacional,2,1604,Leisure Participation,Participação em Atividades de Lazer,2,high,curated_current_editions_contextual,0,,,https://doi.org/10.1111/j.2047-3095.2013.01233.x,Leisure/recreation intervention and outcome directly target reduced diversional engagement.,2026-09-08
normal,specific_literature_or_source,00464,Risk for impaired surgical recovery,Risco de recuperação cirúrgica comprometida,4,3,370,455,2870,Post-anaesthesia Care,Cuidados Pós-Anestesia,2,2304,Surgical Recovery: Convalescence,Recuperação Cirúrgica: Convalescença,2,high,curated_current_editions_contextual,0,,,https://doi.org/10.1016/j.enfcli.2023.02.003,Post-anaesthesia/perioperative care with Surgical Recovery: Convalescence directly addresses delayed recovery.,2026-09-08
normal,specific_literature_or_source,00465,Impaired surgical recovery,Recuperação cirúrgica prejudicada,4,3,368,453,2870,Post-anaesthesia Care,Cuidados Pós-Anestesia,2,2304,Surgical Recovery: Convalescence,Recuperação Cirúrgica: Convalescença,2,high,curated_current_editions_contextual,0,,,https://doi.org/10.1016/j.enfcli.2023.02.003,Post-anaesthesia/perioperative care with Surgical Recovery: Convalescence directly addresses delayed recovery.,2026-09-08
normal,specific_literature_or_source,00466,Risk for suicidal self-injurious behaviour,Risco de comportamento suicida autolesivo,11,3,598,752,6340,Suicide Prevention,Prevenção do Suicídio,3,1902,Risk Control,Controle de Risco,12,high,curated_current_editions_contextual,0,,,https://doi.org/10.1111/2047-3095.12392,Suicide Prevention and Risk Control are appropriate primary safety mappings for self-injury risk/behaviour.,2026-09-08
normal,specific_literature_or_source,00467,Non-suicidal self-injurious behaviour,Comportamento autolesivo não suicida,11,3,601,756,6340,Suicide Prevention,Prevenção do Suicídio,3,1902,Risk Control,Controle de Risco,12,high,curated_current_editions_contextual,0,,,https://doi.org/10.1111/2047-3095.12392,Suicide Prevention and Risk Control are appropriate primary safety mappings for self-injury risk/behaviour.,2026-09-08
normal,specific_literature_or_source,00468,Risk for non-suicidal self-injurious behaviour,Risco de comportamento autolesivo não suicida,11,3,604,760,6340,Suicide Prevention,Prevenção do Suicídio,3,1902,Risk Control,Controle de Risco,12,high,curated_current_editions_contextual,0,,,https://doi.org/10.1111/2047-3095.12392,Suicide Prevention and Risk Control are appropriate primary safety mappings for self-injury risk/behaviour.,2026-09-08
normal,specific_literature_or_source,00475,Excessive loneliness,Solidão excessiva,12,3,652,819,5100,Socialization Enhancement,Melhora da Socialização,5,1203,Loneliness Severity,Gravidade da Solidão,2,high,curated_current_editions_contextual,0,,,https://doi.org/10.1177/20473087261445590,2026 linkage work identifies Loneliness Severity as the resolution outcome and Socialization Enhancement among primary interventions.,2026-09-08
normal,specific_literature_or_source,00477,Excessive fatigue burden,sobrecarga de fadiga excessiva,4,3,366,451,0180,Energy Management,Controle de Energia,6,0007,Fatigue Level,Nível de Fadiga,2,high,curated_current_editions_contextual,0,,,https://doi.org/10.1111/2047-3095.12307,Energy Management and Fatigue Level directly target excessive fatigue burden.,2026-09-08
normal,specific_literature_or_source,00484,Risk for disrupted immigration transition,Risco de transição migratória interrompida,9,1,486,601,5350,Relocation Stress Reduction,Redução do Estresse por Mudança,1,1305,Psychosocial Adjustment: Life Change,Ajuste Psicossocial: Mudança de Vida,3,high,curated_current_editions_contextual,0,,,https://doi.org/10.1177/20473087261445590,Relocation Stress Reduction and Psychosocial Adjustment: Life Change directly address migration-transition risk.,2026-09-08
normal,specific_literature_or_source,00485,Ineffective underweight self-management,Autogestão ineficaz do baixo peso,1,2,250,297,1240,Weight Gain Assistance,Assistência no Ganho de Peso,2,1626,Weight Gain Behaviour,Comportamento de Ganho de Peso,2,high,curated_current_editions_contextual,0,,,https://doi.org/10.1111/jan.15503,Weight-gain assistance and Weight Gain Behaviour directly target underweight self-management.,2026-09-08
normal,specific_literature_or_source,00486,Risk for ineffective underweight self-management,Risco de autogestão ineficaz do baixo peso,1,2,253,301,1240,Weight Gain Assistance,Assistência no Ganho de Peso,2,1626,Weight Gain Behaviour,Comportamento de Ganho de Peso,2,high,curated_current_editions_contextual,0,,,https://doi.org/10.1111/jan.15503,Weight-gain assistance and Weight Gain Behaviour directly target underweight self-management.,2026-09-08
normal,specific_literature_or_source,00487,Risk for ineffective overweight self-management,Risco de autogestão ineficaz do excesso de peso,1,2,248,294,1280,Weight Reduction Assistance,Assistência na Redução de Peso,2,1627,Weight Loss Behaviour,Comportamento de Perda de Peso,2,high,curated_current_editions_contextual,0,,,https://doi.org/10.1111/jan.15503,Weight-reduction assistance and Weight Loss Behaviour directly target overweight self-management.,2026-09-08
normal,specific_literature_or_source,00489,Risk for ineffective blood glucose pattern self-management,Risco de autogestão ineficaz do padrão de glicemia,1,2,225,262,5602,Teaching: Disease Process,Ensino: Processo da Doença,5,1619,Self-Management: Diabetes,Autogestão do Diabetes,1,high,curated_current_editions_contextual,0,,,https://doi.org/10.1111/jan.15503,Diabetes self-management is the direct NOC construct for blood-glucose self-management risk.,2026-09-08
normal,specific_literature_or_source,00491,Risk for impaired water-electrolyte balance,Risco de desequilíbrio hidroeletrolítico,2,5,309,373,2080,Fluid/Electrolyte Management,Controle de Líquidos/Eletrólitos,1,0606,Electrolyte Balance,Equilíbrio Eletrolítico,1,high,curated_current_editions_contextual,0,,,https://doi.org/10.1111/jan.15503,Fluid/Electrolyte Management and Electrolyte Balance directly address the risk.,2026-09-08
normal,specific_literature_or_source,00495,Disrupted family identity syndrome,síndrome de identidade familiar desestruturada,6,1,428,530,7100,Family Integrity Promotion,Promoção da Integridade Familiar,6,2603,Family Integrity,Integridade Familiar,2,high,curated_current_editions_contextual,0,,,https://doi.org/10.1111/2047-3095.12323,Family Integrity Promotion and Family Integrity directly address family identity disruption.,2026-09-08
normal,specific_literature_or_source,00496,Risk for disrupted family identity syndrome,Risco de síndrome de identidade familiar desestruturada,6,1,430,532,7100,Family Integrity Promotion,Promoção da Integridade Familiar,6,2603,Family Integrity,Integridade Familiar,2,high,curated_current_editions_contextual,0,,,https://doi.org/10.1111/2047-3095.12323,Family Integrity Promotion and Family Integrity directly address family identity disruption.,2026-09-08
normal,specific_literature_or_source,00500,Risk for surgical wound infection,Risco de infecção da ferida cirúrgica,11,1,542,672,6540,Infection Control,Controle de Infecção,4,1924,Risk Control: Infectious Process,Controle de Risco: Processo Infeccioso,2,high,curated_current_editions_contextual,0,,,https://pmc.ncbi.nlm.nih.gov/articles/PMC8242432/,Infection Control and Risk Control: Infectious Process directly address infection risk.,2026-09-08
