classification,code,current_label_en,current_label_pt,status,risk_review,old_label_en,recovered_en,recovered_pt,diagnosis_count,diagnosis_codes,diagnoses_en,diagnoses_pt,review_en,review_pt,fact_check_notes,source_notes,review_status
NOC,0004,Sleep,Sono,RECOVERED_FACT_CHECK_REQUIRED,STANDARD,Sleep,"NOC 0004 — Sleep. Example evaluation: Rate sleep duration, continuity, and perceived rest; example target: improve from 2/5 to 4/5.","NOC 0004 — Sono (English: Sleep). Exemplo de avaliação: Pontuar duração, continuidade e repouso percebido; exemplo de meta: melhorar de 2/5 para 4/5.",5,00323; 00337; 00407; 00408; 00417,Ineffective sleep hygiene behaviours | Ineffective sleep pattern | Risk for ineffective sleep pattern | Risk for ineffective sleep hygiene behaviours | Readiness for enhanced sleep pattern,Comportamentos ineficazes de higiene do sono | Padrão de sono ineficaz | Risco de padrão de sono ineficaz | Risco de comportamentos ineficazes de higiene do sono | Preparação para um padrão de sono melhorado,"NOC 0004 — Sleep. Local evaluation examples: record bedtime/wake time, total sleep time, number/duration of awakenings and perceived restfulness over several nights; assess whether the person can fall asleep and return to sleep without prolonged wakefulness; note daytime sleepiness, concentration or functional impairment and use of naps; compare the pattern with the person’s baseline and agreed sleep goal rather than applying a universal numeric target; use the selected licensed NOC indicators/scale for formal scoring.","NOC 0004 — Sono. Exemplos locais de avaliação: registrar horário de dormir/acordar, tempo total de sono, número/duração dos despertares e sensação de repouso ao longo de várias noites; avaliar se a pessoa consegue iniciar e retomar o sono sem vigília prolongada; observar sonolência diurna, concentração ou comprometimento funcional e uso de cochilos; comparar o padrão com a linha de base e a meta de sono acordada em vez de aplicar meta numérica universal; utilizar os indicadores/escala NOC licenciados selecionados para a pontuação formal.","Recovered text was treated only as a candidate. This replacement was re-checked against the CURRENT code/label and linked diagnoses, then rewritten where needed for specificity, contemporary clinical practice, scope boundaries, observable evaluation, and safety. Locally authored example guidance; not verbatim or official NIC/NOC activity/indicator wording.",https://www.nhlbi.nih.gov/health/insomnia/treatment,EVIDENCE_REVIEWED_RECOVERED_OR_DRIFT_DRAFT
NOC,0005,Activity Tolerance,Tolerância à Atividade,RECOVERED_FACT_CHECK_REQUIRED,STANDARD,Activity Tolerance,"NOC 0005 — Activity Tolerance. Example evaluation: Record tolerance to planned activity; example: maintains prescribed activity without limiting fatigue, dyspnea, or abnormal vital-sign response.","NOC 0005 — Tolerância à atividade (English: Activity Tolerance). Exemplo de avaliação: Registrar tolerância à atividade planejada; exemplo: realiza atividade prescrita sem fadiga limitante, dispneia ou resposta anormal dos sinais vitais.",2,00298; 00299,Decreased activity tolerance | Risk for decreased activity tolerance,Diminuição da tolerância à atividade | Risco de diminuição da tolerância à atividade,"NOC 0005 — Activity Tolerance. Local evaluation examples: compare walking, transfers or planned activity with baseline distance/duration and assistance required; observe fatigue, dyspnoea, dizziness, pain and recovery time and, when indicated, heart rate, blood pressure and oxygen saturation response; assess whether the person can complete essential activity without symptoms that force early stopping; document progressive improvement, stability or decline over repeated attempts; use the selected licensed NOC indicators/scale for formal scoring.","NOC 0005 — Tolerância à Atividade. Exemplos locais de avaliação: comparar caminhada, transferências ou atividade planejada com distância/duração basal e assistência necessária; observar fadiga, dispneia, tontura, dor e tempo de recuperação e, quando indicado, resposta de frequência cardíaca, pressão arterial e saturação; avaliar se a pessoa completa atividade essencial sem sintomas que obriguem interrupção precoce; documentar melhora progressiva, estabilidade ou declínio em tentativas repetidas; utilizar os indicadores/escala NOC licenciados selecionados para a pontuação formal.","Recovered text was treated only as a candidate. This replacement was re-checked against the CURRENT code/label and linked diagnoses, then rewritten where needed for specificity, contemporary clinical practice, scope boundaries, observable evaluation, and safety. Locally authored example guidance; not verbatim or official NIC/NOC activity/indicator wording.",https://www.who.int/health-topics/noncommunicable-diseases/physical-activity | https://www.nice.org.uk/guidance/CG50/chapter/recommendations,EVIDENCE_REVIEWED_RECOVERED_OR_DRIFT_DRAFT
NOC,0007,Fatigue Level,Nível de Fadiga,AUTHOR_NEW,STANDARD,,,,2,00397; 00477,Ineffective fatigue self-management | Excessive fatigue burden,Autogestão ineficaz da fadiga | sobrecarga de fadiga excessiva,"NOC 0007 — Fatigue Level. Local example evaluation: track perceived fatigue severity, timing and duration together with how much it limits self-care, mobility, concentration, work or social participation; note sleep quality, activity pattern, recovery time and symptoms such as dyspnoea, pain or dizziness that accompany fatigue; compare planned activity with what the person can actually sustain over repeated days; document whether pacing, treatment of contributing problems and graded activity improve function; use the selected licensed NOC indicators and scale for formal scoring and investigate new, disproportionate or rapidly worsening fatigue.","NOC 0007 — Nível de Fadiga. Exemplo local de avaliação: acompanhar intensidade, horário e duração da fadiga percebida e quanto limita autocuidado, mobilidade, concentração, trabalho ou participação social; observar qualidade do sono, padrão de atividade, tempo de recuperação e sintomas associados como dispneia, dor ou tontura; comparar atividade planejada com o que a pessoa realmente sustenta em dias repetidos; documentar se controle de ritmo, tratamento de fatores contribuintes e atividade gradual melhoram função; utilizar indicadores e escala NOC licenciados selecionados para pontuação formal e investigar fadiga nova, desproporcional ou em rápida piora.",Locally authored evaluation examples; no universal numeric target.,https://www.who.int/news-room/fact-sheets/detail/mental-health-strengthening-our-response | https://www.nice.org.uk/guidance/cg50/chapter/recommendations,EVIDENCE_REVIEWED_AUTHOR_NEW_DRAFT
NOC,0107,Child Development: 5 Years,Desenvolvimento Infantil: 5 Anos,AUTHOR_NEW,STANDARD,,,,2,00305; 00314,Risk for delayed child development | Delayed child development,Risco de atraso no desenvolvimento infantil | Atraso no desenvolvimento infantil,"NOC 0107 — Child Development: 5 Years. Local example evaluation: plot accurate growth measurements on the appropriate 0-to-5-year growth standard and review the trajectory; assess age-appropriate gross and fine motor, communication, social-emotional, play and self-care milestones using the local developmental surveillance or screening process; document skills gained, retained or lost and the amount of caregiver support needed; evaluate participation in play and learning and interaction with caregivers or peers rather than a single milestone checklist; use selected licensed NOC indicators and scale for formal scoring and refer regression, loss of skills or significant delay promptly.","NOC 0107 — Desenvolvimento Infantil: 5 Anos. Exemplo local de avaliação: plotar medidas precisas de crescimento no padrão apropriado de 0 a 5 anos e revisar trajetória; avaliar marcos motores grossos e finos, comunicação, socioemocionais, brincadeira e autocuidado adequados à idade pelo processo local de vigilância ou rastreamento; documentar habilidades adquiridas, mantidas ou perdidas e apoio do cuidador necessário; avaliar participação em brincadeira e aprendizagem e interação com cuidadores ou pares em vez de checklist isolado; utilizar indicadores e escala NOC licenciados selecionados para pontuação formal e encaminhar regressão, perda de habilidades ou atraso importante prontamente.",Growth and development examples aligned with WHO standards and nurturing care.,https://www.who.int/tools/child-growth-standards | https://www.who.int/publications/i/item/97892400020986/,EVIDENCE_REVIEWED_AUTHOR_NEW_DRAFT
NOC,0110,Growth,Crescimento,REWRITE_VERIFY_LABEL_DRIFT,STANDARD,Child Development,NOC 0110 — Child Development. Example evaluation: Score age-appropriate developmental indicators; example target 2/5 to 4/5.,NOC 0110 — Desenvolvimento infantil (English: Child Development). Exemplo de avaliação: Pontuar indicadores de desenvolvimento adequados à idade; exemplo de meta 2/5 para 4/5.,2,00348; 00478,Delayed child growth | Risk for delayed child growth,Atraso no crescimento infantil | Risco de atraso no crescimento infantil,"NOC 0110 — Growth. Local evaluation examples: obtain accurate serial weight and length/height (and head circumference when age-appropriate) using consistent technique; plot measurements on the age- and sex-appropriate growth standard/reference and assess the trajectory rather than a single percentile; review weight-for-length/height or BMI-for-age as appropriate and relate change to intake, illness and development; document crossing of centile/z-score patterns or poor growth velocity that requires assessment; use the selected licensed NOC indicators/scale for formal scoring while preserving the actual anthropometric trend.","NOC 0110 — Crescimento. Exemplos locais de avaliação: obter medidas seriadas e precisas de peso e comprimento/altura (e perímetro cefálico quando apropriado à idade) com técnica consistente; plotar as medidas no padrão/referência de crescimento apropriado para idade e sexo e avaliar a trajetória em vez de um único percentil; revisar peso-para-comprimento/altura ou IMC-para-idade conforme pertinente e relacionar mudanças à ingestão, doença e desenvolvimento; documentar cruzamento de padrões de percentil/escore-z ou velocidade de crescimento inadequada que exija avaliação; utilizar os indicadores/escala NOC licenciados selecionados para pontuação formal preservando a tendência antropométrica real.","Recovered text was treated only as a candidate. This replacement was re-checked against the CURRENT code/label and linked diagnoses, then rewritten where needed for specificity, contemporary clinical practice, scope boundaries, observable evaluation, and safety. Locally authored example guidance; not verbatim or official NIC/NOC activity/indicator wording.",https://www.who.int/news-room/questions-and-answers/item/child-growth-standards,EVIDENCE_REVIEWED_RECOVERED_OR_DRIFT_DRAFT
NOC,0113,Physical Ageing,Envelhecimento Físico,AUTHOR_NEW,STANDARD,,,,1,00340,Readiness for enhanced healthy ageing,Preparação para um envelhecimento saudável aprimorado,"NOC 0113 — Physical Ageing. Local example evaluation: assess functional ageing across mobility, strength and balance, cognition, vision and hearing, nutrition, sleep, continence, social connection and ability to perform valued daily roles rather than using chronological age alone; document changes from the person’s baseline and whether adaptations preserve independence; track falls, frailty features, activity participation and recovery after illness; evaluate access to preventive care and a supportive environment; use selected licensed NOC indicators and scale for formal scoring and investigate new decline instead of attributing it automatically to normal ageing.","NOC 0113 — Envelhecimento Físico. Exemplo local de avaliação: avaliar envelhecimento funcional por mobilidade, força e equilíbrio, cognição, visão e audição, nutrição, sono, continência, conexão social e capacidade de realizar papéis diários valorizados, e não apenas idade cronológica; documentar mudanças da linha de base e se adaptações preservam independência; acompanhar quedas, características de fragilidade, participação em atividade e recuperação após doença; avaliar acesso a cuidado preventivo e ambiente de apoio; utilizar indicadores e escala NOC licenciados selecionados para pontuação formal e investigar novo declínio sem atribuí-lo automaticamente ao envelhecimento normal.",Physical-ageing evaluation framed around function rather than age alone.,https://www.who.int/health-topics/ageing,EVIDENCE_REVIEWED_AUTHOR_NEW_DRAFT
NOC,0117,Preterm Infant Organisation,Organização do Lactente Prematuro,AUTHOR_NEW,HIGH,,,,3,00451; 00452; 00453,Impaired infant neurodevelopmental organisation | Risk for impaired infant neurodevelopmental organisation | Readiness for enhanced infant neurodevelopmental organisation,Organização neurodesenvolvimental infantil prejudicada | Risco de comprometimento da organização do neurodesenvolvimento infantil | Preparação para uma melhor organização do neurodesenvolvimento infantil,"NOC 0117 — Preterm Infant Organisation. Local evaluation examples: trend the infant’s physiologic stability and ability to maintain colour, temperature, respiratory pattern and oxygenation during routine care; observe sleep–wake organisation, ability to settle after handling and the balance of stress versus self-regulation cues; assess tolerance of skin-to-skin care, feeding and caregiving without repeated desaturation, bradycardia or marked fatigue; document progressive participation in age-appropriate interaction and caregiving; use the selected licensed NOC indicators/scale for formal scoring and compare with baseline.","NOC 0117 — Organização do Lactente Prematuro. Exemplos locais de avaliação: acompanhar estabilidade fisiológica e capacidade de manter coloração, temperatura, padrão respiratório e oxigenação durante cuidados de rotina; observar organização sono–vigília, capacidade de se acalmar após manipulação e equilíbrio entre sinais de estresse e autorregulação; avaliar tolerância ao contato pele a pele, alimentação e cuidados sem dessaturações repetidas, bradicardia ou fadiga importante; documentar progressão na participação em interação e cuidados apropriados à idade; utilizar os indicadores/escala NOC licenciados selecionados para a pontuação formal e comparar com a linha de base.",Evidence-reviewed locally authored example guidance; not verbatim or official NIC/NOC activity/indicator text. Checked for alignment with the current classification label and the linked diagnoses; avoids fixed numeric NOC targets unless clinically meaningful and preserves escalation/scope boundaries for high-risk care.,https://www.who.int/publications/b/63796 | https://www.who.int/publications/m/item/kangaroo-mother-care--a-clinical-practice-guide,EVIDENCE_REVIEWED_HIGH_RISK_DRAFT
NOC,0118,Newborn Adaptation,Adaptação do Recém-Nascido,AUTHOR_NEW,STANDARD,,,,2,00194; 00230,Neonatal Hyperbilirubinemia | Risk for neonatal hyperbilirubinemia,Hiperbilirrubinemia neonatal | Risco de hiperbilirrubinemia neonatal,"NOC 0118 — Newborn Adaptation. Local example evaluation: trend newborn temperature, respiratory effort and rate, colour, feeding effectiveness, alertness, urine and stool output and weight after birth; assess ability to maintain thermal stability and feed without repeated choking, cyanosis, marked fatigue or cardiorespiratory instability; monitor jaundice according to the neonatal plan and compare bilirubin or clinical findings with age in hours and risk factors rather than visual appearance alone; document caregiver-infant interaction and safe-sleep and feeding readiness for discharge; use selected licensed NOC indicators and scale for formal scoring and escalate newborn danger signs promptly.","NOC 0118 — Adaptação do Recém-Nascido. Exemplo local de avaliação: acompanhar temperatura, frequência e esforço respiratório, coloração, eficácia da alimentação, alerta, eliminações e peso do recém-nascido; avaliar capacidade de manter estabilidade térmica e alimentar-se sem engasgo repetido, cianose, fadiga importante ou instabilidade cardiorrespiratória; monitorar icterícia conforme plano neonatal e comparar bilirrubina ou achados clínicos com idade em horas e fatores de risco em vez de aparência visual isolada; documentar interação cuidador-bebê e prontidão para sono seguro e alimentação na alta; utilizar indicadores e escala NOC licenciados selecionados para pontuação formal e escalar sinais de perigo neonatal prontamente.",Newborn adaptation examples aligned with WHO essential newborn care.,https://www.who.int/teams/maternal-newborn-child-adolescent-health-and-ageing/newborn-health/essential-newborn-care,EVIDENCE_REVIEWED_AUTHOR_NEW_DRAFT
NOC,0119,Sexual Functioning,Funcionamento Sexual,RECOVERED_FACT_CHECK_REQUIRED,STANDARD,Sexual Functioning,NOC 0119 — Sexual Functioning. Example evaluation: Score the patient-identified sexual-function indicator; example target 2/5 to 4/5.,NOC 0119 — Funcionamento sexual (English: Sexual Functioning). Exemplo de avaliação: Pontuar o indicador de função sexual definido com a pessoa; exemplo de meta 2/5 para 4/5.,1,00386,Impaired sexual function,Disfunção sexual,"NOC 0119 — Sexual Functioning. Local evaluation examples: assess the person-defined sexual concern and whether comfort, desire, arousal, lubrication/erection, orgasm, pain, intimacy or satisfaction has changed from baseline; evaluate the effect of illness, treatment, medicines, body changes and relationship or safety factors; document whether the person can engage in desired sexual activity safely and comfortably or has chosen abstinence without distress; assess whether information, adaptations or referral improve the identified concern; use selected licensed NOC indicators/scale for formal scoring and preserve privacy.","NOC 0119 — Funcionamento Sexual. Exemplos locais de avaliação: avaliar a preocupação sexual definida pela pessoa e se conforto, desejo, excitação, lubrificação/ereção, orgasmo, dor, intimidade ou satisfação mudaram em relação à linha de base; avaliar efeito de doença, tratamento, medicamentos, mudanças corporais e fatores relacionais ou de segurança; documentar se a pessoa consegue participar da atividade sexual desejada com segurança/conforto ou se escolheu abstinência sem sofrimento; avaliar se informações, adaptações ou encaminhamento melhoram a preocupação identificada; utilizar indicadores/escala NOC licenciados selecionados para pontuação formal preservando privacidade.","Recovered text was treated only as a candidate. This replacement was re-checked against the CURRENT code/label and linked diagnoses, then rewritten where needed for specificity, contemporary clinical practice, scope boundaries, observable evaluation, and safety. Locally authored example guidance; not verbatim or official NIC/NOC activity/indicator wording.",https://www.who.int/teams/sexual-and-reproductive-health-and-research/key-areas-of-work/sexual-health/defining-sexual-health,EVIDENCE_REVIEWED_RECOVERED_OR_DRIFT_DRAFT
NOC,0200,Ambulation,Deambulação,AUTHOR_NEW,STANDARD,,,,1,00365,Impaired walking ability,Capacidade de locomoção prejudicada,"NOC 0200 — Ambulation. Local example evaluation: measure walking ability using meaningful tasks such as rising, initiating gait, distance, turns and navigating the required environment; document gait stability, speed or endurance, assistance and prescribed device needed; assess pain, dyspnoea, fatigue, dizziness and recovery after walking; compare performance over time and note falls or near-falls rather than distance alone; use selected licensed NOC indicators and scale for formal scoring and investigate sudden decline or new neurological or vascular symptoms.","NOC 0200 — Deambulação. Exemplo local de avaliação: medir capacidade de caminhar por tarefas significativas como levantar-se, iniciar marcha, distância, curvas e navegar o ambiente necessário; documentar estabilidade da marcha, velocidade ou resistência, assistência e dispositivo prescrito necessário; avaliar dor, dispneia, fadiga, tontura e recuperação após caminhada; comparar desempenho e observar quedas ou quase-quedas em vez de distância isolada; utilizar indicadores e escala NOC licenciados selecionados para pontuação formal e investigar declínio súbito ou novos sintomas neurológicos ou vasculares.",Ambulation evaluation reviewed against rehabilitation guidance.,https://www.nice.org.uk/guidance/ng236/chapter/Recommendations | https://www.nice.org.uk/guidance/ng252/chapter/Rehabilitation-to-maintain-improve-or-support-function,EVIDENCE_REVIEWED_AUTHOR_NEW_DRAFT
NOC,0204,Immobility Consequences: Physiological,Consequências da Imobilidade: Fisiológicas,AUTHOR_NEW,STANDARD,,,,1,00087,Risk for perioperative positioning injury,Risco de lesão por posicionamento perioperatório,"NOC 0204 — Immobility Consequences: Physiological. Local example evaluation: inspect skin and pressure points and assess pain, joint range, muscle shortening, oedema, respiratory function, bowel or bladder effects and VTE risk related to immobility; document whether prescribed repositioning, seating, range-of-motion activity and early mobilization maintain tissue integrity and function; track new pressure damage, contracture, respiratory symptoms, constipation or venous-thromboembolic warning signs; compare current mobility-related complications with baseline; use selected licensed NOC indicators and scale for formal scoring and escalate acute complications.","NOC 0204 — Consequências da Imobilidade: Fisiológicas. Exemplo local de avaliação: inspecionar pele e pontos de pressão e avaliar dor, amplitude articular, encurtamento muscular, edema, função respiratória, efeitos intestinais ou urinários e risco de TEV relacionados à imobilidade; documentar se reposicionamento, assento, amplitude de movimento e mobilização precoce prescritos mantêm integridade e função; acompanhar nova lesão por pressão, contratura, sintomas respiratórios, constipação ou sinais de tromboembolismo; comparar complicações da imobilidade com linha de base; utilizar indicadores e escala NOC licenciados selecionados para pontuação formal e escalar complicações agudas.",Immobility consequences include pressure and VTE surveillance; local evaluation only.,https://www.nice.org.uk/guidance/cg179/chapter/Recommendations | https://www.nice.org.uk/guidance/ng89/chapter/recommendations,EVIDENCE_REVIEWED_AUTHOR_NEW_DRAFT
NOC,0208,Mobility,Mobilidade,RECOVERED_FACT_CHECK_REQUIRED,STANDARD,Mobility,NOC 0208 — Mobility. Example evaluation: Score walking/transfer ability; example target: improve from 2/5 to 4/5 for the chosen mobility indicator.,NOC 0208 — Mobilidade (English: Mobility). Exemplo de avaliação: Pontuar capacidade de andar/transferir; exemplo de meta: melhorar de 2/5 para 4/5 no indicador de mobilidade escolhido.,9,00085; 00089; 00091; 00315; 00316; 00324; 00363; 00364; 00367,Impaired physical mobility | Impaired wheelchair mobility | Impaired bed mobility | Delayed infant motor development | Risk for delayed infant motor development | Risk for impaired physical mobility | Impaired sitting ability | Impaired standing ability | Impaired transferring ability,Mobilidade física prejudicada | Mobilidade reduzida em cadeira de rodas | Mobilidade reduzida no leito | Atraso no desenvolvimento motor infantil | Risco de atraso no desenvolvimento motor infantil | Risco de mobilidade física comprometida | Capacidade de sentar-se prejudicada | Capacidade de ficar em pé prejudicada | Capacidade de transferência prejudicada,"NOC 0208 — Mobility. Local evaluation examples: observe ability to turn in bed, sit, stand, transfer and walk as relevant to the person’s goals; document balance, gait quality, distance, speed/endurance, need for assistance and correct use of prescribed mobility aids; compare performance over time and note pain, dizziness or fatigue that limits movement; record whether the person can access essential environments safely; use the selected licensed NOC indicators/scale for formal scoring and refer sudden new mobility loss for assessment.","NOC 0208 — Mobilidade. Exemplos locais de avaliação: observar capacidade de virar no leito, sentar, ficar em pé, transferir e caminhar conforme relevante aos objetivos da pessoa; documentar equilíbrio, qualidade da marcha, distância, velocidade/resistência, necessidade de assistência e uso correto de dispositivos prescritos; comparar desempenho ao longo do tempo e observar dor, tontura ou fadiga que limite o movimento; registrar se a pessoa consegue acessar ambientes essenciais com segurança; utilizar os indicadores/escala NOC licenciados selecionados para pontuação formal e encaminhar perda súbita de mobilidade para avaliação.","Recovered text was treated only as a candidate. This replacement was re-checked against the CURRENT code/label and linked diagnoses, then rewritten where needed for specificity, contemporary clinical practice, scope boundaries, observable evaluation, and safety. Locally authored example guidance; not verbatim or official NIC/NOC activity/indicator wording.",https://www.who.int/health-topics/noncommunicable-diseases/physical-activity | https://www.cdc.gov/steadi/,EVIDENCE_REVIEWED_RECOVERED_OR_DRIFT_DRAFT
NOC,0300,Self-Care Behaviour: Activities of Daily Living,Comportamento de Autocuidado: Atividades de Vida Diária,REWRITE_VERIFY_LABEL_DRIFT,STANDARD,Self-Care: Activities of Daily Living,NOC 0300 — Self-Care: Activities of Daily Living. Example evaluation: Score the relevant ADL indicator; example target: increase independence from 2/5 to 4/5.,NOC 0300 — Autocuidado: atividades de vida diária (English: Self-Care: Activities of Daily Living). Exemplo de avaliação: Pontuar o indicador de atividade de vida diária pertinente; exemplo de meta: aumentar independência de 2/5 para 4/5.,5,00331; 00332; 00353; 00357; 00442,Decreased self-care ability syndrome | Risk for decreased self-care ability syndrome | Elder frailty syndrome | Risk for elder frailty syndrome | Readiness for enhanced self-care abilities,Síndrome da capacidade reduzida de autocuidado | Síndrome de risco de diminuição da capacidade de autocuidado | Síndrome de fragilidade do idoso | Risco de síndrome de fragilidade em idosos | Prontidão para habilidades aprimoradas de autocuidado,"NOC 0300 — Self-Care Behaviour: Activities of Daily Living. Local evaluation examples: assess the level of independence and assistance required for bathing, dressing, grooming, eating, toileting and mobility tasks relevant to the person; distinguish physical, cognitive, sensory and environmental barriers; document whether adaptive equipment or cueing increases independence and safety; compare current performance with baseline and agreed functional goals; use the selected licensed NOC indicators/scale for formal scoring rather than assigning a universal independence target.","NOC 0300 — Comportamento de Autocuidado: Atividades de Vida Diária. Exemplos locais de avaliação: avaliar nível de independência e assistência necessária para banho, vestir-se, higiene/aparência, alimentação, toalete e tarefas de mobilidade relevantes; distinguir barreiras físicas, cognitivas, sensoriais e ambientais; documentar se equipamentos adaptativos ou pistas aumentam independência e segurança; comparar desempenho atual com linha de base e metas funcionais acordadas; utilizar os indicadores/escala NOC licenciados selecionados para pontuação formal em vez de atribuir meta universal de independência.","Recovered text was treated only as a candidate. This replacement was re-checked against the CURRENT code/label and linked diagnoses, then rewritten where needed for specificity, contemporary clinical practice, scope boundaries, observable evaluation, and safety. Locally authored example guidance; not verbatim or official NIC/NOC activity/indicator wording.",https://www.who.int/news-room/fact-sheets/detail/self-care-health-interventions,EVIDENCE_REVIEWED_RECOVERED_OR_DRIFT_DRAFT
NOC,0301,Self-Care Behaviour: Bathing,Comportamento de Autocuidado: Banho,AUTHOR_NEW,STANDARD,,,,1,00326,Decreased bathing abilities,Capacidade reduzida de tomar banho,"NOC 0301 — Self-Care Behaviour: Bathing. Local example evaluation: observe ability to enter and exit the bathing area, wash and dry body regions, manage water or temperature and maintain balance and privacy; document cueing, adaptive equipment and physical assistance needed and whether the task can be sequenced safely; inspect for fatigue, dizziness, pain or skin problems that limit bathing; compare independence with baseline and agreed goals; use selected licensed NOC indicators and scale for formal scoring rather than setting complete independence as the universal target.","NOC 0301 — Comportamento de Autocuidado: Banho. Exemplo local de avaliação: observar capacidade de entrar e sair da área de banho, lavar e secar regiões do corpo, manejar água ou temperatura e manter equilíbrio e privacidade; documentar pistas, equipamento adaptativo e assistência física necessária e se consegue sequenciar tarefa com segurança; verificar fadiga, tontura, dor ou problemas cutâneos que limitem banho; comparar independência com linha de base e metas; utilizar indicadores e escala NOC licenciados selecionados para pontuação formal sem definir independência completa como meta universal.",ADL evaluation tied to observed functional ability and required assistance.,https://www.nice.org.uk/guidance/ng252/chapter/Rehabilitation-to-maintain-improve-or-support-function,EVIDENCE_REVIEWED_AUTHOR_NEW_DRAFT
NOC,0302,Self-Care Behaviour: Dressing,Comportamento de Autocuidado: Vestir-se,AUTHOR_NEW,STANDARD,,,,1,00327,Decreased dressing abilities,Capacidade reduzida de se vestir,"NOC 0302 — Self-Care Behaviour: Dressing. Local example evaluation: observe selection and sequencing of clothing, ability to reach limbs, manipulate fasteners and maintain sitting or standing balance during dressing; document assistance, cueing and adaptive devices required and whether clothing is appropriate for weather, devices and precautions; assess fatigue, pain or cognitive barriers that change performance; compare independence with baseline and functional goals; use selected licensed NOC indicators and scale for formal scoring.","NOC 0302 — Comportamento de Autocuidado: Vestir-se. Exemplo local de avaliação: observar seleção e sequência de roupas, capacidade de alcançar membros, manipular fechos e manter equilíbrio sentado ou em pé ao vestir; documentar assistência, pistas e dispositivos adaptativos necessários e se roupas são adequadas ao clima, dispositivos e precauções; avaliar fadiga, dor ou barreiras cognitivas que alterem desempenho; comparar independência com linha de base e metas funcionais; utilizar indicadores e escala NOC licenciados selecionados para pontuação formal.","Observed dressing function, not arbitrary independence scoring.",https://www.nice.org.uk/guidance/ng236/chapter/Recommendations,EVIDENCE_REVIEWED_AUTHOR_NEW_DRAFT
NOC,0303,Self-Care Behaviour: Eating,Comportamento de Autocuidado: Alimentação,REWRITE_VERIFY_LABEL_DRIFT,STANDARD,Self-Care: Eating,NOC 0303 — Self-Care: Eating. Example evaluation: Score ability to eat safely/independently; example target: from 2/5 to 4/5.,NOC 0303 — Autocuidado: alimentação (English: Self-Care: Eating). Exemplo de avaliação: Pontuar capacidade de alimentar-se com segurança/independência; exemplo de meta: de 2/5 para 4/5.,1,00328,Decreased feeding abilities,Capacidade de alimentação reduzida,"NOC 0303 — Self-Care Behaviour: Eating. Local evaluation examples: observe the person’s ability to position for eating, handle utensils/cups, bring food to the mouth and complete the meal with the planned level of independence; document the assistance, adaptive equipment or cueing needed; assess intake, meal duration and fatigue and note coughing/choking or other swallowing concerns that require separate assessment; compare performance with baseline and functional goals; use the selected licensed NOC indicators/scale for formal scoring.","NOC 0303 — Comportamento de Autocuidado: Alimentação. Exemplos locais de avaliação: observar capacidade de posicionar-se para comer, manejar utensílios/copos, levar alimento à boca e completar a refeição com o nível planejado de independência; documentar assistência, dispositivos adaptativos ou pistas necessárias; avaliar ingestão, duração da refeição e fadiga e observar tosse/engasgo ou outras preocupações de deglutição que exijam avaliação separada; comparar desempenho com linha de base e metas funcionais; utilizar os indicadores/escala NOC licenciados selecionados para pontuação formal.","Recovered text was treated only as a candidate. This replacement was re-checked against the CURRENT code/label and linked diagnoses, then rewritten where needed for specificity, contemporary clinical practice, scope boundaries, observable evaluation, and safety. Locally authored example guidance; not verbatim or official NIC/NOC activity/indicator wording.",https://www.who.int/news-room/fact-sheets/detail/self-care-health-interventions,EVIDENCE_REVIEWED_RECOVERED_OR_DRIFT_DRAFT
NOC,0305,Self-Care Behaviour: Hygiene,Comportamento de Autocuidado: Higiene,AUTHOR_NEW,STANDARD,,,,1,00330,Decreased grooming abilities,Capacidade reduzida de cuidar da higiene pessoal,"NOC 0305 — Self-Care Behaviour: Hygiene. Local example evaluation: assess ability to perform face, hair, oral, hand and other personal hygiene tasks safely and in a personally and culturally acceptable way; document setup, reminders, adaptive equipment or hands-on help needed and whether skin and oral hygiene are adequate; evaluate sequencing, endurance and fine-motor barriers; compare performance with baseline and chosen goals; use selected licensed NOC indicators and scale for formal scoring and refer new functional or cognitive decline.","NOC 0305 — Comportamento de Autocuidado: Higiene. Exemplo local de avaliação: avaliar capacidade de realizar higiene de face, cabelo, boca, mãos e outros cuidados pessoais com segurança e de modo pessoal e culturalmente aceitável; documentar preparação, lembretes, equipamento adaptativo ou ajuda física necessária e se higiene de pele e boca é adequada; avaliar sequência, resistência e barreiras motoras finas; comparar desempenho com linha de base e metas escolhidas; utilizar indicadores e escala NOC licenciados selecionados para pontuação formal e encaminhar novo declínio funcional ou cognitivo.",Hygiene evaluation combines functional and oral-health observation.,https://www.nice.org.uk/guidance/ng252/chapter/Rehabilitation-to-maintain-improve-or-support-function | https://www.who.int/news-room/fact-sheets/detail/oral-health,EVIDENCE_REVIEWED_AUTHOR_NEW_DRAFT
NOC,0306,Self-Care Behaviour: Instrumental Activities of Daily Living,Comportamento de Autocuidado: Atividades Instrumentais de Vida Diária,AUTHOR_NEW,STANDARD,,,,3,00300; 00308; 00309,Ineffective home maintenance behaviours | Risk for ineffective home maintenance behaviours | Readiness for enhanced home maintenance behaviours,Comportamentos ineficazes de manutenção doméstica | Risco de comportamentos ineficazes de manutenção doméstica | Prontidão para comportamentos aprimorados de manutenção doméstica,"NOC 0306 — Self-Care Behaviour: Instrumental Activities of Daily Living. Local example evaluation: assess performance of instrumental activities needed for the person’s life, such as meal preparation, shopping, transport, household tasks, telephone or technology use, medication management and finances; document which tasks are independent, need setup or cueing, require physical help or are unsafe; identify cognitive, sensory, mobility, environmental and resource barriers; evaluate whether adaptations or community supports increase independence; use selected licensed NOC indicators and scale for formal scoring and reassess after illness, fall or cognitive change.","NOC 0306 — Comportamento de Autocuidado: Atividades Instrumentais de Vida Diária. Exemplo local de avaliação: avaliar desempenho das atividades instrumentais necessárias à vida da pessoa, como preparo de refeições, compras, transporte, tarefas domésticas, telefone ou tecnologia, medicamentos e finanças; documentar quais tarefas são independentes, precisam de preparação ou pistas, ajuda física ou são inseguras; identificar barreiras cognitivas, sensoriais, de mobilidade, ambientais e de recursos; avaliar se adaptações ou apoios comunitários aumentam independência; utilizar indicadores e escala NOC licenciados selecionados para pontuação formal e reavaliar após doença, queda ou mudança cognitiva.",IADL evaluation aligned with functional rehabilitation and dementia guidance.,https://www.nice.org.uk/guidance/ng252/chapter/Rehabilitation-to-maintain-improve-or-support-function | https://www.nice.org.uk/guidance/ng97/chapter/Recommendations,EVIDENCE_REVIEWED_AUTHOR_NEW_DRAFT
NOC,0308,Self-Care Behaviour: Oral Hygiene,Comportamento de Autocuidado: Higiene Oral,AUTHOR_NEW,STANDARD,,,,2,00375; 00414,Ineffective oral hygiene behaviours | Risk for ineffective oral hygiene behaviours,Comportamentos ineficazes de higiene oral | Risco de comportamentos ineficazes de higiene oral,"NOC 0308 — Self-Care Behaviour: Oral Hygiene. Local example evaluation: observe ability to obtain oral-care supplies and brush all tooth surfaces twice daily with fluoride toothpaste using the required level of assistance; assess cleaning of dentures and between teeth when applicable and whether technique avoids oral trauma; document plaque or debris, gum bleeding, dry mouth, pain or lesions and the person’s ability to recognize when dental care is needed; evaluate whether adaptive equipment or caregiver support improves consistency; use selected licensed NOC indicators and scale for formal scoring.","NOC 0308 — Comportamento de Autocuidado: Higiene Oral. Exemplo local de avaliação: observar capacidade de obter materiais e escovar todas as superfícies dentárias duas vezes ao dia com creme dental fluoretado no nível de assistência necessário; avaliar limpeza de próteses e entre dentes quando aplicável e se técnica evita trauma oral; documentar placa ou resíduos, sangramento gengival, boca seca, dor ou lesões e capacidade de reconhecer necessidade de atendimento odontológico; avaliar se equipamentos adaptados ou apoio do cuidador melhoram consistência; utilizar indicadores e escala NOC licenciados selecionados para pontuação formal.",Oral-hygiene behaviour evaluated against WHO prevention principles.,https://www.who.int/news-room/fact-sheets/detail/oral-health,EVIDENCE_REVIEWED_AUTHOR_NEW_DRAFT
NOC,0310,Self-Care Behaviour: Toileting,Comportamento de Autocuidado: Uso do Banheiro,AUTHOR_NEW,STANDARD,,,,1,00329,Decreased toileting abilities,Diminuição da capacidade de usar o banheiro,"NOC 0310 — Self-Care Behaviour: Toileting. Local example evaluation: observe ability to recognize toileting need, reach the toilet or commode, transfer, manage clothing, cleanse, dispose of products and return safely; document prompts, adaptive equipment and physical assistance required while preserving privacy; assess continence pattern and whether mobility or cognition creates delay; compare independence and safety with baseline and goals; use selected licensed NOC indicators and scale for formal scoring and reassess after falls, retention, constipation or functional change.","NOC 0310 — Comportamento de Autocuidado: Uso do Banheiro. Exemplo local de avaliação: observar capacidade de reconhecer necessidade de toalete, alcançar banheiro ou cadeira higiênica, transferir, manejar roupas, higienizar-se, descartar produtos e retornar com segurança; documentar pistas, equipamentos e assistência física necessários preservando privacidade; avaliar padrão de continência e se mobilidade ou cognição causam atraso; comparar independência e segurança com linha de base e metas; utilizar indicadores e escala NOC licenciados selecionados para pontuação formal e reavaliar após quedas, retenção, constipação ou mudança funcional.","Toileting outcome framed around function, continence and safety.",https://www.nice.org.uk/guidance/ng236/chapter/Recommendations | https://www.nice.org.uk/guidance/ng123/chapter/recommendations,EVIDENCE_REVIEWED_AUTHOR_NEW_DRAFT
NOC,0400,Cardiac Pump Effectiveness,Eficácia da Bomba Cardíaca,RECOVERED_FACT_CHECK_REQUIRED,STANDARD,Cardiac Pump Effectiveness,"NOC 0400 — Cardiac Pump Effectiveness. Example evaluation: Trend heart rate, rhythm, perfusion, and response to activity; example target 2/5 to 4/5.","NOC 0400 — Eficácia da bomba cardíaca (English: Cardiac Pump Effectiveness). Exemplo de avaliação: Acompanhar frequência/ritmo, perfusão e resposta à atividade; exemplo de meta de 2/5 para 4/5.",1,00240,Risk for decreased cardiac output,Risco de diminuição do débito cardíaco,"NOC 0400 — Cardiac Pump Effectiveness. Local evaluation examples: trend heart rate/rhythm, blood pressure, mental status, urine output and peripheral perfusion together with symptoms such as dyspnoea, chest discomfort, fatigue and oedema; assess tolerance of activity and recovery and compare with baseline; document response to prescribed cardiac treatment and whether congestion or low-output signs improve, remain stable or worsen; use objective trends rather than a single vital sign; use the selected licensed NOC indicators/scale for formal scoring and escalate deterioration.","NOC 0400 — Eficácia da Bomba Cardíaca. Exemplos locais de avaliação: acompanhar frequência/ritmo cardíaco, pressão arterial, estado mental, débito urinário e perfusão periférica juntamente com sintomas como dispneia, desconforto torácico, fadiga e edema; avaliar tolerância à atividade e recuperação e comparar com linha de base; documentar resposta ao tratamento cardíaco prescrito e se sinais de congestão ou baixo débito melhoram, permanecem estáveis ou pioram; utilizar tendências objetivas e não um único sinal vital; utilizar os indicadores/escala NOC licenciados selecionados para pontuação formal e escalar deterioração.","Recovered text was treated only as a candidate. This replacement was re-checked against the CURRENT code/label and linked diagnoses, then rewritten where needed for specificity, contemporary clinical practice, scope boundaries, observable evaluation, and safety. Locally authored example guidance; not verbatim or official NIC/NOC activity/indicator wording.",https://www.nice.org.uk/guidance/NG185/chapter/recommendations | https://www.nice.org.uk/guidance/CG50/chapter/recommendations,EVIDENCE_REVIEWED_RECOVERED_OR_DRIFT_DRAFT
NOC,0401,Circulation Status,Estado Circulatório,AUTHOR_NEW,HIGH,,,,2,00205; 00362,Risk for shock | Risk for imbalanced blood pressure,Risco de choque | Risco de pressão arterial desequilibrada,"NOC 0401 — Circulation Status. Local evaluation examples: trend blood pressure and heart rate/rhythm together with mental status, urine output and peripheral perfusion; assess skin colour/temperature, capillary refill and peripheral pulses and compare with baseline; note symptoms suggesting inadequate circulation such as dizziness, chest discomfort, dyspnoea, syncope or increasing weakness; document the response to prescribed fluid, vasoactive or other circulatory interventions; use the selected licensed NOC indicators/scale for formal scoring and escalate worsening perfusion.","NOC 0401 — Estado Circulatório. Exemplos locais de avaliação: acompanhar pressão arterial e frequência/ritmo cardíaco juntamente com estado mental, débito urinário e perfusão periférica; avaliar coloração/temperatura da pele, enchimento capilar e pulsos periféricos e comparar com a linha de base; observar sintomas sugestivos de circulação inadequada, como tontura, desconforto torácico, dispneia, síncope ou fraqueza crescente; documentar a resposta a fluidos, fármacos vasoativos ou outras intervenções circulatórias prescritas; utilizar os indicadores/escala NOC licenciados selecionados para a pontuação formal e escalar piora da perfusão.",Evidence-reviewed locally authored example guidance; not verbatim or official NIC/NOC activity/indicator text. Checked for alignment with the current classification label and the linked diagnoses; avoids fixed numeric NOC targets unless clinically meaningful and preserves escalation/scope boundaries for high-risk care.,https://www.nice.org.uk/guidance/CG50/chapter/recommendations | https://www.nice.org.uk/guidance/ng253/chapter/Managing-suspected-sepsis,EVIDENCE_REVIEWED_HIGH_RISK_DRAFT
NOC,0402,Respiratory Status: Gas Exchange,Estado Respiratório: Troca Gasosa,RECOVERED_FACT_CHECK_REQUIRED,STANDARD,Respiratory Status: Gas Exchange,"NOC 0402 — Respiratory Status: Gas Exchange. Example evaluation: Trend oxygenation, respiratory effort, and selected respiratory indicators; example target: from 2/5 to 4/5.","NOC 0402 — Estado respiratório: troca gasosa (English: Respiratory Status: Gas Exchange). Exemplo de avaliação: Acompanhar oxigenação, esforço respiratório e indicadores selecionados; exemplo de meta: de 2/5 para 4/5.",1,00030,Impaired gas exchange,Troca gasosa prejudicada,"NOC 0402 — Respiratory Status: Gas Exchange. Local evaluation examples: trend oxygen saturation against the prescribed target and, when ordered, blood-gas values or other gas-exchange data; assess respiratory effort, skin colour, mental status and exercise tolerance rather than saturation alone; compare oxygen requirement with baseline and document response to prescribed oxygen or respiratory treatment; note worsening hypoxaemia, hypercapnia-related symptoms or increasing support needs; use the selected licensed NOC indicators/scale for formal scoring and escalate deterioration.","NOC 0402 — Estado Respiratório: Troca Gasosa. Exemplos locais de avaliação: acompanhar saturação de oxigênio em relação à meta prescrita e, quando solicitados, valores de gasometria ou outros dados de troca gasosa; avaliar esforço respiratório, coloração, estado mental e tolerância ao esforço em vez de depender apenas da saturação; comparar necessidade de oxigênio com linha de base e documentar resposta ao oxigênio/tratamento respiratório prescrito; observar piora de hipoxemia, sintomas relacionados à hipercapnia ou aumento da necessidade de suporte; utilizar os indicadores/escala NOC licenciados selecionados para pontuação formal e escalar deterioração.","Recovered text was treated only as a candidate. This replacement was re-checked against the CURRENT code/label and linked diagnoses, then rewritten where needed for specificity, contemporary clinical practice, scope boundaries, observable evaluation, and safety. Locally authored example guidance; not verbatim or official NIC/NOC activity/indicator wording.",https://www.nice.org.uk/guidance/CG50/chapter/recommendations,EVIDENCE_REVIEWED_RECOVERED_OR_DRIFT_DRAFT
NOC,0403,Respiratory Status: Ventilation,Estado Respiratório: Ventilação,RECOVERED_FACT_CHECK_REQUIRED,HIGH,Respiratory Status: Ventilation,"NOC 0403 — Respiratory Status: Ventilation. Example evaluation: Evaluate rate, depth, effort, and ventilation-related indicators; example target 2/5 to 4/5.","NOC 0403 — Estado respiratório: ventilação (English: Respiratory Status: Ventilation). Exemplo de avaliação: Avaliar frequência, profundidade, esforço e indicadores de ventilação; exemplo de meta de 2/5 para 4/5.",4,00032; 00033; 00430; 00431,Ineffective breathing pattern | Impaired spontaneous ventilation | Impaired adult ventilatory weaning response | Impaired child ventilatory weaning response,Padrão respiratório ineficaz | Ventilação espontânea prejudicada | Resposta prejudicada ao desmame ventilatório em adultos | Resposta prejudicada ao desmame ventilatório em crianças,"NOC 0403 — Respiratory Status: Ventilation. Local evaluation examples: trend respiratory rate, depth and pattern, chest expansion, accessory-muscle use and work of breathing; monitor oxygen saturation and, when ordered, blood-gas or carbon-dioxide data in the context of the person’s target range and diagnosis; assess breath sounds, ability to speak/communicate, fatigue and mental status; document tolerance and response to prescribed oxygen or ventilatory support, including synchrony/interface problems; use the selected licensed NOC indicators/scale for formal scoring and escalate increasing ventilatory failure.","NOC 0403 — Estado Respiratório: Ventilação. Exemplos locais de avaliação: acompanhar frequência, profundidade e padrão respiratório, expansibilidade torácica, uso de musculatura acessória e esforço respiratório; monitorar saturação de oxigênio e, quando prescritos, gasometria ou dados de dióxido de carbono no contexto da meta individual e do diagnóstico; avaliar sons respiratórios, capacidade de falar/comunicar-se, fadiga e estado mental; documentar tolerância e resposta ao oxigênio ou suporte ventilatório prescritos, incluindo problemas de sincronia/interface; utilizar os indicadores/escala NOC licenciados selecionados para a pontuação formal e escalar sinais crescentes de falência ventilatória.",Evidence-reviewed locally authored example guidance; not verbatim or official NIC/NOC activity/indicator text. Checked for alignment with the current classification label and the linked diagnoses; avoids fixed numeric NOC targets unless clinically meaningful and preserves escalation/scope boundaries for high-risk care.,https://www.nice.org.uk/guidance/CG50/chapter/recommendations,EVIDENCE_REVIEWED_HIGH_RISK_DRAFT
NOC,0406,Tissue Perfusion: Cerebral,Perfusão Tissular: Cerebral,AUTHOR_NEW,STANDARD,,,,1,00201,Risk for ineffective cerebral tissue perfusion,Risco de perfusão ineficaz do tecido cerebral,"NOC 0406 — Tissue Perfusion: Cerebral. Local example evaluation: trend level of consciousness, orientation, pupil findings, speech and motor or sensory function together with blood pressure, oxygenation and other ordered cerebral-perfusion observations; compare neurological findings with baseline at consistent intervals; document new headache, vomiting, seizure, focal deficit or sudden behavioural or cognitive change and the physiological context in which it occurs; assess response to the prescribed treatment and whether neurological function stabilizes or deteriorates; use selected licensed NOC indicators and scale for formal scoring and escalate any acute neurological deterioration immediately.","NOC 0406 — Perfusão Tissular: Cerebral. Exemplo local de avaliação: acompanhar nível de consciência, orientação, pupilas, fala e função motora ou sensitiva juntamente com pressão arterial, oxigenação e outras observações prescritas de perfusão cerebral; comparar achados neurológicos com linha de base em intervalos consistentes; documentar nova cefaleia, vômitos, convulsão, déficit focal ou mudança súbita comportamental ou cognitiva e contexto fisiológico; avaliar resposta ao tratamento prescrito e se função neurológica estabiliza ou piora; utilizar indicadores e escala NOC licenciados selecionados para pontuação formal e escalar qualquer deterioração neurológica aguda imediatamente.",Cerebral-perfusion evaluation uses serial neurological and physiological trends; local examples only.,https://www.nice.org.uk/guidance/cg50/chapter/recommendations,EVIDENCE_REVIEWED_AUTHOR_NEW_DRAFT
NOC,0407,Tissue Perfusion: Peripheral,Perfusão Tissular: Periférica,AUTHOR_NEW,STANDARD,,,,2,00204; 00228,Ineffective peripheral tissue perfusion | Risk for ineffective peripheral tissue perfusion,Perfusão tecidual periférica ineficaz | Risco de perfusão tecidual periférica ineficaz,"NOC 0407 — Tissue Perfusion: Peripheral. Local example evaluation: compare bilateral limb colour, temperature, capillary refill, pulses, pain, sensation, movement and wound or skin status; document claudication or rest pain and whether activity or position changes symptoms according to the vascular plan; trend healing and signs of infection in ischaemic wounds; assess response to prescribed cardiovascular-risk and vascular treatment; use selected licensed NOC indicators and scale for formal scoring and treat sudden severe pain, pallor or coolness, absent pulses or new sensory or motor loss as urgent deterioration.","NOC 0407 — Perfusão Tissular: Periférica. Exemplo local de avaliação: comparar bilateralmente coloração, temperatura, enchimento capilar, pulsos, dor, sensibilidade, movimento e estado de feridas ou pele; documentar claudicação ou dor em repouso e se atividade ou posição alteram sintomas conforme plano vascular; acompanhar cicatrização e sinais de infecção em feridas isquêmicas; avaliar resposta ao tratamento vascular e de risco cardiovascular prescrito; utilizar indicadores e escala NOC licenciados selecionados para pontuação formal e tratar dor intensa súbita, palidez ou frialdade, ausência de pulsos ou nova perda sensitiva ou motora como deterioração urgente.",Peripheral-perfusion evaluation aligned with PAD assessment and urgent limb-ischaemia red flags.,https://www.nice.org.uk/guidance/cg147/chapter/recommendations,EVIDENCE_REVIEWED_AUTHOR_NEW_DRAFT
NOC,0410,Respiratory Status: Airway Patency,Estado Respiratório: Permeabilidade das Vias Aéreas,AUTHOR_NEW,HIGH,,,,2,00031; 00039,Ineffective airway clearance | Risk for aspiration,Desobstrução ineficaz das vias aéreas | Risco de aspiração,"NOC 0410 — Respiratory Status: Airway Patency. Local evaluation examples: assess whether the person can maintain a clear airway and manage secretions without repeated choking or obstruction; observe cough strength/effectiveness, secretion amount/character, breath sounds and voice quality; trend respiratory effort, oxygenation and episodes of stridor, wheeze, gurgling or sudden respiratory distress; document the need for suctioning or other prescribed airway-clearance support and the response; use the selected licensed NOC indicators/scale for formal scoring and escalate any loss of airway patency.","NOC 0410 — Estado Respiratório: Permeabilidade das Vias Aéreas. Exemplos locais de avaliação: avaliar se a pessoa consegue manter as vias aéreas livres e manejar secreções sem episódios repetidos de engasgo ou obstrução; observar força/eficácia da tosse, quantidade/características das secreções, sons respiratórios e qualidade da voz; acompanhar esforço respiratório, oxigenação e episódios de estridor, sibilância, ruído gorgolejante ou desconforto respiratório súbito; documentar necessidade de aspiração ou outro suporte prescrito para limpeza das vias aéreas e a resposta; utilizar os indicadores/escala NOC licenciados selecionados para a pontuação formal e escalar qualquer perda de permeabilidade das vias aéreas.",Evidence-reviewed locally authored example guidance; not verbatim or official NIC/NOC activity/indicator text. Checked for alignment with the current classification label and the linked diagnoses; avoids fixed numeric NOC targets unless clinically meaningful and preserves escalation/scope boundaries for high-risk care.,https://www.asha.org/practice-portal/clinical-topics/adult-dysphagia/ | https://www.nice.org.uk/guidance/CG50/chapter/recommendations,EVIDENCE_REVIEWED_HIGH_RISK_DRAFT
NOC,0413,Blood Loss Severity,Gravidade da Perda de Sangue,AUTHOR_NEW,STANDARD,,,,1,00374,Risk for excessive bleeding,Risco de sangramento excessivo,"NOC 0413 — Blood Loss Severity. Local example evaluation: trend visible and concealed bleeding indicators, including wound or dressing or drain output, bruising, mucosal bleeding, urine or stool findings and symptoms suggesting internal blood loss; monitor heart rate, blood pressure, perfusion, mental status and relevant ordered haemoglobin or coagulation data in context; document the rate and persistence of blood loss rather than a single observation; assess response to prescribed haemostatic treatment, fluids or blood products; use selected licensed NOC indicators and scale for formal scoring and escalate haemodynamic change or suspected major bleeding immediately.","NOC 0413 — Gravidade da Perda de Sangue. Exemplo local de avaliação: acompanhar indicadores de sangramento visível ou oculto, incluindo ferida, curativo, drenos, equimoses, mucosas, urina ou fezes e sintomas de perda interna; monitorar frequência cardíaca, pressão arterial, perfusão, estado mental e hemoglobina ou coagulação solicitadas no contexto; documentar velocidade e persistência da perda em vez de observação isolada; avaliar resposta ao tratamento hemostático, fluidos ou hemocomponentes prescritos; utilizar indicadores e escala NOC licenciados selecionados para pontuação formal e escalar alteração hemodinâmica ou suspeita de sangramento importante imediatamente.","Blood-loss evaluation focuses on observed loss, physiology and response, not a fixed score.",https://www.nice.org.uk/guidance/cg50/chapter/recommendations,EVIDENCE_REVIEWED_AUTHOR_NEW_DRAFT
NOC,0500,Bowel Continence,Continência Intestinal,AUTHOR_NEW,STANDARD,,,,2,00345; 00424,Risk for impaired fecal continence | Impaired fecal continence,Risco de incontinência fecal | Incontinência fecal prejudicada,"NOC 0500 — Bowel Continence. Local example evaluation: record frequency, volume and circumstances of bowel leakage together with stool consistency, urgency and awareness; assess ability to defer defecation long enough to reach the toilet and whether bowel routine, diet, prescribed medicines or pelvic-floor treatment reduces episodes; document perianal skin integrity and impact on daily or social activity; compare episode frequency and predictability over time rather than requiring complete continence for every patient; use selected licensed NOC indicators and scale for formal scoring and refer persistent symptoms or red flags.","NOC 0500 — Continência Intestinal. Exemplo local de avaliação: registrar frequência, volume e circunstâncias das perdas fecais juntamente com consistência, urgência e percepção; avaliar capacidade de adiar evacuação até alcançar banheiro e se rotina intestinal, dieta, medicamentos prescritos ou tratamento do assoalho pélvico reduzem episódios; documentar integridade da pele perianal e impacto diário ou social; comparar frequência e previsibilidade ao longo do tempo sem exigir continência completa para todos; utilizar indicadores e escala NOC licenciados selecionados para pontuação formal e encaminhar sintomas persistentes ou sinais de alarme.",Fecal-continence evaluation aligned with NIDDK management concepts.,https://www.niddk.nih.gov/health-information/digestive-diseases/bowel-control-problems-fecal-incontinence/treatment,EVIDENCE_REVIEWED_AUTHOR_NEW_DRAFT
NOC,0501,Bowel Elimination,Eliminação Intestinal,RECOVERED_FACT_CHECK_REQUIRED,STANDARD,Bowel Elimination,"NOC 0501 — Bowel Elimination. Example evaluation: Record frequency, consistency, ease, and discomfort; example target: selected indicators improve from 2/5 to 4/5.","NOC 0501 — Eliminação intestinal (English: Bowel Elimination). Exemplo de avaliação: Registrar frequência, consistência, facilidade e desconforto; exemplo de meta: indicadores selecionados de 2/5 para 4/5.",4,00235; 00236; 00344; 00346,Chronic functional constipation | Risk for chronic functional constipation | Impaired intestinal elimination | Risk for impaired intestinal elimination,constipação funcional crônica | Risco de constipação funcional crônica | Eliminação intestinal prejudicada | Risco de comprometimento da eliminação intestinal,"NOC 0501 — Bowel Elimination. Local evaluation examples: record bowel frequency, stool form/consistency, ease of passage, urgency/continence and abdominal or rectal discomfort; assess whether the person can follow a sustainable toileting routine without excessive straining; trend response to diet, fluid, activity and prescribed bowel treatment; document new bleeding, severe distension/pain or failure to pass stool/flatus as safety findings rather than outcome targets; use the selected licensed NOC indicators/scale for formal scoring.","NOC 0501 — Eliminação Intestinal. Exemplos locais de avaliação: registrar frequência intestinal, forma/consistência das fezes, facilidade de eliminação, urgência/continência e desconforto abdominal ou retal; avaliar se a pessoa consegue manter rotina de evacuação sustentável sem esforço excessivo; acompanhar resposta à dieta, líquidos, atividade e tratamento intestinal prescrito; documentar novo sangramento, distensão/dor intensa ou incapacidade de eliminar fezes/gases como achados de segurança e não metas de resultado; utilizar os indicadores/escala NOC licenciados selecionados para pontuação formal.","Recovered text was treated only as a candidate. This replacement was re-checked against the CURRENT code/label and linked diagnoses, then rewritten where needed for specificity, contemporary clinical practice, scope boundaries, observable evaluation, and safety. Locally authored example guidance; not verbatim or official NIC/NOC activity/indicator wording.",https://www.niddk.nih.gov/health-information/digestive-diseases/constipation/treatment,EVIDENCE_REVIEWED_RECOVERED_OR_DRIFT_DRAFT
NOC,0502,Urinary Continence,Continência Urinária,AUTHOR_NEW,STANDARD,,,,5,00017; 00019; 00022; 00297; 00310,Stress urinary incontinence | Urge urinary incontinence | Risk for urge urinary incontinence | Disability-associated urinary incontinence | Mixed urinary incontinence,Incontinência urinária de esforço | Incontinência urinária de urgência | Risco de incontinência urinária de urgência | Incontinência urinária associada à deficiência | Incontinência urinária mista,"NOC 0502 — Urinary Continence. Local example evaluation: record leakage episodes, urgency, frequency, nocturia and pad or containment use with a bladder diary when useful; assess ability to delay voiding and reach the toilet, pelvic-floor or bladder-training performance and mobility barriers; document skin integrity, sleep and social impact as well as symptom frequency; compare response to the individualized continence plan over time; use selected licensed NOC indicators and scale for formal scoring and investigate haematuria, pain, recurrent infection, voiding difficulty or suspected retention.","NOC 0502 — Continência Urinária. Exemplo local de avaliação: registrar episódios de perda, urgência, frequência, noctúria e uso de absorventes ou contenção com diário vesical quando útil; avaliar capacidade de adiar micção e alcançar banheiro, desempenho do treinamento vesical ou assoalho pélvico e barreiras de mobilidade; documentar integridade da pele, sono e impacto social além da frequência; comparar resposta ao plano individual de continência; utilizar indicadores e escala NOC licenciados selecionados para pontuação formal e investigar hematúria, dor, infecção recorrente, dificuldade miccional ou suspeita de retenção.",Urinary-continence evaluation aligned with NICE bladder training and pelvic-floor management.,https://www.nice.org.uk/guidance/ng123/chapter/recommendations,EVIDENCE_REVIEWED_AUTHOR_NEW_DRAFT
NOC,0503,Urinary Elimination,Eliminação Urinária,RECOVERED_FACT_CHECK_REQUIRED,STANDARD,Urinary Elimination,"NOC 0503 — Urinary Elimination. Example evaluation: Record frequency, volume, urgency, continence and discomfort; example target: selected indicators improve from 2/5 to 4/5.","NOC 0503 — Eliminação urinária (English: Urinary Elimination). Exemplo de avaliação: Registrar frequência, volume, urgência, continência e desconforto; exemplo de meta: indicadores selecionados de 2/5 para 4/5.",2,00016; 00322,Impaired urinary elimination | Risk for urinary retention,Eliminação urinária prejudicada | Risco de retenção urinária,"NOC 0503 — Urinary Elimination. Local evaluation examples: record voiding frequency, volume, urgency, nocturia, continence and discomfort and compare with the person’s usual pattern; assess ability to empty the bladder without hesitancy/straining or painful distension; trend intake/output or bladder-diary data when relevant and document response to the continence/voiding plan; note haematuria, infection symptoms or new retention as safety findings requiring assessment; use the selected licensed NOC indicators/scale for formal scoring.","NOC 0503 — Eliminação Urinária. Exemplos locais de avaliação: registrar frequência miccional, volume, urgência, noctúria, continência e desconforto e comparar com o padrão habitual da pessoa; avaliar capacidade de esvaziar a bexiga sem hesitação/esforço ou distensão dolorosa; acompanhar balanço/diário vesical quando pertinente e documentar resposta ao plano de continência/micção; observar hematúria, sintomas de infecção ou nova retenção como achados de segurança que exigem avaliação; utilizar os indicadores/escala NOC licenciados selecionados para pontuação formal.","Recovered text was treated only as a candidate. This replacement was re-checked against the CURRENT code/label and linked diagnoses, then rewritten where needed for specificity, contemporary clinical practice, scope boundaries, observable evaluation, and safety. Locally authored example guidance; not verbatim or official NIC/NOC activity/indicator wording.",https://www.niddk.nih.gov/health-information/urologic-diseases/bladder-control-problems/treatment | https://www.nice.org.uk/guidance/ng123/chapter/recommendations,EVIDENCE_REVIEWED_RECOVERED_OR_DRIFT_DRAFT
NOC,0601,Fluid Balance,Equilíbrio Hídrico,RECOVERED_FACT_CHECK_REQUIRED,STANDARD,Fluid Balance,NOC 0601 — Fluid Balance. Example evaluation: Compare intake/output and associated signs; example target: move from 2/5 to 4/5 in maintaining expected balance.,NOC 0601 — Equilíbrio hídrico (English: Fluid Balance). Exemplo de avaliação: Comparar entradas/saídas e sinais associados; exemplo de meta: passar de 2/5 para 4/5 na manutenção do equilíbrio esperado.,1,00492,Risk for impaired fluid volume balance,Risco de desequilíbrio do volume de fluidos,"NOC 0601 — Fluid Balance. Local evaluation examples: trend oral/enteral/parenteral intake, urine and other measured losses together with weight and clinical signs of hydration/overload; assess mucous membranes, oedema, orthostatic symptoms, blood pressure, heart rate and urine output as appropriate to the condition; interpret laboratory values in context rather than using intake/output totals alone; compare the pattern with the prescribed fluid goal and baseline; use the selected licensed NOC indicators/scale for formal scoring and escalate signs of significant deficit or overload.","NOC 0601 — Equilíbrio Hídrico. Exemplos locais de avaliação: acompanhar ingestão oral/enteral/parenteral, diurese e outras perdas mensuradas juntamente com peso e sinais clínicos de hidratação/sobrecarga; avaliar mucosas, edema, sintomas ortostáticos, pressão arterial, frequência cardíaca e débito urinário conforme a condição; interpretar exames laboratoriais em contexto em vez de usar apenas totais de entrada/saída; comparar padrão com meta hídrica prescrita e linha de base; utilizar os indicadores/escala NOC licenciados selecionados para pontuação formal e escalar sinais de déficit ou sobrecarga importantes.","Recovered text was treated only as a candidate. This replacement was re-checked against the CURRENT code/label and linked diagnoses, then rewritten where needed for specificity, contemporary clinical practice, scope boundaries, observable evaluation, and safety. Locally authored example guidance; not verbatim or official NIC/NOC activity/indicator wording.",https://www.nice.org.uk/guidance/cg32/chapter/Recommendations | https://www.nice.org.uk/guidance/CG50/chapter/recommendations,EVIDENCE_REVIEWED_RECOVERED_OR_DRIFT_DRAFT
NOC,0602,Hydration,Hidratação,AUTHOR_NEW,STANDARD,,,,2,00420; 00421,Risk for inadequate fluid volume | Inadequate fluid volume,Risco de volume inadequado de fluidos | Volume de fluido inadequado,"NOC 0602 — Hydration. Local example evaluation: trend fluid intake, urine output, weight and clinical signs such as thirst, mucosal dryness, orthostatic symptoms, heart rate, blood pressure and mental status according to the person’s condition; review renal function or electrolytes when ordered and interpret them with clinical findings; document response to prescribed oral, enteral or IV hydration and ability to maintain intake; distinguish inadequate hydration from other causes of hypotension or fatigue; use selected licensed NOC indicators and scale for formal scoring and escalate shock, oliguria, severe electrolyte abnormality or inability to replace ongoing losses.","NOC 0602 — Hidratação. Exemplo local de avaliação: acompanhar ingestão hídrica, diurese, peso e sinais como sede, ressecamento de mucosas, sintomas ortostáticos, frequência cardíaca, pressão arterial e estado mental conforme condição; revisar função renal ou eletrólitos quando solicitados e interpretar com achados clínicos; documentar resposta à hidratação oral, enteral ou IV prescrita e capacidade de manter ingestão; distinguir hidratação inadequada de outras causas de hipotensão ou fadiga; utilizar indicadores e escala NOC licenciados selecionados para pontuação formal e escalar choque, oligúria, alteração eletrolítica grave ou incapacidade de repor perdas contínuas.",Hydration evaluation aligned with clinical and fluid-balance monitoring.,https://www.nice.org.uk/guidance/cg174/chapter/recommendations,EVIDENCE_REVIEWED_AUTHOR_NEW_DRAFT
NOC,0603,Fluid Overload Severity,Gravidade da Sobrecarga Hídrica,AUTHOR_NEW,STANDARD,,,,2,00026; 00370,Excessive fluid volume | Risk for excessive fluid volume,Volume excessivo de fluido | Risco de volume excessivo de fluidos,"NOC 0603 — Fluid Overload Severity. Local example evaluation: trend body weight, fluid balance, peripheral or sacral oedema, breathlessness, lung findings, oxygen requirement and blood pressure in the context of cardiac or renal status; document whether urine output and congestion respond to the prescribed fluid or diuretic plan; assess functional impact such as orthopnoea or reduced activity tolerance and compare with baseline; interpret laboratory or renal changes with the clinical picture; use selected licensed NOC indicators and scale for formal scoring and escalate pulmonary oedema, severe hypoxaemia or haemodynamic deterioration.","NOC 0603 — Gravidade da Sobrecarga Hídrica. Exemplo local de avaliação: acompanhar peso, balanço, edema periférico ou sacral, dispneia, achados pulmonares, necessidade de oxigênio e pressão arterial no contexto cardíaco ou renal; documentar se diurese e congestão respondem ao plano prescrito de líquidos ou diuréticos; avaliar impacto funcional como ortopneia ou redução da tolerância e comparar com linha de base; interpretar mudanças laboratoriais ou renais com quadro clínico; utilizar indicadores e escala NOC licenciados selecionados para pontuação formal e escalar edema pulmonar, hipoxemia grave ou deterioração hemodinâmica.",Fluid-overload evaluation uses serial congestion and physiological findings.,https://www.nice.org.uk/guidance/cg174/chapter/recommendations | https://www.nice.org.uk/guidance/cg50/chapter/recommendations,EVIDENCE_REVIEWED_AUTHOR_NEW_DRAFT
NOC,0606,Electrolyte Balance,Equilíbrio Eletrolítico,AUTHOR_NEW,STANDARD,,,,1,00491,Risk for impaired water-electrolyte balance,Risco de desequilíbrio hidroeletrolítico,"NOC 0606 — Electrolyte Balance. Local example evaluation: trend ordered sodium, potassium, magnesium, calcium and related renal or acid-base data as relevant to the condition and treatment; assess for weakness, cramps, nausea, altered mental status, seizures or rhythm changes that may indicate clinically important imbalance; relate results to intake, urine or GI losses, medicines and IV therapy rather than correcting numbers in isolation; document response to prescribed replacement or restriction and repeat testing at the planned interval; use selected licensed NOC indicators and scale for formal scoring and escalate severe or symptomatic abnormalities promptly.","NOC 0606 — Equilíbrio Eletrolítico. Exemplo local de avaliação: acompanhar sódio, potássio, magnésio, cálcio e dados renais ou ácido-base solicitados conforme condição e tratamento; avaliar fraqueza, cãibras, náusea, alteração mental, convulsões ou mudança de ritmo que possam indicar desequilíbrio importante; relacionar resultados a ingestão, perdas urinárias ou GI, medicamentos e terapia IV em vez de corrigir números isoladamente; documentar resposta à reposição ou restrição prescrita e repetir exames no intervalo planejado; utilizar indicadores e escala NOC licenciados selecionados para pontuação formal e escalar alterações graves ou sintomáticas prontamente.",Electrolyte evaluation preserves lab context and symptom escalation; no invented replacement doses.,https://www.nice.org.uk/guidance/cg174/chapter/recommendations,EVIDENCE_REVIEWED_AUTHOR_NEW_DRAFT
NOC,0702,Immune Status,Estado Imunológico,RECOVERED_FACT_CHECK_REQUIRED,STANDARD,Immune Status,NOC 0702 — Immune Status. Example evaluation: Trend relevant infection/immune indicators; example target 2/5 to 4/5 or maintenance at baseline when stable.,NOC 0702 — Estado imunológico (English: Immune Status). Exemplo de avaliação: Acompanhar indicadores imunológicos/infecciosos pertinentes; exemplo de meta 2/5 para 4/5 ou manutenção do basal quando estável.,1,00361,Impaired immune response,Resposta imune prejudicada,"NOC 0702 — Immune Status. Local evaluation examples: trend signs of infection and systemic illness in the context of the person’s immune condition and treatment; review relevant ordered laboratory data such as blood counts and inflammatory/infectious markers without treating any one value as the outcome; assess skin, oral/mucosal integrity and healing where immune compromise affects these areas; document frequency/severity of infections and response to prophylaxis or prescribed treatment; use selected licensed NOC indicators/scale for formal scoring and escalate clinical deterioration promptly.","NOC 0702 — Estado Imunológico. Exemplos locais de avaliação: acompanhar sinais de infecção e doença sistêmica no contexto da condição imunológica e do tratamento; revisar exames laboratoriais solicitados, como hemograma e marcadores inflamatórios/infecciosos, sem transformar um único valor no resultado; avaliar integridade da pele, boca/mucosas e cicatrização quando o comprometimento imunológico afetar essas áreas; documentar frequência/gravidade de infecções e resposta à profilaxia ou tratamento prescritos; utilizar indicadores/escala NOC licenciados selecionados para pontuação formal e escalar deterioração clínica prontamente.","Recovered text was treated only as a candidate. This replacement was re-checked against the CURRENT code/label and linked diagnoses, then rewritten where needed for specificity, contemporary clinical practice, scope boundaries, observable evaluation, and safety. Locally authored example guidance; not verbatim or official NIC/NOC activity/indicator wording.",https://www.nice.org.uk/guidance/CG50/chapter/recommendations,EVIDENCE_REVIEWED_RECOVERED_OR_DRIFT_DRAFT
NOC,0707,Immune Hypersensitivity Response,Resposta de Hipersensibilidade Imunológica,AUTHOR_NEW,STANDARD,,,,2,00042; 00217,Risk for latex allergy reaction | Risk for allergic reaction,Risco de reação alérgica ao látex | Risco de reação alérgica,"NOC 0707 — Immune Hypersensitivity Response. Local example evaluation: document the allergen or exposure and type, timing and progression of previous reactions and distinguish local intolerance from systemic hypersensitivity where possible; after suspected exposure, assess skin or mucosal findings together with airway, breathing, circulation and gastrointestinal symptoms; track whether symptoms remain localized, resolve or progress after prescribed treatment; confirm allergy documentation and the person’s ability to reduce exposure and use an emergency plan when prescribed; use selected licensed NOC indicators and scale for formal scoring and treat suspected anaphylaxis as an emergency.","NOC 0707 — Resposta de Hipersensibilidade Imunológica. Exemplo local de avaliação: documentar alérgeno ou exposição e tipo, tempo e progressão de reações prévias e distinguir intolerância local de hipersensibilidade sistêmica quando possível; após exposição suspeita, avaliar pele ou mucosas juntamente com vias aéreas, respiração, circulação e sintomas gastrointestinais; acompanhar se sintomas permanecem localizados, resolvem ou progridem após tratamento prescrito; confirmar registro da alergia e capacidade de reduzir exposição e usar plano emergencial quando prescrito; utilizar indicadores e escala NOC licenciados selecionados para pontuação formal e tratar suspeita de anafilaxia como emergência.",Immune hypersensitivity evaluation aligned with current NICE anaphylaxis guidance.,https://www.nice.org.uk/guidance/ng258,EVIDENCE_REVIEWED_AUTHOR_NEW_DRAFT
NOC,0800,Thermoregulation,Termorregulação,RECOVERED_FACT_CHECK_REQUIRED,STANDARD,Thermoregulation,NOC 0800 — Thermoregulation. Example evaluation: Trend body temperature and behavioral/physiologic signs; example target 2/5 to 4/5.,NOC 0800 — Termorregulação (English: Thermoregulation). Exemplo de avaliação: Acompanhar temperatura corporal e sinais comportamentais/fisiológicos; exemplo de meta 2/5 para 4/5.,9,00007; 00008; 00274; 00471; 00472; 00473; 00474; 00476; 00490,Hyperthermia | Ineffective thermoregulation | Risk for ineffective thermoregulation | Risk for hyperthermia | Decreased body temperature | Risk for decreased body temperature | Decreased neonatal body temperature | Risk for decreased neonatal body temperature | Risk for decreased perioperative body temperature,Hipertermia | Termorregulação ineficaz | Risco de termorregulação ineficaz | Risco de hipertermia | Diminuição da temperatura corporal | Risco de diminuição da temperatura corporal | Diminuição da temperatura corporal neonatal | Risco de diminuição da temperatura corporal neonatal | Risco de diminuição da temperatura corporal perioperatória,"NOC 0800 — Thermoregulation. Local evaluation examples: trend body temperature using a consistent appropriate method and relate it to environment, infection/inflammation, medicines and activity; assess chills, diaphoresis, skin temperature/colour, hydration and mental status; document whether warming/cooling or prescribed treatment returns temperature and symptoms toward the person’s expected range without causing adverse effects; note recurrent or persistent abnormal temperature; use the selected licensed NOC indicators/scale for formal scoring and escalate marked temperature disturbance with deterioration.","NOC 0800 — Termorregulação. Exemplos locais de avaliação: acompanhar temperatura corporal com método apropriado e consistente e relacioná-la a ambiente, infecção/inflamação, medicamentos e atividade; avaliar calafrios, sudorese, temperatura/coloração da pele, hidratação e estado mental; documentar se aquecimento/resfriamento ou tratamento prescrito aproxima temperatura e sintomas do intervalo esperado sem efeitos adversos; observar alteração recorrente ou persistente; utilizar os indicadores/escala NOC licenciados selecionados para pontuação formal e escalar distúrbio térmico importante com deterioração.","Recovered text was treated only as a candidate. This replacement was re-checked against the CURRENT code/label and linked diagnoses, then rewritten where needed for specificity, contemporary clinical practice, scope boundaries, observable evaluation, and safety. Locally authored example guidance; not verbatim or official NIC/NOC activity/indicator wording.",https://www.nice.org.uk/guidance/CG50/chapter/recommendations,EVIDENCE_REVIEWED_RECOVERED_OR_DRIFT_DRAFT
NOC,0900,Cognition,Cognição,RECOVERED_FACT_CHECK_REQUIRED,STANDARD,Cognition,NOC 0900 — Cognition. Example evaluation: Score orientation/attention/cognitive responses relevant to the diagnosis; example target 2/5 to 4/5.,NOC 0900 — Cognição (English: Cognition). Exemplo de avaliação: Pontuar orientação/atenção/respostas cognitivas pertinentes; exemplo de meta 2/5 para 4/5.,3,00128; 00129; 00493,Acute confusion | Chronic confusion | Disrupted thought processes,Confusão aguda | Confusão crônica | Processos de pensamento interrompidos,"NOC 0900 — Cognition. Local evaluation examples: assess orientation, attention, ability to follow conversation/instructions, problem-solving and decision-making relative to the person’s baseline and communication ability; distinguish chronic cognitive impairment from sudden fluctuation or inattention; document whether cues, sensory aids and a low-distraction environment improve performance; assess functional impact on medication use, self-care and safety; use selected licensed NOC indicators/scale for formal scoring and escalate acute cognitive change for medical assessment.","NOC 0900 — Cognição. Exemplos locais de avaliação: avaliar orientação, atenção, capacidade de acompanhar conversa/instruções, resolver problemas e tomar decisões em relação à linha de base e capacidade de comunicação; distinguir comprometimento cognitivo crônico de flutuação ou desatenção súbita; documentar se pistas, recursos sensoriais e ambiente com poucas distrações melhoram o desempenho; avaliar impacto funcional sobre medicamentos, autocuidado e segurança; utilizar indicadores/escala NOC licenciados selecionados para pontuação formal e escalar mudança cognitiva aguda para avaliação médica.","Recovered text was treated only as a candidate. This replacement was re-checked against the CURRENT code/label and linked diagnoses, then rewritten where needed for specificity, contemporary clinical practice, scope boundaries, observable evaluation, and safety. Locally authored example guidance; not verbatim or official NIC/NOC activity/indicator wording.",https://www.nice.org.uk/guidance/ng97/chapter/Recommendations | https://www.nice.org.uk/guidance/CG50/chapter/recommendations,EVIDENCE_REVIEWED_RECOVERED_OR_DRIFT_DRAFT
NOC,0901,Cognitive Orientation,Orientação Cognitiva,AUTHOR_NEW,STANDARD,,,,1,00173,Risk for acute confusion,Risco de confusão aguda,"NOC 0901 — Cognitive Orientation. Local example evaluation: assess orientation to person, place, time and current situation and compare with the person’s known baseline; note fluctuation across the day and ability to use clocks, calendars, environmental cues and familiar people; document whether disorientation affects safety, decision making or ability to follow care; distinguish chronic baseline disorientation from a recent or fluctuating change; use selected licensed NOC indicators and scale for formal scoring and trigger delirium or medical assessment for acute change.","NOC 0901 — Orientação Cognitiva. Exemplo local de avaliação: avaliar orientação para pessoa, local, tempo e situação atual e comparar com linha de base conhecida; observar flutuação ao longo do dia e capacidade de usar relógios, calendários, pistas ambientais e pessoas familiares; documentar se desorientação afeta segurança, decisões ou capacidade de seguir cuidado; distinguir desorientação crônica de mudança recente ou flutuante; utilizar indicadores e escala NOC licenciados selecionados para pontuação formal e acionar avaliação de delirium ou médica diante de alteração aguda.",Cognitive-orientation evaluation distinguishes chronic dementia from acute delirium.,https://www.nice.org.uk/guidance/cg103/chapter/Recommendations | https://www.nice.org.uk/guidance/ng97/chapter/Recommendations,EVIDENCE_REVIEWED_AUTHOR_NEW_DRAFT
NOC,0902,Communication,Comunicação,RECOVERED_FACT_CHECK_REQUIRED,STANDARD,Communication,NOC 0902 — Communication. Example evaluation: Score ability to communicate needs and understand messages; example target 2/5 to 4/5.,NOC 0902 — Comunicação (English: Communication). Exemplo de avaliação: Pontuar capacidade de comunicar necessidades e compreender mensagens; exemplo de meta 2/5 para 4/5.,3,00051; 00368; 00434,Impaired verbal communication | Readiness for enhanced verbal communication | Risk for impaired verbal communication,Comunicação verbal prejudicada | Prontidão para uma comunicação verbal aprimorada | Risco de comprometimento da comunicação verbal,"NOC 0902 — Communication. Local evaluation examples: assess the person’s ability to understand messages and express needs, choices, symptoms and safety concerns using speech, writing, gesture, communication board/device or interpreter as needed; note word-finding, articulation, hearing/vision or language barriers; document the amount of cueing or assistive support required and whether communication remains accurate under stress/fatigue; compare with baseline and goals; use the selected licensed NOC indicators/scale for formal scoring and refer sudden new communication deficit urgently.","NOC 0902 — Comunicação. Exemplos locais de avaliação: avaliar capacidade de compreender mensagens e expressar necessidades, escolhas, sintomas e preocupações de segurança por fala, escrita, gestos, prancha/dispositivo de comunicação ou intérprete conforme necessário; observar dificuldade de encontrar palavras, articulação, audição/visão ou barreiras linguísticas; documentar quantidade de pistas ou apoio assistivo necessário e se a comunicação permanece precisa sob estresse/fadiga; comparar com linha de base e metas; utilizar os indicadores/escala NOC licenciados selecionados para pontuação formal e encaminhar déficit súbito de comunicação com urgência.","Recovered text was treated only as a candidate. This replacement was re-checked against the CURRENT code/label and linked diagnoses, then rewritten where needed for specificity, contemporary clinical practice, scope boundaries, observable evaluation, and safety. Locally authored example guidance; not verbatim or official NIC/NOC activity/indicator wording.",https://www.who.int/news-room/fact-sheets/detail/self-care-health-interventions,EVIDENCE_REVIEWED_RECOVERED_OR_DRIFT_DRAFT
NOC,0906,Decision-Making,Tomada de Decisão,AUTHOR_NEW,STANDARD,,,,5,00184; 00242; 00243; 00244; 00429,Readiness for enhanced decision-making | Impaired emancipated decision-making | Readiness for enhanced emancipated decision-making | Risk for impaired emancipated decision-making | Impaired decision-making,Preparação para uma tomada de decisão aprimorada | Comprometimento da capacidade de tomar decisões emancipadas | Prontidão para uma tomada de decisão emancipada aprimorada | Risco de comprometimento na tomada de decisões emancipadas | Comprometimento na tomada de decisões,"NOC 0906 — Decision-Making. Local example evaluation: assess whether the person understands the decision, available options, relevant benefits and harms and how each option relates to their own goals; document ability to express a choice and the communication or support needed to participate; evaluate whether additional time, accessible information, decision aids, interpreters or trusted supporters improve participation; distinguish a choice others dislike from inability to decide; use selected licensed NOC indicators and scale for formal scoring and follow the applicable capacity framework only when decision-specific impairment is established.","NOC 0906 — Tomada de Decisão. Exemplo local de avaliação: avaliar se a pessoa compreende decisão, opções, benefícios e riscos relevantes e como cada opção se relaciona a seus objetivos; documentar capacidade de expressar escolha e apoio de comunicação necessário; avaliar se tempo adicional, informação acessível, auxiliares de decisão, intérpretes ou pessoas de confiança melhoram participação; distinguir escolha com a qual outros discordam de incapacidade de decidir; utilizar indicadores e escala NOC licenciados selecionados para pontuação formal e seguir estrutura de capacidade apenas quando comprometimento específico for estabelecido.",Decision-making outcome aligned with shared decision making and decision-specific capacity.,https://www.nice.org.uk/guidance/ng197/chapter/recommendations | https://www.nice.org.uk/guidance/ng108/chapter/recommendations,EVIDENCE_REVIEWED_AUTHOR_NEW_DRAFT
NOC,0908,Memory,Memória,RECOVERED_FACT_CHECK_REQUIRED,STANDARD,Memory,NOC 0908 — Memory. Example evaluation: Score recall of relevant information; example target 2/5 to 4/5.,NOC 0908 — Memória (English: Memory). Exemplo de avaliação: Pontuar recordação de informações relevantes; exemplo de meta 2/5 para 4/5.,1,00131,Impaired memory,Memória prejudicada,"NOC 0908 — Memory. Local evaluation examples: assess recall of recent events, appointments, safety instructions and personally relevant information relative to baseline; evaluate whether calendars, written routines, alarms or other memory aids reduce missed tasks and increase independence; document consistency of recall over time rather than one test performance; assess functional consequences such as medication errors, getting lost or inability to complete routine tasks; use selected licensed NOC indicators/scale for formal scoring and refer sudden/progressive decline for assessment.","NOC 0908 — Memória. Exemplos locais de avaliação: avaliar recordação de eventos recentes, compromissos, instruções de segurança e informações pessoalmente relevantes em relação à linha de base; avaliar se calendários, rotinas escritas, alarmes ou outros apoios reduzem tarefas esquecidas e aumentam independência; documentar consistência da recordação ao longo do tempo em vez de um único teste; avaliar consequências funcionais como erros de medicação, perder-se ou incapacidade de completar rotinas; utilizar indicadores/escala NOC licenciados selecionados para pontuação formal e encaminhar declínio súbito/progressivo para avaliação.","Recovered text was treated only as a candidate. This replacement was re-checked against the CURRENT code/label and linked diagnoses, then rewritten where needed for specificity, contemporary clinical practice, scope boundaries, observable evaluation, and safety. Locally authored example guidance; not verbatim or official NIC/NOC activity/indicator wording.",https://www.who.int/en/news-room/fact-sheets/detail/dementia,EVIDENCE_REVIEWED_RECOVERED_OR_DRIFT_DRAFT
NOC,0910,Neurological Function: Autonomic,Função Neurológica: Autonômica,AUTHOR_NEW,HIGH,,,,1,00010,Risk for autonomic dysreflexia,Risco de disreflexia autonômica,"NOC 0910 — Neurological Function: Autonomic. Local evaluation examples: trend blood pressure and heart rate against the person’s baseline and assess for episodic autonomic instability; document symptoms such as sudden severe headache, flushing, sweating, piloerection, nasal congestion or changes in vision when relevant to autonomic dysreflexia; assess whether common triggers such as bladder or bowel problems are identified and resolved according to the care plan; record recurrence, duration and response to prescribed interventions; use the selected licensed NOC indicators/scale for formal scoring and escalate sustained severe hypertension or neurological deterioration.","NOC 0910 — Função Neurológica: Autonômica. Exemplos locais de avaliação: acompanhar pressão arterial e frequência cardíaca em relação ao estado basal e avaliar episódios de instabilidade autonômica; documentar sintomas como cefaleia intensa súbita, rubor, sudorese, piloereção, congestão nasal ou alterações visuais quando pertinentes à disreflexia autonômica; avaliar se gatilhos comuns, como problemas vesicais ou intestinais, são identificados e resolvidos conforme o plano de cuidados; registrar recorrência, duração e resposta às intervenções prescritas; utilizar os indicadores/escala NOC licenciados selecionados para a pontuação formal e escalar hipertensão grave sustentada ou deterioração neurológica.",Evidence-reviewed locally authored example guidance; not verbatim or official NIC/NOC activity/indicator text. Checked for alignment with the current classification label and the linked diagnoses; avoids fixed numeric NOC targets unless clinically meaningful and preserves escalation/scope boundaries for high-risk care.,https://pva.org/research-resources/publications/clinical-practice-guidelines/,EVIDENCE_REVIEWED_HIGH_RISK_DRAFT
NOC,0917,Neurological Status: Peripheral,Estado Neurológico: Periférico,AUTHOR_NEW,HIGH,,,,1,00425,Risk for impaired peripheral neurovascular function,Risco de comprometimento da função neurovascular periférica,"NOC 0917 — Neurological Status: Peripheral. Local evaluation examples: compare bilateral peripheral sensation, movement and strength with baseline and note new numbness, tingling, weakness or loss of function; assess limb colour, temperature, capillary refill, pulses and swelling when neurovascular compromise is a concern; document pain characteristics, including pain out of proportion to examination findings; track whether deficits are stable, improving or progressing after the planned intervention; use the selected licensed NOC indicators/scale for formal scoring and escalate sudden sensory/motor loss or signs of acute limb ischaemia.","NOC 0917 — Estado Neurológico: Periférico. Exemplos locais de avaliação: comparar sensibilidade, movimento e força periféricos bilateralmente com a linha de base e observar novo entorpecimento, formigamento, fraqueza ou perda de função; avaliar coloração, temperatura, enchimento capilar, pulsos e edema do membro quando houver preocupação neurovascular; documentar características da dor, incluindo dor desproporcional ao exame; acompanhar se os déficits permanecem estáveis, melhoram ou progridem após a intervenção planejada; utilizar os indicadores/escala NOC licenciados selecionados para a pontuação formal e escalar perda sensitiva/motora súbita ou sinais de isquemia aguda do membro.",Evidence-reviewed locally authored example guidance; not verbatim or official NIC/NOC activity/indicator text. Checked for alignment with the current classification label and the linked diagnoses; avoids fixed numeric NOC targets unless clinically meaningful and preserves escalation/scope boundaries for high-risk care.,https://www.nice.org.uk/guidance/cg147/chapter/recommendations,EVIDENCE_REVIEWED_HIGH_RISK_DRAFT
NOC,1000,Breastfeeding Establishment: Infant,Estabelecimento da Amamentação: Lactente,REWRITE_VERIFY_LABEL_DRIFT,HIGH,Breastfeeding Establishment: Mother,NOC 1000 — Breastfeeding Establishment: Mother. Example evaluation: Evaluate positioning/attachment and perceived adequacy; example target: effective technique and adequate intake-related indicators improve toward 4/5.,NOC 1000 — Estabelecimento da amamentação (English: Breastfeeding Establishment: Mother). Exemplo de avaliação: Avaliar posicionamento/pega e percepção de adequação; exemplo de meta: técnica eficaz e indicadores de ingestão adequada evoluem para 4/5.,5,00347; 00371; 00382; 00406; 00479,Disrupted exclusive chestfeeding | Ineffective chestfeeding | Risk for disrupted exclusive chestfeeding | Risk for ineffective chestfeeding | Readiness for enhanced chestfeeding,Interrupção do aleitamento materno exclusivo | amamentação ineficaz | Risco de interrupção do aleitamento materno exclusivo | Risco de amamentação ineficaz | Prontidão para amamentação aprimorada,"NOC 1000 — Breastfeeding Establishment: Infant. Local evaluation examples: observe comfortable attachment and a rhythmic suck–swallow–breathe pattern appropriate to the infant; assess audible/visible swallowing, milk transfer and the infant’s ability to remain physiologically stable during feeds; trend urine/stool output and weight/growth using age-appropriate expectations; note satiation cues and whether feeds end without repeated choking, cyanosis or excessive fatigue; use the selected licensed NOC indicators/scale for formal scoring and arrange feeding review when transfer or growth is inadequate.","NOC 1000 — Estabelecimento da Amamentação: Lactente. Exemplos locais de avaliação: observar pega confortável e padrão rítmico de sucção–deglutição–respiração apropriado ao lactente; avaliar deglutição audível/visível, transferência de leite e capacidade de manter estabilidade fisiológica durante as mamadas; acompanhar diurese/evacuações e peso/crescimento conforme expectativas para a idade; observar sinais de saciedade e se as mamadas terminam sem engasgos repetidos, cianose ou fadiga excessiva; utilizar os indicadores/escala NOC licenciados selecionados para a pontuação formal e organizar reavaliação da alimentação quando a transferência ou o crescimento forem inadequados.",Evidence-reviewed locally authored example guidance; not verbatim or official NIC/NOC activity/indicator text. Checked for alignment with the current classification label and the linked diagnoses; avoids fixed numeric NOC targets unless clinically meaningful and preserves escalation/scope boundaries for high-risk care.,https://www.who.int/publications/i/item/9789240032323 | https://www.who.int/news-room/fact-sheets/detail/infant-and-young-child-feeding | https://publications.aap.org/pediatrics/article/150/3/e2022058859/188726/Clinical-Practice-Guideline-Revision-Management-of,EVIDENCE_REVIEWED_HIGH_RISK_DRAFT
NOC,1001,Breastfeeding Establishment: Maternal,Estabelecimento da Amamentação: Materno,AUTHOR_NEW,HIGH,,,,2,00333; 00334,Inadequate human milk production | Risk for inadequate human milk production,Produção inadequada de leite humano | Risco de produção inadequada de leite materno,"NOC 1001 — Breastfeeding Establishment: Maternal. Local evaluation examples: assess the parent’s comfort and confidence with positioning, attachment and responsive feeding and whether help is needed to achieve a pain-minimized feed; monitor breast/nipple integrity, engorgement or other symptoms requiring review; assess perceived and observed milk production/transfer together with the infant’s output and growth rather than relying on breast sensation alone; evaluate the ability to express/store milk when needed and to recognize when professional help is required; use the selected licensed NOC indicators/scale for formal scoring and compare progress with baseline.","NOC 1001 — Estabelecimento da Amamentação: Materno. Exemplos locais de avaliação: avaliar conforto e confiança da pessoa que amamenta quanto a posicionamento, pega e alimentação responsiva e se é necessária ajuda para obter uma mamada com mínima dor; monitorar integridade mamária/mamilar, ingurgitamento ou outros sintomas que exijam avaliação; avaliar produção/transferência de leite percebida e observada em conjunto com eliminações e crescimento do lactente, sem depender apenas da sensação nas mamas; avaliar capacidade de extrair/armazenar leite quando necessário e de reconhecer quando buscar ajuda profissional; utilizar os indicadores/escala NOC licenciados selecionados para a pontuação formal e comparar a evolução com a linha de base.",Evidence-reviewed locally authored example guidance; not verbatim or official NIC/NOC activity/indicator text. Checked for alignment with the current classification label and the linked diagnoses; avoids fixed numeric NOC targets unless clinically meaningful and preserves escalation/scope boundaries for high-risk care.,https://www.who.int/publications/i/item/9789240032323 | https://www.who.int/publications/i/item/9789240122109 | https://www.who.int/news-room/fact-sheets/detail/infant-and-young-child-feeding,EVIDENCE_REVIEWED_HIGH_RISK_DRAFT
NOC,1004,Nutritional Status,Estado Nutricional,RECOVERED_FACT_CHECK_REQUIRED,STANDARD,Nutritional Status,NOC 1004 — Nutritional Status. Example evaluation: Track intake-related indicators and trend; example target: improves from 2/5 to 4/5 in the selected nutritional indicator.,NOC 1004 — Estado nutricional (English: Nutritional Status). Exemplo de avaliação: Acompanhar indicadores relacionados à ingestão e tendência; exemplo de meta: melhorar de 2/5 para 4/5 no indicador nutricional selecionado.,7,00269; 00270; 00343; 00359; 00360; 00409; 00419,Ineffective adolescent eating dynamics | Ineffective child eating dynamics | Inadequate nutritional intake | Inadequate protein energy nutritional intake | Risk for inadequate protein energy nutritional intake | Risk for inadequate nutritional intake | Readiness for enhanced nutritional intake,Dinâmicas alimentares ineficazes na adolescência | Dinâmica alimentar infantil ineficaz | ingestão nutricional inadequada | Ingestão nutricional inadequada de proteínas e energia | Risco de ingestão nutricional inadequada de proteínas e energia | Risco de ingestão nutricional inadequada | Prontidão para uma ingestão nutricional aprimorada,"NOC 1004 — Nutritional Status. Local evaluation examples: trend food/fluid intake, appetite, weight and other age/condition-appropriate anthropometric measures over time; assess muscle/functional changes, oral health, swallowing, gastrointestinal symptoms and barriers to obtaining/preparing food; review relevant prescribed laboratory/clinical indicators without using a single value as proof of nutrition status; document whether the nutrition plan improves intake, tolerance and weight trajectory; use selected licensed NOC indicators/scale for formal scoring and refer persistent decline.","NOC 1004 — Estado Nutricional. Exemplos locais de avaliação: acompanhar ingestão de alimentos/líquidos, apetite, peso e outras medidas antropométricas adequadas à idade/condição ao longo do tempo; avaliar mudanças musculares/funcionais, saúde oral, deglutição, sintomas gastrointestinais e barreiras para obter/preparar alimentos; revisar indicadores clínicos/laboratoriais prescritos sem usar um único valor como prova do estado nutricional; documentar se o plano melhora ingestão, tolerância e trajetória do peso; utilizar indicadores/escala NOC licenciados selecionados para pontuação formal e encaminhar declínio persistente.","Recovered text was treated only as a candidate. This replacement was re-checked against the CURRENT code/label and linked diagnoses, then rewritten where needed for specificity, contemporary clinical practice, scope boundaries, observable evaluation, and safety. Locally authored example guidance; not verbatim or official NIC/NOC activity/indicator wording.",https://www.nice.org.uk/guidance/cg32/chapter/Recommendations,EVIDENCE_REVIEWED_RECOVERED_OR_DRIFT_DRAFT
NOC,1008,Nutritional Status: Food and Fluid Intake,Estado Nutricional: Ingestão de Alimentos e Líquidos,AUTHOR_NEW,STANDARD,,,,1,00271,Ineffective infant feeding dynamics,Dinâmica ineficaz da alimentação infantil,"NOC 1008 — Nutritional Status: Food and Fluid Intake. Local example evaluation: record actual breast, formula or other prescribed feed intake, feed frequency or duration and infant feeding cues rather than estimating intake from appearance alone; observe latch or suck-swallow-breathe coordination, physiologic stability and fatigue during feeding; trend urine or stool output, hydration and age-appropriate weight or growth; document whether the infant completes feeds with the planned level of support and whether vomiting, choking or respiratory symptoms occur; use selected licensed NOC indicators and scale for formal scoring and arrange feeding or paediatric review for inadequate intake or growth.","NOC 1008 — Estado Nutricional: Ingestão de Alimentos e Líquidos. Exemplo local de avaliação: registrar ingestão real de leite materno, fórmula ou outra alimentação prescrita, frequência ou duração e sinais de fome ou saciedade em vez de estimar apenas pela aparência; observar pega ou coordenação sucção-deglutição-respiração, estabilidade fisiológica e fadiga durante alimentação; acompanhar eliminações, hidratação e peso ou crescimento apropriados à idade; documentar se lactente completa mamadas com apoio planejado e se ocorre vômito, engasgo ou sintoma respiratório; utilizar indicadores e escala NOC licenciados selecionados para pontuação formal e organizar revisão alimentar ou pediátrica diante de ingestão ou crescimento inadequados.","Food/fluid intake evaluation uses observed feeding safety, intake and growth.",https://www.who.int/teams/maternal-newborn-child-adolescent-health-and-ageing/newborn-health/essential-newborn-care | https://www.who.int/tools/child-growth-standards,EVIDENCE_REVIEWED_AUTHOR_NEW_DRAFT
NOC,1010,Swallowing Status,Estado da Deglutição,AUTHOR_NEW,HIGH,,,,2,00103; 00295,Impaired swallowing | Ineffective infant suck-swallow response,Dificuldade de deglutição | Resposta de sucção-deglutição ineficaz em bebês,"NOC 1010 — Swallowing Status. Local evaluation examples: assess the ability to manage the prescribed food/liquid consistency and bolus size with effective oral preparation and clearance; observe for cough, choking, throat clearing, wet/gurgly voice, prolonged mealtime or fatigue and note that absence of cough does not exclude aspiration; monitor respiratory status and oxygenation around meals when clinically indicated; trend adequacy of intake/hydration and the amount of assistance or compensatory strategy required; use the selected licensed NOC indicators/scale for formal scoring and refer/escalate deterioration in swallowing safety.","NOC 1010 — Estado da Deglutição. Exemplos locais de avaliação: avaliar a capacidade de manejar a consistência prescrita de alimentos/líquidos e o volume do bolo com preparo e limpeza oral eficazes; observar tosse, engasgo, pigarro, voz molhada/gorgolejante, refeição prolongada ou fadiga, lembrando que a ausência de tosse não exclui aspiração; monitorar estado respiratório e oxigenação ao redor das refeições quando clinicamente indicado; acompanhar adequação da ingestão/hidratação e o grau de assistência ou estratégia compensatória necessária; utilizar os indicadores/escala NOC licenciados selecionados para a pontuação formal e encaminhar/escalar piora da segurança da deglutição.",Evidence-reviewed locally authored example guidance; not verbatim or official NIC/NOC activity/indicator text. Checked for alignment with the current classification label and the linked diagnoses; avoids fixed numeric NOC targets unless clinically meaningful and preserves escalation/scope boundaries for high-risk care.,https://www.asha.org/practice-portal/clinical-topics/adult-dysphagia/,EVIDENCE_REVIEWED_HIGH_RISK_DRAFT
NOC,1015,Gastrointestinal Function,Função Gastrointestinal,AUTHOR_NEW,STANDARD,,,,2,00422; 00423,Risk for impaired gastrointestinal motility | Impaired gastrointestinal motility,Risco de comprometimento da motilidade gastrointestinal | Motilidade gastrointestinal prejudicada,"NOC 1015 — Gastrointestinal Function. Local example evaluation: track abdominal pain or distension, nausea or vomiting, appetite, passage of stool or flatus and stool characteristics in relation to the person’s baseline and illness; assess tolerance of prescribed oral or enteral intake and whether symptoms suggest slowed or excessive motility; document medicine, surgery, infection or electrolyte factors that may affect gastrointestinal function; compare the pattern over time and response to treatment; use selected licensed NOC indicators and scale for formal scoring and escalate severe pain or distension, persistent vomiting, bleeding or suspected obstruction or ileus.","NOC 1015 — Função Gastrointestinal. Exemplo local de avaliação: acompanhar dor ou distensão abdominal, náuseas ou vômitos, apetite, eliminação de fezes ou gases e características das fezes em relação à linha de base e doença; avaliar tolerância à ingestão oral ou enteral prescrita e se sintomas sugerem motilidade reduzida ou excessiva; documentar medicamentos, cirurgia, infecção ou eletrólitos que possam afetar função GI; comparar padrão e resposta ao tratamento; utilizar indicadores e escala NOC licenciados selecionados para pontuação formal e escalar dor ou distensão intensa, vômitos persistentes, sangramento ou suspeita de obstrução ou íleo.","Gastrointestinal-function evaluation focuses on symptoms, intake tolerance and obstruction red flags.",https://www.nice.org.uk/guidance/cg32/chapter/Recommendations | https://medlineplus.gov/nauseaandvomiting.html,EVIDENCE_REVIEWED_AUTHOR_NEW_DRAFT
NOC,1100,Oral Health,Saúde Oral,AUTHOR_NEW,STANDARD,,,,2,00352; 00412,Ineffective dry mouth self-management | Risk for ineffective dry mouth self-management,Autogestão ineficaz da boca seca | Risco de autogestão ineficaz da boca seca,"NOC 1100 — Oral Health. Local example evaluation: assess oral moisture, lips, mucosa, tongue, gums, teeth or dentures, pain, lesions, bleeding, coating and signs of infection; document ability to eat, drink, speak and perform oral hygiene comfortably; assess salivary symptoms and whether prescribed oral care or lubrication improves dryness and tissue integrity; track dental or oral disease signs and access to dental care; use selected licensed NOC indicators and scale for formal scoring and refer persistent ulceration, candidiasis, unexplained bleeding, severe dental pain or impaired intake.","NOC 1100 — Saúde Oral. Exemplo local de avaliação: avaliar umidade oral, lábios, mucosa, língua, gengivas, dentes ou próteses, dor, lesões, sangramento, saburra e sinais de infecção; documentar capacidade de comer, beber, falar e realizar higiene oral confortavelmente; avaliar sintomas salivares e se cuidado ou lubrificação prescritos melhoram ressecamento e integridade; acompanhar sinais de doença oral ou dentária e acesso a atendimento; utilizar indicadores e escala NOC licenciados selecionados para pontuação formal e encaminhar ulceração persistente, candidíase, sangramento inexplicado, dor dentária intensa ou ingestão prejudicada.",Oral-health outcome aligned with WHO oral-health principles.,https://www.who.int/news-room/fact-sheets/detail/oral-health,EVIDENCE_REVIEWED_AUTHOR_NEW_DRAFT
NOC,1101,Tissue Integrity: Skin & Mucous Membranes,Integridade Tissular: Pele e Mucosas,REWRITE_VERIFY_LABEL_DRIFT,STANDARD,Tissue Integrity: Skin and Mucous Membranes,NOC 1101 — Tissue Integrity: Skin and Mucous Membranes. Example evaluation: Trend skin integrity indicators; example target: no progression and improvement from 2/5 to 4/5.,NOC 1101 — Integridade tissular: pele e membranas mucosas (English: Tissue Integrity: Skin and Mucous Membranes). Exemplo de avaliação: Acompanhar integridade da pele; exemplo de meta: ausência de progressão e melhora de 2/5 para 4/5.,6,00044; 00045; 00046; 00245; 00247; 00461,Impaired tissue integrity | Impaired oral mucous membrane integrity | Impaired skin integrity | Risk for corneal injury | Risk for impaired oral mucous membrane integrity | Impaired nipple-areolar complex integrity,Integridade tecidual comprometida | Integridade da membrana mucosa oral comprometida | Integridade da pele comprometida | Risco de lesão na córnea | Risco de comprometimento da integridade da mucosa oral | Integridade comprometida do complexo aréolo-mamilar,"NOC 1101 — Tissue Integrity: Skin & Mucous Membranes. Local evaluation examples: assess continuity of skin and mucosa, colour/discolouration, moisture, temperature, firmness, pain and presence of tears, ulcers or device-related injury; compare vulnerable pressure/moisture areas with baseline and document new lesions precisely; evaluate whether protective skin/oral care and pressure/moisture management prevent progression; monitor healing or deterioration over time; use selected licensed NOC indicators/scale for formal scoring and escalate spreading inflammation, necrosis or suspected infection.","NOC 1101 — Integridade Tissular: Pele e Mucosas. Exemplos locais de avaliação: avaliar continuidade da pele e mucosas, cor/descoloração, umidade, temperatura, consistência, dor e presença de fissuras, úlceras ou lesões por dispositivos; comparar áreas vulneráveis à pressão/umidade com linha de base e documentar novas lesões com precisão; avaliar se cuidados protetores de pele/mucosa e manejo de pressão/umidade evitam progressão; monitorar cicatrização ou deterioração; utilizar indicadores/escala NOC licenciados selecionados para pontuação formal e escalar inflamação em expansão, necrose ou suspeita de infecção.","Recovered text was treated only as a candidate. This replacement was re-checked against the CURRENT code/label and linked diagnoses, then rewritten where needed for specificity, contemporary clinical practice, scope boundaries, observable evaluation, and safety. Locally authored example guidance; not verbatim or official NIC/NOC activity/indicator wording.",https://www.nice.org.uk/guidance/cg179/chapter/Recommendations,EVIDENCE_REVIEWED_RECOVERED_OR_DRIFT_DRAFT
NOC,1103,Wound Healing: Secondary Intention,Cicatrização de Feridas: Segunda Intenção,RECOVERED_FACT_CHECK_REQUIRED,STANDARD,Wound Healing: Secondary Intention,"NOC 1103 — Wound Healing: Secondary Intention. Example evaluation: Trend size, tissue characteristics, drainage and healing progression; example target 2/5 to 4/5.","NOC 1103 — Cicatrização de ferida (English: Wound Healing: Secondary Intention). Exemplo de avaliação: Acompanhar tamanho, características teciduais, exsudato e progressão da cicatrização; exemplo de meta 2/5 para 4/5.",3,00287; 00312; 00313,Neonatal pressure injury | Adult pressure injury | Child pressure injury,Lesão por pressão neonatal | Lesão por pressão em adultos | Lesão por pressão infantil,"NOC 1103 — Wound Healing: Secondary Intention. Local evaluation examples: measure wound dimensions and document wound-bed tissue, edges, surrounding skin, exudate, odour and pain using a consistent method; trend reduction or progression in size and development of healthy granulation/epithelial tissue over time; assess whether exudate and surrounding-skin damage are controlled and whether the dressing plan remains appropriate; document signs of infection or tissue necrosis separately as complications; use selected licensed NOC indicators/scale for formal scoring and escalate failure to progress or deterioration.","NOC 1103 — Cicatrização de Feridas: Segunda Intenção. Exemplos locais de avaliação: medir dimensões da ferida e documentar tecido do leito, bordas, pele ao redor, exsudato, odor e dor com método consistente; acompanhar redução ou progressão do tamanho e desenvolvimento de tecido de granulação/epitelização saudável ao longo do tempo; avaliar se exsudato e dano da pele ao redor estão controlados e se o plano de cobertura continua apropriado; documentar sinais de infecção ou necrose separadamente como complicações; utilizar indicadores/escala NOC licenciados selecionados para pontuação formal e escalar ausência de evolução ou deterioração.","Recovered text was treated only as a candidate. This replacement was re-checked against the CURRENT code/label and linked diagnoses, then rewritten where needed for specificity, contemporary clinical practice, scope boundaries, observable evaluation, and safety. Locally authored example guidance; not verbatim or official NIC/NOC activity/indicator wording.",https://www.nice.org.uk/advice/esmpb2/chapter/key-points-from-the-evidence,EVIDENCE_REVIEWED_RECOVERED_OR_DRIFT_DRAFT
NOC,1200,Body Image,Imagem Corporal,RECOVERED_FACT_CHECK_REQUIRED,STANDARD,Body Image,NOC 1200 — Body Image. Example evaluation: Score acceptance/adaptation to body changes; example target 2/5 to 4/5.,NOC 1200 — Imagem corporal (English: Body Image). Exemplo de avaliação: Pontuar aceitação/adaptação às mudanças corporais; exemplo de meta 2/5 para 4/5.,1,00497,Disrupted body image,Imagem corporal distorcida,"NOC 1200 — Body Image. Local evaluation examples: assess the person’s comfort discussing body changes and the degree to which appearance/function affects identity, intimacy, social activity and self-care; document avoidance, concealment or distress alongside adaptive acceptance and participation; evaluate whether information, rehabilitation, clothing/prosthetic/adaptive strategies or support improve confidence and function; use the person’s own goals rather than an externally imposed idea of acceptance; use selected licensed NOC indicators/scale for formal scoring and escalate severe psychiatric distress.","NOC 1200 — Imagem Corporal. Exemplos locais de avaliação: avaliar conforto da pessoa ao discutir mudanças corporais e quanto aparência/função afetam identidade, intimidade, atividade social e autocuidado; documentar evitação, ocultação ou sofrimento juntamente com aceitação adaptativa e participação; avaliar se informações, reabilitação, estratégias com roupas/próteses/adaptações ou apoio melhoram confiança e função; utilizar objetivos da própria pessoa em vez de impor ideia externa de aceitação; utilizar indicadores/escala NOC licenciados selecionados para pontuação formal e escalar sofrimento psiquiátrico grave.","Recovered text was treated only as a candidate. This replacement was re-checked against the CURRENT code/label and linked diagnoses, then rewritten where needed for specificity, contemporary clinical practice, scope boundaries, observable evaluation, and safety. Locally authored example guidance; not verbatim or official NIC/NOC activity/indicator wording.",https://www.who.int/news-room/fact-sheets/detail/self-care-health-interventions | https://www.who.int/teams/sexual-and-reproductive-health-and-research/key-areas-of-work/sexual-health/defining-sexual-health,EVIDENCE_REVIEWED_RECOVERED_OR_DRIFT_DRAFT
NOC,1201,Hope,Esperança,RECOVERED_FACT_CHECK_REQUIRED,STANDARD,Hope,"NOC 1201 — Hope. Example evaluation: Document realistic goals, future orientation, and perceived resources; example target 2/5 to 4/5.","NOC 1201 — Esperança (English: Hope). Exemplo de avaliação: Registrar metas realistas, orientação para o futuro e recursos percebidos; exemplo de meta 2/5 para 4/5.",1,00185,Readiness for enhanced hope,Prontidão para uma esperança maior,"NOC 1201 — Hope. Local evaluation examples: assess whether the person can identify something meaningful to anticipate, a realistic short-term goal and at least one personal/social resource; document future orientation, motivation and ability to take the next agreed step rather than demanding optimism; compare changes in engagement and goal pursuit over time; distinguish realistic uncertainty or grief from persistent hopelessness; use selected licensed NOC indicators/scale for formal scoring and escalate hopelessness accompanied by self-harm/suicide risk.","NOC 1201 — Esperança. Exemplos locais de avaliação: avaliar se a pessoa consegue identificar algo significativo pelo qual esperar, uma meta realista de curto prazo e ao menos um recurso pessoal/social; documentar orientação para o futuro, motivação e capacidade de realizar o próximo passo acordado em vez de exigir otimismo; comparar mudanças em envolvimento e busca de metas ao longo do tempo; distinguir incerteza realista ou luto de desesperança persistente; utilizar indicadores/escala NOC licenciados selecionados para pontuação formal e escalar desesperança acompanhada de risco de autolesão/suicídio.","Recovered text was treated only as a candidate. This replacement was re-checked against the CURRENT code/label and linked diagnoses, then rewritten where needed for specificity, contemporary clinical practice, scope boundaries, observable evaluation, and safety. Locally authored example guidance; not verbatim or official NIC/NOC activity/indicator wording.",https://www.who.int/news-room/fact-sheets/detail/palliative-care,EVIDENCE_REVIEWED_RECOVERED_OR_DRIFT_DRAFT
NOC,1203,Loneliness Severity,Gravidade da Solidão,AUTHOR_NEW,STANDARD,,,,2,00335; 00475,Risk for excessive loneliness | Excessive loneliness,Risco de solidão excessiva | Solidão excessiva,"NOC 1203 — Loneliness Severity. Local example evaluation: ask the person directly how often they feel lonely and whether the problem is lack of contact, lack of closeness or belonging, or unsatisfying relationships; document distress, sleep or mood impact and interference with daily activity; assess frequency and quality of meaningful contact and whether chosen social or support interventions improve connection; distinguish objective isolation from subjective loneliness because either may occur without the other; use selected licensed NOC indicators and scale for formal scoring and screen persistent severe loneliness for depression or safety concerns.","NOC 1203 — Gravidade da Solidão. Exemplo local de avaliação: perguntar diretamente com que frequência a pessoa se sente só e se o problema é falta de contato, proximidade ou pertencimento, ou relações insatisfatórias; documentar sofrimento, impacto no sono ou humor e interferência diária; avaliar frequência e qualidade de contato significativo e se intervenções sociais ou de apoio escolhidas melhoram conexão; distinguir isolamento objetivo de solidão subjetiva porque um pode ocorrer sem o outro; utilizar indicadores e escala NOC licenciados selecionados para pontuação formal e rastrear solidão grave persistente para depressão ou risco.",Loneliness evaluation aligned with WHO social-connection framework.,https://www.who.int/health-topics/ageing/reducing-social-isolation-and-loneliness-among-older-people,EVIDENCE_REVIEWED_AUTHOR_NEW_DRAFT
NOC,1204,Mood Equilibrium,Equilíbrio do Humor,AUTHOR_NEW,STANDARD,,,,2,00241; 00372,Impaired mood regulation | Ineffective emotion regulation,Regulação do humor prejudicada | Regulação emocional ineficaz,"NOC 1204 — Mood Equilibrium. Local example evaluation: track mood stability, irritability, emotional reactivity, sleep, energy and ability to return toward baseline after stress; document frequency, duration and functional impact of marked mood shifts rather than a single good or bad rating; assess use of agreed regulation strategies and response to psychological or medical treatment; note signs suggesting depression, mania, substance effects or other clinical causes; use selected licensed NOC indicators and scale for formal scoring and escalate severe mood change with psychosis, dangerous behaviour or self-harm or suicide risk.","NOC 1204 — Equilíbrio do Humor. Exemplo local de avaliação: acompanhar estabilidade do humor, irritabilidade, reatividade emocional, sono, energia e capacidade de retornar à linha de base após estresse; documentar frequência, duração e impacto funcional de mudanças importantes em vez de classificação única; avaliar uso de estratégias acordadas e resposta a tratamento psicológico ou médico; observar sinais de depressão, mania, efeitos de substâncias ou outras causas; utilizar indicadores e escala NOC licenciados selecionados para pontuação formal e escalar mudança grave com psicose, comportamento perigoso ou risco de autolesão ou suicídio.","Mood-equilibrium evaluation emphasizes pattern, function and psychiatric red flags.",https://www.who.int/news-room/fact-sheets/detail/mental-health-strengthening-our-response,EVIDENCE_REVIEWED_AUTHOR_NEW_DRAFT
NOC,1205,Self-Esteem,Autoestima,RECOVERED_FACT_CHECK_REQUIRED,STANDARD,Self-Esteem,NOC 1205 — Self-Esteem. Example evaluation: Rate self-worth and confidence in abilities; example target 2/5 to 4/5.,NOC 1205 — Autoestima (English: Self-Esteem). Exemplo de avaliação: Pontuar valor pessoal e confiança nas próprias capacidades; exemplo de meta 2/5 para 4/5.,7,00167; 00325; 00480; 00481; 00482; 00483; 00494,Readiness for enhanced self-concept | Inadequate self-compassion | Risk for chronic inadequate self-esteem | Situational inadequate self-esteem | Risk for situational inadequate self-esteem | Chronic inadequate self-esteem | Disrupted personal identity,Prontidão para um autoconceito aprimorado | Autocompaixão inadequada | Risco de baixa autoestima crônica | autoestima inadequada situacional | Risco de autoestima inadequada situacional | autoestima cronicamente inadequada | Identidade pessoal perturbada,"NOC 1205 — Self-Esteem. Local evaluation examples: assess self-described worth, confidence and ability to recognize real strengths or achievements; observe willingness to attempt tasks, make choices and participate in relationships or self-care; document frequency/intensity of harsh self-criticism, shame or avoidance and whether specific feedback and mastery experiences reduce them; compare with the person’s baseline and goals; use selected licensed NOC indicators/scale for formal scoring and escalate persistent worthlessness with severe depression or self-harm risk.","NOC 1205 — Autoestima. Exemplos locais de avaliação: avaliar valor pessoal descrito pela pessoa, confiança e capacidade de reconhecer forças ou conquistas reais; observar disposição para tentar tarefas, fazer escolhas e participar de relacionamentos ou autocuidado; documentar frequência/intensidade de autocrítica severa, vergonha ou evitação e se feedback específico e experiências de domínio as reduzem; comparar com linha de base e metas; utilizar indicadores/escala NOC licenciados selecionados para pontuação formal e escalar sentimento persistente de inutilidade com depressão grave ou risco de autolesão.","Recovered text was treated only as a candidate. This replacement was re-checked against the CURRENT code/label and linked diagnoses, then rewritten where needed for specificity, contemporary clinical practice, scope boundaries, observable evaluation, and safety. Locally authored example guidance; not verbatim or official NIC/NOC activity/indicator wording.",https://www.who.int/news-room/fact-sheets/detail/self-care-health-interventions,EVIDENCE_REVIEWED_RECOVERED_OR_DRIFT_DRAFT
NOC,1210,Fear Level,Nível de Medo,RECOVERED_FACT_CHECK_REQUIRED,STANDARD,Fear Level,NOC 1210 — Fear Level. Example evaluation: Rate intensity and functional impact; example target: 4/5 to 2/5.,NOC 1210 — Nível de medo (English: Fear Level). Exemplo de avaliação: Pontuar intensidade e impacto funcional; exemplo de meta: 4/5 para 2/5.,1,00390,Excessive fear,Medo excessivo,"NOC 1210 — Fear Level. Local evaluation examples: identify the specific feared situation or threat and rate subjective intensity using a consistent method the person understands; document physical arousal, avoidance, reassurance-seeking and interference with sleep, care or daily function; assess whether accurate information, gradual coping strategies and support reduce functional impact; compare episodes over time and identify triggers; use selected licensed NOC indicators/scale for formal scoring and assess urgently when fear accompanies medical red flags, psychosis or safety risk.","NOC 1210 — Nível de Medo. Exemplos locais de avaliação: identificar situação ou ameaça específica temida e avaliar intensidade subjetiva com método consistente que a pessoa compreenda; documentar ativação física, evitação, busca repetida de tranquilização e interferência no sono, cuidado ou função diária; avaliar se informações corretas, estratégias graduais de enfrentamento e apoio reduzem impacto funcional; comparar episódios ao longo do tempo e identificar gatilhos; utilizar indicadores/escala NOC licenciados selecionados para pontuação formal e avaliar com urgência quando medo vier acompanhado de sinais médicos de alarme, psicose ou risco de segurança.","Recovered text was treated only as a candidate. This replacement was re-checked against the CURRENT code/label and linked diagnoses, then rewritten where needed for specificity, contemporary clinical practice, scope boundaries, observable evaluation, and safety. Locally authored example guidance; not verbatim or official NIC/NOC activity/indicator wording.",https://www.nice.org.uk/guidance/cg113/chapter/Recommendations,EVIDENCE_REVIEWED_RECOVERED_OR_DRIFT_DRAFT
NOC,1211,Anxiety Level,Nível de Ansiedade,RECOVERED_FACT_CHECK_REQUIRED,STANDARD,Anxiety Level,NOC 1211 — Anxiety Level. Example evaluation: Use a consistent rating and document associated behaviors/symptoms; example target: 4/5 to 2/5.,NOC 1211 — Nível de ansiedade (English: Anxiety Level). Exemplo de avaliação: Usar pontuação consistente e registrar comportamentos/sintomas associados; exemplo de meta: 4/5 para 2/5.,2,00399; 00400,Excessive death anxiety | Excessive anxiety,Ansiedade excessiva em relação à morte | Ansiedade excessiva,"NOC 1211 — Anxiety Level. Local evaluation examples: use a consistent symptom rating or validated screening measure when appropriate and document worry, restlessness, muscle tension, autonomic symptoms, sleep disturbance and concentration difficulty; assess impact on self-care, work/study and relationships; compare frequency/duration of anxiety episodes and ability to use agreed coping strategies; evaluate response to education, psychological or prescribed treatment; use selected licensed NOC indicators/scale for formal scoring and escalate severe functional impairment or safety risk.","NOC 1211 — Nível de Ansiedade. Exemplos locais de avaliação: utilizar avaliação consistente de sintomas ou instrumento validado quando apropriado e documentar preocupação, inquietação, tensão muscular, sintomas autonômicos, alteração do sono e dificuldade de concentração; avaliar impacto no autocuidado, trabalho/estudo e relacionamentos; comparar frequência/duração dos episódios e capacidade de usar estratégias de enfrentamento acordadas; avaliar resposta à educação, intervenção psicológica ou tratamento prescrito; utilizar indicadores/escala NOC licenciados selecionados para pontuação formal e escalar comprometimento funcional grave ou risco de segurança.","Recovered text was treated only as a candidate. This replacement was re-checked against the CURRENT code/label and linked diagnoses, then rewritten where needed for specificity, contemporary clinical practice, scope boundaries, observable evaluation, and safety. Locally authored example guidance; not verbatim or official NIC/NOC activity/indicator wording.",https://www.nice.org.uk/guidance/cg113/chapter/Recommendations,EVIDENCE_REVIEWED_RECOVERED_OR_DRIFT_DRAFT
NOC,1302,Coping,Enfrentamento,RECOVERED_FACT_CHECK_REQUIRED,STANDARD,Coping,NOC 1302 — Coping. Example evaluation: Score use of adaptive coping strategies; example target 2/5 to 4/5.,NOC 1302 — Enfrentamento (English: Coping). Exemplo de avaliação: Pontuar uso de estratégias adaptativas de enfrentamento; exemplo de meta 2/5 para 4/5.,2,00158; 00405,Readiness for enhanced coping | Maladaptive coping,Prontidão para um enfrentamento aprimorado | Enfrentamento desadaptativo,"NOC 1302 — Coping. Local evaluation examples: identify whether the person can name the main stressor, use at least one adaptive coping strategy and seek appropriate help; document problem-solving, emotional regulation and participation in necessary daily tasks; assess reliance on harmful coping such as substance use, aggression or avoidance that worsens risk/function; compare coping effectiveness across situations over time; use selected licensed NOC indicators/scale for formal scoring and escalate inability to maintain safety or severe deterioration.","NOC 1302 — Enfrentamento. Exemplos locais de avaliação: identificar se a pessoa consegue nomear o principal estressor, utilizar ao menos uma estratégia adaptativa e buscar ajuda apropriada; documentar resolução de problemas, regulação emocional e participação em tarefas diárias necessárias; avaliar dependência de enfrentamentos prejudiciais como uso de substâncias, agressividade ou evitação que aumentem risco/piora funcional; comparar eficácia das estratégias em diferentes situações ao longo do tempo; utilizar indicadores/escala NOC licenciados selecionados para pontuação formal e escalar incapacidade de manter segurança ou deterioração grave.","Recovered text was treated only as a candidate. This replacement was re-checked against the CURRENT code/label and linked diagnoses, then rewritten where needed for specificity, contemporary clinical practice, scope boundaries, observable evaluation, and safety. Locally authored example guidance; not verbatim or official NIC/NOC activity/indicator wording.",https://www.nice.org.uk/guidance/cg113/chapter/Recommendations | https://www.who.int/activities/reducing-social-isolation-and-loneliness-among-older-people,EVIDENCE_REVIEWED_RECOVERED_OR_DRIFT_DRAFT
NOC,1304,Grief Resolution,Resolução do Luto,REWRITE_VERIFY_LABEL_DRIFT,STANDARD,Resolution of Grief,"NOC 1304 — Resolution of Grief. Example evaluation: Document expression, acceptance, and adaptation indicators; example target 2/5 to 4/5.","NOC 1304 — Resolução do luto (English: Resolution of Grief). Exemplo de avaliação: Registrar indicadores de expressão, aceitação e adaptação; exemplo de meta 2/5 para 4/5.",3,00285; 00301; 00302,Readiness for enhanced grieving | Maladaptive grieving | Risk for maladaptive grieving,Preparação para um luto mais profundo | Luto desadaptativo | Risco de luto desadaptativo,"NOC 1304 — Grief Resolution. Local evaluation examples: document the person’s ability to acknowledge the loss, express or contain emotion in culturally congruent ways and gradually resume necessary roles without imposing a timetable; assess sleep, appetite, concentration, social connection and capacity to engage with memories or rituals without overwhelming distress; note access to desired support and whether practical functioning is improving, stable or deteriorating; recognize that continuing bonds and episodic sadness can be normal; use selected licensed NOC indicators/scale for formal scoring and escalate severe depression, self-neglect or suicidal thinking.","NOC 1304 — Resolução do Luto. Exemplos locais de avaliação: documentar capacidade da pessoa de reconhecer a perda, expressar ou conter emoções de modo culturalmente congruente e retomar gradualmente papéis necessários sem impor prazo; avaliar sono, apetite, concentração, conexão social e capacidade de lidar com lembranças ou rituais sem sofrimento esmagador; observar acesso ao apoio desejado e se funcionamento prático melhora, permanece estável ou piora; reconhecer que vínculos contínuos e tristeza episódica podem ser normais; utilizar indicadores/escala NOC licenciados selecionados para pontuação formal e escalar depressão grave, autoabandono ou ideação suicida.","Recovered text was treated only as a candidate. This replacement was re-checked against the CURRENT code/label and linked diagnoses, then rewritten where needed for specificity, contemporary clinical practice, scope boundaries, observable evaluation, and safety. Locally authored example guidance; not verbatim or official NIC/NOC activity/indicator wording.",https://www.who.int/news-room/fact-sheets/detail/palliative-care,EVIDENCE_REVIEWED_RECOVERED_OR_DRIFT_DRAFT
NOC,1305,Psychosocial Adjustment: Life Change,Ajuste Psicossocial: Mudança de Vida,AUTHOR_NEW,STANDARD,,,,3,00141; 00145; 00484,Post-trauma syndrome | Risk for post-trauma syndrome | Risk for disrupted immigration transition,Síndrome pós-traumática | Risco de síndrome pós-traumática | Risco de transição migratória interrompida,"NOC 1305 — Psychosocial Adjustment: Life Change. Local example evaluation: assess how the person is adapting emotionally, socially and practically to the specific life change and what losses, threats or opportunities they identify; document ability to maintain or rebuild essential routines, relationships and roles and to use available support; track trauma symptoms, avoidance, sleep, concentration and functioning when the change involved threat or displacement; evaluate whether problem-solving, social connection and professional support improve adaptation; use selected licensed NOC indicators and scale for formal scoring and escalate severe trauma, depression or safety concerns.","NOC 1305 — Ajuste Psicossocial: Mudança de Vida. Exemplo local de avaliação: avaliar como a pessoa está se adaptando emocional, social e praticamente à mudança específica e quais perdas, ameaças ou oportunidades identifica; documentar capacidade de manter ou reconstruir rotinas, relações e papéis essenciais e usar apoio disponível; acompanhar sintomas de trauma, evitação, sono, concentração e função quando houve ameaça ou deslocamento; avaliar se resolução de problemas, conexão social e apoio profissional melhoram adaptação; utilizar indicadores e escala NOC licenciados selecionados para pontuação formal e escalar trauma grave, depressão ou risco.",Psychosocial-adjustment evaluation focuses on adaptation and function.,https://www.who.int/news-room/fact-sheets/detail/mental-health-strengthening-our-response,EVIDENCE_REVIEWED_AUTHOR_NEW_DRAFT
NOC,1309,Personal Resiliency,Resiliência Pessoal,AUTHOR_NEW,STANDARD,,,,3,00210; 00211; 00212,Impaired resilience | Risk for impaired resilience | Readiness for enhanced resilience,Resiliência prejudicada | Risco de resiliência prejudicada | Preparação para uma maior resiliência,"NOC 1309 — Personal Resiliency. Local example evaluation: assess whether the person can identify strengths, use adaptive coping, maintain key routines and seek help during adversity; document recovery of function after setbacks and ability to adjust goals rather than simply endure distress; evaluate quality of supportive relationships and access to practical resources; track whether coping becomes more flexible and less reliant on harmful behaviours; use selected licensed NOC indicators and scale for formal scoring and investigate persistent non-recovery, severe depression, trauma symptoms or safety risk.","NOC 1309 — Resiliência Pessoal. Exemplo local de avaliação: avaliar se a pessoa identifica forças, usa enfrentamento adaptativo, mantém rotinas-chave e busca ajuda durante adversidade; documentar recuperação funcional após dificuldades e capacidade de ajustar metas em vez de apenas suportar sofrimento; avaliar qualidade de relações de apoio e acesso a recursos práticos; acompanhar se enfrentamento se torna mais flexível e menos dependente de comportamentos prejudiciais; utilizar indicadores e escala NOC licenciados selecionados para pontuação formal e investigar não recuperação persistente, depressão grave, trauma ou risco.",Resiliency evaluation avoids equating resilience with endurance of unsafe conditions.,https://www.who.int/news-room/fact-sheets/detail/mental-health-strengthening-our-response,EVIDENCE_REVIEWED_AUTHOR_NEW_DRAFT
NOC,1405,Self-Control of Impulses,Autocontrole dos Impulsos,AUTHOR_NEW,STANDARD,,,,1,00222,Ineffective impulse control,Controle de impulsos ineficaz,"NOC 1405 — Self-Control of Impulses. Local example evaluation: document frequency and severity of impulsive actions, triggers and consequences and whether the person recognizes early warning cues; assess ability to pause, delay action, leave a trigger, use a coping plan or seek help before acting; track use of agreed environmental or safety measures and reduction in harmful incidents or near-misses; distinguish improvement in self-control from simple external restriction; use selected licensed NOC indicators and scale for formal scoring and escalate imminent violence, self-harm or severe behavioural deterioration.","NOC 1405 — Autocontrole dos Impulsos. Exemplo local de avaliação: documentar frequência e gravidade de ações impulsivas, gatilhos e consequências e se a pessoa reconhece sinais precoces; avaliar capacidade de pausar, adiar ação, afastar-se do gatilho, usar plano de enfrentamento ou buscar ajuda antes de agir; acompanhar uso de medidas ambientais ou de segurança e redução de incidentes ou quase-eventos; distinguir melhora do autocontrole de simples restrição externa; utilizar indicadores e escala NOC licenciados selecionados para pontuação formal e escalar violência iminente, autolesão ou deterioração grave.",Impulse-control outcome reviewed for safety and least-restrictive framing.,https://www.nice.org.uk/guidance/ng10/chapter/recommendations,EVIDENCE_REVIEWED_AUTHOR_NEW_DRAFT
NOC,1500,Parent-Infant Attachment,Vínculo Pais-Lactente,AUTHOR_NEW,HIGH,,,,1,00439,Risk for disrupted attachment behaviours,Risco de comportamentos de apego perturbado,"NOC 1500 — Parent-Infant Attachment. Local evaluation examples: observe whether the caregiver notices and responds consistently to the infant’s hunger, comfort and stress cues; assess warm, safe physical contact, comforting, eye/face-to-face interaction and participation in routine care as culturally appropriate; document the caregiver’s confidence and ability to soothe and engage the infant without overstimulation; assess whether separation, illness, mental-health difficulties or social stressors are interfering with interaction and whether support improves participation; use the selected licensed NOC indicators/scale for formal scoring and arrange additional support when attachment opportunities remain disrupted.","NOC 1500 — Vínculo Pais-Lactente. Exemplos locais de avaliação: observar se o cuidador percebe e responde de forma consistente aos sinais de fome, conforto e estresse do lactente; avaliar contato físico caloroso e seguro, capacidade de confortar, interação olho/face a face e participação nos cuidados de rotina conforme a cultura; documentar confiança do cuidador e capacidade de acalmar e interagir com o lactente sem superestimulação; avaliar se separação, doença, dificuldades de saúde mental ou estressores sociais estão interferindo na interação e se o apoio melhora a participação; utilizar os indicadores/escala NOC licenciados selecionados para a pontuação formal e organizar apoio adicional quando as oportunidades de vínculo permanecerem prejudicadas.",Evidence-reviewed locally authored example guidance; not verbatim or official NIC/NOC activity/indicator text. Checked for alignment with the current classification label and the linked diagnoses; avoids fixed numeric NOC targets unless clinically meaningful and preserves escalation/scope boundaries for high-risk care.,https://www.who.int/publications/i/item/97892400020986/ | https://www.who.int/publications/b/63796,EVIDENCE_REVIEWED_HIGH_RISK_DRAFT
NOC,1501,Role Performance,Desempenho de Papel,AUTHOR_NEW,STANDARD,,,,1,00055,Ineffective role performance,Desempenho de função ineficaz,"NOC 1501 — Role Performance. Local example evaluation: identify the role or roles the person values and the specific responsibilities affected by illness or life change; assess ability to perform essential role tasks, communicate expectations and accept or negotiate changed responsibilities; document satisfaction, conflict, overload and support required rather than comparing with a stereotyped role; evaluate whether rehabilitation, workplace or family adaptation or redistributed tasks improve participation; use selected licensed NOC indicators and scale for formal scoring and revise goals as circumstances change.","NOC 1501 — Desempenho de Papel. Exemplo local de avaliação: identificar papéis valorizados e responsabilidades específicas afetadas por doença ou mudança; avaliar capacidade de realizar tarefas essenciais, comunicar expectativas e aceitar ou negociar responsabilidades alteradas; documentar satisfação, conflito, sobrecarga e apoio necessário sem comparar com papel estereotipado; avaliar se reabilitação, adaptação de trabalho ou família ou redistribuição de tarefas melhora participação; utilizar indicadores e escala NOC licenciados selecionados para pontuação formal e revisar metas conforme circunstâncias.",Role-performance evaluation uses person-defined roles and shared goals.,https://www.nice.org.uk/guidance/ng197/chapter/recommendations,EVIDENCE_REVIEWED_AUTHOR_NEW_DRAFT
NOC,1502,Social Interaction Skills,Habilidades de Interação Social,AUTHOR_NEW,STANDARD,,,,4,00052; 00445; 00446; 00449,Impaired social interaction | Risk for ineffective intimate partner relationship | Readiness for enhanced intimate partner relationship | Ineffective intimate relationship,Interação social prejudicada | Risco de relacionamento íntimo ineficaz | Prontidão para um relacionamento íntimo mais profundo | relacionamento íntimo ineficaz,"NOC 1502 — Social Interaction Skills. Local example evaluation: observe whether the person can initiate, maintain and end interactions, express needs or boundaries, listen and respond to others in relationships that matter to them; document communication barriers, anxiety, conflict patterns and ability to use repair or problem-solving strategies; assess reciprocity and safety rather than judging sociability by frequency alone; compare comfort and effectiveness across relevant settings and relationships; use selected licensed NOC indicators and scale for formal scoring and address coercion, abuse or severe social anxiety separately.","NOC 1502 — Habilidades de Interação Social. Exemplo local de avaliação: observar se a pessoa consegue iniciar, manter e encerrar interações, expressar necessidades ou limites, ouvir e responder em relações importantes; documentar barreiras de comunicação, ansiedade, padrões de conflito e capacidade de usar reparo ou resolução de problemas; avaliar reciprocidade e segurança em vez de julgar sociabilidade apenas pela frequência; comparar conforto e eficácia em contextos e relacionamentos relevantes; utilizar indicadores e escala NOC licenciados selecionados para pontuação formal e abordar coerção, abuso ou ansiedade social grave separadamente.","Social-interaction evaluation prioritizes quality, reciprocity and safety.",https://www.who.int/health-topics/ageing/reducing-social-isolation-and-loneliness-among-older-people | https://www.nice.org.uk/guidance/ng197/chapter/recommendations,EVIDENCE_REVIEWED_AUTHOR_NEW_DRAFT
NOC,1503,Social Involvement,Envolvimento Social,AUTHOR_NEW,STANDARD,,,,1,00383,Inadequate social connectedness,Conexões sociais inadequadas,"NOC 1503 — Social Involvement. Local example evaluation: document participation in personally meaningful family, peer, work, school, faith, leisure or community activities and whether the level matches the person’s preference; assess barriers such as transport, accessibility, stigma, symptoms, communication or cost; evaluate quality of participation, belonging and contribution rather than attendance alone; track whether adaptations or community connections increase involvement; use selected licensed NOC indicators and scale for formal scoring and distinguish chosen solitude from unwanted isolation.","NOC 1503 — Envolvimento Social. Exemplo local de avaliação: documentar participação em atividades familiares, pares, trabalho, escola, fé, lazer ou comunidade pessoalmente significativas e se nível corresponde à preferência; avaliar barreiras como transporte, acessibilidade, estigma, sintomas, comunicação ou custo; avaliar qualidade da participação, pertencimento e contribuição em vez de presença isolada; acompanhar se adaptações ou conexões comunitárias aumentam envolvimento; utilizar indicadores e escala NOC licenciados selecionados para pontuação formal e distinguir solitude escolhida de isolamento indesejado.","Social-involvement evaluation uses meaningful participation, not mere attendance.",https://www.who.int/health-topics/ageing/reducing-social-isolation-and-loneliness-among-older-people,EVIDENCE_REVIEWED_AUTHOR_NEW_DRAFT
NOC,1504,Social Support,Apoio Social,AUTHOR_NEW,STANDARD,,,,2,00341; 00358,Readiness for enhanced transgender social identity | Inadequate social support network,Prontidão para uma identidade social transgênero aprimorada | Rede de apoio social inadequada,"NOC 1504 — Social Support. Local example evaluation: ask whether the person has reliable people or services for emotional, practical, informational and emergency support and whether those relationships feel safe and affirming; document the number and quality of usable supports, not simply contacts; assess whether the person can ask for and receive specific help and whether support reduces burden; identify discrimination, rejection, coercion or caregiver conflict that makes a nominal support unsafe; use selected licensed NOC indicators and scale for formal scoring and connect gaps to appropriate community or professional resources.","NOC 1504 — Apoio Social. Exemplo local de avaliação: perguntar se a pessoa possui pessoas ou serviços confiáveis para apoio emocional, prático, informacional e emergencial e se relações são seguras e afirmativas; documentar quantidade e qualidade de apoios realmente utilizáveis, não apenas contatos; avaliar se consegue pedir e receber ajuda específica e se apoio reduz sobrecarga; identificar discriminação, rejeição, coerção ou conflito que torne apoio nominal inseguro; utilizar indicadores e escala NOC licenciados selecionados para pontuação formal e conectar lacunas a recursos comunitários ou profissionais.",Social-support evaluation distinguishes safe usable support from nominal contact.,https://www.who.int/health-topics/ageing/reducing-social-isolation-and-loneliness-among-older-people,EVIDENCE_REVIEWED_AUTHOR_NEW_DRAFT
NOC,1602,Health Promoting Behaviour,Comportamento de Promoção da Saúde,AUTHOR_NEW,STANDARD,,,,3,00292; 00293; 00395,Ineffective health maintenance behaviours | Readiness for enhanced health self-management | Risk for ineffective health maintenance behaviours,Comportamentos ineficazes de manutenção da saúde | Preparação para uma melhor autogestão da saúde | Risco de comportamentos ineficazes de manutenção da saúde,"NOC 1602 — Health Promoting Behaviour. Local example evaluation: assess which preventive and self-care behaviours are relevant to the person’s conditions and goals, such as medicines, activity, nutrition, sleep, tobacco or alcohol, screening or follow-up; document whether the person performs the agreed behaviours consistently and can explain why they matter; track self-monitoring and response to individualized warning signs where appropriate; identify structural barriers before attributing non-performance to motivation; use selected licensed NOC indicators and scale for formal scoring and revise goals through shared decision making.","NOC 1602 — Comportamento de Promoção da Saúde. Exemplo local de avaliação: avaliar quais comportamentos preventivos e de autocuidado são relevantes às condições e metas, como medicamentos, atividade, nutrição, sono, tabaco ou álcool, rastreamento ou seguimento; documentar se realiza comportamentos acordados consistentemente e explica por que importam; acompanhar automonitoramento e resposta a sinais de alerta individualizados quando pertinente; identificar barreiras estruturais antes de atribuir não realização à motivação; utilizar indicadores e escala NOC licenciados selecionados para pontuação formal e revisar metas por decisão compartilhada.",Health-promoting behaviour evaluation avoids blaming structural barriers on motivation.,https://www.nice.org.uk/guidance/ng197/chapter/recommendations,EVIDENCE_REVIEWED_AUTHOR_NEW_DRAFT
NOC,1604,Leisure Participation,Participação em Atividades de Lazer,REWRITE_VERIFY_LABEL_DRIFT,STANDARD,Participation in Leisure Activities,NOC 1604 — Participation in Leisure Activities. Example evaluation: Document frequency and engagement; example target: increase from 2/5 to 4/5 on the selected participation indicator.,NOC 1604 — Participação em atividades de lazer (English: Participation in Leisure Activities). Exemplo de avaliação: Registrar frequência e envolvimento; exemplo de meta: aumentar de 2/5 para 4/5 no indicador de participação selecionado.,2,00097; 00448,Decreased diversional activity engagement | Risk for decreased diversional activity engagement,Diminuição do envolvimento em atividades de lazer | Risco de diminuição do envolvimento em atividades de lazer,"NOC 1604 — Leisure Participation. Local evaluation examples: record whether the person engages in personally meaningful leisure or recreation, how often and with what level of assistance; assess enjoyment, social connection, cognitive/physical participation and fatigue rather than attendance alone; document barriers such as pain, transport, accessibility, mood or lack of opportunity and whether adaptations improve participation; compare with the person’s preferred baseline and goals; use selected licensed NOC indicators/scale for formal scoring.","NOC 1604 — Participação em Atividades de Lazer. Exemplos locais de avaliação: registrar se a pessoa participa de lazer/recreação pessoalmente significativos, com que frequência e nível de assistência; avaliar prazer, conexão social, participação cognitiva/física e fadiga em vez de apenas presença; documentar barreiras como dor, transporte, acessibilidade, humor ou falta de oportunidade e se adaptações melhoram a participação; comparar com a linha de base e objetivos preferidos pela pessoa; utilizar indicadores/escala NOC licenciados selecionados para pontuação formal.","Recovered text was treated only as a candidate. This replacement was re-checked against the CURRENT code/label and linked diagnoses, then rewritten where needed for specificity, contemporary clinical practice, scope boundaries, observable evaluation, and safety. Locally authored example guidance; not verbatim or official NIC/NOC activity/indicator wording.",https://www.who.int/activities/reducing-social-isolation-and-loneliness-among-older-people,EVIDENCE_REVIEWED_RECOVERED_OR_DRIFT_DRAFT
NOC,1605,Pain Control,Controle da Dor,AUTHOR_NEW,STANDARD,,,,1,00418,Ineffective pain self-management,Autogestão ineficaz da dor,"NOC 1605 — Pain Control. Local example evaluation: assess whether the person can recognize and describe pain, use prescribed pharmacological or non-pharmacological strategies correctly and seek help for warning features; document pain and functional response before and after self-management rather than medication use alone; evaluate pacing, sleep, movement and activity participation and adverse effects or barriers to treatment; compare progress with individualized comfort and function goals rather than a universal pain score; use selected licensed NOC indicators and scale for formal scoring and escalate new severe or changing pain.","NOC 1605 — Controle da Dor. Exemplo local de avaliação: avaliar se a pessoa reconhece e descreve dor, usa estratégias farmacológicas ou não farmacológicas prescritas corretamente e busca ajuda diante de sinais de alerta; documentar dor e resposta funcional antes e depois do autocuidado em vez de apenas uso de medicamento; avaliar ritmo, sono, movimento, participação em atividade e efeitos adversos ou barreiras; comparar progresso com metas individualizadas de conforto e função em vez de escore universal; utilizar indicadores e escala NOC licenciados selecionados para pontuação formal e escalar dor nova intensa ou em mudança.",Pain-control evaluation avoids a universal numeric target.,https://www.nice.org.uk/guidance/ng193/chapter/recommendations,EVIDENCE_REVIEWED_AUTHOR_NEW_DRAFT
NOC,1613,Self-Management of Care,Autogestão dos Cuidados,AUTHOR_NEW,STANDARD,,,,2,00276; 00369,Ineffective health self-management | Risk for ineffective health self-management,Autogestão ineficaz da saúde | Risco de autogestão ineficaz da saúde,"NOC 1613 — Self-Management of Care. Local example evaluation: assess whether the person can organize medicines or treatments, appointments, monitoring, diet or activity and symptom-response tasks included in their plan; document use of reminders, devices, records or support and whether tasks are performed safely; evaluate ability to interpret relevant results and take the agreed action rather than merely collecting data; identify cost, literacy, cognition, access or treatment-burden barriers; use selected licensed NOC indicators and scale for formal scoring and revise the plan or support when self-management is not feasible.","NOC 1613 — Autogestão dos Cuidados. Exemplo local de avaliação: avaliar se a pessoa consegue organizar medicamentos ou tratamentos, consultas, monitoramento, dieta ou atividade e resposta a sintomas incluídos no plano; documentar uso de lembretes, dispositivos, registros ou apoio e se tarefas são realizadas com segurança; avaliar capacidade de interpretar resultados relevantes e tomar ação acordada em vez de apenas coletar dados; identificar barreiras de custo, letramento, cognição, acesso ou carga terapêutica; utilizar indicadores e escala NOC licenciados selecionados para pontuação formal e revisar plano ou apoio quando autocuidado não for viável.",Self-management outcome aligned with teach-back and feasible shared plans.,https://www.ahrq.gov/sites/default/files/publications/files/healthlittoolkit2_1.pdf | https://www.nice.org.uk/guidance/ng197/chapter/recommendations,EVIDENCE_REVIEWED_AUTHOR_NEW_DRAFT
NOC,1618,Nausea & Vomiting Control,Controle de Náuseas e Vômitos,AUTHOR_NEW,STANDARD,,,,1,00384,Ineffective nausea self-management,Autogestão ineficaz da náusea,"NOC 1618 — Nausea & Vomiting Control. Local example evaluation: record frequency, duration, triggers and severity of nausea and vomiting and ability to maintain fluids or food; document use and effectiveness of prescribed antiemetic and non-drug strategies and adverse effects; track hydration, urine output, weight or nutritional impact when symptoms persist; assess whether the person recognizes individualized warning signs and knows when to seek help; use selected licensed NOC indicators and scale for formal scoring and escalate blood in vomit, severe pain, neurological symptoms or dehydration.","NOC 1618 — Controle de Náuseas e Vômitos. Exemplo local de avaliação: registrar frequência, duração, gatilhos e intensidade de náusea e vômitos e capacidade de manter líquidos ou alimentos; documentar uso e eficácia de antiemético prescrito e estratégias não farmacológicas e efeitos adversos; acompanhar hidratação, diurese, peso ou impacto nutricional quando persistente; avaliar se reconhece sinais individualizados e sabe quando buscar ajuda; utilizar indicadores e escala NOC licenciados selecionados para pontuação formal e escalar sangue no vômito, dor intensa, sintomas neurológicos ou desidratação.","Nausea/vomiting control uses observable symptoms, intake and red flags.",https://medlineplus.gov/nauseaandvomiting.html,EVIDENCE_REVIEWED_AUTHOR_NEW_DRAFT
NOC,1619,Self-Management: Diabetes,Autogestão do Diabetes,AUTHOR_NEW,STANDARD,,,,1,00489,Risk for ineffective blood glucose pattern self-management,Risco de autogestão ineficaz do padrão de glicemia,"NOC 1619 — Self-Management: Diabetes. Local example evaluation: assess whether the person understands individualized glucose or HbA1c goals and the role of medicines, food, activity and monitoring in the agreed diabetes plan; when self-monitoring or CGM is indicated, observe correct technique and ability to interpret readings or trends and take the prescribed action; document recognition and management of hypoglycaemia and hyperglycaemia warning signs and safe medicine use; evaluate attendance or use of structured diabetes education and follow-up; use selected licensed NOC indicators and scale for formal scoring and avoid prescribing universal testing frequency or HbA1c targets outside the individualized plan.","NOC 1619 — Autogestão do Diabetes. Exemplo local de avaliação: avaliar se a pessoa compreende metas individualizadas de glicose ou HbA1c e papel de medicamentos, alimentação, atividade e monitoramento no plano de diabetes; quando automonitoramento ou CGM for indicado, observar técnica correta e capacidade de interpretar leituras ou tendências e tomar ação prescrita; documentar reconhecimento e manejo de sinais de hipo e hiperglicemia e uso seguro de medicamentos; avaliar participação em educação estruturada e seguimento; utilizar indicadores e escala NOC licenciados selecionados para pontuação formal e evitar frequência universal de testes ou meta de HbA1c fora do plano individual.",Diabetes self-management evaluation keeps glycaemic targets individualized.,https://www.nice.org.uk/guidance/ng28 | https://www.nice.org.uk/guidance/qs209/chapter/Quality-statement-2-Structured-education-programme,EVIDENCE_REVIEWED_AUTHOR_NEW_DRAFT
NOC,1626,Weight Gain Behaviour,Comportamento de Ganho de Peso,AUTHOR_NEW,STANDARD,,,,2,00485; 00486,Ineffective underweight self-management | Risk for ineffective underweight self-management,Autogestão ineficaz do baixo peso | Risco de autogestão ineficaz do baixo peso,"NOC 1626 — Weight Gain Behaviour. Local example evaluation: track weight trend at an agreed frequency alongside food intake, appetite, function and symptoms affecting intake; assess whether the person follows the individualized nutrient or energy plan and can access and prepare the recommended foods or supplements; document progressive gain or stabilization toward the clinically agreed target without expecting rapid gain; monitor tolerance, oedema or fluid shifts and refeeding or metabolic concerns where relevant; use selected licensed NOC indicators and scale for formal scoring and refer continued loss or inability to meet needs.","NOC 1626 — Comportamento de Ganho de Peso. Exemplo local de avaliação: acompanhar tendência do peso na frequência acordada junto com ingestão, apetite, função e sintomas que afetam alimentação; avaliar se segue plano individual de nutrientes ou energia e consegue acessar e preparar alimentos ou suplementos recomendados; documentar ganho progressivo ou estabilização em direção à meta clínica sem esperar ganho rápido; monitorar tolerância, edema ou mudanças hídricas e risco de realimentação ou metabólico quando pertinente; utilizar indicadores e escala NOC licenciados selecionados para pontuação formal e encaminhar perda contínua ou incapacidade de suprir necessidades.",Weight-gain behaviour evaluation uses individualized nutrition goals and refeeding safety.,https://www.nice.org.uk/guidance/cg32/chapter/Recommendations,EVIDENCE_REVIEWED_AUTHOR_NEW_DRAFT
NOC,1627,Weight Loss Behaviour,Comportamento de Perda de Peso,AUTHOR_NEW,STANDARD,,,,2,00398; 00487,Ineffective overweight self-management | Risk for ineffective overweight self-management,Autogestão ineficaz do excesso de peso | Risco de autogestão ineficaz do excesso de peso,"NOC 1627 — Weight Loss Behaviour. Local example evaluation: track weight and other agreed health or functional measures at a frequency that supports rather than promotes obsessive monitoring; assess adherence to the individualized sustainable eating, activity and behaviour plan and ability to solve common barriers; document progress toward realistic personalized goals and improvements in fitness or metabolic health even when weight change is modest; monitor wellbeing and signs of disordered eating or excessive restriction or exercise; use selected licensed NOC indicators and scale for formal scoring and revise the plan without blame when weight is regained.","NOC 1627 — Comportamento de Perda de Peso. Exemplo local de avaliação: acompanhar peso e outras medidas de saúde ou função acordadas em frequência que apoie e não estimule monitoramento obsessivo; avaliar adesão ao plano sustentável individual de alimentação, atividade e comportamento e capacidade de resolver barreiras; documentar progresso rumo a metas realistas e melhorias de condicionamento ou saúde metabólica mesmo com pequena mudança de peso; monitorar bem-estar e sinais de transtorno alimentar ou restrição ou exercício excessivos; utilizar indicadores e escala NOC licenciados selecionados para pontuação formal e revisar plano sem culpa quando houver reganho.",Weight-loss behaviour evaluation is non-stigmatizing and sustainable.,https://www.nice.org.uk/guidance/ng246,EVIDENCE_REVIEWED_AUTHOR_NEW_DRAFT
NOC,1628,Weight Maintenance Behaviour,Comportamento de Manutenção do Peso,AUTHOR_NEW,STANDARD,,,,1,00447,Readiness for enhanced weight self-management,Preparação para um melhor autogerenciamento do peso,"NOC 1628 — Weight Maintenance Behaviour. Local example evaluation: track weight within the agreed maintenance range and monitor sustainable eating, activity, sleep and self-monitoring behaviours; assess ability to recognize situations that commonly lead to regain or unwanted loss and use a planned response; document functional or metabolic wellbeing and whether the maintenance plan is realistic in the person’s social context; avoid interpreting short-term fluid-related fluctuations as true weight change; use selected licensed NOC indicators and scale for formal scoring and arrange review for persistent unintended change or disordered-eating concerns.","NOC 1628 — Comportamento de Manutenção do Peso. Exemplo local de avaliação: acompanhar peso dentro da faixa de manutenção acordada e monitorar alimentação, atividade, sono e automonitoramento sustentáveis; avaliar capacidade de reconhecer situações que levam a reganho ou perda indesejada e usar resposta planejada; documentar bem-estar funcional ou metabólico e se plano é realista no contexto social; evitar interpretar flutuações hídricas de curto prazo como mudança real; utilizar indicadores e escala NOC licenciados selecionados para pontuação formal e organizar revisão para mudança não intencional persistente ou preocupação com transtorno alimentar.",Weight-maintenance evaluation avoids overinterpreting short-term fluid shifts.,https://www.nice.org.uk/guidance/ng246,EVIDENCE_REVIEWED_AUTHOR_NEW_DRAFT
NOC,1633,Exercise Participation,Participação em Exercício,AUTHOR_NEW,STANDARD,,,,3,00307; 00355; 00394,Readiness for enhanced exercise engagement | Excessive sedentary behaviours | Risk for excessive sedentary behaviours,Prontidão para um maior envolvimento em exercícios físicos | Comportamentos sedentários excessivos | Risco de comportamentos sedentários excessivos,"NOC 1633 — Exercise Participation. Local example evaluation: record frequency, duration and type of planned and everyday physical activity and compare with the person’s individualized goal and baseline; assess enjoyment, confidence, access and barriers as well as symptoms and recovery; document progression in participation and reductions in prolonged sedentary time without requiring a single exercise prescription for everyone; evaluate use of agreed pacing, safety measures and supports; use selected licensed NOC indicators and scale for formal scoring and reassess the plan after illness or functional change.","NOC 1633 — Participação em Exercício. Exemplo local de avaliação: registrar frequência, duração e tipo de atividade física planejada e cotidiana e comparar com meta individual e linha de base; avaliar prazer, confiança, acesso, barreiras, sintomas e recuperação; documentar progressão da participação e redução de sedentarismo prolongado sem exigir prescrição única para todos; avaliar uso de ritmo, medidas de segurança e apoios acordados; utilizar indicadores e escala NOC licenciados selecionados para pontuação formal e reavaliar plano após doença ou mudança funcional.",Exercise-participation evaluation uses individualized activity rather than one prescription.,https://www.who.int/news-room/fact-sheets/detail/physical-activity,EVIDENCE_REVIEWED_AUTHOR_NEW_DRAFT
NOC,1701,Health Beliefs: Perceived Ability to Perform,Crenças de Saúde: Capacidade Percebida para Agir,AUTHOR_NEW,STANDARD,,,,1,00338,Inadequate health self-efficacy,Autoeficácia inadequada em saúde,"NOC 1701 — Health Beliefs: Perceived Ability to Perform. Local example evaluation: ask how confident the person feels performing the specific health behaviour and what makes it easier or harder; document ability to initiate the task, persist when minor barriers occur and seek appropriate help; assess whether demonstration or practice, successful small steps and supportive feedback increase confidence and competence; distinguish low confidence from true lack of resources, knowledge or physical ability; use selected licensed NOC indicators and scale for formal scoring and connect unresolved barriers to appropriate support.","NOC 1701 — Crenças de Saúde: Capacidade Percebida para Agir. Exemplo local de avaliação: perguntar quão confiante a pessoa se sente para realizar comportamento específico e o que facilita ou dificulta; documentar capacidade de iniciar tarefa, persistir diante de barreiras leves e buscar ajuda adequada; avaliar se demonstração ou prática, pequenos sucessos e feedback aumentam confiança e competência; distinguir baixa confiança de falta real de recursos, conhecimento ou capacidade física; utilizar indicadores e escala NOC licenciados selecionados para pontuação formal e conectar barreiras não resolvidas ao apoio apropriado.",Perceived-ability evaluation distinguishes confidence from resource or skill deficits.,https://www.ahrq.gov/sites/default/files/publications/files/healthlittoolkit2_1.pdf,EVIDENCE_REVIEWED_AUTHOR_NEW_DRAFT
NOC,1803,Knowledge: Disease Management,Conhecimento: Controle da Doença,REWRITE_VERIFY_LABEL_DRIFT,STANDARD,Knowledge: Disease Process,"NOC 1803 — Knowledge: Disease Process. Example evaluation: Measure understanding using teach-back; example target: correctly explains the condition, warning signs, and when to seek help, from 2/5 to 4/5.","NOC 1803 — Conhecimento: processo da doença (English: Knowledge: Disease Process). Exemplo de avaliação: Medir compreensão por retorno demonstrativo; exemplo de meta: explicar corretamente condição, sinais de alerta e quando buscar ajuda, de 2/5 para 4/5.",2,00435; 00499,Inadequate health knowledge | Readiness for enhanced health knowledge,Conhecimento inadequado sobre saúde | Preparação para um maior conhecimento sobre saúde,"NOC 1803 — Knowledge: Disease Management. Local evaluation examples: ask the person to explain in their own words the condition, purpose of key treatments/medicines, daily self-management actions and individualized warning signs; use show-me for skills such as device use when relevant; assess whether the person knows when and where to seek help and can follow the agreed monitoring/follow-up plan; identify misconceptions or literacy/language barriers and re-teach as needed; use selected licensed NOC indicators/scale for formal scoring and document teach-back performance rather than assumed understanding.","NOC 1803 — Conhecimento: Controle da Doença. Exemplos locais de avaliação: pedir que a pessoa explique com suas próprias palavras a condição, finalidade de tratamentos/medicamentos principais, ações diárias de autocuidado e sinais de alerta individualizados; utilizar show-me para habilidades como uso de dispositivos quando pertinente; avaliar se sabe quando e onde buscar ajuda e se consegue seguir plano de monitoramento/seguimento acordado; identificar equívocos ou barreiras de letramento/idioma e reensinar conforme necessário; utilizar indicadores/escala NOC licenciados selecionados para pontuação formal e documentar desempenho no teach-back em vez de presumir compreensão.","Recovered text was treated only as a candidate. This replacement was re-checked against the CURRENT code/label and linked diagnoses, then rewritten where needed for specificity, contemporary clinical practice, scope boundaries, observable evaluation, and safety. Locally authored example guidance; not verbatim or official NIC/NOC activity/indicator wording.",https://www.ahrq.gov/health-literacy/improve/precautions/tool5.html | https://www.who.int/europe/publications/i/item/9789289060219,EVIDENCE_REVIEWED_RECOVERED_OR_DRIFT_DRAFT
NOC,1902,Risk Control,Controle de Risco,RECOVERED_FACT_CHECK_REQUIRED,STANDARD,Risk Control,NOC 1902 — Risk Control. Example evaluation: Score recognition and reduction of infection risks; example target 2/5 to 4/5.,NOC 1902 — Controle de risco: infecção (English: Risk Control). Exemplo de avaliação: Pontuar reconhecimento e redução de riscos infecciosos; exemplo de meta 2/5 para 4/5.,12,00047; 00138; 00180; 00181; 00248; 00286; 00288; 00304; 00462; 00466; 00467; 00468,Risk for impaired skin integrity | Risk for other-directed violence | Risk for contamination | Contamination | Risk for impaired tissue integrity | Risk for child pressure injury | Risk for neonatal pressure injury | Risk for adult pressure injury | Risk for impaired nipple-areolar complex integrity | Risk for suicidal self-injurious behaviour | Non-suicidal self-injurious behaviour | Risk for non-suicidal self-injurious behaviour,Risco de integridade da pele comprometida | Risco de violência direcionada a terceiros | Risco de contaminação | Contaminação | Risco de integridade tecidual comprometida | Risco de lesão por pressão em crianças | Risco de lesão por pressão neonatal | Risco de lesão por pressão em adultos | Risco de comprometimento da integridade do complexo aréolo-mamilar | Risco de comportamento suicida autolesivo | Comportamento autolesivo não suicida | Risco de comportamento autolesivo não suicida,"NOC 1902 — Risk Control. Local evaluation examples: assess whether the person identifies the specific hazard and their own modifiable risk factors; document use of agreed preventive behaviours, environmental changes and help-seeking actions; evaluate whether near-misses or exposure events are decreasing and whether the prevention plan is followed correctly; reassess when treatment or clinical status changes; use selected licensed NOC indicators/scale for formal scoring while keeping the actual adverse-event risk and incident history visible.","NOC 1902 — Controle de Risco. Exemplos locais de avaliação: avaliar se a pessoa identifica o perigo específico e seus fatores modificáveis; documentar uso de comportamentos preventivos acordados, mudanças ambientais e ações de busca de ajuda; avaliar se quase-eventos ou exposições estão diminuindo e se o plano preventivo é seguido corretamente; reavaliar quando tratamento ou estado clínico mudarem; utilizar indicadores/escala NOC licenciados selecionados para pontuação formal mantendo visíveis o risco real e o histórico de incidentes.","Recovered text was treated only as a candidate. This replacement was re-checked against the CURRENT code/label and linked diagnoses, then rewritten where needed for specificity, contemporary clinical practice, scope boundaries, observable evaluation, and safety. Locally authored example guidance; not verbatim or official NIC/NOC activity/indicator wording.",https://www.cdc.gov/steadi/ | https://www.nice.org.uk/guidance/CG50/chapter/recommendations,EVIDENCE_REVIEWED_RECOVERED_OR_DRIFT_DRAFT
NOC,1908,Risk Detection,Detecção de Risco,REWRITE_VERIFY_LABEL_DRIFT,STANDARD,Detect Risk,NOC 1908 — Detect Risk. Example evaluation: Score recognition and management of relevant safety risks; example target 2/5 to 4/5.,NOC 1908 — Controle de riscos (English: Detect Risk). Exemplo de avaliação: Pontuar reconhecimento e manejo dos riscos de segurança pertinentes; exemplo de meta 2/5 para 4/5.,8,00250; 00336; 00350; 00351; 00402; 00404; 00463; 00469,Risk for urinary tract injury | Risk for physical injury | Risk for burn injury | Risk for cold injury | Risk for occupational physical injury | Risk for occupational illness | Risk for accidental suffocation | Risk for accidental poisoning,Risco de lesão do trato urinário | Risco de lesão física | Risco de queimaduras | Risco de lesão por frio | Risco de lesões físicas ocupacionais | Risco de doenças ocupacionais | Risco de asfixia acidental | Risco de envenenamento acidental,"NOC 1908 — Risk Detection. Local evaluation examples: assess whether the person/caregiver can recognize the individualized early warning signs and circumstances that signal rising risk; document timely use of monitoring tools, safety checks or professional advice when triggers occur; evaluate whether new hazards are identified before an adverse event and communicated to the care team; compare recognition accuracy over time and after teaching; use selected licensed NOC indicators/scale for formal scoring and avoid substituting a generic 'risk aware' label for observed behaviour.","NOC 1908 — Detecção de Risco. Exemplos locais de avaliação: avaliar se a pessoa/cuidador consegue reconhecer sinais de alerta individualizados e circunstâncias que indiquem aumento do risco; documentar uso oportuno de ferramentas de monitoramento, verificações de segurança ou aconselhamento profissional quando gatilhos ocorrerem; avaliar se novos perigos são identificados antes de evento adverso e comunicados à equipe; comparar precisão do reconhecimento ao longo do tempo e após educação; utilizar indicadores/escala NOC licenciados selecionados para pontuação formal e evitar substituir comportamento observado por rótulo genérico de 'consciente do risco'.","Recovered text was treated only as a candidate. This replacement was re-checked against the CURRENT code/label and linked diagnoses, then rewritten where needed for specificity, contemporary clinical practice, scope boundaries, observable evaluation, and safety. Locally authored example guidance; not verbatim or official NIC/NOC activity/indicator wording.",https://www.ahrq.gov/health-literacy/improve/precautions/tool5.html | https://www.nice.org.uk/guidance/CG50/chapter/recommendations,EVIDENCE_REVIEWED_RECOVERED_OR_DRIFT_DRAFT
NOC,1909,Fall Prevention Behaviour,Comportamento de Prevenção de Quedas,REWRITE_VERIFY_LABEL_DRIFT,STANDARD,Fall Prevention Behavior,NOC 1909 — Fall Prevention Behavior. Example evaluation: Score safe behaviors such as asking for help and using assistive devices; example target 2/5 to 4/5.,"NOC 1909 — Comportamento de prevenção de quedas (English: Fall Prevention Behavior). Exemplo de avaliação: Pontuar comportamentos seguros, como pedir ajuda e usar dispositivos; exemplo de meta 2/5 para 4/5.",2,00303; 00306,Risk for adult falls | Risk for child falls,Risco de quedas em adultos | Risco de quedas em crianças,"NOC 1909 — Fall Prevention Behaviour. Local evaluation examples: observe whether the person calls/asks for assistance when required, rises and transfers using the agreed method, uses prescribed walking aids correctly and wears suitable footwear; assess whether environmental hazards are recognized and removed or reported; document adherence to strength/balance, vision, medication or continence actions included in the individualized fall plan; track near-falls and unsafe attempts rather than falls alone; use selected licensed NOC indicators/scale for formal scoring.","NOC 1909 — Comportamento de Prevenção de Quedas. Exemplos locais de avaliação: observar se a pessoa chama/pede ajuda quando necessário, levanta e transfere usando o método acordado, utiliza corretamente dispositivos de marcha prescritos e usa calçado adequado; avaliar se riscos ambientais são reconhecidos e removidos ou comunicados; documentar adesão às ações de força/equilíbrio, visão, medicamentos ou continência incluídas no plano individual de quedas; acompanhar quase-quedas e tentativas inseguras, não apenas quedas; utilizar indicadores/escala NOC licenciados selecionados para pontuação formal.","Recovered text was treated only as a candidate. This replacement was re-checked against the CURRENT code/label and linked diagnoses, then rewritten where needed for specificity, contemporary clinical practice, scope boundaries, observable evaluation, and safety. Locally authored example guidance; not verbatim or official NIC/NOC activity/indicator wording.",https://www.cdc.gov/steadi/,EVIDENCE_REVIEWED_RECOVERED_OR_DRIFT_DRAFT
NOC,1914,Risk Control: Cardiovascular Disease,Controle do Risco: Doença Cardiovascular,AUTHOR_NEW,STANDARD,,,,1,00311,Risk for impaired cardiovascular function,Risco de comprometimento da função cardiovascular,"NOC 1914 — Risk Control: Cardiovascular Disease. Local example evaluation: assess whether the person knows their major modifiable cardiovascular risks and follows the agreed plan for tobacco avoidance, activity, diet, blood pressure, lipids, diabetes and medicines; document correct preventive-medicine use and attendance at monitoring or follow-up; track blood pressure and other ordered risk markers against individualized targets rather than a universal threshold; evaluate whether the person recognizes heart attack or stroke warning symptoms and knows how to seek urgent help; use selected licensed NOC indicators and scale for formal scoring.","NOC 1914 — Controle do Risco: Doença Cardiovascular. Exemplo local de avaliação: avaliar se a pessoa conhece principais riscos cardiovasculares modificáveis e segue plano acordado para tabaco, atividade, dieta, pressão, lipídios, diabetes e medicamentos; documentar uso correto de medicamentos preventivos e comparecimento ao monitoramento ou seguimento; acompanhar pressão e outros marcadores prescritos em relação a metas individualizadas, não limiar universal; avaliar se reconhece sinais de infarto ou AVC e sabe buscar ajuda urgente; utilizar indicadores e escala NOC licenciados selecionados para pontuação formal.",Cardiovascular risk-control evaluation aligned with individualized prevention.,https://www.nice.org.uk/guidance/ng238/chapter/recommendations,EVIDENCE_REVIEWED_AUTHOR_NEW_DRAFT
NOC,1920,Elopement Risk,Risco de Fuga,AUTHOR_NEW,STANDARD,,,,1,00290,Risk for escape attempt,Risco de tentativa de fuga,"NOC 1920 — Elopement Risk. Local example evaluation: document the person-specific triggers and early behaviours associated with unsafe wandering or elopement and the time or location pattern; assess orientation, cognition, unmet needs, agitation, environmental cues and ability to use the agreed safety plan; track attempts, near-exits and successful use of redirection or support rather than only completed elopement; evaluate whether the least restrictive environmental and supervision measures reduce risk without unnecessary confinement; use selected licensed NOC indicators and scale for formal scoring and activate local missing-person or emergency procedures when immediate danger exists.","NOC 1920 — Risco de Fuga. Exemplo local de avaliação: documentar gatilhos e sinais precoces específicos associados a fuga ou deambulação insegura e padrão de horário ou local; avaliar orientação, cognição, necessidades não atendidas, agitação, pistas ambientais e capacidade de usar plano de segurança; acompanhar tentativas, quase-saídas e uso bem-sucedido de redirecionamento ou apoio em vez de apenas fugas completas; avaliar se medidas ambientais e de supervisão menos restritivas reduzem risco sem confinamento desnecessário; utilizar indicadores e escala NOC licenciados selecionados para pontuação formal e acionar protocolo local de pessoa desaparecida ou emergência quando houver perigo imediato.",Elopement-risk evaluation uses least-restrictive safety and capacity principles.,https://www.nice.org.uk/guidance/ng97/chapter/Recommendations | https://www.nice.org.uk/guidance/ng108/chapter/recommendations,EVIDENCE_REVIEWED_AUTHOR_NEW_DRAFT
NOC,1924,Risk Control: Infectious Process,Controle de Risco: Processo Infeccioso,AUTHOR_NEW,STANDARD,,,,2,00004; 00500,Risk for infection | Risk for surgical wound infection,Risco de infecção | Risco de infecção da ferida cirúrgica,"NOC 1924 — Risk Control: Infectious Process. Local example evaluation: assess whether the person or caregiver performs infection-prevention actions relevant to the situation, such as hand hygiene, wound or device care, respiratory hygiene and prescribed transmission precautions; document ability to recognize individualized local or systemic infection warning signs and seek timely review; track device necessity, wound status and exposure events or near-misses where relevant; evaluate correct use of prescribed prophylaxis or treatment without equating adherence with absence of infection; use selected licensed NOC indicators and scale for formal scoring and escalate clinical deterioration.","NOC 1924 — Controle de Risco: Processo Infeccioso. Exemplo local de avaliação: avaliar se pessoa ou cuidador realiza ações de prevenção relevantes como higiene das mãos, cuidado de ferida ou dispositivo, higiene respiratória e precauções prescritas; documentar capacidade de reconhecer sinais individualizados locais ou sistêmicos e buscar avaliação oportuna; acompanhar necessidade de dispositivos, estado de feridas e exposições ou quase-eventos quando pertinente; avaliar uso correto de profilaxia ou tratamento prescrito sem igualar adesão à ausência de infecção; utilizar indicadores e escala NOC licenciados selecionados para pontuação formal e escalar deterioração clínica.",Infectious-risk control aligned with CDC standard precautions and observed preventive behaviour.,https://www.cdc.gov/infection-control/hcp/basics/standard-precautions.html,EVIDENCE_REVIEWED_AUTHOR_NEW_DRAFT
NOC,1927,Risk Control: Dry Eye,Controle de Risco: Olho Seco,AUTHOR_NEW,STANDARD,,,,1,00219,Risk for dry eye,Risco de olho seco,"NOC 1927 — Risk Control: Dry Eye. Local example evaluation: assess whether the person reduces avoidable smoke, wind or air-conditioning and prolonged screen exposure and uses blink breaks or humidification when helpful; document correct use of prescribed lubricants and contact-lens care and ability to recognize worsening symptoms; track frequency of dryness, grittiness, burning or fluctuating vision and whether prevention measures reduce episodes; assess protection when eyelid closure or corneal sensation is impaired; use selected licensed NOC indicators and scale for formal scoring and refer pain, photophobia, marked redness or reduced vision.","NOC 1927 — Controle de Risco: Olho Seco. Exemplo local de avaliação: avaliar se a pessoa reduz exposição evitável a fumaça, vento ou ar-condicionado e telas prolongadas e usa pausas de piscar ou umidificação quando útil; documentar uso correto de lubrificantes prescritos e cuidados com lentes e capacidade de reconhecer piora; acompanhar frequência de ressecamento, sensação de areia, ardor ou visão flutuante e se prevenção reduz episódios; avaliar proteção quando fechamento palpebral ou sensibilidade corneana estão prejudicados; utilizar indicadores e escala NOC licenciados selecionados para pontuação formal e encaminhar dor, fotofobia, vermelhidão intensa ou redução visual.",Dry-eye risk control aligned with NEI symptom and prevention guidance.,https://www.nei.nih.gov/eye-health-information/eye-conditions-and-diseases/dry-eye,EVIDENCE_REVIEWED_AUTHOR_NEW_DRAFT
NOC,1932,Risk Control: Thrombus,Controle do Risco: Trombo,AUTHOR_NEW,STANDARD,,,,1,00291,Risk for thrombosis,Risco de trombose,"NOC 1932 — Risk Control: Thrombus. Local example evaluation: assess whether VTE-risk-reduction measures in the individualized plan are being followed, including early mobility, hydration when appropriate and prescribed mechanical or pharmacological prophylaxis; document correct use and tolerance of compression devices or medicines and any bleeding or skin complications; monitor for unilateral leg swelling or pain or sudden chest pain, dyspnoea, haemoptysis, syncope or unexplained tachycardia; reassess risk when mobility or clinical status changes; use selected licensed NOC indicators and scale for formal scoring and escalate suspected DVT or pulmonary embolism urgently.","NOC 1932 — Controle do Risco: Trombo. Exemplo local de avaliação: avaliar se medidas individualizadas de redução de risco de TEV estão sendo seguidas, incluindo mobilidade precoce, hidratação quando apropriada e profilaxia mecânica ou farmacológica prescrita; documentar uso e tolerância corretos de dispositivos compressivos ou medicamentos e complicações de sangramento ou pele; monitorar edema ou dor unilateral de membro ou dor torácica súbita, dispneia, hemoptise, síncope ou taquicardia inexplicada; reavaliar risco quando mobilidade ou condição mudar; utilizar indicadores e escala NOC licenciados selecionados para pontuação formal e escalar suspeita de TVP ou embolia pulmonar com urgência.",Thrombus-risk control aligned with NICE VTE prevention and urgent symptom recognition.,https://www.nice.org.uk/guidance/ng89/chapter/recommendations,EVIDENCE_REVIEWED_AUTHOR_NEW_DRAFT
NOC,1947,Safe Home Environment: Child's Room,Ambiente Domiciliar Seguro: Quarto da Criança,AUTHOR_NEW,STANDARD,,,,1,00156,Risk for sudden infant death,Risco de morte súbita infantil,"NOC 1947 — Safe Home Environment: Child's Room. Local example evaluation: assess whether the infant’s sleep space is a separate, firm, flat, non-inclined surface with a fitted sheet and no pillows, loose bedding, bumpers, positioners or soft objects; verify the infant is placed supine for every sleep and that caregivers understand room-sharing without bed-sharing as the safer arrangement; document avoidance of smoke exposure, overheating and unsafe couches or armchairs for sleep; assess caregiver understanding and ability to implement the plan at home; use selected licensed NOC indicators and scale for formal scoring and correct unsafe sleep setups before discharge.","NOC 1947 — Ambiente Domiciliar Seguro: Quarto da Criança. Exemplo local de avaliação: avaliar se espaço de sono do lactente é superfície própria, firme, plana, não inclinada, com lençol ajustado e sem travesseiros, roupa solta, protetores, posicionadores ou objetos macios; confirmar posição supina em todo sono e compreensão do compartilhamento do quarto sem compartilhar a cama como opção mais segura; documentar prevenção de fumaça, superaquecimento e sono em sofá ou poltrona; avaliar compreensão e capacidade do cuidador de implementar em casa; utilizar indicadores e escala NOC licenciados selecionados para pontuação formal e corrigir configuração insegura antes da alta.",Safe-sleep evaluation aligned with AAP 2022 recommendations.,https://publications.aap.org/pediatrics/article/150/1/e2022057990/188304/Sleep-Related-Infant-Deaths-Updated-2022,EVIDENCE_REVIEWED_AUTHOR_NEW_DRAFT
NOC,2001,Spiritual Health,Saúde Espiritual,RECOVERED_FACT_CHECK_REQUIRED,STANDARD,Spiritual Health,"NOC 2001 — Spiritual Health. Example evaluation: Score connection to meaning, values, or desired spiritual practices; example target 2/5 to 4/5.","NOC 2001 — Saúde espiritual (English: Spiritual Health). Exemplo de avaliação: Pontuar conexão com significado, valores ou práticas espirituais desejadas; exemplo de meta 2/5 para 4/5.",7,00068; 00169; 00170; 00171; 00175; 00454; 00460,Readiness for enhanced spiritual well-being | Impaired religiosity | Risk for impaired religiosity | Readiness for enhanced religiosity | Moral distress | Impaired spiritual well-being | Risk for impaired spiritual well-being,Prontidão para um maior bem-estar espiritual | Religiosidade prejudicada | Risco de religiosidade prejudicada | Prontidão para uma religiosidade reforçada | Angústia moral | Bem-estar espiritual prejudicado | Risco de comprometimento do bem-estar espiritual,"NOC 2001 — Spiritual Health. Local evaluation examples: assess whether the person reports connection with meaning, values, hope or desired spiritual/religious practices and whether illness has caused conflict or distress in these areas; document access to chosen spiritual/community support and ability to participate in desired rituals or reflection; evaluate whether care respects beliefs and reduces spiritual distress without imposing beliefs; compare with the person’s own goals; use selected licensed NOC indicators/scale for formal scoring and refer severe spiritual/existential distress when requested or clinically significant.","NOC 2001 — Saúde Espiritual. Exemplos locais de avaliação: avaliar se a pessoa relata conexão com significado, valores, esperança ou práticas espirituais/religiosas desejadas e se a doença gerou conflito ou sofrimento nessas áreas; documentar acesso a apoio espiritual/comunitário escolhido e capacidade de participar de rituais ou reflexão desejados; avaliar se o cuidado respeita crenças e reduz sofrimento espiritual sem impor convicções; comparar com os próprios objetivos da pessoa; utilizar indicadores/escala NOC licenciados selecionados para pontuação formal e encaminhar sofrimento espiritual/existencial grave quando desejado ou clinicamente relevante.","Recovered text was treated only as a candidate. This replacement was re-checked against the CURRENT code/label and linked diagnoses, then rewritten where needed for specificity, contemporary clinical practice, scope boundaries, observable evaluation, and safety. Locally authored example guidance; not verbatim or official NIC/NOC activity/indicator wording.",https://www.who.int/europe/news-room/fact-sheets/item/palliative-care,EVIDENCE_REVIEWED_RECOVERED_OR_DRIFT_DRAFT
NOC,2002,Personal Well-Being,Bem-Estar Pessoal,AUTHOR_NEW,STANDARD,,,,2,00273; 00488,Imbalanced energy field | Risk for compromised human dignity,Campo energético desequilibrado | Risco de violação da dignidade humana,"NOC 2002 — Personal Well-Being. Local example evaluation: ask the person to rate their overall sense of comfort, dignity, meaning, autonomy and satisfaction with daily life in terms that matter to them; document ability to participate in valued activities and relationships and whether symptoms or environmental or social barriers reduce well-being; evaluate response to evidence-based symptom care, supportive relationships and chosen complementary comfort practices without attributing improvement to an unproven energy mechanism; compare with the person’s own baseline and goals; use selected licensed NOC indicators and scale for formal scoring and address severe distress or loss of dignity.","NOC 2002 — Bem-Estar Pessoal. Exemplo local de avaliação: perguntar como a pessoa avalia sensação global de conforto, dignidade, significado, autonomia e satisfação com vida diária em termos que importam a ela; documentar capacidade de participar de atividades e relacionamentos valorizados e se sintomas ou barreiras ambientais ou sociais reduzem bem-estar; avaliar resposta a cuidado sintomático baseado em evidências, relações de apoio e práticas complementares escolhidas sem atribuir melhora a mecanismo energético não comprovado; comparar com linha de base e metas da própria pessoa; utilizar indicadores e escala NOC licenciados selecionados para pontuação formal e abordar sofrimento grave ou perda de dignidade.",Well-being evaluation protects against unsupported energy-mechanism claims.,https://www.who.int/news-room/fact-sheets/detail/palliative-care | https://www.nccih.nih.gov/health/reiki,EVIDENCE_REVIEWED_AUTHOR_NEW_DRAFT
NOC,2010,Comfort Status: Physical,Estado de Conforto: Físico,AUTHOR_NEW,STANDARD,,,,2,00378; 00380,Readiness for enhanced physical comfort | Impaired physical comfort,Prontidão para maior conforto físico | Conforto físico prejudicado,"NOC 2010 — Comfort Status: Physical. Local example evaluation: ask which physical sensations are uncomfortable and assess pain, breathlessness, nausea, temperature, position, skin or oral dryness, itching and device-related discomfort; document severity and functional impact using methods the person can communicate; reassess after positioning, environmental changes, hygiene or mouth care and prescribed symptom treatment; track whether rest and activity can occur with acceptable comfort rather than demanding absence of all symptoms; use selected licensed NOC indicators and scale for formal scoring and escalate uncontrolled or rapidly worsening symptoms.","NOC 2010 — Estado de Conforto: Físico. Exemplo local de avaliação: perguntar quais sensações físicas estão desconfortáveis e avaliar dor, dispneia, náusea, temperatura, posição, ressecamento de pele ou boca, prurido e desconforto por dispositivos; documentar intensidade e impacto funcional com método que a pessoa consiga comunicar; reavaliar após posicionamento, mudanças ambientais, higiene ou cuidado oral e tratamento prescrito; acompanhar se repouso e atividade ocorrem com conforto aceitável em vez de exigir ausência de sintomas; utilizar indicadores e escala NOC licenciados selecionados para pontuação formal e escalar sintomas não controlados ou em rápida piora.",Physical-comfort evaluation aligned with symptom-oriented palliative principles.,https://www.who.int/news-room/fact-sheets/detail/palliative-care,EVIDENCE_REVIEWED_AUTHOR_NEW_DRAFT
NOC,2011,Comfort Status: Psychospiritual,Estado de Conforto: Psicoespiritual,AUTHOR_NEW,STANDARD,,,,2,00377; 00379,Readiness for enhanced psychological comfort | Impaired psychological comfort,Prontidão para um maior conforto psicológico | Conforto psicológico prejudicado,"NOC 2011 — Comfort Status: Psychospiritual. Local example evaluation: assess peace, anxiety, meaning, hope, spiritual or existential distress and whether the person feels emotionally safe and heard; document access to desired cultural, spiritual, psychological or relational support and whether care respects beliefs and preferences; evaluate whether distress decreases after supportive conversation, symptom control or chosen spiritual practices without imposing beliefs; compare with the person’s own goals for comfort; use selected licensed NOC indicators and scale for formal scoring and refer severe distress, hopelessness or self-harm risk.","NOC 2011 — Estado de Conforto: Psicoespiritual. Exemplo local de avaliação: avaliar tranquilidade, ansiedade, significado, esperança, sofrimento espiritual ou existencial e se a pessoa se sente emocionalmente segura e ouvida; documentar acesso a apoio cultural, espiritual, psicológico ou relacional desejado e se o cuidado respeita crenças e preferências; avaliar se sofrimento reduz após conversa de apoio, controle de sintomas ou práticas espirituais escolhidas sem impor crenças; comparar com metas próprias de conforto; utilizar indicadores e escala NOC licenciados selecionados para pontuação formal e encaminhar sofrimento grave, desesperança ou risco de autolesão.",Psychospiritual-comfort evaluation is preference-based and non-prescriptive.,https://www.who.int/news-room/fact-sheets/detail/palliative-care,EVIDENCE_REVIEWED_AUTHOR_NEW_DRAFT
NOC,2012,Comfort Status: Sociocultural,Estado de Conforto: Sociocultural,AUTHOR_NEW,STANDARD,,,,1,00376,Readiness for enhanced social comfort,Prontidão para maior conforto social,"NOC 2012 — Comfort Status: Sociocultural. Local example evaluation: assess whether the care environment and relationships respect the person’s cultural identity, language, privacy, family or community roles and preferred level of social contact; document social inclusion, discrimination, conflict and access to culturally meaningful food, practices or support where feasible; evaluate whether interpretation, family or community connection and environmental adaptations improve comfort and belonging; compare with the person’s stated preferences rather than staff assumptions; use selected licensed NOC indicators and scale for formal scoring and address safeguarding or discrimination concerns.","NOC 2012 — Estado de Conforto: Sociocultural. Exemplo local de avaliação: avaliar se ambiente de cuidado e relações respeitam identidade cultural, idioma, privacidade, papéis familiares ou comunitários e nível preferido de contato social; documentar inclusão, discriminação, conflito e acesso a alimentos, práticas ou apoio culturalmente significativos quando possível; avaliar se interpretação, conexão familiar ou comunitária e adaptações ambientais melhoram conforto e pertencimento; comparar com preferências declaradas e não suposições da equipe; utilizar indicadores e escala NOC licenciados selecionados para pontuação formal e abordar proteção ou discriminação.",Sociocultural-comfort evaluation uses person-defined culture and inclusion.,https://www.who.int/publications/m/item/community-engagement-for-quality--people-centred-health-services,EVIDENCE_REVIEWED_AUTHOR_NEW_DRAFT
NOC,2015,Health Literacy Behaviour,Comportamento de Literacia em Saúde,AUTHOR_NEW,STANDARD,,,,3,00262; 00339; 00411,Readiness for enhanced health literacy | Inadequate health literacy | Risk for inadequate health literacy,Preparação para uma maior literacia em saúde | Alfabetização em saúde inadequada | Risco de alfabetização em saúde inadequada,"NOC 2015 — Health Literacy Behaviour. Local example evaluation: assess whether the person can find or access trustworthy health information, understand the key message, judge what applies to them and communicate questions; document ability to use labels, appointment instructions, medication information and digital or printed resources with the accommodations provided; use teach-back or show-me to evaluate understanding and correct action rather than reading ability alone; assess whether the person can navigate services and seek help when needed; use selected licensed NOC indicators and scale for formal scoring and record the supports that enable successful health decisions.","NOC 2015 — Comportamento de Literacia em Saúde. Exemplo local de avaliação: avaliar se a pessoa consegue encontrar ou acessar informação confiável, compreender mensagem-chave, julgar o que se aplica e comunicar dúvidas; documentar capacidade de usar rótulos, instruções de consultas, informações de medicamentos e recursos digitais ou impressos com adaptações fornecidas; usar teach-back ou show-me para avaliar compreensão e ação correta e não apenas leitura; avaliar se consegue navegar serviços e buscar ajuda quando necessário; utilizar indicadores e escala NOC licenciados selecionados para pontuação formal e registrar apoios que permitem decisões bem-sucedidas.",Health-literacy behaviour aligned with AHRQ teach-back and accessible communication.,https://www.ahrq.gov/sites/default/files/publications/files/healthlittoolkit2_1.pdf,EVIDENCE_REVIEWED_AUTHOR_NEW_DRAFT
NOC,2102,Pain Level,Nível de Dor,RECOVERED_FACT_CHECK_REQUIRED,STANDARD,Pain Level,NOC 2102 — Pain Level. Example evaluation: Record pain using a 0–10 scale plus impact on function; example target: reduce from 7/10 to ≤3/10.,NOC 2102 — Nível da dor (English: Pain Level). Exemplo de avaliação: Registrar dor em escala 0–10 e impacto funcional; exemplo de meta: reduzir de 7/10 para ≤3/10.,4,00132; 00133; 00255; 00256,Acute pain | Chronic pain | Chronic pain syndrome | Labour pain,Dor aguda | dor crônica | Síndrome da dor crônica | dor do parto,"NOC 2102 — Pain Level. Local evaluation examples: use a consistent self-report scale or behavioural pain tool appropriate to the person and document location/quality as well as intensity; assess pain at rest and during the activity that matters to the person; record effect on sleep, movement, breathing, mood and function; compare pre/post-intervention pain and function rather than setting a universal score such as ≤3/10; use selected licensed NOC indicators/scale for formal scoring and escalate new severe or rapidly changing pain with red flags.","NOC 2102 — Nível de Dor. Exemplos locais de avaliação: utilizar escala de autorrelato consistente ou ferramenta comportamental apropriada e documentar localização/qualidade além da intensidade; avaliar dor em repouso e durante atividade importante para a pessoa; registrar impacto sobre sono, movimento, respiração, humor e função; comparar dor e função antes/depois da intervenção em vez de definir meta universal como ≤3/10; utilizar indicadores/escala NOC licenciados selecionados para pontuação formal e escalar dor intensa nova ou em rápida mudança com sinais de alarme.","Recovered text was treated only as a candidate. This replacement was re-checked against the CURRENT code/label and linked diagnoses, then rewritten where needed for specificity, contemporary clinical practice, scope boundaries, observable evaluation, and safety. Locally authored example guidance; not verbatim or official NIC/NOC activity/indicator wording.",https://www.nice.org.uk/guidance/ng193/chapter/recommendations | https://www.cdc.gov/mmwr/volumes/71/rr/rr7103a1.htm,EVIDENCE_REVIEWED_RECOVERED_OR_DRIFT_DRAFT
NOC,2108,Substance Withdrawal Severity,Severidade da Abstinência de Substâncias,AUTHOR_NEW,HIGH,,,,2,00258; 00259,Acute substance withdrawal syndrome | Risk for acute substance withdrawal syndrome,síndrome de abstinência aguda de substâncias | Risco de síndrome de abstinência aguda de substâncias,"NOC 2108 — Substance Withdrawal Severity. Local evaluation examples: trend the validated withdrawal score specified by the local protocol together with pulse, blood pressure, temperature and respiratory status; document tremor, sweating, agitation/anxiety, nausea/vomiting, sleep disturbance, orientation and perceptual symptoms; monitor for seizures, delirium, severe autonomic instability or oversedation from treatment; record the time course and response to prescribed withdrawal therapy rather than a single score; use the selected licensed NOC indicators/scale for formal scoring and escalate severe or worsening withdrawal.","NOC 2108 — Severidade da Abstinência de Substâncias. Exemplos locais de avaliação: acompanhar o escore validado de abstinência definido pelo protocolo local juntamente com pulso, pressão arterial, temperatura e estado respiratório; documentar tremor, sudorese, agitação/ansiedade, náuseas/vômitos, alteração do sono, orientação e sintomas perceptivos; monitorar convulsões, delirium, instabilidade autonômica grave ou sedação excessiva decorrente do tratamento; registrar a evolução temporal e a resposta à terapia prescrita para abstinência, e não apenas um escore isolado; utilizar os indicadores/escala NOC licenciados selecionados para a pontuação formal e escalar abstinência grave ou em piora.",Evidence-reviewed locally authored example guidance; not verbatim or official NIC/NOC activity/indicator text. Checked for alignment with the current classification label and the linked diagnoses; avoids fixed numeric NOC targets unless clinically meaningful and preserves escalation/scope boundaries for high-risk care.,https://www.asam.org/quality-care/clinical-guidelines/alcohol-withdrawal-management-guideline,EVIDENCE_REVIEWED_HIGH_RISK_DRAFT
NOC,2109,Discomfort Level,Nível de Desconforto,AUTHOR_NEW,STANDARD,,,,1,00342,Impaired end-of-life comfort syndrome,Síndrome de conforto no fim da vida prejudicada,"NOC 2109 — Discomfort Level. Local example evaluation: ask the person to identify the dominant source of discomfort and rate its intensity or burden using a method they can communicate; assess physical, emotional, environmental and relational contributors rather than assuming discomfort equals pain; document effect on sleep, rest, interaction and care participation and reassess after each targeted intervention; in end-of-life care, compare comfort with the person’s priorities and acceptable trade-offs such as alertness versus sedation; use selected licensed NOC indicators and scale for formal scoring and escalate uncontrolled distressing symptoms.","NOC 2109 — Nível de Desconforto. Exemplo local de avaliação: pedir que a pessoa identifique principal fonte de desconforto e avalie intensidade ou carga com método que consiga comunicar; avaliar contribuintes físicos, emocionais, ambientais e relacionais em vez de presumir que desconforto é apenas dor; documentar efeito sobre sono, repouso, interação e participação no cuidado e reavaliar após cada intervenção; no fim de vida, comparar conforto com prioridades e compensações aceitáveis como alerta versus sedação; utilizar indicadores e escala NOC licenciados selecionados para pontuação formal e escalar sintomas angustiantes não controlados.",Discomfort evaluation separates discomfort from pain and tracks response.,https://www.who.int/news-room/fact-sheets/detail/palliative-care,EVIDENCE_REVIEWED_AUTHOR_NEW_DRAFT
NOC,2110,Dry Eye Severity,Gravidade do Olho Seco,AUTHOR_NEW,STANDARD,,,,1,00277,Ineffective dry eye self-management,Autogestão ineficaz da síndrome do olho seco,"NOC 2110 — Dry Eye Severity. Local example evaluation: track dry-eye symptoms such as grittiness, burning, irritation, fluctuating vision and discomfort together with frequency and triggers; assess ocular-surface redness and ability to keep eyes comfortably open and perform visual tasks; document response to prescribed lubricants and environmental measures and any contact-lens intolerance; note pain, photophobia or reduced vision as findings requiring eye assessment rather than just higher symptom severity; use selected licensed NOC indicators and scale for formal scoring.","NOC 2110 — Gravidade do Olho Seco. Exemplo local de avaliação: acompanhar sintomas de olho seco como sensação de areia, ardor, irritação, visão flutuante e desconforto, frequência e gatilhos; avaliar vermelhidão da superfície ocular e capacidade de manter olhos confortavelmente abertos e realizar tarefas visuais; documentar resposta a lubrificantes prescritos e medidas ambientais e intolerância a lentes; considerar dor, fotofobia ou redução visual como achados que exigem avaliação ocular e não apenas maior gravidade; utilizar indicadores e escala NOC licenciados selecionados para pontuação formal.",Dry-eye severity evaluation aligned with NEI symptom and red-flag concepts.,https://www.nei.nih.gov/eye-health-information/eye-conditions-and-diseases/dry-eye,EVIDENCE_REVIEWED_AUTHOR_NEW_DRAFT
NOC,2117,Lymphoedema Severity,Gravidade do Linfedema,AUTHOR_NEW,STANDARD,,,,2,00278; 00281,Ineffective lymphooooedema self-management | Risk for ineffective lymphooooedema self-management,Autogestão ineficaz do linfedema | Risco de autogestão ineficaz do linfedema,"NOC 2117 — Lymphoedema Severity. Local example evaluation: measure and trend swelling of the affected limb or area with a consistent locally approved method and document tissue or skin changes, heaviness, discomfort and functional limitation; assess whether prescribed compression is worn correctly and tolerated and whether movement or activity is maintained; monitor for cellulitis, wounds or sudden asymmetrical swelling and investigate other causes before attributing all swelling to lymphoedema; document response to the individualized lymphoedema programme and quality-of-life impact; use selected licensed NOC indicators and scale for formal scoring and escalate suspected infection or acute vascular complication.","NOC 2117 — Gravidade do Linfedema. Exemplo local de avaliação: medir e acompanhar edema do membro ou área com método local consistente e documentar mudanças de tecido ou pele, sensação de peso, desconforto e limitação funcional; avaliar se compressão prescrita é usada corretamente e tolerada e se movimento ou atividade são mantidos; monitorar celulite, feridas ou edema assimétrico súbito e investigar outras causas antes de atribuir todo inchaço ao linfedema; documentar resposta ao programa individual e impacto na qualidade de vida; utilizar indicadores e escala NOC licenciados selecionados para pontuação formal e escalar suspeita de infecção ou complicação vascular aguda.",Lymphoedema severity evaluation uses symptoms/function and flags infection or vascular complications.,https://www.nice.org.uk/guidance/ng101/chapter/Recommendations,EVIDENCE_REVIEWED_AUTHOR_NEW_DRAFT
NOC,2210,Caregiver Role Endurance,Resistência no Papel de Cuidador,AUTHOR_NEW,STANDARD,,,,2,00366; 00401,Excessive caregiving burden | Risk for excessive caregiving burden,sobrecarga excessiva de cuidados | Risco de sobrecarga de cuidados,"NOC 2210 — Caregiver Role Endurance. Local example evaluation: track caregiver sleep, physical symptoms, emotional distress, confidence, time burden and ability to sustain essential care tasks without injury or neglect of their own needs; assess whether respite, skills training, shared tasks and practical or social support reduce burden; document willingness and ability to continue the role rather than assuming family obligation; identify warning signs such as exhaustion, depression, financial crisis, unsafe lifting or inability to meet patient needs; use selected licensed NOC indicators and scale for formal scoring and arrange additional support or escalation when endurance is failing.","NOC 2210 — Resistência no Papel de Cuidador. Exemplo local de avaliação: acompanhar sono, sintomas físicos, sofrimento emocional, confiança, carga de tempo e capacidade do cuidador de sustentar tarefas essenciais sem lesão ou negligência das próprias necessidades; avaliar se descanso, treinamento, divisão de tarefas e apoio prático ou social reduzem sobrecarga; documentar vontade e capacidade de continuar papel sem presumir obrigação familiar; identificar sinais como exaustão, depressão, crise financeira, movimentação insegura ou incapacidade de atender necessidades; utilizar indicadores e escala NOC licenciados selecionados para pontuação formal e organizar apoio ou escalonamento quando resistência estiver falhando.","Caregiver-endurance evaluation emphasizes burden, safety and sustainable role capacity.",https://www.nice.org.uk/guidance/ng97/chapter/Recommendations,EVIDENCE_REVIEWED_AUTHOR_NEW_DRAFT
NOC,2211,Parenting Performance,Desempenho da Parentalidade,REWRITE_VERIFY_LABEL_DRIFT,STANDARD,Parent Performance: Child,NOC 2211 — Parent Performance: Child. Example evaluation: Score caregiving knowledge/behaviors appropriate to age; example target 2/5 to 4/5.,NOC 2211 — Desempenho da parentalidade (English: Parent Performance: Child). Exemplo de avaliação: Pontuar conhecimentos/comportamentos de cuidado adequados à idade; exemplo de meta 2/5 para 4/5.,4,00387; 00436; 00437; 00438,Excessive parental role conflict | Impaired parenting behaviours | Risk for impaired parenting behaviours | Readiness for enhanced parenting behaviours,Conflito excessivo nos papéis parentais | Comportamentos parentais problemáticos | Risco de comportamentos parentais problemáticos | Prontidão para comportamentos parentais aprimorados,"NOC 2211 — Parenting Performance. Local evaluation examples: observe whether the caregiver recognizes the child’s cues and responds consistently and safely; assess age/development-appropriate feeding, comfort, play/communication, supervision, limits and health follow-up relevant to that family; document caregiver confidence, ability to solve common problems and use of supportive routines without demanding a single parenting style; note stressors or barriers and whether support improves caregiving; use selected licensed NOC indicators/scale for formal scoring and escalate safeguarding concerns.","NOC 2211 — Desempenho da Parentalidade. Exemplos locais de avaliação: observar se o cuidador reconhece sinais da criança e responde de forma consistente e segura; avaliar alimentação, conforto, brincadeira/comunicação, supervisão, limites e acompanhamento de saúde adequados à idade/desenvolvimento e relevantes à família; documentar confiança do cuidador, capacidade de resolver problemas comuns e uso de rotinas de apoio sem exigir um único estilo parental; observar estressores/barreiras e se o apoio melhora o cuidado; utilizar indicadores/escala NOC licenciados selecionados para pontuação formal e escalar preocupações de proteção.","Recovered text was treated only as a candidate. This replacement was re-checked against the CURRENT code/label and linked diagnoses, then rewritten where needed for specificity, contemporary clinical practice, scope boundaries, observable evaluation, and safety. Locally authored example guidance; not verbatim or official NIC/NOC activity/indicator wording.",https://www.who.int/publications/i/item/9789240048836 | https://www.who.int/publications/i/item/97892400020986/,EVIDENCE_REVIEWED_RECOVERED_OR_DRIFT_DRAFT
NOC,2304,Surgical Recovery: Convalescence,Recuperação Cirúrgica: Convalescença,AUTHOR_NEW,STANDARD,,,,2,00464; 00465,Risk for impaired surgical recovery | Impaired surgical recovery,Risco de recuperação cirúrgica comprometida | Recuperação cirúrgica prejudicada,"NOC 2304 — Surgical Recovery: Convalescence. Local example evaluation: track recovery of consciousness, respiratory or circulatory stability, pain or nausea control, oral intake when appropriate, wound status, mobility and return of bowel or bladder function according to the procedure; assess ability to cough or deep breathe, mobilize and perform required self-care at the expected stage; document complications, unscheduled review and whether recovery milestones are delayed; compare progress with individualized preoperative baseline and surgical plan rather than a fixed timetable; use selected licensed NOC indicators and scale for formal scoring and escalate unexpected deterioration.","NOC 2304 — Recuperação Cirúrgica: Convalescença. Exemplo local de avaliação: acompanhar recuperação de consciência, estabilidade respiratória ou circulatória, controle de dor ou náusea, ingestão quando apropriada, ferida, mobilidade e retorno intestinal ou urinário conforme procedimento; avaliar capacidade de tossir ou respirar profundamente, mobilizar e realizar autocuidado necessário no estágio esperado; documentar complicações, revisão não programada e marcos atrasados; comparar progresso com linha de base pré-operatória e plano cirúrgico individual e não cronograma fixo; utilizar indicadores e escala NOC licenciados selecionados para pontuação formal e escalar deterioração inesperada.",Surgical-recovery evaluation aligned with individualized perioperative recovery.,https://www.nice.org.uk/guidance/ng180/chapter/Recommendations,EVIDENCE_REVIEWED_AUTHOR_NEW_DRAFT
NOC,2501,Protection from Abuse,Proteção contra Abuso,AUTHOR_NEW,HIGH,,,,1,00272,Risk for female genital mutilation,Risco de mutilação genital feminina,"NOC 2501 — Protection from Abuse. Local evaluation examples: assess whether immediate safety has improved and whether the person has access to a safe adult/place and appropriate safeguarding services; document reduction or persistence of identified abuse/FGM risk factors without pressuring the person to disclose beyond what is necessary for care and safety; assess understanding of available medical, psychological, social and legal support and how to seek help; confirm that required safeguarding/referral actions and follow-up arrangements are in place; use the selected licensed NOC indicators/scale for formal scoring while prioritizing real-world safety over a numeric target.","NOC 2501 — Proteção contra Abuso. Exemplos locais de avaliação: avaliar se a segurança imediata melhorou e se a pessoa tem acesso a um adulto/local seguro e a serviços apropriados de proteção; documentar redução ou persistência dos fatores de risco identificados para abuso/MGF sem pressionar a pessoa a revelar além do necessário para cuidado e segurança; avaliar compreensão dos apoios médicos, psicológicos, sociais e legais disponíveis e de como pedir ajuda; confirmar que ações obrigatórias de proteção/encaminhamento e arranjos de seguimento estão em vigor; utilizar os indicadores/escala NOC licenciados selecionados para a pontuação formal, priorizando a segurança real acima de uma meta numérica.",Evidence-reviewed locally authored example guidance; not verbatim or official NIC/NOC activity/indicator text. Checked for alignment with the current classification label and the linked diagnoses; avoids fixed numeric NOC targets unless clinically meaningful and preserves escalation/scope boundaries for high-risk care.,https://www.who.int/publications/i/item/9789240107281,EVIDENCE_REVIEWED_HIGH_RISK_DRAFT
NOC,2509,Maternal Status: Antepartum,Estado Materno: Anteparto,REWRITE_VERIFY_LABEL_DRIFT,STANDARD,Maternal-Fetal Status,NOC 2509 — Maternal-Fetal Status. Example evaluation: Trend relevant maternal/fetal indicators and warning signs; example target 2/5 to 4/5.,NOC 2509 — Estado reprodutivo (English: Maternal-Fetal Status). Exemplo de avaliação: Acompanhar indicadores maternos/fetais relevantes e sinais de alerta; exemplo de meta 2/5 para 4/5.,4,00208; 00221; 00227; 00349,Readiness for enhanced childbearing process | Ineffective childbearing process | Risk for ineffective childbearing process | Risk for impaired maternal-fetal dyad,Preparação para um processo de gestação aprimorado | Processo de gravidez ineficaz | Risco de processo reprodutivo ineficaz | Risco de comprometimento da díade materno-fetal,"NOC 2509 — Maternal Status: Antepartum. Local evaluation examples: trend maternal blood pressure, pulse, symptoms, weight/nutrition and other prescribed antenatal observations/laboratory findings appropriate to gestation and risk; assess for warning symptoms such as bleeding, severe headache/visual change, severe abdominal/epigastric pain, fluid leakage, fever or reduced fetal movement that require obstetric review; document tolerance/adherence to prescribed medicines, supplements and surveillance; assess access to antenatal care and barriers; use selected licensed NOC indicators/scale for formal scoring while keeping maternal clinical findings explicit.","NOC 2509 — Estado Materno: Anteparto. Exemplos locais de avaliação: acompanhar pressão arterial materna, pulso, sintomas, peso/nutrição e outras observações/exames pré-natais prescritos conforme idade gestacional e risco; avaliar sinais de alerta como sangramento, cefaleia intensa/alteração visual, dor abdominal/epigástrica intensa, perda de líquido, febre ou redução de movimentos fetais que exijam avaliação obstétrica; documentar tolerância/adesão a medicamentos, suplementos e vigilância prescritos; avaliar acesso ao pré-natal e barreiras; utilizar indicadores/escala NOC licenciados selecionados para pontuação formal mantendo achados maternos explícitos.","Recovered text was treated only as a candidate. This replacement was re-checked against the CURRENT code/label and linked diagnoses, then rewritten where needed for specificity, contemporary clinical practice, scope boundaries, observable evaluation, and safety. Locally authored example guidance; not verbatim or official NIC/NOC activity/indicator wording.",https://www.who.int/publications/i/item/9789240105164,EVIDENCE_REVIEWED_RECOVERED_OR_DRIFT_DRAFT
NOC,2600,Family Coping,Enfrentamento Familiar,AUTHOR_NEW,STANDARD,,,,2,00075; 00373,Readiness for enhanced family coping | Maladaptive family coping,Prontidão para um melhor enfrentamento familiar | Enfrentamento familiar desadaptativo,"NOC 2600 — Family Coping. Local example evaluation: assess how family members understand the stressor, communicate needs, share practical tasks and support one another; document whether conflict, avoidance or caregiver overload interferes with care and whether the family can identify useful internal or external resources; evaluate use of problem-solving, respite and support services and ability to adapt roles as needs change; compare with the family’s own goals and cultural context rather than a single model of healthy coping; use selected licensed NOC indicators and scale for formal scoring and escalate safety or violence concerns.","NOC 2600 — Enfrentamento Familiar. Exemplo local de avaliação: avaliar como familiares compreendem estressor, comunicam necessidades, dividem tarefas e se apoiam; documentar se conflito, evitação ou sobrecarga interferem no cuidado e se família identifica recursos internos ou externos úteis; avaliar uso de resolução de problemas, descanso e serviços e capacidade de adaptar papéis; comparar com metas e contexto cultural da família em vez de modelo único de enfrentamento saudável; utilizar indicadores e escala NOC licenciados selecionados para pontuação formal e escalar preocupações de segurança ou violência.",Family-coping evaluation avoids a single normative family model.,https://www.nice.org.uk/guidance/ng97/chapter/Recommendations,EVIDENCE_REVIEWED_AUTHOR_NEW_DRAFT
NOC,2602,Family Functioning,Funcionamento Familiar,RECOVERED_FACT_CHECK_REQUIRED,STANDARD,Family Functioning,"NOC 2602 — Family Functioning. Example evaluation: Score communication, roles, and participation in care; example target 2/5 to 4/5.","NOC 2602 — Funcionamento familiar (English: Family Functioning). Exemplo de avaliação: Pontuar comunicação, papéis e participação no cuidado; exemplo de meta 2/5 para 4/5.",4,00159; 00388; 00389; 00440,Readiness for enhanced family processes | Impaired family processes | Disrupted family interaction patterns | Risk for disrupted family interaction patterns,Preparação para processos familiares aprimorados | Processos familiares prejudicados | Padrões de interação familiar perturbados | Risco de padrões de interação familiar interrompidos,"NOC 2602 — Family Functioning. Local evaluation examples: assess whether family members can communicate important information, negotiate roles, participate in agreed care and solve practical problems without persistent conflict or unsafe burden; document availability of emotional/practical support and whether responsibilities are shared in a workable way; assess caregiver strain and family ability to adapt when the patient’s needs change; compare with the family’s own goals and cultural context; use selected licensed NOC indicators/scale for formal scoring and escalate safeguarding or severe caregiver-burden concerns.","NOC 2602 — Funcionamento Familiar. Exemplos locais de avaliação: avaliar se familiares conseguem comunicar informações importantes, negociar papéis, participar do cuidado acordado e resolver problemas práticos sem conflito persistente ou sobrecarga insegura; documentar disponibilidade de apoio emocional/prático e se responsabilidades são divididas de forma viável; avaliar sobrecarga do cuidador e capacidade familiar de adaptação quando necessidades do paciente mudam; comparar com objetivos da própria família e contexto cultural; utilizar indicadores/escala NOC licenciados selecionados para pontuação formal e escalar preocupações de proteção ou sobrecarga grave.","Recovered text was treated only as a candidate. This replacement was re-checked against the CURRENT code/label and linked diagnoses, then rewritten where needed for specificity, contemporary clinical practice, scope boundaries, observable evaluation, and safety. Locally authored example guidance; not verbatim or official NIC/NOC activity/indicator wording.",https://www.who.int/news-room/fact-sheets/detail/palliative-care | https://www.who.int/activities/reducing-social-isolation-and-loneliness-among-older-people,EVIDENCE_REVIEWED_RECOVERED_OR_DRIFT_DRAFT
NOC,2603,Family Integrity,Integridade Familiar,AUTHOR_NEW,STANDARD,,,,2,00495; 00496,Disrupted family identity syndrome | Risk for disrupted family identity syndrome,síndrome de identidade familiar desestruturada | Risco de síndrome de identidade familiar desestruturada,"NOC 2603 — Family Integrity. Local example evaluation: assess whether the family maintains a shared sense of belonging or identity while allowing individual members autonomy and changing roles; document communication, mutual trust, continuity of meaningful routines or traditions and ability to include the ill or disabled member without unsafe burden; evaluate how conflict, separation, migration or illness affects cohesion and whether support helps restore workable connection; respect diverse family structures rather than defining integrity by composition; use selected licensed NOC indicators and scale for formal scoring and address safeguarding concerns separately.","NOC 2603 — Integridade Familiar. Exemplo local de avaliação: avaliar se família mantém senso compartilhado de pertencimento ou identidade permitindo autonomia e mudança de papéis; documentar comunicação, confiança mútua, continuidade de rotinas ou tradições significativas e capacidade de incluir membro doente ou deficiente sem sobrecarga insegura; avaliar como conflito, separação, migração ou doença afeta coesão e se apoio restaura conexão viável; respeitar estruturas familiares diversas sem definir integridade pela composição; utilizar indicadores e escala NOC licenciados selecionados para pontuação formal e abordar proteção separadamente.",Family-integrity evaluation respects diverse family structures.,https://www.who.int/news-room/fact-sheets/detail/mental-health-strengthening-our-response,EVIDENCE_REVIEWED_AUTHOR_NEW_DRAFT
NOC,2606,Family Health Status,Estado de Saúde Familiar,AUTHOR_NEW,STANDARD,,,,2,00080; 00410,Ineffective family health management | Risk for ineffective family health management,Gestão ineficaz da saúde familiar | Risco de gestão ineficaz da saúde familiar,"NOC 2606 — Family Health Status. Local example evaluation: assess whether the family can obtain and understand health information, coordinate appointments, medicines and care tasks, maintain preventive routines and respond to warning signs; document clarity of roles and whether the plan is feasible with available time, finances, transport and caregiver capacity; evaluate use of professional or community supports and continuity across transitions; track missed essential care and reasons rather than labelling the family noncompliant; use selected licensed NOC indicators and scale for formal scoring and revise supports when needs change.","NOC 2606 — Estado de Saúde Familiar. Exemplo local de avaliação: avaliar se família consegue obter e compreender informação de saúde, coordenar consultas, medicamentos e tarefas, manter prevenção e responder a sinais de alerta; documentar clareza de papéis e se plano é viável com tempo, finanças, transporte e capacidade do cuidador disponíveis; avaliar uso de apoios profissionais ou comunitários e continuidade nas transições; acompanhar cuidados essenciais perdidos e motivos em vez de rotular família como não aderente; utilizar indicadores e escala NOC licenciados selecionados para pontuação formal e revisar apoios quando necessidades mudarem.","Family-health-status evaluation includes feasibility, health literacy and care coordination.",https://www.ahrq.gov/sites/default/files/publications/files/healthlittoolkit2_1.pdf | https://www.nice.org.uk/guidance/ng197/chapter/recommendations,EVIDENCE_REVIEWED_AUTHOR_NEW_DRAFT
NOC,2701,Community Health Status,Estado de Saúde da Comunidade,AUTHOR_NEW,STANDARD,,,,2,00356; 00413,Ineffective community health management | Risk for ineffective community health management,Gestão ineficaz da saúde comunitária | Risco de gestão ineficaz da saúde comunitária,"NOC 2701 — Community Health Status. Local example evaluation: use community-level data and engagement to track the specific health indicators, service access, inequities and environmental or social determinants relevant to the identified problem; document reach and uptake of preventive or clinical services across population groups rather than averages alone; assess community-reported experience, trust and unmet need together with morbidity or safety outcomes; compare changes with the agreed baseline and goals and feed results back to community partners; use selected licensed NOC indicators and scale for formal scoring and investigate worsening inequity or emerging public-health threats.","NOC 2701 — Estado de Saúde da Comunidade. Exemplo local de avaliação: usar dados comunitários e participação para acompanhar indicadores específicos de saúde, acesso, iniquidades e determinantes ambientais ou sociais relevantes ao problema; documentar alcance e uso de serviços preventivos ou clínicos entre grupos e não apenas médias; avaliar experiência, confiança e necessidades não atendidas relatadas pela comunidade junto com morbidade ou segurança; comparar mudanças com linha de base e metas acordadas e devolver resultados aos parceiros; utilizar indicadores e escala NOC licenciados selecionados para pontuação formal e investigar piora de iniquidade ou ameaças emergentes.",Community-health-status evaluation tracks population inequity and service reach.,https://www.who.int/publications/m/item/community-engagement-for-quality--people-centred-health-services,EVIDENCE_REVIEWED_AUTHOR_NEW_DRAFT
NOC,2704,Community Resilience,Resiliência da Comunidade,AUTHOR_NEW,STANDARD,,,,2,00076; 00456,Readiness for enhanced community coping | Maladaptive community coping,Prontidão para uma melhor adaptação à comunidade | Enfrentamento comunitário desadaptativo,"NOC 2704 — Community Resilience. Local example evaluation: assess community strengths, trusted networks, participation, access to information or resources and ability to organize around a shared health challenge; document whether vulnerable groups are included in planning and whether services and mutual-aid networks remain reachable during stress; track speed and effectiveness of collective problem solving, communication and recovery after disruption; evaluate whether partnerships strengthen capacity rather than creating dependence on a single outside actor; use selected licensed NOC indicators and scale for formal scoring and reassess after emergencies or major social change.","NOC 2704 — Resiliência da Comunidade. Exemplo local de avaliação: avaliar forças comunitárias, redes de confiança, participação, acesso a informação ou recursos e capacidade de se organizar diante de desafio compartilhado; documentar se grupos vulneráveis participam do planejamento e se serviços e redes de ajuda permanecem acessíveis durante estresse; acompanhar rapidez e eficácia da resolução coletiva, comunicação e recuperação após perturbação; avaliar se parcerias fortalecem capacidade em vez de criar dependência de único ator externo; utilizar indicadores e escala NOC licenciados selecionados para pontuação formal e reavaliar após emergências ou grandes mudanças sociais.",Community-resilience evaluation emphasizes inclusive local capacity and recovery.,https://www.who.int/publications/m/item/community-engagement-for-quality--people-centred-health-services,EVIDENCE_REVIEWED_AUTHOR_NEW_DRAFT
