classification,code,current_label_en,current_label_pt,status,risk_review,old_label_en,recovered_en,recovered_pt,diagnosis_count,diagnosis_codes,diagnoses_en,diagnoses_pt,review_en,review_pt,fact_check_notes,source_notes,review_status
NIC,0180,Energy Management,Controle de Energia,RECOVERED_FACT_CHECK_REQUIRED,STANDARD,Energy Management,NIC 0180 — Energy Management. Example activities: Balance activity with rest; cluster care when appropriate; identify factors that increase fatigue.,NIC 0180 — Gerenciamento de energia (English: Energy Management). Exemplos de atividades: Equilibrar atividade e repouso; agrupar cuidados quando apropriado; identificar fatores que aumentam a fadiga.,6,00298; 00299; 00353; 00357; 00397; 00477,Decreased activity tolerance | Risk for decreased activity tolerance | Elder frailty syndrome | Risk for elder frailty syndrome | Ineffective fatigue self-management | Excessive fatigue burden,Diminuição da tolerância à atividade | Risco de diminuição da tolerância à atividade | Síndrome de fragilidade do idoso | Risco de síndrome de fragilidade em idosos | Autogestão ineficaz da fadiga | sobrecarga de fadiga excessiva,"NIC 0180 — Energy Management. Local example activities: identify the activities, symptoms and times of day that produce the greatest fatigue; plan essential activities for periods of better energy and alternate activity with rest; cluster care only when this reduces burden rather than creating an exhausting block of tasks; support gradual, safe activity within tolerance and the person’s goals; monitor whether fatigue, dyspnoea, dizziness, pain or recovery time worsens and adjust the plan or escalate when the pattern changes.","NIC 0180 — Controle de Energia. Exemplos locais de atividades: identificar quais atividades, sintomas e horários do dia produzem maior fadiga; planejar atividades essenciais para períodos de melhor energia e alternar atividade com repouso; agrupar cuidados somente quando isso reduzir a sobrecarga, evitando criar um bloco exaustivo de tarefas; apoiar atividade gradual e segura dentro da tolerância e dos objetivos da pessoa; monitorar piora de fadiga, dispneia, tontura, dor ou tempo de recuperação e ajustar o plano ou escalar quando o padrão se modificar.","Recovered text was treated only as a candidate. This replacement was re-checked against the CURRENT code/label and linked diagnoses, then rewritten where needed for specificity, contemporary clinical practice, scope boundaries, observable evaluation, and safety. Locally authored example guidance; not verbatim or official NIC/NOC activity/indicator wording.",https://www.who.int/health-topics/noncommunicable-diseases/physical-activity | https://www.nice.org.uk/guidance/CG50/chapter/recommendations,EVIDENCE_REVIEWED_RECOVERED_OR_DRIFT_DRAFT
NIC,0200,Exercise Promotion,Promoção do Exercício,RECOVERED_FACT_CHECK_REQUIRED,STANDARD,Exercise Promotion,"NIC 0200 — Exercise Promotion. Example activities: Assess baseline activity tolerance; agree on a progressive activity plan; reinforce safe, regular movement.",NIC 0200 — Promoção de exercícios (English: Exercise Promotion). Exemplos de atividades: Avaliar a tolerância basal à atividade; pactuar um plano progressivo; reforçar movimento regular e seguro.,3,00307; 00355; 00394,Readiness for enhanced exercise engagement | Excessive sedentary behaviours | Risk for excessive sedentary behaviours,Prontidão para um maior envolvimento em exercícios físicos | Comportamentos sedentários excessivos | Risco de comportamentos sedentários excessivos,"NIC 0200 — Exercise Promotion. Local example activities: assess baseline activity, mobility, symptoms, preferences and barriers; agree on a realistic progressive activity plan that fits the person’s health status and goals; encourage regular aerobic, strengthening, balance or flexibility work as appropriate rather than an all-or-nothing target; teach pacing, warm-up/cool-down and warning symptoms that require stopping or review; track adherence, tolerance and function and revise the plan when symptoms, medicines or clinical status change.","NIC 0200 — Promoção do Exercício. Exemplos locais de atividades: avaliar nível basal de atividade, mobilidade, sintomas, preferências e barreiras; pactuar um plano progressivo e realista que se ajuste ao estado de saúde e aos objetivos da pessoa; estimular atividade aeróbica, fortalecimento, equilíbrio ou flexibilidade de forma regular conforme apropriado, evitando metas de tudo-ou-nada; ensinar controle de ritmo, aquecimento/desaquecimento e sinais de alerta que exigem interrupção ou avaliação; acompanhar adesão, tolerância e função e revisar o plano quando sintomas, medicamentos ou condição clínica mudarem.","Recovered text was treated only as a candidate. This replacement was re-checked against the CURRENT code/label and linked diagnoses, then rewritten where needed for specificity, contemporary clinical practice, scope boundaries, observable evaluation, and safety. Locally authored example guidance; not verbatim or official NIC/NOC activity/indicator wording.",https://www.who.int/health-topics/noncommunicable-diseases/physical-activity,EVIDENCE_REVIEWED_RECOVERED_OR_DRIFT_DRAFT
NIC,0221,Exercise Therapy: Ambulation,Terapia com Exercício: Deambulação,RECOVERED_FACT_CHECK_REQUIRED,STANDARD,Exercise Therapy: Ambulation,NIC 0221 — Exercise Therapy: Ambulation. Example activities: Assess mobility and safety; assist with progressive ambulation; use prescribed aids and monitor response.,NIC 0221 — Promoção da mobilidade (English: Exercise Therapy: Ambulation). Exemplos de atividades: Avaliar mobilidade e segurança; auxiliar deambulação progressiva; utilizar dispositivos prescritos e monitorar resposta.,6,00085; 00091; 00324; 00363; 00364; 00365,Impaired physical mobility | Impaired bed mobility | Risk for impaired physical mobility | Impaired sitting ability | Impaired standing ability | Impaired walking ability,Mobilidade física prejudicada | Mobilidade reduzida no leito | Risco de mobilidade física comprometida | Capacidade de sentar-se prejudicada | Capacidade de ficar em pé prejudicada | Capacidade de locomoção prejudicada,"NIC 0221 — Exercise Therapy: Ambulation. Local example activities: assess gait, balance, lower-limb strength, orthostatic symptoms and the assistance or device required before walking; clear the route, fit footwear and prescribed mobility aids, and transfer to standing safely; assist progressive ambulation with rest breaks and the least help needed for safety; monitor pain, dyspnoea, dizziness, fatigue and vital-sign response when indicated; document distance, assistance and tolerance and escalate a new inability to bear weight, acute neurological change, syncope or other unexpected deterioration.","NIC 0221 — Terapia com Exercício: Deambulação. Exemplos locais de atividades: avaliar marcha, equilíbrio, força de membros inferiores, sintomas ortostáticos e a assistência ou dispositivo necessário antes de caminhar; liberar o trajeto, ajustar calçados e dispositivos de mobilidade prescritos e realizar a passagem para ortostatismo com segurança; auxiliar deambulação progressiva com pausas e o mínimo de ajuda necessário para segurança; monitorar dor, dispneia, tontura, fadiga e resposta dos sinais vitais quando indicado; documentar distância, assistência e tolerância e escalar nova incapacidade de apoiar peso, alteração neurológica aguda, síncope ou outra deterioração inesperada.","Recovered text was treated only as a candidate. This replacement was re-checked against the CURRENT code/label and linked diagnoses, then rewritten where needed for specificity, contemporary clinical practice, scope boundaries, observable evaluation, and safety. Locally authored example guidance; not verbatim or official NIC/NOC activity/indicator wording.",https://www.who.int/health-topics/noncommunicable-diseases/physical-activity | https://www.cdc.gov/steadi/,EVIDENCE_REVIEWED_RECOVERED_OR_DRIFT_DRAFT
NIC,0410,Bowel Incontinence Care,Cuidados na Incontinência Intestinal,AUTHOR_NEW,STANDARD,,,,2,00345; 00424,Risk for impaired fecal continence | Impaired fecal continence,Risco de incontinência fecal | Incontinência fecal prejudicada,"NIC 0410 — Bowel Incontinence Care. Local example activities: assess the usual bowel pattern, stool consistency, urgency, awareness of rectal filling, leakage frequency, diarrhoea/constipation, mobility and cognitive contributors; provide prompt, private toilet access and an individualized bowel routine; protect perianal skin with gentle cleansing, drying and an appropriate barrier product; support prescribed stool-consistency, bowel-training or pelvic-floor interventions and monitor their effect; document episodes and triggers and refer persistent or new incontinence, rectal bleeding, severe pain, prolapse or suspected impaction for assessment.","NIC 0410 — Cuidados na Incontinência Intestinal. Exemplos locais de atividades: avaliar padrão intestinal habitual, consistência das fezes, urgência, percepção do enchimento retal, frequência de perdas e fatores como diarreia/constipação, mobilidade e cognição; oferecer acesso rápido e privado ao banheiro e rotina intestinal individualizada; proteger a pele perianal com limpeza suave, secagem e barreira apropriada; apoiar intervenções prescritas para consistência das fezes, treinamento intestinal ou assoalho pélvico e monitorar efeito; documentar episódios e gatilhos e encaminhar incontinência persistente/nova, sangramento retal, dor intensa, prolapso ou suspeita de impactação.",Fact-checked against current NIDDK fecal-incontinence management. Local examples only; not verbatim NIC text.,https://www.niddk.nih.gov/health-information/digestive-diseases/bowel-control-problems-fecal-incontinence/treatment,EVIDENCE_REVIEWED_AUTHOR_NEW_DRAFT
NIC,0430,Bowel Management,Controle Intestinal,RECOVERED_FACT_CHECK_REQUIRED,STANDARD,Bowel Management,"NIC 0430 — Bowel Management. Example activities: Assess bowel pattern; encourage appropriate fluids, mobility, and toileting routine; monitor stool characteristics.","NIC 0430 — Controle intestinal (English: Bowel Management). Exemplos de atividades: Avaliar padrão intestinal; estimular líquidos, mobilidade e rotina de evacuação adequados; monitorar características das fezes.",4,00344; 00346; 00422; 00423,Impaired intestinal elimination | Risk for impaired intestinal elimination | Risk for impaired gastrointestinal motility | Impaired gastrointestinal motility,Eliminação intestinal prejudicada | Risco de comprometimento da eliminação intestinal | Risco de comprometimento da motilidade gastrointestinal | Motilidade gastrointestinal prejudicada,"NIC 0430 — Bowel Management. Local example activities: establish the person’s usual bowel pattern, stool consistency, urgency, straining, pain and factors such as medicines, mobility and diet; support an individualized toileting routine with privacy, adequate time and safe positioning; encourage appropriate fluid, fibre and activity when not contraindicated; monitor stool frequency/character and the effect of prescribed bowel medicines; escalate persistent change in bowel habit, severe abdominal pain/distension, vomiting, rectal bleeding or suspected obstruction/impaction.","NIC 0430 — Controle Intestinal. Exemplos locais de atividades: estabelecer o padrão intestinal habitual, consistência das fezes, urgência, esforço evacuatório, dor e fatores como medicamentos, mobilidade e dieta; apoiar rotina individualizada de evacuação com privacidade, tempo adequado e posicionamento seguro; estimular líquidos, fibras e atividade apropriados quando não houver contraindicação; monitorar frequência/características das fezes e o efeito dos medicamentos intestinais prescritos; escalar alteração persistente do hábito intestinal, dor ou distensão abdominal intensa, vômitos, sangramento retal ou suspeita de obstrução/impactação.","Recovered text was treated only as a candidate. This replacement was re-checked against the CURRENT code/label and linked diagnoses, then rewritten where needed for specificity, contemporary clinical practice, scope boundaries, observable evaluation, and safety. Locally authored example guidance; not verbatim or official NIC/NOC activity/indicator wording.",https://www.niddk.nih.gov/health-information/digestive-diseases/constipation/treatment,EVIDENCE_REVIEWED_RECOVERED_OR_DRIFT_DRAFT
NIC,0450,Constipation/Impaction Management,Controle da Constipação/Impactação,RECOVERED_FACT_CHECK_REQUIRED,STANDARD,Constipation/Impaction Management,NIC 0450 — Constipation/Impaction Management. Example activities: Assess stool frequency and consistency; promote mobility and appropriate hydration/fiber; provide prescribed measures.,NIC 0450 — Controle da constipação (English: Constipation/Impaction Management). Exemplos de atividades: Avaliar frequência e consistência das fezes; estimular mobilidade e hidratação/fibras adequadas; realizar medidas prescritas.,2,00235; 00236,Chronic functional constipation | Risk for chronic functional constipation,constipação funcional crônica | Risco de constipação funcional crônica,"NIC 0450 — Constipation/Impaction Management. Local example activities: assess duration of constipation, stool consistency, straining, abdominal symptoms, medicines and previous bowel regimen and check for red flags before intensifying treatment; promote appropriate fluids, gradual dietary fibre, mobility and a regular toileting opportunity when suitable; give prescribed laxatives or rectal measures according to the plan and monitor effect and adverse symptoms; avoid repeated invasive rectal procedures without clear indication; escalate severe pain/distension, persistent vomiting, bleeding, fever, inability to pass stool/flatus or suspected faecal impaction/obstruction.","NIC 0450 — Controle da Constipação/Impactação. Exemplos locais de atividades: avaliar duração da constipação, consistência das fezes, esforço, sintomas abdominais, medicamentos e esquema intestinal prévio e verificar sinais de alarme antes de intensificar o tratamento; estimular líquidos apropriados, aumento gradual de fibras, mobilidade e oportunidade regular para evacuar quando indicado; administrar laxantes ou medidas retais prescritas conforme o plano e monitorar efeito e sintomas adversos; evitar procedimentos retais invasivos repetidos sem indicação clara; escalar dor/distensão intensa, vômitos persistentes, sangramento, febre, incapacidade de eliminar fezes/gases ou suspeita de impactação/obstrução.","Recovered text was treated only as a candidate. This replacement was re-checked against the CURRENT code/label and linked diagnoses, then rewritten where needed for specificity, contemporary clinical practice, scope boundaries, observable evaluation, and safety. Locally authored example guidance; not verbatim or official NIC/NOC activity/indicator wording.",https://www.niddk.nih.gov/health-information/digestive-diseases/constipation/treatment,EVIDENCE_REVIEWED_RECOVERED_OR_DRIFT_DRAFT
NIC,0590,Urinary Elimination Management,Controle da Eliminação Urinária,RECOVERED_FACT_CHECK_REQUIRED,STANDARD,Urinary Elimination Management,"NIC 0590 — Urinary Elimination Management. Example activities: Assess voiding pattern; provide privacy and adequate positioning; monitor frequency, volume, and symptoms.","NIC 0590 — Controle da eliminação urinária (English: Urinary Elimination Management). Exemplos de atividades: Avaliar padrão miccional; oferecer privacidade e posicionamento adequado; monitorar frequência, volume e sintomas.",1,00016,Impaired urinary elimination,Eliminação urinária prejudicada,"NIC 0590 — Urinary Elimination Management. Local example activities: establish the usual voiding pattern and assess frequency, urgency, nocturia, continence, hesitancy, pain and urine amount/appearance; use a bladder or intake/output diary when useful and provide privacy, safe positioning and timely access to the toilet; review fluid timing and potential bladder irritants in the context of the person’s conditions and prescribed plan; monitor for retention, infection symptoms or new haematuria and follow specimen-testing instructions when indicated; escalate inability to void, painful bladder distension, gross haematuria or systemic illness.","NIC 0590 — Controle da Eliminação Urinária. Exemplos locais de atividades: estabelecer o padrão miccional habitual e avaliar frequência, urgência, noctúria, continência, hesitação, dor e volume/aspecto da urina; utilizar diário vesical ou balanço de ingestão/diurese quando útil e oferecer privacidade, posicionamento seguro e acesso oportuno ao banheiro; revisar horário de ingestão de líquidos e possíveis irritantes vesicais no contexto das condições e do plano prescrito; monitorar retenção, sintomas de infecção ou nova hematúria e seguir orientações de coleta/testagem quando indicado; escalar incapacidade de urinar, distensão vesical dolorosa, hematúria macroscópica ou doença sistêmica.","Recovered text was treated only as a candidate. This replacement was re-checked against the CURRENT code/label and linked diagnoses, then rewritten where needed for specificity, contemporary clinical practice, scope boundaries, observable evaluation, and safety. Locally authored example guidance; not verbatim or official NIC/NOC activity/indicator wording.",https://www.niddk.nih.gov/health-information/urologic-diseases/bladder-control-problems/treatment | https://www.nice.org.uk/guidance/ng123/chapter/recommendations,EVIDENCE_REVIEWED_RECOVERED_OR_DRIFT_DRAFT
NIC,0610,Urinary Incontinence Care,Cuidados na Incontinência Urinária,REWRITE_VERIFY_LABEL_DRIFT,STANDARD,Urinary Retention Care,NIC 0610 — Urinary Retention Care. Example activities: Assess bladder fullness and voiding difficulty; monitor output; escalate persistent retention according to protocol.,NIC 0610 — Cuidados com retenção urinária (English: Urinary Retention Care). Exemplos de atividades: Avaliar distensão vesical e dificuldade para urinar; monitorar débito; comunicar retenção persistente conforme protocolo.,5,00017; 00019; 00022; 00297; 00310,Stress urinary incontinence | Urge urinary incontinence | Risk for urge urinary incontinence | Disability-associated urinary incontinence | Mixed urinary incontinence,Incontinência urinária de esforço | Incontinência urinária de urgência | Risco de incontinência urinária de urgência | Incontinência urinária associada à deficiência | Incontinência urinária mista,"NIC 0610 — Urinary Incontinence Care. Local example activities: identify the incontinence pattern and triggers using history and, when useful, a bladder diary; protect dignity and skin while providing timely toileting and containment products only as part of the agreed management plan; support prescribed bladder training for urgency/mixed incontinence and supervised pelvic-floor muscle training for stress/mixed incontinence when appropriate; review fluid intake, caffeine and mobility/toilet-access barriers rather than routinely restricting fluids; monitor response and refer/escalate pain, haematuria, recurrent infection, voiding difficulty or suspected retention/neurological disease.","NIC 0610 — Cuidados na Incontinência Urinária. Exemplos locais de atividades: identificar o padrão de incontinência e os gatilhos por meio da história e, quando útil, diário vesical; preservar dignidade e integridade da pele, oferecendo acesso oportuno ao banheiro e produtos de contenção apenas como parte do plano acordado; apoiar treinamento vesical prescrito para incontinência de urgência/mista e treinamento supervisionado do assoalho pélvico para incontinência de esforço/mista quando apropriado; revisar ingestão de líquidos, cafeína e barreiras de mobilidade/acesso ao banheiro em vez de restringir líquidos rotineiramente; monitorar resposta e encaminhar/escalar dor, hematúria, infecção recorrente, dificuldade miccional ou suspeita de retenção/doença neurológica.","Recovered text was treated only as a candidate. This replacement was re-checked against the CURRENT code/label and linked diagnoses, then rewritten where needed for specificity, contemporary clinical practice, scope boundaries, observable evaluation, and safety. Locally authored example guidance; not verbatim or official NIC/NOC activity/indicator wording.",https://www.nice.org.uk/guidance/ng123/chapter/recommendations | https://www.niddk.nih.gov/health-information/urologic-diseases/bladder-control-problems/treatment,EVIDENCE_REVIEWED_RECOVERED_OR_DRIFT_DRAFT
NIC,0620,Urinary Retention Care,Cuidados na Retenção Urinária,AUTHOR_NEW,STANDARD,,,,1,00322,Risk for urinary retention,Risco de retenção urinária,"NIC 0620 — Urinary Retention Care. Local example activities: assess ability to void, suprapubic discomfort/fullness, recent urine output, medicines/procedures and potential reversible causes; use bladder scanning or measured post-void residual when ordered/available rather than judging retention by symptoms alone; provide privacy and a normal voiding position; if acute retention is confirmed, assist prompt bladder drainage with the prescribed catheter technique and monitor output and response; escalate anuria, severe pain/distension, haematuria, neurological symptoms, renal deterioration or recurrent/persistent retention.","NIC 0620 — Cuidados na Retenção Urinária. Exemplos locais de atividades: avaliar capacidade de urinar, desconforto/distensão suprapúbica, débito urinário recente, medicamentos/procedimentos e possíveis causas reversíveis; utilizar ultrassom vesical ou resíduo pós-miccional medido quando prescrito/disponível em vez de julgar retenção apenas por sintomas; oferecer privacidade e posição fisiológica para micção; se retenção aguda for confirmada, auxiliar drenagem vesical imediata com técnica de cateterismo prescrita e monitorar débito e resposta; escalar anúria, dor/distensão intensa, hematúria, sintomas neurológicos, deterioração renal ou retenção recorrente/persistente.",Fact-checked against NIDDK urinary-retention treatment; acute retention requires prompt bladder drainage. Local examples only.,https://www.niddk.nih.gov/health-information/urologic-diseases/urinary-retention/treatment,EVIDENCE_REVIEWED_AUTHOR_NEW_DRAFT
NIC,0842,Positioning: Intraoperative,Posicionamento: Intraoperatório,AUTHOR_NEW,STANDARD,,,,1,00087,Risk for perioperative positioning injury,Risco de lesão por posicionamento perioperatório,"NIC 0842 — Positioning: Intraoperative. Local example activities: review the planned procedure, anaesthetic, expected duration, comorbidities, skin/pressure risk, range-of-motion limits, neuropathy and devices before positioning; use the surgical-team positioning plan, pressure-redistributing surface and padding/off-loading so the head, limbs and vulnerable nerves are supported without excessive stretch, compression or shear; protect eyes, lines, tubes and other vulnerable tissues from pressure or displacement and recheck alignment after table movement; document position and pressure-protection measures for prolonged procedures; report postoperative pain, numbness, weakness, skin injury or other signs of positioning-related harm promptly.","NIC 0842 — Posicionamento: Intraoperatório. Exemplos locais de atividades: revisar procedimento, anestesia, duração prevista, comorbidades, risco cutâneo/por pressão, limitações de amplitude de movimento, neuropatia e dispositivos antes do posicionamento; utilizar o plano de posicionamento da equipe cirúrgica, superfície redistributiva e acolchoamento/alívio de pressão para sustentar cabeça, membros e nervos vulneráveis sem estiramento, compressão ou cisalhamento excessivos; proteger olhos, acessos, tubos e outros tecidos vulneráveis contra pressão/deslocamento e rever alinhamento após movimentar a mesa; documentar posição e medidas de proteção em procedimentos prolongados; comunicar prontamente dor, dormência, fraqueza, lesão cutânea ou outros sinais de dano relacionado ao posicionamento.",Aligned with NICE perioperative and pressure-injury guidance; local examples only.,https://www.nice.org.uk/guidance/ng180/chapter/Recommendations | https://www.nice.org.uk/guidance/cg179/chapter/Recommendations,EVIDENCE_REVIEWED_AUTHOR_NEW_DRAFT
NIC,0846,Positioning: Wheelchair,Posicionamento: Cadeira de Rodas,AUTHOR_NEW,STANDARD,,,,1,00089,Impaired wheelchair mobility,Mobilidade reduzida em cadeira de rodas,"NIC 0846 — Positioning: Wheelchair. Local example activities: assess sitting balance, posture, joint range, muscle tone, sensation, skin risk, pain and ability to reposition before adjusting wheelchair positioning; ensure seat depth/width, foot support, arm support, pelvic alignment and prescribed pressure-redistributing cushion fit the person and do not create pressure or obstruct function; teach and assist weight shifts or repositioning at an individualized frequency and inspect vulnerable skin; secure needed devices without restricting breathing or circulation and keep controls/brakes accessible; request seating/therapy reassessment for persistent asymmetry, pain, sliding, pressure damage or loss of function.","NIC 0846 — Posicionamento: Cadeira de Rodas. Exemplos locais de atividades: avaliar equilíbrio sentado, postura, amplitude articular, tônus, sensibilidade, risco cutâneo, dor e capacidade de reposicionamento antes de ajustar a posição na cadeira de rodas; garantir profundidade/largura do assento, apoio de pés/braços, alinhamento pélvico e almofada redistributiva prescrita adequados à pessoa sem criar pressão ou limitar função; ensinar e auxiliar alívios de peso/reposicionamento em frequência individualizada e inspecionar pele vulnerável; fixar dispositivos necessários sem restringir respiração ou circulação e manter controles/freios acessíveis; solicitar reavaliação de assento/terapia diante de assimetria persistente, dor, deslizamento, dano por pressão ou perda funcional.",Pressure protection and function-focused seating reviewed against NICE guidance; local examples only.,https://www.nice.org.uk/guidance/cg179/chapter/Recommendations | https://www.nice.org.uk/guidance/ng252/chapter/Rehabilitation-to-maintain-improve-or-support-function,EVIDENCE_REVIEWED_AUTHOR_NEW_DRAFT
NIC,0970,Transfer,Transferência,AUTHOR_NEW,STANDARD,,,,1,00367,Impaired transferring ability,Capacidade de transferência prejudicada,"NIC 0970 — Transfer. Local example activities: assess bed mobility, sitting/standing balance, weight-bearing ability, cognition, pain, lines/tubes and the assistance normally required before each transfer; explain the plan, prepare the destination surface, lock wheels and clear obstacles, and use prescribed footwear, aids or transfer equipment; encourage the person to perform each safe component while staff use trained handling technique rather than pulling on arms or improvising lifts; pause for dizziness, pain, weakness or loss of balance and reassess; document assistance/equipment required and seek therapy/manual-handling review when transfer ability changes.","NIC 0970 — Transferência. Exemplos locais de atividades: avaliar mobilidade no leito, equilíbrio sentado/em pé, capacidade de sustentar peso, cognição, dor, acessos/tubos e assistência habitualmente necessária antes de cada transferência; explicar o plano, preparar a superfície de destino, travar rodas e remover obstáculos e utilizar calçados, dispositivos ou equipamentos de transferência prescritos; estimular a pessoa a realizar cada componente seguro enquanto a equipe utiliza técnica treinada de movimentação, evitando puxar pelos braços ou improvisar levantamentos; interromper diante de tontura, dor, fraqueza ou perda de equilíbrio e reavaliar; documentar assistência/equipamento necessário e solicitar revisão quando a capacidade mudar.",Function and safe-transfer examples reviewed against NICE rehabilitation guidance.,https://www.nice.org.uk/guidance/ng236/chapter/Recommendations | https://www.nice.org.uk/guidance/ng252/chapter/Rehabilitation-to-maintain-improve-or-support-function,EVIDENCE_REVIEWED_AUTHOR_NEW_DRAFT
NIC,1050,Feeding,Alimentação,AUTHOR_NEW,HIGH,,,,2,00271; 00295,Ineffective infant feeding dynamics | Ineffective infant suck-swallow response,Dinâmica ineficaz da alimentação infantil | Resposta de sucção-deglutição ineficaz em bebês,"NIC 1050 — Feeding. Local example activities: assess infant feeding readiness, alertness and hunger/satiety cues; support a stable, developmentally appropriate feeding position and the prescribed feeding method; observe suck–swallow–breathe coordination, work of breathing, colour and tolerance throughout the feed; pace or pause feeding according to the individual plan and stop if coughing, choking, cyanosis, marked fatigue or cardiorespiratory instability occurs; record intake and tolerance and refer/escalate persistent feeding difficulty for specialist assessment.","NIC 1050 — Alimentação. Exemplos locais de atividades: avaliar prontidão para alimentação, estado de alerta e sinais de fome/saciedade do lactente; favorecer posição estável e adequada ao desenvolvimento e utilizar o método de alimentação prescrito; observar coordenação sucção–deglutição–respiração, esforço respiratório, coloração e tolerância durante toda a mamada; controlar o ritmo ou interromper conforme o plano individual e suspender diante de tosse, engasgo, cianose, fadiga importante ou instabilidade cardiorrespiratória; registrar ingestão e tolerância e encaminhar/escalar dificuldade alimentar persistente para avaliação especializada.",Evidence-reviewed locally authored example guidance; not verbatim or official NIC/NOC activity/indicator text. Checked for alignment with the current classification label and the linked diagnoses; avoids fixed numeric NOC targets unless clinically meaningful and preserves escalation/scope boundaries for high-risk care.,https://www.who.int/news-room/fact-sheets/detail/infant-and-young-child-feeding | https://www.who.int/publications/b/63796,EVIDENCE_REVIEWED_HIGH_RISK_DRAFT
NIC,1100,Nutrition Management,Controle da Nutrição,RECOVERED_FACT_CHECK_REQUIRED,STANDARD,Nutrition Management,NIC 1100 — Nutrition Management. Example activities: Assess intake and nutritional barriers; establish an individualized plan; monitor intake and relevant trends.,NIC 1100 — Controle da nutrição (English: Nutrition Management). Exemplos de atividades: Avaliar ingestão e barreiras nutricionais; estabelecer plano individualizado; monitorar ingestão e tendências relevantes.,7,00269; 00270; 00343; 00359; 00360; 00409; 00419,Ineffective adolescent eating dynamics | Ineffective child eating dynamics | Inadequate nutritional intake | Inadequate protein energy nutritional intake | Risk for inadequate protein energy nutritional intake | Risk for inadequate nutritional intake | Readiness for enhanced nutritional intake,Dinâmicas alimentares ineficazes na adolescência | Dinâmica alimentar infantil ineficaz | ingestão nutricional inadequada | Ingestão nutricional inadequada de proteínas e energia | Risco de ingestão nutricional inadequada de proteínas e energia | Risco de ingestão nutricional inadequada | Prontidão para uma ingestão nutricional aprimorada,"NIC 1100 — Nutrition Management. Local example activities: screen for malnutrition risk and assess recent intake, unintentional weight change, swallowing/feeding barriers, symptoms and food access/preferences; agree on an individualized food and nutrition plan that fits clinical requirements, culture and goals; support oral nutrition, supplements or specialist nutrition support exactly as prescribed and monitor tolerance; trend intake, weight and relevant clinical/laboratory indicators without relying on weight alone; refer to dietetics or the appropriate team when intake is persistently inadequate, weight loss continues or refeeding/swallowing risk is present.","NIC 1100 — Controle da Nutrição. Exemplos locais de atividades: rastrear risco de desnutrição e avaliar ingestão recente, mudança de peso não intencional, barreiras de deglutição/alimentação, sintomas e acesso/preferências alimentares; pactuar plano alimentar e nutricional individualizado compatível com necessidades clínicas, cultura e objetivos; apoiar alimentação oral, suplementos ou suporte nutricional especializado exatamente conforme prescrição e monitorar tolerância; acompanhar ingestão, peso e indicadores clínicos/laboratoriais relevantes sem depender apenas do peso; encaminhar para nutrição/equipe apropriada quando a ingestão permanecer inadequada, houver perda de peso contínua ou risco de realimentação/deglutição.","Recovered text was treated only as a candidate. This replacement was re-checked against the CURRENT code/label and linked diagnoses, then rewritten where needed for specificity, contemporary clinical practice, scope boundaries, observable evaluation, and safety. Locally authored example guidance; not verbatim or official NIC/NOC activity/indicator wording.",https://www.nice.org.uk/guidance/cg32/chapter/Recommendations,EVIDENCE_REVIEWED_RECOVERED_OR_DRIFT_DRAFT
NIC,1160,Nutritional Monitoring,Monitoração Nutricional,AUTHOR_NEW,STANDARD,,,,2,00348; 00478,Delayed child growth | Risk for delayed child growth,Atraso no crescimento infantil | Risco de atraso no crescimento infantil,"NIC 1160 — Nutritional Monitoring. Local example activities: obtain accurate serial weight and length/height, and head circumference when age appropriate, using consistent technique and plot them on the appropriate growth standard; assess dietary intake, appetite, feeding skills, gastrointestinal symptoms, illness burden and food access together with developmental progress rather than weight alone; review the trajectory for faltering growth, excessive gain or crossing of expected growth channels and verify measurement error before acting; monitor tolerance and response to the individualized nutrition/feeding plan; refer delayed or abnormal growth trajectory for paediatric/dietetic assessment and escalate dehydration, significant feeding difficulty or systemic illness.","NIC 1160 — Monitoração Nutricional. Exemplos locais de atividades: obter medidas seriadas e precisas de peso e comprimento/altura, e perímetro cefálico quando apropriado à idade, com técnica consistente e plotá-las no padrão de crescimento adequado; avaliar ingestão alimentar, apetite, habilidades de alimentação, sintomas gastrointestinais, carga de doença e acesso a alimentos juntamente com progresso do desenvolvimento, e não apenas o peso; revisar trajetória para crescimento insuficiente, ganho excessivo ou cruzamento inesperado de canais de crescimento e confirmar erro de medida antes de agir; monitorar tolerância e resposta ao plano individual; encaminhar trajetória atrasada/anormal para pediatria/nutrição e escalar desidratação, dificuldade alimentar importante ou doença sistêmica.",Uses WHO growth standards and nutrition-support principles; local examples only.,https://www.who.int/tools/child-growth-standards | https://www.nice.org.uk/guidance/cg32/chapter/Recommendations,EVIDENCE_REVIEWED_AUTHOR_NEW_DRAFT
NIC,1240,Weight Gain Assistance,Assistência no Ganho de Peso,AUTHOR_NEW,STANDARD,,,,2,00485; 00486,Ineffective underweight self-management | Risk for ineffective underweight self-management,Autogestão ineficaz do baixo peso | Risco de autogestão ineficaz do baixo peso,"NIC 1240 — Weight Gain Assistance. Local example activities: assess weight history, recent unintentional loss, intake, appetite, swallowing/GI symptoms, medicines, mental health, food access and the person’s preferred goals; identify whether the priority is restoring weight, lean tissue, nutritional adequacy or function and involve dietetics when undernutrition risk is present; support a nutrient-dense individualized eating plan, oral supplements or other nutrition support only as prescribed and acceptable; monitor intake, weight trajectory, function and tolerance without using rapid gain as the sole goal; watch for refeeding risk or underlying illness and escalate ongoing loss, inability to meet needs or clinical deterioration.","NIC 1240 — Assistência no Ganho de Peso. Exemplos locais de atividades: avaliar histórico de peso, perda recente não intencional, ingestão, apetite, sintomas de deglutição/GI, medicamentos, saúde mental, acesso a alimentos e objetivos preferidos; identificar se a prioridade é recuperar peso, massa magra, adequação nutricional ou função e envolver nutrição quando houver risco de desnutrição; apoiar plano alimentar individualizado e denso em nutrientes, suplementos orais ou outro suporte somente conforme prescrito e aceito; monitorar ingestão, trajetória do peso, função e tolerância sem usar ganho rápido como única meta; observar risco de realimentação ou doença de base e escalar perda persistente, incapacidade de suprir necessidades ou deterioração.",Reviewed against NICE nutrition support guidance; avoids arbitrary weight-gain targets.,https://www.nice.org.uk/guidance/cg32/chapter/Recommendations,EVIDENCE_REVIEWED_AUTHOR_NEW_DRAFT
NIC,1260,Weight Management,Controle do Peso,AUTHOR_NEW,STANDARD,,,,1,00447,Readiness for enhanced weight self-management,Preparação para um melhor autogerenciamento do peso,"NIC 1260 — Weight Management. Local example activities: ask permission to discuss weight and clarify whether the person wants maintenance, gain, loss or healthier behaviours; assess weight trajectory, health conditions, medicines, eating pattern, physical activity, sleep, mental health, social context and risk of disordered eating; agree realistic personalized goals focused on sustainable food, activity and self-monitoring behaviours rather than shame or a single ideal weight; coordinate dietetic, physical-activity, psychological or medical support as needed and review treatments that affect weight; track health and functional outcomes as well as weight and revise the plan when goals, circumstances or risks change.","NIC 1260 — Controle do Peso. Exemplos locais de atividades: pedir permissão para discutir peso e esclarecer se a pessoa deseja manutenção, ganho, perda ou comportamentos mais saudáveis; avaliar trajetória do peso, condições de saúde, medicamentos, padrão alimentar, atividade física, sono, saúde mental, contexto social e risco de transtorno alimentar; pactuar metas realistas e personalizadas voltadas a alimentação, atividade e automonitoramento sustentáveis em vez de vergonha ou peso ideal único; coordenar apoio nutricional, de atividade física, psicológico ou médico quando necessário e revisar tratamentos que afetem o peso; acompanhar resultados de saúde e função além do peso e revisar o plano quando objetivos, circunstâncias ou riscos mudarem.",Non-stigmatizing weight-management examples aligned with NICE NG246.,https://www.nice.org.uk/guidance/ng246,EVIDENCE_REVIEWED_AUTHOR_NEW_DRAFT
NIC,1280,Weight Reduction Assistance,Assistência na Redução de Peso,AUTHOR_NEW,STANDARD,,,,2,00398; 00487,Ineffective overweight self-management | Risk for ineffective overweight self-management,Autogestão ineficaz do excesso de peso | Risco de autogestão ineficaz do excesso de peso,"NIC 1280 — Weight Reduction Assistance. Local example activities: use a respectful, non-stigmatizing discussion to assess current weight trajectory, health risks, previous attempts, food pattern, activity, sleep, medicines, mental health and possible disordered eating; agree an individualized, sustainable energy-deficit approach when weight loss is clinically appropriate, avoiding extreme or nutritionally incomplete diets outside specialist programmes; build gradual activity and behaviour-change goals and identify barriers/supports; monitor weight alongside functional/metabolic outcomes and wellbeing and review medicines where relevant; refer for multidisciplinary weight-management support when complexity, severe obesity, eating-disorder risk or weight-related complications require it.","NIC 1280 — Assistência na Redução de Peso. Exemplos locais de atividades: usar abordagem respeitosa e não estigmatizante para avaliar trajetória atual do peso, riscos à saúde, tentativas prévias, padrão alimentar, atividade, sono, medicamentos, saúde mental e possível transtorno alimentar; pactuar abordagem individualizada e sustentável de déficit energético quando perda de peso for clinicamente apropriada, evitando dietas extremas ou nutricionalmente incompletas fora de programas especializados; construir metas graduais de atividade e mudança comportamental e identificar barreiras/apoios; monitorar peso juntamente com resultados funcionais/metabólicos e bem-estar e revisar medicamentos quando pertinente; encaminhar para manejo multiprofissional quando complexidade, obesidade grave, risco de transtorno alimentar ou complicações exigirem.",Reviewed against NICE overweight/obesity management; no crash-diet or universal target language.,https://www.nice.org.uk/guidance/ng246,EVIDENCE_REVIEWED_AUTHOR_NEW_DRAFT
NIC,1350,Dry Eye Prevention,Prevenção de Olho Seco,AUTHOR_NEW,STANDARD,,,,2,00219; 00277,Risk for dry eye | Ineffective dry eye self-management,Risco de olho seco | Autogestão ineficaz da síndrome do olho seco,"NIC 1350 — Dry Eye Prevention. Local example activities: identify dry-eye risk from reduced blinking, screen use, airflow, smoke, contact lenses, medicines, ocular-surface disease or inability to close the eyelids fully; encourage regular blink/screen breaks and reduce direct wind, fan or air-conditioning exposure, using humidification when helpful; support prescribed lubricating drops/gel and safe contact-lens care and avoid unprescribed drops that worsen symptoms; protect the cornea in people with impaired eyelid closure according to the eye-care plan; refer persistent pain, photophobia, marked redness, reduced vision or suspected corneal injury promptly.","NIC 1350 — Prevenção de Olho Seco. Exemplos locais de atividades: identificar risco de olho seco por piscar reduzido, uso de telas, corrente de ar, fumaça, lentes de contato, medicamentos, doença da superfície ocular ou incapacidade de fechar totalmente as pálpebras; estimular pausas de tela/piscar e reduzir exposição direta a vento, ventilador ou ar-condicionado, utilizando umidificação quando útil; apoiar uso prescrito de colírios/gel lubrificantes e cuidado seguro com lentes e evitar colírios não prescritos que agravem sintomas; proteger a córnea em pessoas com fechamento palpebral comprometido conforme o plano ocular; encaminhar prontamente dor persistente, fotofobia, vermelhidão intensa, redução visual ou suspeita de lesão corneana.",Reviewed against NEI dry-eye guidance; local examples only.,https://www.nei.nih.gov/eye-health-information/eye-conditions-and-diseases/dry-eye,EVIDENCE_REVIEWED_AUTHOR_NEW_DRAFT
NIC,1400,Pain Management,Controle da Dor,RECOVERED_FACT_CHECK_REQUIRED,STANDARD,Pain Management,NIC 1400 — Pain Management. Example activities: Assess pain using a consistent scale; implement prescribed pharmacologic/nonpharmacologic measures; reassess response.,NIC 1400 — Controle da dor (English: Pain Management). Exemplos de atividades: Avaliar dor com escala consistente; implementar medidas farmacológicas/não farmacológicas prescritas; reavaliar resposta.,5,00132; 00133; 00255; 00256; 00418,Acute pain | Chronic pain | Chronic pain syndrome | Labour pain | Ineffective pain self-management,Dor aguda | dor crônica | Síndrome da dor crônica | dor do parto | Autogestão ineficaz da dor,"NIC 1400 — Pain Management. Local example activities: assess pain location, quality, intensity, timing, aggravating/relieving factors and its effect on sleep, mobility and function using a method the person can use consistently; agree on realistic goals for both comfort and function; implement prescribed pharmacological treatment and appropriate non-pharmacological measures and check contraindications/side effects; reassess after interventions rather than recording a pain score without response; escalate new severe pain, rapidly changing pain, neurological/vascular signs or pain with other features suggesting acute deterioration.","NIC 1400 — Controle da Dor. Exemplos locais de atividades: avaliar localização, qualidade, intensidade, tempo, fatores de piora/alívio e impacto da dor no sono, mobilidade e função utilizando método que a pessoa consiga usar de forma consistente; pactuar objetivos realistas para conforto e função; implementar tratamento farmacológico prescrito e medidas não farmacológicas apropriadas, verificando contraindicações/efeitos adversos; reavaliar após intervenções em vez de apenas registrar um escore; escalar dor intensa nova, dor em rápida mudança, sinais neurológicos/vasculares ou dor acompanhada de outras características de deterioração aguda.","Recovered text was treated only as a candidate. This replacement was re-checked against the CURRENT code/label and linked diagnoses, then rewritten where needed for specificity, contemporary clinical practice, scope boundaries, observable evaluation, and safety. Locally authored example guidance; not verbatim or official NIC/NOC activity/indicator wording.",https://www.nice.org.uk/guidance/ng193/chapter/recommendations | https://www.cdc.gov/mmwr/volumes/71/rr/rr7103a1.htm,EVIDENCE_REVIEWED_RECOVERED_OR_DRIFT_DRAFT
NIC,1450,Nausea Management,Controle da Náusea,AUTHOR_NEW,STANDARD,,,,1,00384,Ineffective nausea self-management,Autogestão ineficaz da náusea,"NIC 1450 — Nausea Management. Local example activities: characterize nausea/vomiting onset, triggers, severity, frequency and relation to medicines, food, movement, pain, pregnancy or illness and check for dehydration or red flags; reduce strong smells and other identified triggers and offer small, frequent, tolerated foods or fluids when not contraindicated; position safely during vomiting and provide oral care; administer prescribed antiemetics and reassess both symptom relief and adverse effects; monitor intake/output and escalate blood or coffee-ground emesis, severe abdominal pain, neurological symptoms, inability to keep fluids down, oliguria or persistent/worsening vomiting.","NIC 1450 — Controle da Náusea. Exemplos locais de atividades: caracterizar início, gatilhos, intensidade e frequência de náusea/vômitos e relação com medicamentos, alimentos, movimento, dor, gestação ou doença e verificar desidratação/sinais de alarme; reduzir odores fortes e outros gatilhos identificados e oferecer pequenos volumes frequentes de alimentos ou líquidos tolerados quando não contraindicado; posicionar com segurança durante vômitos e realizar higiene oral; administrar antieméticos prescritos e reavaliar alívio e efeitos adversos; monitorar ingestão/eliminação e escalar vômito com sangue/aspecto de borra de café, dor abdominal intensa, sintomas neurológicos, incapacidade de manter líquidos, oligúria ou piora/persistência.",Practical symptom-management examples cross-checked against MedlinePlus; red flags preserved.,https://medlineplus.gov/nauseaandvomiting.html,EVIDENCE_REVIEWED_AUTHOR_NEW_DRAFT
NIC,1650,Eye Care,Cuidados com os Olhos,AUTHOR_NEW,STANDARD,,,,1,00245,Risk for corneal injury,Risco de lesão na córnea,"NIC 1650 — Eye Care. Local example activities: inspect the eye area and identify exposure to trauma, chemicals, contact lenses, foreign body, reduced sensation or inability to close the eyelids; protect eyes during procedures and activities with appropriate shields or eye protection and prevent tubes, masks or bedding from pressing on the globe; provide prescribed lubrication/cleansing and contact-lens care and never rub an injured eye or attempt to remove an embedded object; after possible chemical exposure follow the emergency eye-injury pathway without delaying specialist assessment; escalate severe pain, photophobia, visual change, penetrating injury, persistent foreign-body sensation or marked redness.","NIC 1650 — Cuidados com os Olhos. Exemplos locais de atividades: inspecionar região ocular e identificar exposição a trauma, produtos químicos, lentes de contato, corpo estranho, sensibilidade reduzida ou incapacidade de fechar as pálpebras; proteger olhos durante procedimentos/atividades com escudos ou proteção adequada e impedir pressão de tubos, máscaras ou roupa de cama sobre o globo ocular; realizar lubrificação/limpeza prescritas e cuidados com lentes e nunca esfregar olho lesionado nem tentar remover objeto incrustado; após possível exposição química seguir protocolo emergencial de lesão ocular sem atrasar avaliação especializada; escalar dor intensa, fotofobia, alteração visual, lesão penetrante, sensação persistente de corpo estranho ou vermelhidão importante.",Reviewed against NEI corneal/eye-safety information; local examples only.,https://www.nei.nih.gov/eye-health-information/eye-conditions-and-diseases/corneal-conditions,EVIDENCE_REVIEWED_AUTHOR_NEW_DRAFT
NIC,1710,Oral Health Maintenance,Manutenção da Saúde Oral,AUTHOR_NEW,STANDARD,,,,4,00045; 00247; 00352; 00412,Impaired oral mucous membrane integrity | Risk for impaired oral mucous membrane integrity | Ineffective dry mouth self-management | Risk for ineffective dry mouth self-management,Integridade da membrana mucosa oral comprometida | Risco de comprometimento da integridade da mucosa oral | Autogestão ineficaz da boca seca | Risco de autogestão ineficaz da boca seca,"NIC 1710 — Oral Health Maintenance. Local example activities: inspect lips, oral mucosa, tongue, gums, teeth/dentures and saliva for dryness, ulceration, bleeding, coating, pain, infection or trauma; provide regular gentle oral hygiene using a soft toothbrush and fluoride toothpaste when appropriate and clean dentures safely; keep the mouth moist with frequent sips or prescribed saliva substitutes when fluids are allowed and avoid irritants that worsen dryness; support pain control and prescribed mouth treatments and review medicines/devices that contribute to dry mouth; refer persistent ulceration, thrush, unexplained bleeding, dental infection, severe pain or impaired intake/swallowing.","NIC 1710 — Manutenção da Saúde Oral. Exemplos locais de atividades: inspecionar lábios, mucosa oral, língua, gengivas, dentes/próteses e saliva quanto a ressecamento, úlcera, sangramento, saburra, dor, infecção ou trauma; realizar higiene oral regular e suave com escova macia e creme dental fluoretado quando apropriado e higienizar próteses com segurança; manter boca úmida com pequenos goles frequentes ou substitutos salivares prescritos quando líquidos forem permitidos e evitar irritantes que agravem ressecamento; apoiar controle de dor/tratamentos bucais prescritos e revisar medicamentos/dispositivos que contribuam para boca seca; encaminhar ulceração persistente, candidíase, sangramento inexplicado, infecção dentária, dor intensa ou ingestão/deglutição prejudicada.",Oral-health examples aligned with WHO oral-health prevention principles.,https://www.who.int/news-room/fact-sheets/detail/oral-health,EVIDENCE_REVIEWED_AUTHOR_NEW_DRAFT
NIC,1720,Oral Health Promotion,Promoção da Saúde Oral,AUTHOR_NEW,STANDARD,,,,2,00375; 00414,Ineffective oral hygiene behaviours | Risk for ineffective oral hygiene behaviours,Comportamentos ineficazes de higiene oral | Risco de comportamentos ineficazes de higiene oral,"NIC 1720 — Oral Health Promotion. Local example activities: assess current brushing and interdental-cleaning routine, access to supplies, dexterity, cognition, diet, tobacco/alcohol exposure and barriers to dental care; teach or demonstrate twice-daily brushing with fluoride toothpaste using a technique adapted to age/ability and appropriate cleaning between teeth when feasible; support dietary patterns with lower free-sugar exposure and tobacco cessation; adapt handles, mirrors, prompts or caregiver assistance for disability while preserving independence; use teach-back/show-me and arrange dental review for pain, bleeding gums, loose teeth, oral lesions or other disease signs.","NIC 1720 — Promoção da Saúde Oral. Exemplos locais de atividades: avaliar rotina atual de escovação e limpeza interdental, acesso a materiais, destreza, cognição, dieta, exposição a tabaco/álcool e barreiras ao atendimento odontológico; ensinar/demonstrar escovação duas vezes ao dia com creme dental fluoretado usando técnica adaptada à idade/capacidade e limpeza interdental apropriada quando possível; apoiar padrão alimentar com menor exposição a açúcares livres e cessação do tabagismo; adaptar cabos, espelhos, lembretes ou ajuda do cuidador em caso de deficiência preservando independência; utilizar teach-back/show-me e organizar avaliação odontológica para dor, sangramento gengival, dentes móveis, lesões orais ou outros sinais de doença.",Prevention + teach-back reviewed against WHO oral-health and AHRQ health-literacy guidance.,https://www.who.int/news-room/fact-sheets/detail/oral-health | https://www.ahrq.gov/sites/default/files/publications/files/healthlittoolkit2_1.pdf,EVIDENCE_REVIEWED_AUTHOR_NEW_DRAFT
NIC,1800,Self-Care Assistance,Assistência no Autocuidado,RECOVERED_FACT_CHECK_REQUIRED,STANDARD,Self-Care Assistance,NIC 1800 — Self-Care Assistance. Example activities: Assess the level of independence; assist only as needed; encourage the patient to perform each feasible step.,NIC 1800 — Assistência no autocuidado (English: Self-Care Assistance). Exemplos de atividades: Avaliar nível de independência; auxiliar somente no necessário; estimular que a pessoa execute cada etapa possível.,3,00331; 00332; 00442,Decreased self-care ability syndrome | Risk for decreased self-care ability syndrome | Readiness for enhanced self-care abilities,Síndrome da capacidade reduzida de autocuidado | Síndrome de risco de diminuição da capacidade de autocuidado | Prontidão para habilidades aprimoradas de autocuidado,"NIC 1800 — Self-Care Assistance. Local example activities: assess what the person can do independently in bathing, dressing, eating, toileting, mobility and other daily activities and what creates difficulty; set functional goals with the person and provide the least assistance needed for safety while allowing time for each feasible step; adapt the environment, sequencing and assistive equipment to preserve autonomy; reinforce successful strategies and avoid doing tasks for the person simply for speed; document changes in independence and refer new functional decline for rehabilitation or medical assessment.","NIC 1800 — Assistência no Autocuidado. Exemplos locais de atividades: avaliar o que a pessoa consegue realizar de forma independente em banho, vestir-se, alimentação, higiene/toalete, mobilidade e outras atividades diárias e o que gera dificuldade; definir objetivos funcionais com a pessoa e oferecer o mínimo de assistência necessário para segurança, permitindo tempo para cada etapa possível; adaptar ambiente, sequência e dispositivos assistivos para preservar autonomia; reforçar estratégias bem-sucedidas e evitar realizar tarefas pela pessoa apenas por rapidez; documentar mudanças na independência e encaminhar novo declínio funcional para reabilitação ou avaliação médica.","Recovered text was treated only as a candidate. This replacement was re-checked against the CURRENT code/label and linked diagnoses, then rewritten where needed for specificity, contemporary clinical practice, scope boundaries, observable evaluation, and safety. Locally authored example guidance; not verbatim or official NIC/NOC activity/indicator wording.",https://www.who.int/news-room/fact-sheets/detail/self-care-health-interventions,EVIDENCE_REVIEWED_RECOVERED_OR_DRIFT_DRAFT
NIC,1801,Self-Care Assistance: Bathing/Hygiene,Assistência no Autocuidado: Banho/Higiene,AUTHOR_NEW,STANDARD,,,,1,00326,Decreased bathing abilities,Capacidade reduzida de tomar banho,"NIC 1801 — Self-Care Assistance: Bathing/Hygiene. Local example activities: assess which bathing/hygiene steps the person can perform, including transfers, reaching, sequencing, skin care and tolerance of standing or warm water; prepare a private, warm, slip-reduced environment and place supplies within reach; encourage the person to wash each area they can manage and provide only the assistance or adaptive equipment required for safety; inspect skin during care and dry folds/pressure areas gently; document the level of assistance and tolerance and request rehabilitation review for new functional decline or repeated near-falls.","NIC 1801 — Assistência no Autocuidado: Banho/Higiene. Exemplos locais de atividades: avaliar quais etapas de banho/higiene a pessoa consegue realizar, incluindo transferências, alcance, sequência, cuidado da pele e tolerância a ficar em pé/água morna; preparar ambiente privado, aquecido e com risco de escorregamento reduzido e colocar materiais ao alcance; estimular a pessoa a lavar cada área que consegue e oferecer apenas assistência/dispositivo adaptativo necessário para segurança; inspecionar pele durante o cuidado e secar pregas/áreas de pressão suavemente; documentar nível de ajuda e tolerância e solicitar revisão de reabilitação diante de novo declínio funcional ou quase-quedas repetidas.",Function-preserving self-care assistance aligned with rehabilitation guidance.,https://www.nice.org.uk/guidance/ng252/chapter/Rehabilitation-to-maintain-improve-or-support-function,EVIDENCE_REVIEWED_AUTHOR_NEW_DRAFT
NIC,1802,Self-Care Assistance: Dressing/Grooming,Assistência no Autocuidado: Vestir-se/Arrumar-se,AUTHOR_NEW,STANDARD,,,,2,00327; 00330,Decreased dressing abilities | Decreased grooming abilities,Capacidade reduzida de se vestir | Capacidade reduzida de cuidar da higiene pessoal,"NIC 1802 — Self-Care Assistance: Dressing/Grooming. Local example activities: assess ability to select clothing, sequence dressing, reach, grasp fasteners, maintain balance and groom safely; arrange clothing and grooming items in an accessible sequence and use easy fasteners, long-handled aids or other prescribed adaptations when helpful; encourage the person to complete each feasible step and allow adequate time rather than taking over; protect affected limbs, surgical precautions and lines/tubes during dressing; document assistance required and refer new weakness, pain, cognitive change or loss of independence for rehabilitation assessment.","NIC 1802 — Assistência no Autocuidado: Vestir-se/Arrumar-se. Exemplos locais de atividades: avaliar capacidade de escolher roupas, sequenciar vestir-se, alcançar, manipular fechos, manter equilíbrio e realizar cuidados de aparência com segurança; organizar roupas e itens em sequência acessível e utilizar fechos fáceis, cabos longos ou outras adaptações prescritas quando úteis; estimular a pessoa a concluir cada etapa possível e oferecer tempo suficiente em vez de assumir a tarefa; proteger membros afetados, precauções cirúrgicas e acessos/tubos durante o vestir; documentar assistência necessária e encaminhar nova fraqueza, dor, alteração cognitiva ou perda de independência para reabilitação.",ADL assistance reviewed against NICE rehabilitation guidance.,https://www.nice.org.uk/guidance/ng236/chapter/Recommendations | https://www.nice.org.uk/guidance/ng252/chapter/Rehabilitation-to-maintain-improve-or-support-function,EVIDENCE_REVIEWED_AUTHOR_NEW_DRAFT
NIC,1803,Self-Care Assistance: Feeding,Assistência no Autocuidado: Alimentação,RECOVERED_FACT_CHECK_REQUIRED,HIGH,Self-Care Assistance: Feeding,NIC 1803 — Self-Care Assistance: Feeding. Example activities: Assess ability to eat; position safely; provide adaptive assistance and monitor intake and tolerance.,NIC 1803 — Assistência no autocuidado: alimentação (English: Self-Care Assistance: Feeding). Exemplos de atividades: Avaliar capacidade para alimentar-se; posicionar com segurança; oferecer ajuda adaptada e monitorar ingestão e tolerância.,1,00328,Decreased feeding abilities,Capacidade de alimentação reduzida,"NIC 1803 — Self-Care Assistance: Feeding. Local example activities: assess the person’s ability to sit, reach, grasp, chew, swallow and use utensils safely; position upright and provide only the assistance or adaptive equipment needed to preserve independence; follow any prescribed texture, fluid or swallowing plan; supervise for coughing, choking, wet voice, fatigue or reduced intake and pause feeding if safety is uncertain; document intake, tolerance and the level of assistance required and refer new swallowing concerns for assessment.","NIC 1803 — Assistência no Autocuidado: Alimentação. Exemplos locais de atividades: avaliar a capacidade da pessoa de sentar-se, alcançar, segurar utensílios, mastigar, deglutir e alimentar-se com segurança; posicionar em postura ereta e oferecer apenas a ajuda ou os dispositivos adaptativos necessários para preservar a independência; seguir qualquer plano prescrito de consistência, líquidos ou deglutição; supervisionar tosse, engasgo, voz molhada, fadiga ou baixa ingestão e interromper a alimentação se houver dúvida quanto à segurança; registrar ingestão, tolerância e nível de ajuda necessário e encaminhar novas alterações da deglutição para avaliação.",Evidence-reviewed locally authored example guidance; not verbatim or official NIC/NOC activity/indicator text. Checked for alignment with the current classification label and the linked diagnoses; avoids fixed numeric NOC targets unless clinically meaningful and preserves escalation/scope boundaries for high-risk care.,https://www.asha.org/practice-portal/clinical-topics/adult-dysphagia/,EVIDENCE_REVIEWED_HIGH_RISK_DRAFT
NIC,1804,Self-Care Assistance: Toileting,Assistência no Autocuidado: Uso do Banheiro,AUTHOR_NEW,STANDARD,,,,1,00329,Decreased toileting abilities,Diminuição da capacidade de usar o banheiro,"NIC 1804 — Self-Care Assistance: Toileting. Local example activities: assess mobility, transfer ability, clothing management, continence, cognition and the assistance needed to reach and use the toilet safely; provide prompt access, privacy, appropriate seat height/supports and prescribed transfer equipment; encourage the person to perform clothing, hygiene and transfer steps they can do safely and use continence aids only as needed; maintain perineal skin care and monitor for constipation, urinary symptoms or retention that complicate toileting; document assistance and accidents/near-falls and request therapy/continence review when function changes.","NIC 1804 — Assistência no Autocuidado: Uso do Banheiro. Exemplos locais de atividades: avaliar mobilidade, capacidade de transferência, manejo de roupas, continência, cognição e assistência necessária para alcançar e usar o banheiro com segurança; oferecer acesso rápido, privacidade, altura adequada do assento/apoios e equipamento de transferência prescrito; estimular a pessoa a realizar etapas de roupas, higiene e transferência que consiga fazer com segurança e usar auxiliares de continência apenas quando necessários; manter cuidado da pele perineal e monitorar constipação, sintomas urinários ou retenção que compliquem o toalete; documentar assistência e acidentes/quase-quedas e solicitar revisão de terapia/continência quando a função mudar.",Toileting assistance aligned with functional rehabilitation and continence management.,https://www.nice.org.uk/guidance/ng236/chapter/Recommendations | https://www.nice.org.uk/guidance/ng123/chapter/recommendations,EVIDENCE_REVIEWED_AUTHOR_NEW_DRAFT
NIC,1850,Sleep Enhancement,Melhora do Sono,RECOVERED_FACT_CHECK_REQUIRED,STANDARD,Sleep Enhancement,NIC 1850 — Sleep Enhancement. Example activities: Assess sleep pattern; reduce avoidable noise/light; establish a consistent sleep routine and address modifiable barriers.,NIC 1850 — Melhora do sono (English: Sleep Enhancement). Exemplos de atividades: Avaliar padrão de sono; reduzir ruído/luz evitáveis; estabelecer rotina consistente e abordar barreiras modificáveis.,5,00323; 00337; 00407; 00408; 00417,Ineffective sleep hygiene behaviours | Ineffective sleep pattern | Risk for ineffective sleep pattern | Risk for ineffective sleep hygiene behaviours | Readiness for enhanced sleep pattern,Comportamentos ineficazes de higiene do sono | Padrão de sono ineficaz | Risco de padrão de sono ineficaz | Risco de comportamentos ineficazes de higiene do sono | Preparação para um padrão de sono melhorado,"NIC 1850 — Sleep Enhancement. Local example activities: assess sleep timing, duration, awakenings, naps, environment, symptoms and medicines/substances that may disrupt sleep; support a consistent sleep/wake schedule and a dark, quiet, comfortable sleep environment where feasible; reduce avoidable nighttime interruptions and encourage a wind-down routine while avoiding caffeine, nicotine, alcohol or stimulating screen use near bedtime when relevant; address pain, dyspnoea, nocturia or anxiety that is fragmenting sleep; document response and refer persistent insomnia, suspected sleep apnoea or marked daytime impairment for assessment.","NIC 1850 — Melhora do Sono. Exemplos locais de atividades: avaliar horário, duração, despertares, cochilos, ambiente, sintomas e medicamentos/substâncias que possam prejudicar o sono; apoiar horário consistente para dormir/acordar e ambiente escuro, silencioso e confortável quando possível; reduzir interrupções noturnas evitáveis e estimular rotina de desaceleração, evitando cafeína, nicotina, álcool ou uso estimulante de telas próximo ao horário de dormir quando pertinente; abordar dor, dispneia, noctúria ou ansiedade que estejam fragmentando o sono; documentar resposta e encaminhar insônia persistente, suspeita de apneia do sono ou comprometimento diurno importante para avaliação.","Recovered text was treated only as a candidate. This replacement was re-checked against the CURRENT code/label and linked diagnoses, then rewritten where needed for specificity, contemporary clinical practice, scope boundaries, observable evaluation, and safety. Locally authored example guidance; not verbatim or official NIC/NOC activity/indicator wording.",https://www.nhlbi.nih.gov/health/insomnia/treatment,EVIDENCE_REVIEWED_RECOVERED_OR_DRIFT_DRAFT
NIC,1860,Swallowing Therapy,Terapia para Deglutição,AUTHOR_NEW,HIGH,,,,1,00103,Impaired swallowing,Dificuldade de deglutição,"NIC 1860 — Swallowing Therapy. Local example activities: follow the swallowing plan established after appropriate assessment; optimize posture and positioning for meals and use only the prescribed food/liquid consistency, bolus size, pacing and compensatory strategy; cue the person through prescribed swallowing techniques without inventing manoeuvres at bedside; monitor for cough, throat clearing, wet/gurgly voice, respiratory change, fatigue or oral residue; provide regular oral care and stop oral intake and escalate when aspiration or unsafe swallowing is suspected.","NIC 1860 — Terapia para Deglutição. Exemplos locais de atividades: seguir o plano de deglutição definido após avaliação adequada; otimizar postura e posicionamento nas refeições e utilizar somente consistência de alimentos/líquidos, volume do bolo, ritmo e estratégia compensatória prescritos; orientar a pessoa nas técnicas de deglutição prescritas sem criar manobras à beira-leito; monitorar tosse, pigarro, voz molhada/gorgolejante, alteração respiratória, fadiga ou resíduo oral; realizar higiene oral regular e interromper a ingestão por via oral e escalar o cuidado quando houver suspeita de aspiração ou deglutição insegura.",Evidence-reviewed locally authored example guidance; not verbatim or official NIC/NOC activity/indicator text. Checked for alignment with the current classification label and the linked diagnoses; avoids fixed numeric NOC targets unless clinically meaningful and preserves escalation/scope boundaries for high-risk care.,https://www.asha.org/practice-portal/clinical-topics/adult-dysphagia/,EVIDENCE_REVIEWED_HIGH_RISK_DRAFT
NIC,2080,Fluid/Electrolyte Management,Controle de Líquidos/Eletrólitos,AUTHOR_NEW,STANDARD,,,,1,00491,Risk for impaired water-electrolyte balance,Risco de desequilíbrio hidroeletrolítico,"NIC 2080 — Fluid/Electrolyte Management. Local example activities: review the prescribed fluid/electrolyte plan and assess intake, losses, urine output, weight, oedema, thirst, vital signs and relevant renal/electrolyte laboratory results; identify ongoing abnormal losses, redistribution or medicines/conditions that alter sodium, potassium, magnesium or water balance; administer prescribed oral/enteral/IV replacement or restriction exactly to the plan and account for significant sources; repeat clinical and laboratory assessment at the required interval and check response before additional correction; escalate arrhythmia, severe weakness, neurological change, oliguria, seizures, marked electrolyte abnormality or rapid fluid-status deterioration.","NIC 2080 — Controle de Líquidos/Eletrólitos. Exemplos locais de atividades: revisar plano prescrito de líquidos/eletrólitos e avaliar ingestão, perdas, diurese, peso, edema, sede, sinais vitais e exames renais/eletrolíticos relevantes; identificar perdas anormais contínuas, redistribuição ou medicamentos/condições que alterem sódio, potássio, magnésio ou água; administrar reposição ou restrição oral/enteral/IV prescrita exatamente conforme o plano e contabilizar fontes significativas; repetir avaliação clínica/laboratorial no intervalo exigido e verificar resposta antes de correção adicional; escalar arritmia, fraqueza intensa, alteração neurológica, oligúria, convulsões, alteração eletrolítica importante ou deterioração rápida do estado volêmico.",Fluid/electrolyte examples aligned with NICE IV-fluid monitoring principles; no unprescribed correction amounts.,https://www.nice.org.uk/guidance/cg174/chapter/recommendations,EVIDENCE_REVIEWED_AUTHOR_NEW_DRAFT
NIC,2620,Neurologic Monitoring,Monitoração Neurológica,AUTHOR_NEW,HIGH,,,,2,00010; 00201,Risk for autonomic dysreflexia | Risk for ineffective cerebral tissue perfusion,Risco de disreflexia autonômica | Risco de perfusão ineficaz do tecido cerebral,"NIC 2620 — Neurologic Monitoring. Local example activities: establish and trend level of consciousness, orientation, pupil size/reactivity, speech and limb movement together with respiratory rate, heart rate, blood pressure, temperature and oxygen saturation as clinically indicated; compare findings with the person’s baseline and watch for new focal deficits, severe headache, vomiting, seizure or sudden change in behaviour; in people at risk of autonomic dysreflexia, promptly check blood pressure and look for common triggers such as bladder or bowel problems while activating the local response pathway; increase observation frequency and escalate immediately for neurological deterioration.","NIC 2620 — Monitoração Neurológica. Exemplos locais de atividades: estabelecer e acompanhar nível de consciência, orientação, tamanho/reatividade pupilar, fala e movimentos dos membros, juntamente com frequência respiratória, frequência cardíaca, pressão arterial, temperatura e saturação de oxigênio conforme indicação clínica; comparar os achados com o estado basal e observar novos déficits focais, cefaleia intensa, vômitos, convulsão ou mudança súbita de comportamento; em pessoas com risco de disreflexia autonômica, verificar prontamente a pressão arterial e procurar gatilhos comuns, como problemas vesicais ou intestinais, enquanto se aciona o protocolo local; aumentar a frequência das observações e escalar imediatamente diante de deterioração neurológica.",Evidence-reviewed locally authored example guidance; not verbatim or official NIC/NOC activity/indicator text. Checked for alignment with the current classification label and the linked diagnoses; avoids fixed numeric NOC targets unless clinically meaningful and preserves escalation/scope boundaries for high-risk care.,https://www.nice.org.uk/guidance/ng232/chapter/Recommendations | https://pva.org/research-resources/publications/clinical-practice-guidelines/,EVIDENCE_REVIEWED_HIGH_RISK_DRAFT
NIC,2660,Peripheral Sensation Management,Controle da Sensibilidade Periférica,AUTHOR_NEW,STANDARD,,,,1,00425,Risk for impaired peripheral neurovascular function,Risco de comprometimento da função neurovascular periférica,"NIC 2660 — Peripheral Sensation Management. Local example activities: establish baseline sensation, movement, pain, temperature perception and circulation in the affected limb/area and compare sides when appropriate; protect areas with reduced sensation from pressure, friction, sharp objects and unmonitored heat/cold and inspect skin regularly; teach safe footwear, positioning and daily skin/foot checks when sensory loss is persistent; reassess after casts, splints, surgery, vascular access or positioning for new numbness, tingling, weakness, pallor/coolness or swelling; escalate sudden sensory/motor loss, severe pain out of proportion, absent pulses or other signs of acute neurovascular compromise.","NIC 2660 — Controle da Sensibilidade Periférica. Exemplos locais de atividades: estabelecer linha de base de sensibilidade, movimento, dor, percepção térmica e circulação na área/membro afetado e comparar lados quando apropriado; proteger áreas com sensibilidade reduzida contra pressão, fricção, objetos cortantes e calor/frio não monitorados e inspecionar pele regularmente; ensinar calçados seguros, posicionamento e inspeção diária de pele/pés quando a perda sensorial for persistente; reavaliar após gessos, órteses, cirurgia, acesso vascular ou posicionamento quanto a nova dormência, formigamento, fraqueza, palidez/frialdade ou edema; escalar perda sensitiva/motora súbita, dor intensa desproporcional, ausência de pulsos ou outros sinais de comprometimento neurovascular agudo.",Sensory-protection examples reviewed for neurovascular safety and rehabilitation scope.,https://www.nice.org.uk/guidance/ng252/chapter/Rehabilitation-to-maintain-improve-or-support-function,EVIDENCE_REVIEWED_AUTHOR_NEW_DRAFT
NIC,2870,Post-anaesthesia Care,Cuidados Pós-Anestesia,AUTHOR_NEW,STANDARD,,,,2,00464; 00465,Risk for impaired surgical recovery | Impaired surgical recovery,Risco de recuperação cirúrgica comprometida | Recuperação cirúrgica prejudicada,"NIC 2870 — Post-anaesthesia Care. Local example activities: receive structured handover on procedure, anaesthetic, airway, analgesia, fluids, blood loss, complications and comorbidities and verify postoperative orders; monitor airway patency, respiratory rate/effort, oxygenation, circulation, consciousness, pain, nausea/vomiting, temperature and surgical sites at recovery-appropriate intervals; maintain safe positioning and assist prescribed oxygen, fluids, analgesia/antiemetics and other recovery measures while reassessing response; check for bleeding, airway obstruction, hypoventilation, hypotension, severe pain, delirium or unexpected weakness; use clear discharge-from-recovery criteria and escalate instability rather than transferring prematurely.","NIC 2870 — Cuidados Pós-Anestesia. Exemplos locais de atividades: receber passagem estruturada sobre procedimento, anestesia, vias aéreas, analgesia, líquidos, perda sanguínea, complicações e comorbidades e confirmar prescrições pós-operatórias; monitorar permeabilidade das vias aéreas, frequência/esforço respiratório, oxigenação, circulação, consciência, dor, náuseas/vômitos, temperatura e sítios cirúrgicos em intervalos apropriados à recuperação; manter posicionamento seguro e auxiliar oxigênio, fluidos, analgesia/antieméticos e outras medidas prescritas, reavaliando resposta; verificar sangramento, obstrução de via aérea, hipoventilação, hipotensão, dor intensa, delirium ou fraqueza inesperada; usar critérios claros de alta da recuperação e escalar instabilidade em vez de transferir precocemente.",Post-anaesthesia monitoring examples aligned with NICE perioperative care.,https://www.nice.org.uk/guidance/ng180/chapter/Recommendations,EVIDENCE_REVIEWED_AUTHOR_NEW_DRAFT
NIC,3200,Aspiration Precautions,Precauções contra Aspiração,AUTHOR_NEW,HIGH,,,,1,00039,Risk for aspiration,Risco de aspiração,"NIC 3200 — Aspiration Precautions. Local example activities: identify aspiration risk and verify the current swallowing/feeding plan before oral intake; keep the person appropriately upright for eating and drinking and use prescribed textures, bolus sizes, pacing and assistance; supervise high-risk intake and monitor for cough, choking, wet voice, pocketing, respiratory change or reduced oxygenation; maintain good oral hygiene and secretion management; stop intake and seek urgent reassessment if aspiration, acute respiratory distress or an unsafe swallow is suspected.","NIC 3200 — Precauções contra Aspiração. Exemplos locais de atividades: identificar risco de aspiração e confirmar o plano atual de deglutição/alimentação antes da ingestão por via oral; manter a pessoa adequadamente sentada/ereta para comer e beber e utilizar consistências, volumes de bolo, ritmo e assistência prescritos; supervisionar a ingestão de alto risco e monitorar tosse, engasgo, voz molhada, acúmulo de alimento na boca, alteração respiratória ou queda da oxigenação; manter boa higiene oral e manejo de secreções; interromper a ingestão e solicitar reavaliação urgente se houver suspeita de aspiração, desconforto respiratório agudo ou deglutição insegura.",Evidence-reviewed locally authored example guidance; not verbatim or official NIC/NOC activity/indicator text. Checked for alignment with the current classification label and the linked diagnoses; avoids fixed numeric NOC targets unless clinically meaningful and preserves escalation/scope boundaries for high-risk care.,https://www.asha.org/practice-portal/clinical-topics/adult-dysphagia/,EVIDENCE_REVIEWED_HIGH_RISK_DRAFT
NIC,3250,Cough Enhancement,Melhora da Tosse,AUTHOR_NEW,STANDARD,,,,1,00031,Ineffective airway clearance,Desobstrução ineficaz das vias aéreas,"NIC 3250 — Cough Enhancement. Local example activities: assess cough strength, breath sounds, respiratory effort, secretion amount/viscosity and ability to clear sputum independently; optimize upright positioning and hydration when appropriate and coach supported huff/cough or deep-breathing techniques included in the person’s respiratory plan; assist mobilization and prescribed airway-clearance devices/physiotherapy and provide splinting/support after surgery when indicated; monitor fatigue, pain and oxygenation and allow rest between efforts; escalate ineffective clearance with increasing distress, hypoxaemia, exhaustion, haemoptysis or suspected airway obstruction.","NIC 3250 — Melhora da Tosse. Exemplos locais de atividades: avaliar força da tosse, sons respiratórios, esforço, quantidade/viscosidade das secreções e capacidade de eliminar escarro independentemente; otimizar posição ereta e hidratação quando apropriado e orientar técnicas de huff/tosse apoiada ou respiração profunda incluídas no plano respiratório; auxiliar mobilização e dispositivos/fisioterapia de higiene brônquica prescritos e oferecer suporte à incisão após cirurgia quando indicado; monitorar fadiga, dor e oxigenação e permitir repouso entre esforços; escalar eliminação ineficaz com aumento de desconforto, hipoxemia, exaustão, hemoptise ou suspeita de obstrução.",Respiratory safety reviewed against acute and perioperative guidance; local examples only.,https://www.nice.org.uk/guidance/cg50/chapter/recommendations | https://www.nice.org.uk/guidance/ng180/chapter/Recommendations,EVIDENCE_REVIEWED_AUTHOR_NEW_DRAFT
NIC,3350,Respiratory Monitoring,Monitoração Respiratória,RECOVERED_FACT_CHECK_REQUIRED,STANDARD,Respiratory Monitoring,"NIC 3350 — Respiratory Monitoring. Example activities: Monitor respiratory rate, effort, breath sounds, and oxygenation as indicated; document trends and changes.","NIC 3350 — Monitorização respiratória (English: Respiratory Monitoring). Exemplos de atividades: Monitorar frequência, esforço respiratório, sons respiratórios e oxigenação conforme indicado; registrar tendências e mudanças.",1,00030,Impaired gas exchange,Troca gasosa prejudicada,"NIC 3350 — Respiratory Monitoring. Local example activities: trend respiratory rate, depth and pattern, work of breathing, chest movement, breath sounds and oxygen saturation against baseline and the person’s target range; observe cough, sputum/secretions, ability to speak and mental status; increase observation frequency when findings worsen or after a respiratory intervention; check the response to prescribed oxygen, bronchodilator, positioning or airway-clearance measures; escalate new or increasing respiratory distress, cyanosis, exhaustion, altered consciousness or worsening oxygenation.","NIC 3350 — Monitoração Respiratória. Exemplos locais de atividades: acompanhar frequência, profundidade e padrão respiratório, esforço, movimento torácico, sons respiratórios e saturação de oxigênio em relação à linha de base e à meta individual; observar tosse, escarro/secreções, capacidade de falar e estado mental; aumentar a frequência das observações quando os achados piorarem ou após intervenção respiratória; verificar resposta ao oxigênio, broncodilatador, posicionamento ou medidas de higiene brônquica prescritos; escalar desconforto respiratório novo ou crescente, cianose, exaustão, alteração da consciência ou piora da oxigenação.","Recovered text was treated only as a candidate. This replacement was re-checked against the CURRENT code/label and linked diagnoses, then rewritten where needed for specificity, contemporary clinical practice, scope boundaries, observable evaluation, and safety. Locally authored example guidance; not verbatim or official NIC/NOC activity/indicator wording.",https://www.nice.org.uk/guidance/CG50/chapter/recommendations,EVIDENCE_REVIEWED_RECOVERED_OR_DRIFT_DRAFT
NIC,3390,Ventilation Assistance,Assistência Ventilatória,AUTHOR_NEW,HIGH,,,,4,00032; 00033; 00430; 00431,Ineffective breathing pattern | Impaired spontaneous ventilation | Impaired adult ventilatory weaning response | Impaired child ventilatory weaning response,Padrão respiratório ineficaz | Ventilação espontânea prejudicada | Resposta prejudicada ao desmame ventilatório em adultos | Resposta prejudicada ao desmame ventilatório em crianças,"NIC 3390 — Ventilation Assistance. Local example activities: assess respiratory rate, depth, pattern, chest movement, work of breathing, breath sounds and oxygenation and trend them against baseline; position the person to support ventilation and airway expansion when clinically appropriate; assist with prescribed oxygen, non-invasive or invasive ventilatory support and airway-clearance measures, checking interface fit, synchrony and tolerance; reassess after changes in support and monitor for fatigue, rising respiratory effort, altered mental state or worsening gas exchange; escalate promptly when ventilation is inadequate or deteriorating.","NIC 3390 — Assistência Ventilatória. Exemplos locais de atividades: avaliar frequência, profundidade e padrão respiratório, expansibilidade torácica, esforço respiratório, sons respiratórios e oxigenação e compará-los ao estado basal; posicionar a pessoa para favorecer ventilação e expansão das vias aéreas quando clinicamente apropriado; auxiliar no uso de oxigênio prescrito, suporte ventilatório não invasivo ou invasivo e medidas de higiene brônquica, verificando ajuste da interface, sincronia e tolerância; reavaliar após mudanças no suporte e monitorar fadiga, aumento do esforço respiratório, alteração do estado mental ou piora das trocas gasosas; escalar prontamente quando a ventilação estiver inadequada ou em deterioração.",Evidence-reviewed locally authored example guidance; not verbatim or official NIC/NOC activity/indicator text. Checked for alignment with the current classification label and the linked diagnoses; avoids fixed numeric NOC targets unless clinically meaningful and preserves escalation/scope boundaries for high-risk care.,https://www.nice.org.uk/guidance/CG50/chapter/recommendations,EVIDENCE_REVIEWED_HIGH_RISK_DRAFT
NIC,3520,Pressure Injury Care,Cuidados com Lesão por Pressão,AUTHOR_NEW,HIGH,,,,3,00287; 00312; 00313,Neonatal pressure injury | Adult pressure injury | Child pressure injury,Lesão por pressão neonatal | Lesão por pressão em adultos | Lesão por pressão infantil,"NIC 3520 — Pressure Injury Care. Local example activities: assess and document the wound and surrounding skin using the local pressure-injury classification system, including size, depth/visible tissue, exudate, odour, pain and skin changes; relieve pressure and shear with individualized repositioning, off-loading and an appropriate support surface; cleanse and apply dressings or topical treatment according to the wound-care plan; manage moisture/incontinence and address nutrition/hydration risks with the multidisciplinary team; monitor for spreading erythema, increasing pain, purulence, fever or other signs of infection and escalate deterioration.","NIC 3520 — Cuidados com Lesão por Pressão. Exemplos locais de atividades: avaliar e documentar a lesão e a pele ao redor utilizando o sistema local de classificação de lesão por pressão, incluindo tamanho, profundidade/tecido visível, exsudato, odor, dor e alterações cutâneas; aliviar pressão e cisalhamento com reposicionamento individualizado, descarga de pressão e superfície de suporte apropriada; limpar e aplicar coberturas ou tratamento tópico conforme o plano de cuidados da ferida; controlar umidade/incontinência e abordar riscos nutricionais e de hidratação com a equipe multiprofissional; monitorar eritema em expansão, aumento da dor, secreção purulenta, febre ou outros sinais de infecção e escalar a deterioração.",Evidence-reviewed locally authored example guidance; not verbatim or official NIC/NOC activity/indicator text. Checked for alignment with the current classification label and the linked diagnoses; avoids fixed numeric NOC targets unless clinically meaningful and preserves escalation/scope boundaries for high-risk care.,https://www.nice.org.uk/guidance/cg179/chapter/Recommendations | https://www.cdc.gov/infection-control/hcp/basics/standard-precautions.html,EVIDENCE_REVIEWED_HIGH_RISK_DRAFT
NIC,3540,Pressure Injury Prevention,Prevenção de Lesão por Pressão,AUTHOR_NEW,HIGH,,,,3,00286; 00288; 00304,Risk for child pressure injury | Risk for neonatal pressure injury | Risk for adult pressure injury,Risco de lesão por pressão em crianças | Risco de lesão por pressão neonatal | Risco de lesão por pressão em adultos,"NIC 3540 — Pressure Injury Prevention. Local example activities: assess pressure-injury risk and inspect skin, especially over pressure points and beneath devices; reposition or assist repositioning at an individualized frequency and use pressure-redistributing surfaces and heel/device off-loading as indicated; keep skin clean and appropriately dry while managing incontinence and excess moisture; minimize friction and shear during transfers and positioning; monitor nutrition, hydration and mobility risks and document the prevention plan and skin response.","NIC 3540 — Prevenção de Lesão por Pressão. Exemplos locais de atividades: avaliar risco de lesão por pressão e inspecionar a pele, especialmente sobre proeminências ósseas e sob dispositivos; reposicionar ou auxiliar o reposicionamento em frequência individualizada e utilizar superfícies de redistribuição de pressão e alívio de calcanhares/dispositivos quando indicado; manter a pele limpa e adequadamente seca, controlando incontinência e excesso de umidade; minimizar fricção e cisalhamento durante transferências e posicionamento; monitorar riscos relacionados à nutrição, hidratação e mobilidade e documentar o plano preventivo e a resposta da pele.",Evidence-reviewed locally authored example guidance; not verbatim or official NIC/NOC activity/indicator text. Checked for alignment with the current classification label and the linked diagnoses; avoids fixed numeric NOC targets unless clinically meaningful and preserves escalation/scope boundaries for high-risk care.,https://www.nice.org.uk/guidance/cg179/chapter/Recommendations,EVIDENCE_REVIEWED_HIGH_RISK_DRAFT
NIC,3590,Skin Surveillance,Supervisão da Pele,RECOVERED_FACT_CHECK_REQUIRED,STANDARD,Skin Surveillance,NIC 3590 — Skin Surveillance. Example activities: Inspect skin regularly; identify pressure/friction risks; document findings and implement protective measures.,NIC 3590 — Vigilância da pele (English: Skin Surveillance). Exemplos de atividades: Inspecionar a pele regularmente; identificar riscos de pressão/atrito; registrar achados e implementar medidas protetoras.,2,00047; 00248,Risk for impaired skin integrity | Risk for impaired tissue integrity,Risco de integridade da pele comprometida | Risco de integridade tecidual comprometida,"NIC 3590 — Skin Surveillance. Local example activities: inspect skin systematically with attention to pressure points, folds, device contact areas, wounds and sites exposed to moisture; assess colour/discolouration, temperature, moisture, firmness, pain and integrity and compare with previous findings, taking care not to rely only on redness in darker skin tones; identify pressure, friction, shear, incontinence and device-related risks and start protective measures; document location and change over time; escalate non-blanching discolouration, rapidly spreading inflammation, blistering, necrosis or suspected infection.","NIC 3590 — Supervisão da Pele. Exemplos locais de atividades: inspecionar a pele de forma sistemática com atenção a pontos de pressão, pregas, áreas de contato com dispositivos, feridas e locais expostos à umidade; avaliar cor/descoloração, temperatura, umidade, consistência, dor e integridade e comparar com achados prévios, evitando depender apenas de vermelhidão em tons de pele mais escuros; identificar riscos por pressão, fricção, cisalhamento, incontinência e dispositivos e iniciar medidas protetoras; documentar localização e evolução; escalar descoloração não branqueável, inflamação em rápida expansão, bolhas, necrose ou suspeita de infecção.","Recovered text was treated only as a candidate. This replacement was re-checked against the CURRENT code/label and linked diagnoses, then rewritten where needed for specificity, contemporary clinical practice, scope boundaries, observable evaluation, and safety. Locally authored example guidance; not verbatim or official NIC/NOC activity/indicator wording.",https://www.nice.org.uk/guidance/cg179/chapter/Recommendations,EVIDENCE_REVIEWED_RECOVERED_OR_DRIFT_DRAFT
NIC,3660,Wound Care,Cuidados com Feridas,RECOVERED_FACT_CHECK_REQUIRED,STANDARD,Wound Care,"NIC 3660 — Wound Care. Example activities: Assess wound characteristics; perform ordered care with aseptic technique; document appearance, drainage, and response.","NIC 3660 — Cuidados com feridas (English: Wound Care). Exemplos de atividades: Avaliar características da ferida; realizar cuidados prescritos com técnica asséptica; registrar aspecto, exsudato e resposta.",2,00044; 00046,Impaired tissue integrity | Impaired skin integrity,Integridade tecidual comprometida | Integridade da pele comprometida,"NIC 3660 — Wound Care. Local example activities: assess wound cause, location, dimensions, wound bed, edges, surrounding skin, exudate, odour and pain before treatment and trend healing over time; cleanse and perform the prescribed wound procedure using the required clean/aseptic technique; select/apply dressings according to the wound plan, exudate, pain and tissue needs rather than by habit; protect surrounding skin and address pressure, moisture and nutrition factors; escalate increasing pain, spreading erythema, purulent drainage, fever, tissue necrosis or failure to progress as expected.","NIC 3660 — Cuidados com Feridas. Exemplos locais de atividades: avaliar causa, localização, dimensões, leito, bordas, pele ao redor, exsudato, odor e dor antes do tratamento e acompanhar cicatrização ao longo do tempo; limpar e realizar o procedimento prescrito com a técnica limpa/asséptica exigida; selecionar/aplicar coberturas conforme o plano da ferida, exsudato, dor e necessidade do tecido, evitando escolha por hábito; proteger a pele ao redor e abordar fatores de pressão, umidade e nutrição; escalar aumento da dor, eritema em expansão, secreção purulenta, febre, necrose ou ausência de evolução esperada.","Recovered text was treated only as a candidate. This replacement was re-checked against the CURRENT code/label and linked diagnoses, then rewritten where needed for specificity, contemporary clinical practice, scope boundaries, observable evaluation, and safety. Locally authored example guidance; not verbatim or official NIC/NOC activity/indicator wording.",https://www.nice.org.uk/advice/esmpb2/chapter/key-points-from-the-evidence | https://www.nice.org.uk/guidance/cg179/chapter/Recommendations,EVIDENCE_REVIEWED_RECOVERED_OR_DRIFT_DRAFT
NIC,3900,Temperature Regulation,Regulação da Temperatura,RECOVERED_FACT_CHECK_REQUIRED,STANDARD,Temperature Regulation,NIC 3900 — Temperature Regulation. Example activities: Monitor temperature; adjust environmental measures and clothing/blankets; reassess response after interventions.,NIC 3900 — Regulação da temperatura (English: Temperature Regulation). Exemplos de atividades: Monitorar temperatura; ajustar medidas ambientais e roupas/cobertores; reavaliar resposta após as intervenções.,9,00007; 00008; 00274; 00471; 00472; 00473; 00474; 00476; 00490,Hyperthermia | Ineffective thermoregulation | Risk for ineffective thermoregulation | Risk for hyperthermia | Decreased body temperature | Risk for decreased body temperature | Decreased neonatal body temperature | Risk for decreased neonatal body temperature | Risk for decreased perioperative body temperature,Hipertermia | Termorregulação ineficaz | Risco de termorregulação ineficaz | Risco de hipertermia | Diminuição da temperatura corporal | Risco de diminuição da temperatura corporal | Diminuição da temperatura corporal neonatal | Risco de diminuição da temperatura corporal neonatal | Risco de diminuição da temperatura corporal perioperatória,"NIC 3900 — Temperature Regulation. Local example activities: measure temperature with an appropriate method and trend it with the person’s baseline, environment, activity and other vital signs; assess for chills, diaphoresis, skin changes, altered mental state and dehydration; adjust bedding, clothing and room conditions and provide prescribed warming/cooling or antipyretic measures appropriate to the cause; support fluids when clinically appropriate and monitor response rather than treating a number in isolation; escalate marked hypo/hyperthermia, persistent fever with deterioration or temperature change accompanied by shock, neurological signs or severe illness.","NIC 3900 — Regulação da Temperatura. Exemplos locais de atividades: medir temperatura com método apropriado e acompanhá-la em relação à linha de base, ambiente, atividade e demais sinais vitais; avaliar calafrios, sudorese, alterações cutâneas, estado mental e desidratação; ajustar roupas de cama, vestimentas e ambiente e aplicar medidas prescritas de aquecimento/resfriamento ou antitérmicos conforme a causa; apoiar ingestão de líquidos quando clinicamente apropriado e monitorar resposta em vez de tratar apenas um número; escalar hipo/hipertermia importante, febre persistente com deterioração ou mudança de temperatura associada a choque, sinais neurológicos ou doença grave.","Recovered text was treated only as a candidate. This replacement was re-checked against the CURRENT code/label and linked diagnoses, then rewritten where needed for specificity, contemporary clinical practice, scope boundaries, observable evaluation, and safety. Locally authored example guidance; not verbatim or official NIC/NOC activity/indicator wording.",https://www.nice.org.uk/guidance/CG50/chapter/recommendations,EVIDENCE_REVIEWED_RECOVERED_OR_DRIFT_DRAFT
NIC,4010,Bleeding Precautions,Precauções contra Sangramento,AUTHOR_NEW,HIGH,,,,1,00374,Risk for excessive bleeding,Risco de sangramento excessivo,"NIC 4010 — Bleeding Precautions. Local example activities: identify bleeding risk from the clinical history, medicines, procedures and relevant laboratory results available in the care plan; inspect skin, mucosa, urine, stool, drains and dressings for overt or occult bleeding and trend pulse, blood pressure and symptoms such as dizziness or weakness; minimize unnecessary trauma and use prolonged direct pressure after venepuncture or invasive procedures when appropriate; implement injury/fall precautions and safe oral/skin care for people at increased risk; report new or increasing bleeding, haemodynamic change, neurological symptoms or suspected internal bleeding urgently.","NIC 4010 — Precauções contra Sangramento. Exemplos locais de atividades: identificar o risco de sangramento pela história clínica, medicamentos, procedimentos e resultados laboratoriais relevantes disponíveis no plano de cuidados; inspecionar pele, mucosas, urina, fezes, drenos e curativos em busca de sangramento evidente ou oculto e acompanhar pulso, pressão arterial e sintomas como tontura ou fraqueza; minimizar traumas desnecessários e aplicar pressão direta prolongada após venopunção ou procedimentos invasivos quando apropriado; implementar precauções contra lesões/quedas e cuidados seguros com pele e cavidade oral em pessoas de maior risco; comunicar com urgência sangramento novo ou crescente, alteração hemodinâmica, sintomas neurológicos ou suspeita de hemorragia interna.",Evidence-reviewed locally authored example guidance; not verbatim or official NIC/NOC activity/indicator text. Checked for alignment with the current classification label and the linked diagnoses; avoids fixed numeric NOC targets unless clinically meaningful and preserves escalation/scope boundaries for high-risk care.,https://www.nice.org.uk/guidance/CG50/chapter/recommendations,EVIDENCE_REVIEWED_HIGH_RISK_DRAFT
NIC,4040,Cardiac Care,Cuidados Cardíacos,RECOVERED_FACT_CHECK_REQUIRED,STANDARD,Cardiac Care,NIC 4040 — Cardiac Care. Example activities: Monitor vital signs and symptoms; assess perfusion and response to activity; reinforce prescribed cardiac self-management.,NIC 4040 — Cuidados cardíacos (English: Cardiac Care). Exemplos de atividades: Monitorar sinais vitais e sintomas; avaliar perfusão e resposta à atividade; reforçar autogestão cardíaca prescrita.,1,00240,Risk for decreased cardiac output,Risco de diminuição do débito cardíaco,"NIC 4040 — Cardiac Care. Local example activities: assess symptoms, heart rate/rhythm, blood pressure, oxygenation, perfusion and exercise tolerance according to the cardiac condition and care plan; monitor for chest discomfort, dyspnoea, oedema, syncope and new activity intolerance; administer prescribed cardiac treatment and reassess physiological and symptom response; reinforce medicines, risk-factor modification, safe activity and cardiac-rehabilitation/self-management plans using teach-back; escalate acute chest pain, unstable rhythm, syncope, worsening heart-failure signs or haemodynamic deterioration.","NIC 4040 — Cuidados Cardíacos. Exemplos locais de atividades: avaliar sintomas, frequência/ritmo cardíaco, pressão arterial, oxigenação, perfusão e tolerância ao esforço conforme a condição cardíaca e o plano de cuidados; monitorar desconforto torácico, dispneia, edema, síncope e nova intolerância à atividade; administrar tratamento cardíaco prescrito e reavaliar resposta fisiológica e sintomática; reforçar medicamentos, redução de fatores de risco, atividade segura e plano de reabilitação/autocuidado cardíaco utilizando teach-back; escalar dor torácica aguda, ritmo instável, síncope, piora de sinais de insuficiência cardíaca ou deterioração hemodinâmica.","Recovered text was treated only as a candidate. This replacement was re-checked against the CURRENT code/label and linked diagnoses, then rewritten where needed for specificity, contemporary clinical practice, scope boundaries, observable evaluation, and safety. Locally authored example guidance; not verbatim or official NIC/NOC activity/indicator wording.",https://www.nice.org.uk/guidance/NG185/chapter/recommendations | https://www.ahrq.gov/health-literacy/improve/precautions/tool5.html,EVIDENCE_REVIEWED_RECOVERED_OR_DRIFT_DRAFT
NIC,4050,Cardiac Risk Management,Manejo do Risco Cardíaco,AUTHOR_NEW,STANDARD,,,,1,00311,Risk for impaired cardiovascular function,Risco de comprometimento da função cardiovascular,"NIC 4050 — Cardiac Risk Management. Local example activities: identify the person’s cardiovascular risk factors and existing disease, including blood pressure, lipids/glucose data, tobacco exposure, activity, diet, weight, family history and prescribed medicines; use the approved risk assessment available in the clinical setting when indicated and explain what the result means in absolute terms; support smoking cessation, healthy diet, regular activity and management of blood pressure, lipids and diabetes according to the individualized plan; use shared decision making and teach-back for preventive medicines and lifestyle priorities; review adherence, adverse effects and new symptoms and urgently escalate possible acute coronary or stroke symptoms.","NIC 4050 — Manejo do Risco Cardíaco. Exemplos locais de atividades: identificar fatores de risco cardiovascular e doença existente, incluindo pressão arterial, dados de lipídios/glicose, tabagismo, atividade, dieta, peso, história familiar e medicamentos prescritos; utilizar ferramenta aprovada de risco disponível no serviço quando indicada e explicar o significado do resultado em termos absolutos; apoiar cessação do tabagismo, alimentação saudável, atividade regular e controle de pressão, lipídios e diabetes conforme plano individual; utilizar decisão compartilhada e teach-back para medicamentos preventivos e prioridades de estilo de vida; revisar adesão, efeitos adversos e novos sintomas e escalar urgentemente possíveis sintomas coronarianos ou de AVC.",Reviewed against NICE cardiovascular risk and AHRQ teach-back principles.,https://www.nice.org.uk/guidance/ng238/chapter/recommendations | https://www.ahrq.gov/sites/default/files/publications/files/healthlittoolkit2_1.pdf,EVIDENCE_REVIEWED_AUTHOR_NEW_DRAFT
NIC,4062,Circulatory Care: Arterial Insufficiency,Cuidados Circulatórios: Insuficiência Arterial,AUTHOR_NEW,HIGH,,,,2,00204; 00228,Ineffective peripheral tissue perfusion | Risk for ineffective peripheral tissue perfusion,Perfusão tecidual periférica ineficaz | Risco de perfusão tecidual periférica ineficaz,"NIC 4062 — Circulatory Care: Arterial Insufficiency. Local example activities: assess limb colour, temperature, capillary refill, pulses, sensation, movement, pain pattern and skin/foot wounds and compare sides; protect feet and skin from pressure, trauma, constriction and unmonitored heat exposure; reinforce the prescribed walking/exercise programme and cardiovascular risk-reduction plan, including smoking cessation support where relevant; monitor wound healing and signs of infection; treat sudden severe limb pain, pallor/coolness, new sensory or motor loss or absent pulses as an urgent vascular deterioration requiring immediate escalation.","NIC 4062 — Cuidados Circulatórios: Insuficiência Arterial. Exemplos locais de atividades: avaliar coloração, temperatura, enchimento capilar, pulsos, sensibilidade, movimento, padrão de dor e feridas em pele/pés, comparando os membros; proteger pés e pele contra pressão, trauma, constrição e exposição a calor não monitorado; reforçar o programa prescrito de caminhada/exercícios e o plano de redução de risco cardiovascular, incluindo apoio para cessação do tabagismo quando pertinente; monitorar cicatrização de feridas e sinais de infecção; considerar dor intensa súbita no membro, palidez/frialdade, nova perda sensitiva ou motora ou ausência de pulsos como deterioração vascular urgente e escalar imediatamente.",Evidence-reviewed locally authored example guidance; not verbatim or official NIC/NOC activity/indicator text. Checked for alignment with the current classification label and the linked diagnoses; avoids fixed numeric NOC targets unless clinically meaningful and preserves escalation/scope boundaries for high-risk care.,https://www.nice.org.uk/guidance/cg147/chapter/recommendations,EVIDENCE_REVIEWED_HIGH_RISK_DRAFT
NIC,4120,Fluid Management,Controle de Líquidos,AUTHOR_NEW,STANDARD,,,,5,00026; 00370; 00420; 00421; 00492,Excessive fluid volume | Risk for excessive fluid volume | Risk for inadequate fluid volume | Inadequate fluid volume | Risk for impaired fluid volume balance,Volume excessivo de fluido | Risco de volume excessivo de fluidos | Risco de volume inadequado de fluidos | Volume de fluido inadequado | Risco de desequilíbrio do volume de fluidos,"NIC 4120 — Fluid Management. Local example activities: assess whether the immediate problem is fluid deficit, fluid excess or risk of imbalance using history, intake/output, weight trend, oedema, mucous membranes, orthostatic symptoms, blood pressure, heart rate, urine output and relevant laboratory findings; follow the prescribed oral/enteral/IV fluid plan and account for maintenance needs, ongoing losses and cardiac/renal limits; measure and document intake/output accurately when clinically required and reassess after each significant intervention; watch for both overload and under-replacement rather than applying a standard volume to everyone; escalate pulmonary oedema, shock/hypoperfusion, oliguria or rapid unexplained weight/fluid change.","NIC 4120 — Controle de Líquidos. Exemplos locais de atividades: avaliar se o problema imediato é déficit, excesso ou risco de desequilíbrio de líquidos utilizando história, balanço, tendência de peso, edema, mucosas, sintomas ortostáticos, pressão arterial, frequência cardíaca, diurese e exames relevantes; seguir plano prescrito de líquidos oral/enteral/IV considerando manutenção, perdas contínuas e limitações cardíacas/renais; medir/documentar ingestão/eliminação com precisão quando clinicamente necessário e reavaliar após cada intervenção significativa; observar tanto sobrecarga quanto reposição insuficiente em vez de aplicar volume padrão a todos; escalar edema pulmonar, choque/hipoperfusão, oligúria ou mudança rápida e inexplicada de peso/volume.",Fluid-management examples aligned with NICE CG174; no fixed fluid volumes are locally invented.,https://www.nice.org.uk/guidance/cg174/chapter/recommendations,EVIDENCE_REVIEWED_AUTHOR_NEW_DRAFT
NIC,4150,Haemodynamic Regulation,Regulação Hemodinâmica,AUTHOR_NEW,HIGH,,,,1,00362,Risk for imbalanced blood pressure,Risco de pressão arterial desequilibrada,"NIC 4150 — Haemodynamic Regulation. Local example activities: trend blood pressure, heart rate/rhythm, peripheral perfusion, mental status, urine output and other ordered haemodynamic parameters rather than relying on a single reading; assess fluid balance and signs of volume deficit or overload; administer prescribed fluids, vasoactive or antihypertensive therapies according to the care plan and reassess the physiological response after each intervention; reduce avoidable orthostatic stress and assist safe position changes when instability is present; escalate persistent hypotension, severe hypertension with symptoms, worsening perfusion or other signs of acute deterioration.","NIC 4150 — Regulação Hemodinâmica. Exemplos locais de atividades: acompanhar pressão arterial, frequência/ritmo cardíaco, perfusão periférica, estado mental, débito urinário e outros parâmetros hemodinâmicos prescritos, evitando basear decisões em uma única medida; avaliar balanço hídrico e sinais de déficit ou sobrecarga de volume; administrar fluidos, fármacos vasoativos ou anti-hipertensivos prescritos conforme o plano de cuidados e reavaliar a resposta fisiológica após cada intervenção; reduzir estresse ortostático evitável e auxiliar mudanças de posição com segurança quando houver instabilidade; escalar hipotensão persistente, hipertensão grave sintomática, piora da perfusão ou outros sinais de deterioração aguda.",Evidence-reviewed locally authored example guidance; not verbatim or official NIC/NOC activity/indicator text. Checked for alignment with the current classification label and the linked diagnoses; avoids fixed numeric NOC targets unless clinically meaningful and preserves escalation/scope boundaries for high-risk care.,https://www.nice.org.uk/guidance/CG50/chapter/recommendations | https://www.nice.org.uk/guidance/ng253/chapter/Managing-suspected-sepsis,EVIDENCE_REVIEWED_HIGH_RISK_DRAFT
NIC,4250,Shock Management,Controle do Choque,AUTHOR_NEW,HIGH,,,,1,00205,Risk for shock,Risco de choque,"NIC 4250 — Shock Management. Local example activities: recognize and trend signs of impaired perfusion such as hypotension, tachycardia, altered mental state, cool/mottled skin, delayed capillary refill and reduced urine output; rapidly assess airway, breathing, circulation and likely cause while activating the local emergency/critical-care pathway; establish monitoring and assist with prescribed oxygen, vascular access, fluids, blood products or vasoactive therapy appropriate to the cause; reassess perfusion and vital signs after each intervention and avoid unmonitored repeated fluid loading; escalate immediately for persistent hypoperfusion or deterioration.","NIC 4250 — Controle do Choque. Exemplos locais de atividades: reconhecer e acompanhar sinais de perfusão inadequada, como hipotensão, taquicardia, alteração do estado mental, pele fria/moteada, enchimento capilar prolongado e redução do débito urinário; avaliar rapidamente vias aéreas, respiração, circulação e provável causa enquanto se aciona o protocolo local de emergência/terapia intensiva; estabelecer monitorização e auxiliar no uso prescrito de oxigênio, acesso vascular, fluidos, hemocomponentes ou terapia vasoativa apropriada à causa; reavaliar perfusão e sinais vitais após cada intervenção e evitar reposições repetidas de volume sem monitorização; escalar imediatamente diante de hipoperfusão persistente ou deterioração.",Evidence-reviewed locally authored example guidance; not verbatim or official NIC/NOC activity/indicator text. Checked for alignment with the current classification label and the linked diagnoses; avoids fixed numeric NOC targets unless clinically meaningful and preserves escalation/scope boundaries for high-risk care.,https://www.nice.org.uk/guidance/ng253/chapter/Managing-suspected-sepsis | https://www.nice.org.uk/guidance/CG50/chapter/recommendations,EVIDENCE_REVIEWED_HIGH_RISK_DRAFT
NIC,4370,Impulse Control Training,Treinamento para Controle de Impulsos,AUTHOR_NEW,STANDARD,,,,1,00222,Ineffective impulse control,Controle de impulsos ineficaz,"NIC 4370 — Impulse Control Training. Local example activities: identify the situations, emotions, bodily cues and consequences that precede impulsive behaviour and distinguish impulsivity from acute intoxication, delirium, mania, psychosis or imminent violence; agree on a small number of concrete pause-and-plan strategies such as leaving a triggering situation, delaying action, grounding, contacting support or using a written coping plan; rehearse the strategy in low-risk situations and reinforce successful use rather than shaming lapses; reduce access to specific hazards when risk is elevated and coordinate the mental-health/behavioural plan; escalate imminent harm to self or others or severe behavioural deterioration.","NIC 4370 — Treinamento para Controle de Impulsos. Exemplos locais de atividades: identificar situações, emoções, sinais corporais e consequências que antecedem comportamento impulsivo e diferenciar impulsividade de intoxicação aguda, delirium, mania, psicose ou violência iminente; pactuar poucas estratégias concretas de pausar e planejar, como afastar-se do gatilho, adiar a ação, usar aterramento, contatar apoio ou plano escrito de enfrentamento; ensaiar a estratégia em situações de baixo risco e reforçar uso bem-sucedido sem envergonhar recaídas; reduzir acesso a perigos específicos quando o risco estiver elevado e coordenar plano de saúde mental/comportamental; escalar risco iminente de dano a si ou outros ou deterioração comportamental grave.","Reviewed for de-escalation, safety and mental-health scope; local examples only.",https://www.nice.org.uk/guidance/ng10/chapter/recommendations | https://www.who.int/news-room/fact-sheets/detail/mental-health-strengthening-our-response,EVIDENCE_REVIEWED_AUTHOR_NEW_DRAFT
NIC,4480,Self-Responsibility Facilitation,Facilitação da Autorresponsabilidade,AUTHOR_NEW,STANDARD,,,,4,00276; 00292; 00369; 00395,Ineffective health self-management | Ineffective health maintenance behaviours | Risk for ineffective health self-management | Risk for ineffective health maintenance behaviours,Autogestão ineficaz da saúde | Comportamentos ineficazes de manutenção da saúde | Risco de autogestão ineficaz da saúde | Risco de comportamentos ineficazes de manutenção da saúde,"NIC 4480 — Self-Responsibility Facilitation. Local example activities: ask what health goals matter to the person and what parts of daily management they currently control; identify barriers such as symptoms, cost, literacy, cognition, access, competing responsibilities or treatment burden rather than labelling non-adherence as irresponsibility; support the person to choose one or two specific self-management actions and create reminders, routines or monitoring that fit daily life; use teach-back/show-me and shared decision making so responsibilities are understood and genuinely agreed; review progress without blame and connect to practical, social or professional support when barriers cannot be solved individually.","NIC 4480 — Facilitação da Autorresponsabilidade. Exemplos locais de atividades: perguntar quais objetivos de saúde importam à pessoa e quais partes do manejo diário ela controla atualmente; identificar barreiras como sintomas, custo, letramento, cognição, acesso, responsabilidades concorrentes ou carga terapêutica em vez de rotular não adesão como irresponsabilidade; apoiar escolha de uma ou duas ações específicas de autocuidado e criar lembretes, rotinas ou monitoramento compatíveis com a vida diária; utilizar teach-back/show-me e decisão compartilhada para que responsabilidades sejam compreendidas e realmente acordadas; revisar progresso sem culpa e conectar a apoio prático, social ou profissional quando barreiras não puderem ser resolvidas individualmente.",Self-management examples aligned with teach-back and shared decision making.,https://www.ahrq.gov/sites/default/files/publications/files/healthlittoolkit2_1.pdf | https://www.nice.org.uk/guidance/ng197/chapter/recommendations,EVIDENCE_REVIEWED_AUTHOR_NEW_DRAFT
NIC,4514,Substance Use Treatment: Drug Withdrawal,Tratamento do Uso de Substâncias: Abstinência de Drogas,AUTHOR_NEW,HIGH,,,,2,00258; 00259,Acute substance withdrawal syndrome | Risk for acute substance withdrawal syndrome,síndrome de abstinência aguda de substâncias | Risco de síndrome de abstinência aguda de substâncias,"NIC 4514 — Substance Use Treatment: Drug Withdrawal. Local example activities: identify the substance, timing and amount of recent use and previous severe withdrawal, seizures or delirium; use the validated withdrawal assessment and monitoring schedule specified by the local protocol and trend vital signs, orientation, agitation, tremor, sweating, nausea and perceptual disturbance; provide a calm environment, hydration/nutrition support and seizure/fall precautions as appropriate; administer prescribed withdrawal medicines and reassess response and oversedation; escalate seizures, delirium, severe autonomic instability or worsening mental status and link withdrawal management to ongoing treatment for the substance-use disorder.","NIC 4514 — Tratamento do Uso de Substâncias: Abstinência de Drogas. Exemplos locais de atividades: identificar a substância, o horário e a quantidade do uso recente e antecedentes de abstinência grave, convulsões ou delirium; utilizar a avaliação validada de abstinência e o esquema de monitorização definidos pelo protocolo local e acompanhar sinais vitais, orientação, agitação, tremores, sudorese, náuseas e alterações perceptivas; oferecer ambiente calmo, apoio à hidratação/nutrição e precauções contra convulsões/quedas quando apropriado; administrar medicamentos prescritos para abstinência e reavaliar resposta e sedação excessiva; escalar convulsões, delirium, instabilidade autonômica grave ou piora do estado mental e vincular o manejo da abstinência ao tratamento continuado do transtorno por uso de substâncias.",Evidence-reviewed locally authored example guidance; not verbatim or official NIC/NOC activity/indicator text. Checked for alignment with the current classification label and the linked diagnoses; avoids fixed numeric NOC targets unless clinically meaningful and preserves escalation/scope boundaries for high-risk care.,https://www.asam.org/quality-care/clinical-guidelines/alcohol-withdrawal-management-guideline,EVIDENCE_REVIEWED_HIGH_RISK_DRAFT
NIC,4720,Cognitive Stimulation,Estimulação Cognitiva,RECOVERED_FACT_CHECK_REQUIRED,STANDARD,Cognitive Stimulation,NIC 4720 — Cognitive Stimulation. Example activities: Provide structured orientation or cognitive tasks matched to ability; reduce distractions; reinforce successful responses.,NIC 4720 — Estimulação cognitiva (English: Cognitive Stimulation). Exemplos de atividades: Oferecer tarefas estruturadas de orientação/cognição compatíveis com a capacidade; reduzir distrações; reforçar respostas bem-sucedidas.,1,00493,Disrupted thought processes,Processos de pensamento interrompidos,"NIC 4720 — Cognitive Stimulation. Local example activities: identify the person’s cognitive strengths, sensory needs, interests and usual routines before choosing activities; provide meaningful orientation, conversation, reminiscence or problem-solving activities at a level that supports success rather than frustration; reduce unnecessary distractions and use glasses/hearing aids or communication supports when needed; encourage social and leisure participation and preserve choice; monitor for fatigue, agitation or sudden cognitive change and stop/escalate when the presentation suggests delirium or other acute illness.","NIC 4720 — Estimulação Cognitiva. Exemplos locais de atividades: identificar pontos fortes cognitivos, necessidades sensoriais, interesses e rotinas habituais antes de escolher atividades; oferecer orientação, conversa, reminiscência ou resolução de problemas significativas em nível que favoreça sucesso e não frustração; reduzir distrações desnecessárias e utilizar óculos/aparelhos auditivos ou apoios de comunicação quando necessários; estimular participação social e de lazer preservando escolhas; monitorar fadiga, agitação ou mudança cognitiva súbita e interromper/escalar quando a apresentação sugerir delirium ou outra doença aguda.","Recovered text was treated only as a candidate. This replacement was re-checked against the CURRENT code/label and linked diagnoses, then rewritten where needed for specificity, contemporary clinical practice, scope boundaries, observable evaluation, and safety. Locally authored example guidance; not verbatim or official NIC/NOC activity/indicator wording.",https://www.nice.org.uk/guidance/ng97/chapter/Recommendations | https://www.who.int/en/news-room/fact-sheets/detail/dementia,EVIDENCE_REVIEWED_RECOVERED_OR_DRIFT_DRAFT
NIC,4760,Memory Training,Treinamento da Memória,RECOVERED_FACT_CHECK_REQUIRED,STANDARD,Memory Training,"NIC 4760 — Memory Training. Example activities: Use repetition, cues, calendars or written reminders; practice recall of relevant information; review effectiveness.","NIC 4760 — Treinamento da memória (English: Memory Training). Exemplos de atividades: Usar repetição, pistas, calendário ou lembretes escritos; praticar recordação de informações relevantes; revisar eficácia.",1,00131,Impaired memory,Memória prejudicada,"NIC 4760 — Memory Training. Local example activities: identify the specific everyday memory tasks the person wants or needs to improve; use practical external aids such as calendars, labelled storage, written routines, alarms or phone reminders and practise one strategy consistently; use repetition, spaced review and cueing for personally relevant information while avoiding infantilising drills; involve caregivers with consent so prompts are consistent and independence is preserved; reassess whether the strategy improves function and refer sudden or progressive memory decline for appropriate assessment.","NIC 4760 — Treinamento da Memória. Exemplos locais de atividades: identificar quais tarefas cotidianas de memória a pessoa deseja ou precisa melhorar; utilizar apoios externos práticos como calendários, locais identificados, rotinas escritas, alarmes ou lembretes no telefone e praticar uma estratégia de forma consistente; usar repetição, revisão espaçada e pistas para informações relevantes à pessoa, evitando exercícios infantilizantes; envolver cuidadores com consentimento para manter pistas consistentes e preservar independência; reavaliar se a estratégia melhora a função e encaminhar declínio de memória súbito ou progressivo para avaliação adequada.","Recovered text was treated only as a candidate. This replacement was re-checked against the CURRENT code/label and linked diagnoses, then rewritten where needed for specificity, contemporary clinical practice, scope boundaries, observable evaluation, and safety. Locally authored example guidance; not verbatim or official NIC/NOC activity/indicator wording.",https://www.who.int/en/news-room/fact-sheets/detail/dementia,EVIDENCE_REVIEWED_RECOVERED_OR_DRIFT_DRAFT
NIC,4820,Reality Orientation,Orientação para a Realidade,AUTHOR_NEW,STANDARD,,,,1,00173,Risk for acute confusion,Risco de confusão aguda,"NIC 4820 — Reality Orientation. Local example activities: use frequent calm orientation to person, place, time and current situation while avoiding confrontation over incorrect beliefs; keep clocks, calendars, lighting, familiar objects and the daily plan visible and ensure glasses and hearing aids are available; introduce staff, explain each intervention and maintain consistent routines and environment when possible; involve familiar carers appropriately and use short, clear statements and reassurance; treat sudden or fluctuating disorientation as possible delirium and investigate and escalate the underlying cause rather than relying on orientation alone.","NIC 4820 — Orientação para a Realidade. Exemplos locais de atividades: usar orientação frequente e calma sobre pessoa, local, tempo e situação atual evitando confronto sobre crenças incorretas; manter relógio, calendário, iluminação, objetos familiares e plano diário visíveis e garantir óculos e aparelhos auditivos disponíveis; apresentar profissionais, explicar cada intervenção e manter rotinas e ambiente consistentes quando possível; envolver cuidadores familiares adequadamente e usar frases curtas, claras e tranquilizadoras; tratar desorientação súbita ou flutuante como possível delirium e investigar e escalar a causa em vez de depender apenas da reorientação.",Reality-orientation examples fact-checked against delirium/dementia guidance; avoids confrontation.,https://www.nice.org.uk/guidance/cg103/chapter/Recommendations | https://www.nice.org.uk/guidance/ng97/chapter/Recommendations,EVIDENCE_REVIEWED_AUTHOR_NEW_DRAFT
NIC,4976,Communication Enhancement: Speech Deficit,Melhora da Comunicação: Déficit da Fala,AUTHOR_NEW,STANDARD,,,,3,00051; 00368; 00434,Impaired verbal communication | Readiness for enhanced verbal communication | Risk for impaired verbal communication,Comunicação verbal prejudicada | Prontidão para uma comunicação verbal aprimorada | Risco de comprometimento da comunicação verbal,"NIC 4976 — Communication Enhancement: Speech Deficit. Local example activities: identify whether the speech deficit is dysarthria, aphasia, apraxia, voice impairment or another communication problem and follow the speech-language plan rather than assuming the same strategy fits all; gain attention, reduce background noise, allow extra response time and confirm the intended message; support speech with writing, gesture, drawing, pictures, alphabet or communication boards or electronic AAC selected for the person; coach communication partners to use yes/no or choice questions only when helpful and to verify rather than pretend understanding; refer sudden speech/language change urgently and persistent deficits to speech-language therapy.","NIC 4976 — Melhora da Comunicação: Déficit da Fala. Exemplos locais de atividades: identificar se o déficit de fala é disartria, afasia, apraxia, alteração vocal ou outro problema de comunicação e seguir plano fonoaudiológico em vez de presumir que a mesma estratégia serve para todos; obter atenção, reduzir ruído de fundo, permitir tempo extra de resposta e confirmar a mensagem pretendida; apoiar fala com escrita, gestos, desenhos, figuras, pranchas de letras ou comunicação ou CAA eletrônica selecionada para a pessoa; orientar parceiros a usar perguntas sim/não ou alternativas apenas quando úteis e a confirmar em vez de fingir compreensão; encaminhar alteração súbita de fala ou linguagem com urgência e déficits persistentes à fonoaudiologia.",Communication strategies aligned with ASHA practice portals; local examples only.,https://www.asha.org/practice-portal/clinical-topics/dysarthria-in-adults/ | https://www.asha.org/practice-portal/clinical-topics/aphasia/,EVIDENCE_REVIEWED_AUTHOR_NEW_DRAFT
NIC,5100,Socialization Enhancement,Melhora da Socialização,AUTHOR_NEW,STANDARD,,,,5,00052; 00335; 00376; 00383; 00475,Impaired social interaction | Risk for excessive loneliness | Readiness for enhanced social comfort | Inadequate social connectedness | Excessive loneliness,Interação social prejudicada | Risco de solidão excessiva | Prontidão para maior conforto social | Conexões sociais inadequadas | Solidão excessiva,"NIC 5100 — Socialization Enhancement. Local example activities: ask which relationships and social activities are meaningful to the person and whether loneliness reflects too little contact, poor-quality contact or difficulty participating; identify communication, mobility, anxiety, stigma, transport, financial or accessibility barriers; support small, chosen opportunities for contact such as a trusted person, peer group, community activity or accessible digital connection rather than forcing social exposure; practise communication or social skills when the person wants this and link to community resources; evaluate whether connection and comfort improve and screen persistent severe loneliness for depression, abuse or other safety concerns.","NIC 5100 — Melhora da Socialização. Exemplos locais de atividades: perguntar quais relacionamentos e atividades sociais são significativos e se a solidão decorre de pouco contato, contato de baixa qualidade ou dificuldade de participação; identificar barreiras de comunicação, mobilidade, ansiedade, estigma, transporte, finanças ou acessibilidade; apoiar pequenas oportunidades escolhidas de contato, como pessoa de confiança, grupo de pares, atividade comunitária ou conexão digital acessível, em vez de forçar exposição social; praticar habilidades de comunicação ou sociais quando desejado e conectar a recursos comunitários; avaliar melhora da conexão e conforto e rastrear solidão grave persistente para depressão, abuso ou outros riscos.",Socialization examples aligned with WHO social-connection work.,https://www.who.int/health-topics/ageing/reducing-social-isolation-and-loneliness-among-older-people,EVIDENCE_REVIEWED_AUTHOR_NEW_DRAFT
NIC,5220,Body Image Enhancement,Melhora da Imagem Corporal,RECOVERED_FACT_CHECK_REQUIRED,STANDARD,Body Image Enhancement,NIC 5220 — Body Image Enhancement. Example activities: Explore body-image concerns; support expression and realistic coping; reinforce function and identity beyond appearance.,NIC 5220 — Aprimoramento da imagem corporal (English: Body Image Enhancement). Exemplos de atividades: Explorar preocupações com imagem corporal; apoiar expressão e enfrentamento realista; reforçar função e identidade além da aparência.,1,00497,Disrupted body image,Imagem corporal distorcida,"NIC 5220 — Body Image Enhancement. Local example activities: ask how illness, injury, surgery or body change affects identity, relationships, sexuality and daily life without assuming the person is distressed; invite expression of feelings and preferences and use the person’s own language for their body; support achievable participation in grooming, clothing, rehabilitation or self-care that restores control and function; correct misinformation and offer peer, psychological, rehabilitation or specialist support when wanted; assess for severe distress, avoidance, disordered eating or self-harm concerns that require escalation.","NIC 5220 — Melhora da Imagem Corporal. Exemplos locais de atividades: perguntar como doença, lesão, cirurgia ou mudança corporal afeta identidade, relacionamentos, sexualidade e vida diária sem presumir sofrimento; favorecer expressão de sentimentos e preferências e utilizar a linguagem escolhida pela pessoa para falar do corpo; apoiar participação possível em autocuidado, roupas, higiene/aparência ou reabilitação que devolva controle e função; corrigir informações equivocadas e oferecer apoio de pares, psicológico, de reabilitação ou especializado quando desejado; avaliar sofrimento intenso, evitação, transtorno alimentar ou preocupação com autolesão que exija escalonamento.","Recovered text was treated only as a candidate. This replacement was re-checked against the CURRENT code/label and linked diagnoses, then rewritten where needed for specificity, contemporary clinical practice, scope boundaries, observable evaluation, and safety. Locally authored example guidance; not verbatim or official NIC/NOC activity/indicator wording.",https://www.who.int/news-room/fact-sheets/detail/self-care-health-interventions | https://www.who.int/teams/sexual-and-reproductive-health-and-research/key-areas-of-work/sexual-health/defining-sexual-health,EVIDENCE_REVIEWED_RECOVERED_OR_DRIFT_DRAFT
NIC,5230,Coping Enhancement,Melhora do Enfrentamento,RECOVERED_FACT_CHECK_REQUIRED,STANDARD,Coping Enhancement,NIC 5230 — Coping Enhancement. Example activities: Identify existing coping strategies and supports; strengthen problem-solving; agree on one manageable next step.,NIC 5230 — Aprimoramento do enfrentamento (English: Coping Enhancement). Exemplos de atividades: Identificar estratégias e apoios existentes; fortalecer resolução de problemas; pactuar um próximo passo manejável.,5,00141; 00145; 00158; 00390; 00405,Post-trauma syndrome | Risk for post-trauma syndrome | Readiness for enhanced coping | Excessive fear | Maladaptive coping,Síndrome pós-traumática | Risco de síndrome pós-traumática | Prontidão para um enfrentamento aprimorado | Medo excessivo | Enfrentamento desadaptativo,"NIC 5230 — Coping Enhancement. Local example activities: identify current stressors, previous coping strategies, strengths, values and available support; distinguish strategies that help from those that worsen risk or functioning; break immediate problems into manageable steps and practise one or two coping actions the person chooses, such as problem-solving, relaxation, social connection or structured activity; strengthen access to family/community/professional support with consent; reassess functioning and escalate hopelessness, inability to cope safely, self-harm risk or significant deterioration.","NIC 5230 — Melhora do Enfrentamento. Exemplos locais de atividades: identificar estressores atuais, estratégias prévias de enfrentamento, pontos fortes, valores e apoios disponíveis; distinguir estratégias que ajudam daquelas que aumentam risco ou pioram a função; dividir problemas imediatos em etapas manejáveis e praticar uma ou duas ações escolhidas pela pessoa, como resolução de problemas, relaxamento, conexão social ou atividade estruturada; fortalecer acesso a apoio familiar/comunitário/profissional com consentimento; reavaliar funcionamento e escalar desesperança, incapacidade de lidar com segurança, risco de autolesão ou deterioração importante.","Recovered text was treated only as a candidate. This replacement was re-checked against the CURRENT code/label and linked diagnoses, then rewritten where needed for specificity, contemporary clinical practice, scope boundaries, observable evaluation, and safety. Locally authored example guidance; not verbatim or official NIC/NOC activity/indicator wording.",https://www.nice.org.uk/guidance/cg113/chapter/Recommendations | https://www.who.int/activities/reducing-social-isolation-and-loneliness-among-older-people,EVIDENCE_REVIEWED_RECOVERED_OR_DRIFT_DRAFT
NIC,5240,Counselling,Aconselhamento,AUTHOR_NEW,STANDARD,,,,3,00445; 00446; 00449,Risk for ineffective intimate partner relationship | Readiness for enhanced intimate partner relationship | Ineffective intimate relationship,Risco de relacionamento íntimo ineficaz | Prontidão para um relacionamento íntimo mais profundo | relacionamento íntimo ineficaz,"NIC 5240 — Counselling. Local example activities: create a private, non-judgmental space for the person or couple to identify the relationship issue, goals and what each person is willing to discuss; assess communication patterns, expectations, stressors, intimacy, caregiving burden and safety, including coercion or violence, before framing the issue as a mutual relationship problem; support active listening, clear requests, boundaries and collaborative problem solving when both parties can participate safely; avoid couple-focused counselling when abuse or coercive control makes joint work unsafe and follow safeguarding pathways; refer persistent complex conflict, sexual-health or mental-health concerns to appropriate specialists.","NIC 5240 — Aconselhamento. Exemplos locais de atividades: criar espaço privado e não julgador para a pessoa ou casal identificar questão relacional, objetivos e o que cada um aceita discutir; avaliar padrões de comunicação, expectativas, estressores, intimidade, sobrecarga de cuidado e segurança, incluindo coerção ou violência, antes de enquadrar a questão como problema do casal; apoiar escuta ativa, pedidos claros, limites e resolução colaborativa quando ambos puderem participar com segurança; evitar aconselhamento conjunto quando abuso ou controle coercitivo tornar o trabalho inseguro e seguir fluxos de proteção; encaminhar conflito complexo persistente, questões de saúde sexual ou mental para especialistas apropriados.","Counselling examples reviewed for shared decision making, coercion and violence safety.",https://www.nice.org.uk/guidance/ng197/chapter/recommendations | https://www.nice.org.uk/guidance/ng10/chapter/recommendations,EVIDENCE_REVIEWED_AUTHOR_NEW_DRAFT
NIC,5244,Breastfeeding Counselling,Aconselhamento sobre Amamentação,AUTHOR_NEW,HIGH,,,,9,00333; 00334; 00347; 00371; 00382; 00406; 00461; 00462; 00479,Inadequate human milk production | Risk for inadequate human milk production | Disrupted exclusive chestfeeding | Ineffective chestfeeding | Risk for disrupted exclusive chestfeeding | Risk for ineffective chestfeeding | Impaired nipple-areolar complex integrity | Risk for impaired nipple-areolar complex integrity | Readiness for enhanced chestfeeding,Produção inadequada de leite humano | Risco de produção inadequada de leite materno | Interrupção do aleitamento materno exclusivo | amamentação ineficaz | Risco de interrupção do aleitamento materno exclusivo | Risco de amamentação ineficaz | Integridade comprometida do complexo aréolo-mamilar | Risco de comprometimento da integridade do complexo aréolo-mamilar | Prontidão para amamentação aprimorada,"NIC 5244 — Breastfeeding Counselling. Local example activities: ask about the parent’s feeding goals, concerns, pain, breast/nipple symptoms and the infant’s feeding/output history without judgement; observe a feed when possible and coach comfortable positioning, deep attachment and responsive feeding according to the dyad’s needs; assess signs of milk transfer and infant hydration/growth and teach hand expression or milk-expression strategies when indicated; protect milk supply during separation or feeding difficulty and avoid unnecessary supplementation while recognizing when supplementation is medically indicated; arrange timely skilled lactation or medical review for persistent pain, poor transfer, inadequate output/weight gain or infant/maternal illness.","NIC 5244 — Aconselhamento sobre Amamentação. Exemplos locais de atividades: perguntar, sem julgamento, sobre objetivos de alimentação, preocupações, dor, sintomas mamários/mamilares e histórico de mamadas e eliminações do lactente; observar uma mamada quando possível e orientar posicionamento confortável, pega profunda e alimentação responsiva conforme as necessidades da díade; avaliar sinais de transferência de leite e hidratação/crescimento do lactente e ensinar ordenha manual ou estratégias de extração quando indicadas; proteger a produção de leite durante separação ou dificuldade alimentar e evitar suplementação desnecessária, reconhecendo quando ela é clinicamente indicada; organizar avaliação oportuna por profissional capacitado em lactação ou equipe médica diante de dor persistente, transferência inadequada, baixa eliminação/ganho ponderal ou doença materna/infantil.",Evidence-reviewed locally authored example guidance; not verbatim or official NIC/NOC activity/indicator text. Checked for alignment with the current classification label and the linked diagnoses; avoids fixed numeric NOC targets unless clinically meaningful and preserves escalation/scope boundaries for high-risk care.,https://www.who.int/publications/i/item/9789240032323 | https://www.who.int/publications/i/item/9789240122109 | https://www.who.int/news-room/fact-sheets/detail/infant-and-young-child-feeding,EVIDENCE_REVIEWED_HIGH_RISK_DRAFT
NIC,5248,Sexual Counselling,Aconselhamento Sexual,REWRITE_VERIFY_LABEL_DRIFT,STANDARD,Sexual Counseling,"NIC 5248 — Sexual Counseling. Example activities: Provide a private, nonjudgmental assessment; identify concerns; give evidence-based information and discuss referral when needed.",NIC 5248 — Aconselhamento sexual (English: Sexual Counseling). Exemplos de atividades: Oferecer avaliação privada e sem julgamentos; identificar preocupações; fornecer informação baseada em evidências e discutir encaminhamento quando necessário.,1,00386,Impaired sexual function,Disfunção sexual,"NIC 5248 — Sexual Counselling. Local example activities: offer a private, respectful and inclusive opportunity to discuss sexual concerns using neutral language and without assumptions about partner, gender, orientation, practices or goals; assess whether symptoms, medicines, illness, pain, fertility/reproductive concerns, relationship factors, coercion or safety issues are relevant; provide evidence-based information within competence and support informed choices about safer sex, comfort, contraception or adaptations when applicable; respect the person’s right not to discuss sexuality and obtain consent before sensitive examination/referral; arrange specialist sexual-health, pelvic-health, psychological or medical review when the concern is outside scope or persistent.","NIC 5248 — Aconselhamento Sexual. Exemplos locais de atividades: oferecer oportunidade privada, respeitosa e inclusiva para discutir preocupações sexuais com linguagem neutra e sem presumir parceiro, gênero, orientação, práticas ou objetivos; avaliar se sintomas, medicamentos, doença, dor, questões de fertilidade/reprodução, relacionamento, coerção ou segurança são relevantes; fornecer informações baseadas em evidências dentro da competência e apoiar escolhas informadas sobre sexo seguro, conforto, contracepção ou adaptações quando aplicável; respeitar o direito de não discutir sexualidade e obter consentimento antes de exame/encaminhamento sensível; organizar avaliação em saúde sexual, saúde pélvica, psicologia ou medicina quando a questão estiver fora do escopo ou persistir.","Recovered text was treated only as a candidate. This replacement was re-checked against the CURRENT code/label and linked diagnoses, then rewritten where needed for specificity, contemporary clinical practice, scope boundaries, observable evaluation, and safety. Locally authored example guidance; not verbatim or official NIC/NOC activity/indicator wording.",https://www.who.int/teams/sexual-and-reproductive-health-and-research/key-areas-of-work/sexual-health/defining-sexual-health,EVIDENCE_REVIEWED_RECOVERED_OR_DRIFT_DRAFT
NIC,5250,Decision-Making Support,Apoio à Tomada de Decisão,AUTHOR_NEW,STANDARD,,,,5,00184; 00242; 00243; 00244; 00429,Readiness for enhanced decision-making | Impaired emancipated decision-making | Readiness for enhanced emancipated decision-making | Risk for impaired emancipated decision-making | Impaired decision-making,Preparação para uma tomada de decisão aprimorada | Comprometimento da capacidade de tomar decisões emancipadas | Prontidão para uma tomada de decisão emancipada aprimorada | Risco de comprometimento na tomada de decisões emancipadas | Comprometimento na tomada de decisões,"NIC 5250 — Decision-Making Support. Local example activities: clarify the specific decision and whether it is urgent, reversible and preference-sensitive; assess what information and communication support the person needs and presume and enable participation rather than substituting another person’s choice; present reasonable options, including no change when relevant, with balanced benefits, harms and uncertainties and explore what matters most to the person; use decision aids, interpreters, visual supports or trusted supporters with consent and check understanding using teach-back; document the person’s preference and decision process and follow the applicable capacity/best-interests framework only when decision-specific capacity is actually impaired.","NIC 5250 — Apoio à Tomada de Decisão. Exemplos locais de atividades: clarificar a decisão específica e se é urgente, reversível e sensível a preferências; avaliar quais informações e apoio de comunicação a pessoa precisa e presumir e facilitar participação em vez de substituir sua escolha; apresentar opções razoáveis, incluindo não mudar quando pertinente, com benefícios, riscos e incertezas equilibrados e explorar o que mais importa; utilizar auxiliares de decisão, intérpretes, recursos visuais ou pessoas de confiança com consentimento e verificar compreensão com teach-back; documentar preferência e processo decisório e seguir estrutura aplicável de capacidade e melhor interesse apenas quando a capacidade específica estiver realmente comprometida.",Decision-support examples aligned with NICE shared decision making and capacity guidance.,https://www.nice.org.uk/guidance/ng197/chapter/recommendations | https://www.nice.org.uk/guidance/ng108/chapter/recommendations | https://www.ahrq.gov/sites/default/files/publications/files/healthlittoolkit2_1.pdf,EVIDENCE_REVIEWED_AUTHOR_NEW_DRAFT
NIC,5270,Emotional Support,Apoio Emocional,AUTHOR_NEW,STANDARD,,,,4,00325; 00377; 00379; 00488,Inadequate self-compassion | Readiness for enhanced psychological comfort | Impaired psychological comfort | Risk for compromised human dignity,Autocompaixão inadequada | Prontidão para um maior conforto psicológico | Conforto psicológico prejudicado | Risco de violação da dignidade humana,"NIC 5270 — Emotional Support. Local example activities: ask what the person is feeling and what kind of support would be helpful rather than assuming reassurance is wanted; listen without interrupting, normalize understandable emotion without minimizing it, and reflect the person’s own words and priorities; offer presence, privacy, practical help or connection with trusted supporters according to preference; reinforce coping strategies and choices that preserve dignity and control; assess for severe distress, abuse, inability to function, self-neglect or self-harm or suicide risk and arrange appropriate mental-health or crisis support.","NIC 5270 — Apoio Emocional. Exemplos locais de atividades: perguntar o que a pessoa está sentindo e que tipo de apoio seria útil em vez de presumir que deseja tranquilização; ouvir sem interromper, normalizar emoção compreensível sem minimizá-la e refletir palavras e prioridades da própria pessoa; oferecer presença, privacidade, ajuda prática ou conexão com pessoas de confiança conforme preferência; reforçar estratégias de enfrentamento e escolhas que preservem dignidade e controle; avaliar sofrimento grave, abuso, incapacidade funcional, autoabandono ou risco de autolesão ou suicídio e organizar apoio de saúde mental ou crise apropriado.",Emotional-support examples reviewed for person-centred and safety escalation boundaries.,https://www.who.int/news-room/fact-sheets/detail/mental-health-strengthening-our-response,EVIDENCE_REVIEWED_AUTHOR_NEW_DRAFT
NIC,5290,Grief Work Facilitation,Facilitação do Processo de Luto,RECOVERED_FACT_CHECK_REQUIRED,STANDARD,Grief Work Facilitation,NIC 5290 — Grief Work Facilitation. Example activities: Encourage expression of grief; validate the person's experience; assess support needs and connect appropriate resources.,NIC 5290 — Facilitação do processo de luto (English: Grief Work Facilitation). Exemplos de atividades: Estimular expressão do luto; validar a experiência; avaliar necessidade de apoio e conectar recursos apropriados.,3,00285; 00301; 00302,Readiness for enhanced grieving | Maladaptive grieving | Risk for maladaptive grieving,Preparação para um luto mais profundo | Luto desadaptativo | Risco de luto desadaptativo,"NIC 5290 — Grief Work Facilitation. Local example activities: invite the person to describe the loss, relationship, rituals and what is most difficult now without imposing a timetable or expected 'stages'; validate varied emotional, cultural and spiritual responses and allow silence as well as conversation; assess sleep, appetite, functioning, social support and practical needs and help connect desired family, community, faith or bereavement resources; encourage routines and self-care that are realistic during grief; escalate persistent inability to function, severe depression, psychosis, self-neglect or suicidal thinking for specialist assessment.","NIC 5290 — Facilitação do Processo de Luto. Exemplos locais de atividades: convidar a pessoa a descrever a perda, o vínculo, rituais e o que está mais difícil agora sem impor cronograma ou 'fases' esperadas; validar diferentes respostas emocionais, culturais e espirituais e permitir silêncio além da conversa; avaliar sono, apetite, funcionamento, apoio social e necessidades práticas e conectar aos recursos familiares, comunitários, religiosos ou de luto desejados; estimular rotinas e autocuidado realistas durante o luto; escalar incapacidade persistente de funcionar, depressão grave, psicose, autoabandono ou ideação suicida para avaliação especializada.","Recovered text was treated only as a candidate. This replacement was re-checked against the CURRENT code/label and linked diagnoses, then rewritten where needed for specificity, contemporary clinical practice, scope boundaries, observable evaluation, and safety. Locally authored example guidance; not verbatim or official NIC/NOC activity/indicator wording.",https://www.who.int/news-room/fact-sheets/detail/palliative-care,EVIDENCE_REVIEWED_RECOVERED_OR_DRIFT_DRAFT
NIC,5310,Hope Inspiration,Inspiração de Esperança,RECOVERED_FACT_CHECK_REQUIRED,STANDARD,Hope Inspiration,NIC 5310 — Hope Inspiration. Example activities: Identify meaningful short-term goals; highlight strengths and resources; review progress toward achievable goals.,NIC 5310 — Inspiração de esperança (English: Hope Inspiration). Exemplos de atividades: Identificar metas de curto prazo com significado; destacar forças e recursos; revisar progresso em metas alcançáveis.,1,00185,Readiness for enhanced hope,Prontidão para uma esperança maior,"NIC 5310 — Hope Inspiration. Local example activities: explore what gives the person meaning, what remains important and what they hope for now rather than imposing unrealistic optimism; identify strengths, relationships, beliefs and previous successes that can support the next step; agree on small achievable short-term goals and make progress visible; connect the person with desired family, peer, spiritual or professional resources; reassess when hope collapses into persistent hopelessness, severe withdrawal or self-harm/suicide risk and escalate accordingly.","NIC 5310 — Inspiração de Esperança. Exemplos locais de atividades: explorar o que dá significado à pessoa, o que continua importante e o que ela espera agora, evitando impor otimismo irreal; identificar forças, relacionamentos, crenças e sucessos prévios que possam apoiar o próximo passo; pactuar pequenas metas de curto prazo alcançáveis e tornar o progresso visível; conectar a pessoa a recursos familiares, de pares, espirituais ou profissionais desejados; reavaliar quando a esperança evoluir para desesperança persistente, retraimento grave ou risco de autolesão/suicídio e escalar conforme necessário.","Recovered text was treated only as a candidate. This replacement was re-checked against the CURRENT code/label and linked diagnoses, then rewritten where needed for specificity, contemporary clinical practice, scope boundaries, observable evaluation, and safety. Locally authored example guidance; not verbatim or official NIC/NOC activity/indicator wording.",https://www.who.int/news-room/fact-sheets/detail/palliative-care,EVIDENCE_REVIEWED_RECOVERED_OR_DRIFT_DRAFT
NIC,5330,Mood Management,Controle do Humor,AUTHOR_NEW,STANDARD,,,,2,00241; 00372,Impaired mood regulation | Ineffective emotion regulation,Regulação do humor prejudicada | Regulação emocional ineficaz,"NIC 5330 — Mood Management. Local example activities: establish the person’s usual mood pattern, recent triggers, sleep, energy, substance use, medicines and functional impact and screen for mania, psychosis and self-harm or suicide risk when clinically relevant; help identify early warning signs and a small set of strategies that previously stabilized mood, such as regular sleep/activity, social support or structured coping; support adherence to prescribed psychological or medical treatment and monitor response and adverse effects; reduce avoidable environmental triggers during acute distress and use de-escalation when needed; escalate severe agitation, rapidly worsening depression, psychosis, mania or safety risk.","NIC 5330 — Controle do Humor. Exemplos locais de atividades: estabelecer padrão habitual de humor, gatilhos recentes, sono, energia, uso de substâncias, medicamentos e impacto funcional e rastrear mania, psicose e risco de autolesão ou suicídio quando clinicamente pertinente; ajudar a identificar sinais precoces e poucas estratégias que previamente estabilizaram humor, como sono ou atividade regulares, apoio social ou enfrentamento estruturado; apoiar adesão a tratamento psicológico ou médico prescrito e monitorar resposta e efeitos adversos; reduzir gatilhos ambientais evitáveis durante sofrimento agudo e usar desescalada quando necessário; escalar agitação grave, piora rápida de depressão, psicose, mania ou risco de segurança.",Mood-management examples reviewed for acute psychiatric red flags and de-escalation.,https://www.who.int/news-room/fact-sheets/detail/mental-health-strengthening-our-response | https://www.nice.org.uk/guidance/ng10/chapter/recommendations,EVIDENCE_REVIEWED_AUTHOR_NEW_DRAFT
NIC,5350,Relocation Stress Reduction,Redução do Estresse por Mudança,AUTHOR_NEW,STANDARD,,,,1,00484,Risk for disrupted immigration transition,Risco de transição migratória interrompida,"NIC 5350 — Relocation Stress Reduction. Local example activities: assess what was lost or disrupted by relocation, including home, language, culture, legal status, work, routines, relationships or access to services, and identify immediate practical and safety needs; provide orientation to the new environment and clear information in the preferred language, using interpreters for sensitive communication when available; help reconnect familiar routines, foods, community, cultural or faith supports chosen by the person; link to housing, legal, financial, health and social resources as appropriate; monitor isolation, trauma symptoms, depression and inability to meet basic needs and refer or escalate when risk is significant.","NIC 5350 — Redução do Estresse por Mudança. Exemplos locais de atividades: avaliar o que foi perdido ou interrompido pela mudança, incluindo lar, idioma, cultura, situação legal, trabalho, rotinas, relacionamentos ou acesso a serviços, e identificar necessidades práticas e de segurança imediatas; orientar sobre o novo ambiente e fornecer informação clara no idioma preferido, utilizando intérpretes para comunicação sensível quando disponível; ajudar a reconectar rotinas, alimentos, comunidade, cultura ou apoio religioso escolhidos; conectar a recursos de moradia, jurídicos, financeiros, saúde e assistência social conforme apropriado; monitorar isolamento, sintomas de trauma, depressão e incapacidade de atender necessidades básicas e encaminhar ou escalar risco significativo.","Relocation-stress examples framed around practical needs, culture, trauma and social support.",https://www.who.int/news-room/fact-sheets/detail/mental-health-strengthening-our-response,EVIDENCE_REVIEWED_AUTHOR_NEW_DRAFT
NIC,5360,Recreational Therapy,Terapia Recreacional,REWRITE_VERIFY_LABEL_DRIFT,STANDARD,Leisure Participation Enhancement,NIC 5360 — Leisure Participation Enhancement. Example activities: Assess preferred leisure activities; schedule feasible activities; remove barriers and reinforce participation.,NIC 5360 — Aprimoramento da participação em atividades de lazer (English: Leisure Participation Enhancement). Exemplos de atividades: Avaliar atividades de lazer preferidas; programar atividades viáveis; remover barreiras e reforçar a participação.,2,00097; 00448,Decreased diversional activity engagement | Risk for decreased diversional activity engagement,Diminuição do envolvimento em atividades de lazer | Risco de diminuição do envolvimento em atividades de lazer,"NIC 5360 — Recreational Therapy. Local example activities: assess interests, previous leisure roles, physical/cognitive abilities, sensory needs and barriers to participation; offer meaningful recreational activities that match the person’s preferences rather than generic diversion; adapt equipment, environment, duration and level of assistance so participation is safe and achievable; use individual or group activities to support enjoyment, social connection, movement or cognitive engagement as relevant; evaluate engagement, mood, fatigue and function and modify or refer when disability or symptoms limit participation.","NIC 5360 — Terapia Recreacional. Exemplos locais de atividades: avaliar interesses, papéis prévios de lazer, capacidades físicas/cognitivas, necessidades sensoriais e barreiras à participação; oferecer atividades recreativas significativas que correspondam às preferências da pessoa, e não mera distração genérica; adaptar equipamentos, ambiente, duração e nível de assistência para participação segura e possível; utilizar atividades individuais ou em grupo para favorecer prazer, conexão social, movimento ou estímulo cognitivo conforme pertinente; avaliar participação, humor, fadiga e função e modificar ou encaminhar quando deficiência ou sintomas limitarem a participação.","Recovered text was treated only as a candidate. This replacement was re-checked against the CURRENT code/label and linked diagnoses, then rewritten where needed for specificity, contemporary clinical practice, scope boundaries, observable evaluation, and safety. Locally authored example guidance; not verbatim or official NIC/NOC activity/indicator wording.",https://www.who.int/activities/reducing-social-isolation-and-loneliness-among-older-people | https://www.nice.org.uk/guidance/ng97/chapter/Recommendations,EVIDENCE_REVIEWED_RECOVERED_OR_DRIFT_DRAFT
NIC,5370,Role Enhancement,Melhora do Papel,AUTHOR_NEW,STANDARD,,,,1,00055,Ineffective role performance,Desempenho de função ineficaz,"NIC 5370 — Role Enhancement. Local example activities: identify the roles the person values at home, work, family and community and how illness, disability or life change has altered expectations or performance; clarify realistic role responsibilities with the person and relevant others rather than assuming previous roles must be restored unchanged; break difficult role tasks into achievable steps and arrange rehabilitation, workplace, family or social supports; practise communication and boundary-setting around role changes and redistribute tasks when necessary; evaluate participation, satisfaction and overload and revise the plan as recovery or circumstances change.","NIC 5370 — Melhora do Papel. Exemplos locais de atividades: identificar papéis valorizados em casa, trabalho, família e comunidade e como doença, deficiência ou mudança de vida alterou expectativas ou desempenho; clarificar responsabilidades realistas com a pessoa e outros relevantes sem presumir que papéis anteriores devam ser restaurados sem mudança; dividir tarefas difíceis em etapas alcançáveis e organizar apoio de reabilitação, trabalho, família ou social; praticar comunicação e definição de limites sobre mudanças de papel e redistribuir tarefas quando necessário; avaliar participação, satisfação e sobrecarga e revisar o plano conforme recuperação ou circunstâncias mudarem.",Role-enhancement examples use shared goals and functional support rather than role stereotypes.,https://www.nice.org.uk/guidance/ng197/chapter/recommendations | https://www.who.int/news-room/fact-sheets/detail/mental-health-strengthening-our-response,EVIDENCE_REVIEWED_AUTHOR_NEW_DRAFT
NIC,5390,Self-Awareness Enhancement,Melhora da Autoconsciência,AUTHOR_NEW,STANDARD,,,,2,00167; 00494,Readiness for enhanced self-concept | Disrupted personal identity,Prontidão para um autoconceito aprimorado | Identidade pessoal perturbada,"NIC 5390 — Self-Awareness Enhancement. Local example activities: invite the person to describe their values, strengths, emotions, needs, identity and recurring patterns in their own terms; use reflective questions or structured reflection if the person finds these useful and connect observations to real situations rather than abstract labels; explore discrepancies between goals and behaviour without blame and identify what can be changed; support culturally and personally meaningful identity, including changes related to illness, disability, ageing or gender, without imposing a preferred identity; refer severe identity disturbance, dissociation, trauma or other mental-health concerns for specialist assessment.","NIC 5390 — Melhora da Autoconsciência. Exemplos locais de atividades: convidar a pessoa a descrever valores, forças, emoções, necessidades, identidade e padrões recorrentes em seus próprios termos; utilizar perguntas reflexivas ou reflexão estruturada se forem úteis e conectar observações a situações reais em vez de rótulos abstratos; explorar discrepâncias entre objetivos e comportamento sem culpa e identificar o que pode ser modificado; apoiar identidade cultural e pessoal significativa, incluindo mudanças por doença, deficiência, envelhecimento ou gênero, sem impor identidade preferida; encaminhar perturbação grave de identidade, dissociação, trauma ou outras questões de saúde mental para avaliação especializada.",Self-awareness examples reviewed to avoid imposed identities and blame.,https://www.who.int/news-room/fact-sheets/detail/mental-health-strengthening-our-response | https://www.nice.org.uk/guidance/ng197/chapter/recommendations,EVIDENCE_REVIEWED_AUTHOR_NEW_DRAFT
NIC,5395,Self-Efficacy Enhancement,Melhora da Autoeficácia,AUTHOR_NEW,STANDARD,,,,1,00338,Inadequate health self-efficacy,Autoeficácia inadequada em saúde,"NIC 5395 — Self-Efficacy Enhancement. Local example activities: identify a specific health behaviour or task the person wants to manage and ask how confident they feel doing it and why; break the task into small achievable steps and practise the skill with coaching, adaptive equipment or reminders as needed; use previous successes and supportive models to strengthen realistic confidence without promising outcomes; provide specific feedback on effort and mastery and gradually reduce assistance as competence grows; reassess barriers after setbacks and link to rehabilitation, education or mental-health support when low confidence reflects untreated symptoms or structural barriers.","NIC 5395 — Melhora da Autoeficácia. Exemplos locais de atividades: identificar comportamento ou tarefa de saúde específica que a pessoa deseja manejar e perguntar quão confiante se sente e por quê; dividir a tarefa em pequenos passos alcançáveis e praticar com orientação, dispositivo adaptativo ou lembretes conforme necessário; usar sucessos prévios e modelos de apoio para fortalecer confiança realista sem prometer resultados; oferecer feedback específico sobre esforço e domínio e reduzir gradualmente assistência conforme competência cresce; reavaliar barreiras após dificuldades e conectar a reabilitação, educação ou saúde mental quando baixa confiança refletir sintomas não tratados ou barreiras estruturais.",Self-efficacy examples emphasize achievable mastery and barrier removal.,https://www.ahrq.gov/sites/default/files/publications/files/healthlittoolkit2_1.pdf | https://www.who.int/news-room/fact-sheets/detail/mental-health-strengthening-our-response,EVIDENCE_REVIEWED_AUTHOR_NEW_DRAFT
NIC,5400,Self-Esteem Enhancement,Melhora da Autoestima,RECOVERED_FACT_CHECK_REQUIRED,STANDARD,Self-Esteem Enhancement,NIC 5400 — Self-Esteem Enhancement. Example activities: Identify strengths; set achievable goals; provide specific positive feedback linked to observed effort and progress.,NIC 5400 — Aprimoramento da autoestima (English: Self-Esteem Enhancement). Exemplos de atividades: Identificar pontos fortes; estabelecer metas alcançáveis; oferecer feedback positivo específico ligado ao esforço e progresso.,4,00480; 00481; 00482; 00483,Risk for chronic inadequate self-esteem | Situational inadequate self-esteem | Risk for situational inadequate self-esteem | Chronic inadequate self-esteem,Risco de baixa autoestima crônica | autoestima inadequada situacional | Risco de autoestima inadequada situacional | autoestima cronicamente inadequada,"NIC 5400 — Self-Esteem Enhancement. Local example activities: explore situations in which the person feels capable as well as situations that trigger shame, failure or negative self-talk; identify specific strengths and roles supported by real examples rather than offering empty reassurance; agree on achievable tasks that permit choice, mastery and increasing independence; give specific feedback linked to effort, skill or progress and encourage supportive relationships; reassess persistent worthlessness, severe withdrawal, eating-disorder concerns or self-harm/suicidal thinking and escalate when present.","NIC 5400 — Melhora da Autoestima. Exemplos locais de atividades: explorar situações em que a pessoa se sente capaz e situações que desencadeiam vergonha, fracasso ou autocrítica; identificar forças e papéis específicos apoiados por exemplos reais, evitando elogios vazios; pactuar tarefas alcançáveis que permitam escolha, domínio e aumento de independência; oferecer feedback específico ligado ao esforço, habilidade ou progresso e estimular relacionamentos de apoio; reavaliar sentimento persistente de inutilidade, retraimento grave, preocupação com transtorno alimentar ou autolesão/ideação suicida e escalar quando presentes.","Recovered text was treated only as a candidate. This replacement was re-checked against the CURRENT code/label and linked diagnoses, then rewritten where needed for specificity, contemporary clinical practice, scope boundaries, observable evaluation, and safety. Locally authored example guidance; not verbatim or official NIC/NOC activity/indicator wording.",https://www.who.int/news-room/fact-sheets/detail/self-care-health-interventions | https://www.nice.org.uk/guidance/cg113/chapter/Recommendations,EVIDENCE_REVIEWED_RECOVERED_OR_DRIFT_DRAFT
NIC,5420,Spiritual Support,Apoio Espiritual,RECOVERED_FACT_CHECK_REQUIRED,STANDARD,Spiritual Support,NIC 5420 — Spiritual Support. Example activities: Ask about spiritual preferences and sources of meaning; facilitate desired practices; respect beliefs and boundaries.,NIC 5420 — Apoio espiritual (English: Spiritual Support). Exemplos de atividades: Perguntar sobre preferências espirituais e fontes de significado; facilitar práticas desejadas; respeitar crenças e limites.,6,00068; 00169; 00170; 00171; 00454; 00460,Readiness for enhanced spiritual well-being | Impaired religiosity | Risk for impaired religiosity | Readiness for enhanced religiosity | Impaired spiritual well-being | Risk for impaired spiritual well-being,Prontidão para um maior bem-estar espiritual | Religiosidade prejudicada | Risco de religiosidade prejudicada | Prontidão para uma religiosidade reforçada | Bem-estar espiritual prejudicado | Risco de comprometimento do bem-estar espiritual,"NIC 5420 — Spiritual Support. Local example activities: ask whether spiritual, religious, cultural or existential beliefs are important to the person and what kind of support—if any—they want; listen without trying to interpret, persuade or impose beliefs and preserve privacy for desired prayer, ritual or reflection when feasible; facilitate contact with the person’s chosen faith/spiritual adviser or culturally appropriate support; integrate relevant preferences into care when safe and possible; seek specialist psychosocial/spiritual support when distress, guilt, loss of meaning or conflict is causing substantial suffering.","NIC 5420 — Apoio Espiritual. Exemplos locais de atividades: perguntar se crenças espirituais, religiosas, culturais ou existenciais são importantes para a pessoa e que tipo de apoio — se algum — ela deseja; ouvir sem interpretar, persuadir ou impor crenças e preservar privacidade para oração, ritual ou reflexão desejados quando possível; facilitar contato com líder religioso/espiritual escolhido ou apoio culturalmente apropriado; integrar preferências relevantes ao cuidado quando seguro e possível; buscar apoio psicossocial/espiritual especializado quando sofrimento, culpa, perda de sentido ou conflito estiverem causando sofrimento importante.","Recovered text was treated only as a candidate. This replacement was re-checked against the CURRENT code/label and linked diagnoses, then rewritten where needed for specificity, contemporary clinical practice, scope boundaries, observable evaluation, and safety. Locally authored example guidance; not verbatim or official NIC/NOC activity/indicator wording.",https://www.who.int/europe/news-room/fact-sheets/item/palliative-care,EVIDENCE_REVIEWED_RECOVERED_OR_DRIFT_DRAFT
NIC,5440,Support System Enhancement,Melhora do Sistema de Apoio,AUTHOR_NEW,STANDARD,,,,2,00341; 00358,Readiness for enhanced transgender social identity | Inadequate social support network,Prontidão para uma identidade social transgênero aprimorada | Rede de apoio social inadequada,"NIC 5440 — Support System Enhancement. Local example activities: map the person’s existing sources of practical, emotional, informational and identity-affirming support and ask which relationships feel safe and helpful; identify gaps, isolation, discrimination, caregiver conflict or barriers to accessing groups and services; with consent, strengthen contact with trusted family or friends, peer groups, community organizations, affirming services or professional support rather than assuming family is always safe; help the person plan how and when to ask for specific help; reassess whether support actually reduces burden and improves belonging and follow safeguarding pathways for abuse, rejection or coercion.","NIC 5440 — Melhora do Sistema de Apoio. Exemplos locais de atividades: mapear fontes existentes de apoio prático, emocional, informacional e afirmativo de identidade e perguntar quais relações são seguras e úteis; identificar lacunas, isolamento, discriminação, conflito com cuidadores ou barreiras de acesso a grupos e serviços; com consentimento, fortalecer contato com família ou amigos de confiança, grupos de pares, organizações comunitárias, serviços afirmativos ou apoio profissional sem presumir que família seja sempre segura; ajudar a planejar como e quando pedir ajuda específica; reavaliar se apoio reduz sobrecarga e melhora pertencimento e seguir proteção diante de abuso, rejeição ou coerção.","Support-system examples reviewed for safety, consent and meaningful connection.",https://www.who.int/health-topics/ageing/reducing-social-isolation-and-loneliness-among-older-people,EVIDENCE_REVIEWED_AUTHOR_NEW_DRAFT
NIC,5465,Therapeutic Touch,Toque Terapêutico,AUTHOR_NEW,STANDARD,,,,1,00273,Imbalanced energy field,Campo energético desequilibrado,"NIC 5465 — Therapeutic Touch. Local example activities: offer this complementary comfort practice only when the person requests or values it, local policy permits it and a trained practitioner is available; explain plainly that evidence has not established a therapeutic energy-field mechanism or clear health benefit, so it must not replace indicated medical or nursing treatment; obtain consent and agree whether light touch or no-touch hand positioning is acceptable, respecting privacy, wounds, devices and personal boundaries; observe only concrete outcomes such as reported comfort, relaxation or distress and stop if unwanted or uncomfortable; document the person’s preference and response without claiming disease treatment or energy correction.","NIC 5465 — Toque Terapêutico. Exemplos locais de atividades: oferecer esta prática complementar de conforto somente quando a pessoa a solicitar ou valorizar, a política local permitir e houver profissional treinado; explicar claramente que evidências não demonstraram mecanismo terapêutico de campo energético nem benefício clínico claro, portanto não deve substituir tratamento médico ou de enfermagem indicado; obter consentimento e acordar se toque leve ou posicionamento das mãos sem toque é aceitável, respeitando privacidade, feridas, dispositivos e limites pessoais; observar apenas resultados concretos como conforto, relaxamento ou desconforto relatados e interromper se não desejado; documentar preferência e resposta sem afirmar tratamento de doença ou correção de energia.",Evidence-limited complementary practice. NCCIH does not establish an energy-field mechanism or clear efficacy; wording intentionally prevents substitution for indicated care.,https://www.nccih.nih.gov/health/reiki,EVIDENCE_REVIEWED_AUTHOR_NEW_DRAFT
NIC,5480,Values Clarification,Esclarecimento de Valores,AUTHOR_NEW,STANDARD,,,,1,00175,Moral distress,Angústia moral,"NIC 5480 — Values Clarification. Local example activities: identify the specific choice or conflict generating moral distress and invite the person to name the values, duties and consequences that feel in conflict; separate facts, uncertainties, legal or professional obligations and personal values so the problem is clear; facilitate respectful discussion with the relevant team and, when useful, ethics, spiritual care, advocacy or supervision rather than pressuring the person toward one answer; explore feasible options and what each would protect or compromise; document unresolved concerns and escalate unsafe, illegal or ethically serious situations through appropriate governance channels.","NIC 5480 — Esclarecimento de Valores. Exemplos locais de atividades: identificar escolha ou conflito específico que gera sofrimento moral e convidar a pessoa a nomear valores, deveres e consequências em conflito; separar fatos, incertezas, obrigações legais ou profissionais e valores pessoais para tornar o problema claro; facilitar discussão respeitosa com equipe relevante e, quando útil, ética, cuidado espiritual, advocacia ou supervisão sem pressionar para uma resposta; explorar opções viáveis e o que cada uma protege ou compromete; documentar preocupações não resolvidas e escalar situações inseguras, ilegais ou eticamente graves pelos canais apropriados.",Values-clarification examples use decision-support and governance boundaries; no moral prescription.,https://www.nice.org.uk/guidance/ng197/chapter/recommendations | https://www.nice.org.uk/guidance/ng108/chapter/recommendations,EVIDENCE_REVIEWED_AUTHOR_NEW_DRAFT
NIC,5510,Health Education,Educação em Saúde,RECOVERED_FACT_CHECK_REQUIRED,STANDARD,Health Education,NIC 5510 — Health Education. Example activities: Assess learning needs; explain the condition and self-management plan in plain language; use teach-back.,NIC 5510 — Educação em saúde (English: Health Education). Exemplos de atividades: Avaliar necessidades de aprendizagem; explicar a condição e o plano de autogestão em linguagem simples; usar retorno demonstrativo.,1,00293,Readiness for enhanced health self-management,Preparação para uma melhor autogestão da saúde,"NIC 5510 — Health Education. Local example activities: assess what the person already knows, wants to know, language/communication needs and barriers to learning; explain the condition and plan in plain, prioritized chunks linked to practical actions; demonstrate skills when needed and use teach-back/show-me to confirm understanding rather than asking only 'do you understand?'; provide written or digital material in an accessible format and include carers with consent; document learning needs and unresolved misconceptions and arrange reinforcement or specialist education when needed.","NIC 5510 — Educação em Saúde. Exemplos locais de atividades: avaliar o que a pessoa já sabe, deseja saber, necessidades de linguagem/comunicação e barreiras ao aprendizado; explicar condição e plano em blocos claros e priorizados ligados a ações práticas; demonstrar habilidades quando necessário e utilizar teach-back/show-me para confirmar compreensão em vez de perguntar apenas 'entendeu?'; fornecer material escrito ou digital em formato acessível e incluir cuidadores com consentimento; documentar necessidades de aprendizagem e equívocos não resolvidos e organizar reforço ou educação especializada quando necessário.","Recovered text was treated only as a candidate. This replacement was re-checked against the CURRENT code/label and linked diagnoses, then rewritten where needed for specificity, contemporary clinical practice, scope boundaries, observable evaluation, and safety. Locally authored example guidance; not verbatim or official NIC/NOC activity/indicator wording.",https://www.ahrq.gov/health-literacy/improve/precautions/tool5.html | https://www.who.int/europe/publications/i/item/9789289060219,EVIDENCE_REVIEWED_RECOVERED_OR_DRIFT_DRAFT
NIC,5515,Health Literacy Enhancement,Melhora da Literacia em Saúde,AUTHOR_NEW,STANDARD,,,,3,00262; 00339; 00411,Readiness for enhanced health literacy | Inadequate health literacy | Risk for inadequate health literacy,Preparação para uma maior literacia em saúde | Alfabetização em saúde inadequada | Risco de alfabetização em saúde inadequada,"NIC 5515 — Health Literacy Enhancement. Local example activities: assess how the person prefers to receive information and any language, literacy, numeracy, cognitive, sensory or digital-access barriers without labelling the person as low literacy; prioritize the few actions needed now and use plain language, short chunks, pictures or demonstrations as appropriate; use professional interpreters and accessible formats when required; confirm understanding with teach-back/show-me and re-explain differently when the explanation failed; help the person navigate appointments, medicines, monitoring and credible information sources and document the accommodations that work.","NIC 5515 — Melhora da Literacia em Saúde. Exemplos locais de atividades: avaliar como a pessoa prefere receber informações e barreiras de idioma, letramento, numeracia, cognição, sentidos ou acesso digital sem rotulá-la como baixo letramento; priorizar poucas ações necessárias agora e usar linguagem simples, blocos curtos, figuras ou demonstrações conforme apropriado; utilizar intérpretes profissionais e formatos acessíveis quando necessário; confirmar compreensão com teach-back/show-me e explicar de outra forma quando a explicação falhar; ajudar a navegar consultas, medicamentos, monitoramento e fontes confiáveis e documentar adaptações que funcionam.",Health-literacy examples aligned with AHRQ universal precautions and teach-back.,https://www.ahrq.gov/sites/default/files/publications/files/healthlittoolkit2_1.pdf,EVIDENCE_REVIEWED_AUTHOR_NEW_DRAFT
NIC,5602,Teaching: Disease Process,Ensino: Processo da Doença,AUTHOR_NEW,STANDARD,,,,5,00278; 00281; 00435; 00489; 00499,Ineffective lymphooooedema self-management | Risk for ineffective lymphooooedema self-management | Inadequate health knowledge | Risk for ineffective blood glucose pattern self-management | Readiness for enhanced health knowledge,Autogestão ineficaz do linfedema | Risco de autogestão ineficaz do linfedema | Conhecimento inadequado sobre saúde | Risco de autogestão ineficaz do padrão de glicemia | Preparação para um maior conhecimento sobre saúde,"NIC 5602 — Teaching: Disease Process. Local example activities: assess what the person already understands about the specific condition and what they most need to do day to day; explain cause and course only to the level needed for decisions, then focus on individualized medicines or treatments, monitoring, self-care and warning signs using plain language; demonstrate condition-specific skills and use teach-back or show-me rather than generic disease lectures; correct misconceptions and provide accessible written or digital reinforcement; arrange structured education or specialist review when the condition requires it and reassess learning after clinical changes.","NIC 5602 — Ensino: Processo da Doença. Exemplos locais de atividades: avaliar o que a pessoa já compreende sobre a condição específica e o que mais precisa fazer no dia a dia; explicar causa e evolução apenas no nível necessário às decisões e focar medicamentos ou tratamentos individualizados, monitoramento, autocuidado e sinais de alerta em linguagem simples; demonstrar habilidades específicas e usar teach-back ou show-me em vez de aulas genéricas; corrigir equívocos e fornecer reforço acessível escrito ou digital; organizar educação estruturada ou especialista quando necessário e reavaliar aprendizado após mudanças clínicas.",Condition-teaching examples align with teach-back and condition-specific education; not generic boilerplate.,https://www.ahrq.gov/sites/default/files/publications/files/healthlittoolkit2_1.pdf | https://www.nice.org.uk/guidance/ng28,EVIDENCE_REVIEWED_AUTHOR_NEW_DRAFT
NIC,5820,Anxiety Reduction,Redução da Ansiedade,RECOVERED_FACT_CHECK_REQUIRED,STANDARD,Anxiety Reduction,NIC 5820 — Anxiety Reduction. Example activities: Use calm communication; identify triggers and concerns; teach breathing/relaxation strategies and provide clear information.,NIC 5820 — Redução da ansiedade (English: Anxiety Reduction). Exemplos de atividades: Usar comunicação calma; identificar gatilhos e preocupações; ensinar respiração/relaxamento e fornecer informações claras.,2,00399; 00400,Excessive death anxiety | Excessive anxiety,Ansiedade excessiva em relação à morte | Ansiedade excessiva,"NIC 5820 — Anxiety Reduction. Local example activities: assess what the person is worried about, severity, physical symptoms, triggers and impact on sleep/function and screen for immediate safety concerns; communicate calmly, provide clear information and reduce avoidable uncertainty or environmental stimulation; coach a simple grounding, paced-breathing or relaxation strategy the person is willing to try and reinforce existing effective coping; support agreed treatment and referral pathways without using reassurance to dismiss symptoms; escalate panic with medical red flags, severe functional impairment, self-neglect or self-harm/suicide risk.","NIC 5820 — Redução da Ansiedade. Exemplos locais de atividades: avaliar o que preocupa a pessoa, gravidade, sintomas físicos, gatilhos e impacto no sono/função e rastrear preocupações imediatas de segurança; comunicar-se de forma calma, fornecer informações claras e reduzir incerteza ou estimulação ambiental evitáveis; orientar estratégia simples de aterramento, respiração ritmada ou relaxamento que a pessoa aceite tentar e reforçar enfrentamentos eficazes já existentes; apoiar tratamento e encaminhamentos acordados sem usar tranquilização para invalidar sintomas; escalar pânico com sinais médicos de alarme, comprometimento funcional grave, autoabandono ou risco de autolesão/suicídio.","Recovered text was treated only as a candidate. This replacement was re-checked against the CURRENT code/label and linked diagnoses, then rewritten where needed for specificity, contemporary clinical practice, scope boundaries, observable evaluation, and safety. Locally authored example guidance; not verbatim or official NIC/NOC activity/indicator wording.",https://www.nice.org.uk/guidance/cg113/chapter/Recommendations,EVIDENCE_REVIEWED_RECOVERED_OR_DRIFT_DRAFT
NIC,6340,Suicide Prevention,Prevenção do Suicídio,RECOVERED_FACT_CHECK_REQUIRED,HIGH,Suicide Prevention,NIC 6340 — Suicide Prevention. Example activities: Assess immediate safety using local protocol; remove or secure hazards when indicated; maintain observation level prescribed and escalate concerns.,NIC 6340 — Prevenção do suicídio (English: Suicide Prevention). Exemplos de atividades: Avaliar segurança imediata conforme protocolo local; remover ou proteger riscos quando indicado; manter nível de observação prescrito e comunicar preocupações.,3,00466; 00467; 00468,Risk for suicidal self-injurious behaviour | Non-suicidal self-injurious behaviour | Risk for non-suicidal self-injurious behaviour,Risco de comportamento suicida autolesivo | Comportamento autolesivo não suicida | Risco de comportamento autolesivo não suicida,"NIC 6340 — Suicide Prevention. Local example activities: ask directly and compassionately about current suicidal thoughts, intent, plan, access to means, recent self-harm and protective factors, distinguishing non-suicidal self-injury from suicidal intent while still assessing suicide risk; provide the observation level and environmental safety measures required by the assessed risk and local policy; collaboratively create or review a written safety plan with warning signs, coping strategies, supportive people, professional/crisis contacts and a plan to reduce access to lethal means; involve trusted supports when appropriate and permitted, and arrange a warm handoff and timely follow-up; activate emergency psychiatric/medical response immediately when there is imminent danger or the person cannot maintain safety.","NIC 6340 — Prevenção do Suicídio. Exemplos locais de atividades: perguntar de forma direta e acolhedora sobre pensamentos suicidas atuais, intenção, plano, acesso a meios, autoagressão recente e fatores protetores, diferenciando autolesão não suicida de intenção suicida sem deixar de avaliar o risco de suicídio; implementar o nível de observação e as medidas de segurança ambiental exigidos pelo risco avaliado e pelo protocolo local; elaborar ou revisar de forma colaborativa um plano de segurança escrito com sinais de alerta, estratégias de enfrentamento, pessoas de apoio, contatos profissionais/de crise e um plano para reduzir o acesso a meios letais; envolver pessoas de confiança quando apropriado e permitido e organizar transição assistida e acompanhamento oportuno; acionar imediatamente resposta psiquiátrica/médica de emergência quando houver perigo iminente ou incapacidade de manter a própria segurança.",Evidence-reviewed locally authored example guidance; not verbatim or official NIC/NOC activity/indicator text. Checked for alignment with the current classification label and the linked diagnoses; avoids fixed numeric NOC targets unless clinically meaningful and preserves escalation/scope boundaries for high-risk care.,https://www.jointcommission.org/en-us/about-us/key-initiatives/suicide-risk-reduction | https://www.jointcommission.org/en/knowledge-library/news/2024-03-study-evaluates-prevalence-of-four-recommended-practices-for-suicide-prevention | https://www.samhsa.gov/sites/default/files/suicide-risk-practices-in-care-transitions-11192019.pdf,EVIDENCE_REVIEWED_HIGH_RISK_DRAFT
NIC,6400,Abuse Protection Support,Apoio à Proteção contra Abuso,AUTHOR_NEW,HIGH,,,,1,00272,Risk for female genital mutilation,Risco de mutilação genital feminina,"NIC 6400 — Abuse Protection Support. Local example activities: speak with the girl/woman privately and sensitively, assess immediate safety and risk of female genital mutilation or other abuse, and avoid blaming or coercive questioning; do not perform, facilitate or medicalize FGM and follow applicable safeguarding and mandatory-reporting requirements; document concerns objectively and preserve confidentiality within legal/safety limits; assess for physical, obstetric, urologic, sexual and psychological complications in those already affected and offer trauma-informed care; arrange referral to appropriate safeguarding, specialist health, mental-health and social-support services.","NIC 6400 — Apoio à Proteção contra Abuso. Exemplos locais de atividades: conversar de forma privada e sensível com a menina/mulher, avaliar segurança imediata e risco de mutilação genital feminina ou outros abusos e evitar perguntas culpabilizadoras ou coercitivas; não realizar, facilitar nem medicalizar MGF e seguir os requisitos aplicáveis de proteção e notificação obrigatória; documentar preocupações de forma objetiva e preservar a confidencialidade dentro dos limites legais/de segurança; avaliar complicações físicas, obstétricas, urológicas, sexuais e psicológicas em pessoas já afetadas e oferecer cuidado informado pelo trauma; organizar encaminhamento para serviços apropriados de proteção, saúde especializada, saúde mental e apoio social.",Evidence-reviewed locally authored example guidance; not verbatim or official NIC/NOC activity/indicator text. Checked for alignment with the current classification label and the linked diagnoses; avoids fixed numeric NOC targets unless clinically meaningful and preserves escalation/scope boundaries for high-risk care.,https://www.who.int/publications/i/item/9789240107281,EVIDENCE_REVIEWED_HIGH_RISK_DRAFT
NIC,6410,Allergy Management,Controle de Alergias,AUTHOR_NEW,HIGH,,,,1,00217,Risk for allergic reaction,Risco de reação alérgica,"NIC 6410 — Allergy Management. Local example activities: obtain and verify the allergen/reaction history and clearly record clinically significant allergies and the reaction type; reduce avoidable exposure by checking medicines, foods, products and procedures against the documented allergy and communicating the risk during handovers/transfers; teach the person/caregiver how to recognize early symptoms and follow the prescribed allergy/anaphylaxis action plan, including correct use of an adrenaline auto-injector when prescribed; monitor promptly after suspected exposure for airway, breathing, circulation and skin/mucosal features; activate emergency treatment immediately for suspected anaphylaxis and arrange appropriate follow-up.","NIC 6410 — Controle de Alergias. Exemplos locais de atividades: obter e confirmar o histórico de alérgeno/reação e registrar claramente alergias clinicamente relevantes e o tipo de reação; reduzir exposição evitável verificando medicamentos, alimentos, produtos e procedimentos em relação à alergia documentada e comunicando o risco nas passagens de plantão/transferências; ensinar a pessoa/cuidador a reconhecer sintomas iniciais e seguir o plano prescrito para alergia/anafilaxia, incluindo uso correto do autoinjetor de adrenalina quando prescrito; após exposição suspeita, monitorar prontamente manifestações de vias aéreas, respiração, circulação e pele/mucosas; acionar tratamento de emergência imediatamente diante de suspeita de anafilaxia e organizar acompanhamento apropriado.",Evidence-reviewed locally authored example guidance; not verbatim or official NIC/NOC activity/indicator text. Checked for alignment with the current classification label and the linked diagnoses; avoids fixed numeric NOC targets unless clinically meaningful and preserves escalation/scope boundaries for high-risk care.,https://www.nice.org.uk/guidance/ng258/chapter/Documenting-suspected-anaphylaxis,EVIDENCE_REVIEWED_HIGH_RISK_DRAFT
NIC,6440,Delirium Management,Controle do Delirium,AUTHOR_NEW,STANDARD,,,,1,00128,Acute confusion,Confusão aguda,"NIC 6440 — Delirium Management. Local example activities: confirm acute onset or fluctuation and use the locally recommended delirium assessment tool while urgently looking for causes rather than treating confusion as a behavioural problem; provide calm reorientation, familiar staff or objects, adequate lighting, glasses or hearing aids and a consistent sleep-wake environment; address pain, infection, hypoxia, dehydration or constipation, immobility, nutrition and medicines through the multidisciplinary plan and avoid unnecessary catheters or restraints; involve family or carers for baseline information and reassurance; escalate neurological deterioration, severe agitation threatening safety or an unresolved medical cause promptly.","NIC 6440 — Controle do Delirium. Exemplos locais de atividades: confirmar início agudo ou flutuante e utilizar ferramenta local recomendada para delirium enquanto se buscam causas com urgência em vez de tratar confusão como problema comportamental; oferecer reorientação calma, profissionais ou objetos familiares, iluminação adequada, óculos ou aparelhos auditivos e ambiente consistente de sono-vigília; abordar dor, infecção, hipóxia, desidratação ou constipação, imobilidade, nutrição e medicamentos pelo plano multiprofissional e evitar cateteres ou restrições desnecessários; envolver família ou cuidadores para linha de base e tranquilização; escalar deterioração neurológica, agitação grave com risco ou causa médica não resolvida prontamente.",Delirium examples aligned with NICE CG103; emphasizes cause-finding and non-drug measures.,https://www.nice.org.uk/guidance/cg103/chapter/Recommendations,EVIDENCE_REVIEWED_AUTHOR_NEW_DRAFT
NIC,6460,Dementia Management,Controle da Demência,AUTHOR_NEW,STANDARD,,,,1,00129,Chronic confusion,Confusão crônica,"NIC 6460 — Dementia Management. Local example activities: learn the person’s history, routines, communication style, abilities, preferences and triggers and use these to individualize care; maintain orientation and function with familiar routines, meaningful activity, mobility, sensory aids and opportunities to make choices rather than repeatedly testing memory; simplify communication and environment and investigate pain, infection, constipation, medicines or unmet needs when behaviour changes; support eating and drinking and safe swallowing and involve carers with consent while monitoring caregiver burden; treat sudden fluctuation as possible delirium and arrange review for new safety or functional decline.","NIC 6460 — Controle da Demência. Exemplos locais de atividades: conhecer história, rotinas, estilo de comunicação, capacidades, preferências e gatilhos da pessoa e usar isso para individualizar cuidados; manter orientação e função com rotinas familiares, atividade significativa, mobilidade, recursos sensoriais e oportunidades de escolha em vez de testar memória repetidamente; simplificar comunicação e ambiente e investigar dor, infecção, constipação, medicamentos ou necessidades não atendidas quando comportamento mudar; apoiar alimentação e hidratação e deglutição segura e envolver cuidadores com consentimento, monitorando sobrecarga; tratar flutuação súbita como possível delirium e organizar revisão diante de novo risco ou declínio funcional.",Dementia care aligned with NICE person-centred guidance and delirium differentiation.,https://www.nice.org.uk/guidance/ng97/chapter/Recommendations | https://www.nice.org.uk/guidance/cg103/chapter/Recommendations,EVIDENCE_REVIEWED_AUTHOR_NEW_DRAFT
NIC,6482,Environmental Management: Comfort,Controle do Ambiente: Conforto,AUTHOR_NEW,STANDARD,,,,3,00342; 00378; 00380,Impaired end-of-life comfort syndrome | Readiness for enhanced physical comfort | Impaired physical comfort,Síndrome de conforto no fim da vida prejudicada | Prontidão para maior conforto físico | Conforto físico prejudicado,"NIC 6482 — Environmental Management: Comfort. Local example activities: ask the person what is physically uncomfortable now, such as pain, breathlessness, position, temperature, light or noise, dryness, nausea, clothing, bedding or devices, and which environmental changes they prefer; adjust position, bedding, room temperature, lighting, sound and privacy and remove avoidable device pressure or clutter while maintaining safety; coordinate prescribed symptom treatment and provide mouth or skin care and supportive touch only when desired; adapt the environment to cultural, sensory and end-of-life preferences and facilitate family presence or solitude as chosen; reassess comfort after each change and escalate uncontrolled symptoms rather than relying on environmental measures alone.","NIC 6482 — Controle do Ambiente: Conforto. Exemplos locais de atividades: perguntar o que está fisicamente desconfortável agora, como dor, falta de ar, posição, temperatura, luz ou ruído, ressecamento, náusea, roupas, cama ou dispositivos, e quais mudanças ambientais prefere; ajustar posição, roupa de cama, temperatura, iluminação, som e privacidade e remover pressão ou desordem evitáveis de dispositivos mantendo segurança; coordenar tratamento sintomático prescrito e realizar cuidados de boca ou pele e toque de apoio apenas quando desejado; adaptar ambiente a preferências culturais, sensoriais e de fim de vida e facilitar presença familiar ou solitude conforme escolha; reavaliar conforto após cada mudança e escalar sintomas não controlados em vez de depender só do ambiente.",Comfort-environment examples aligned with WHO palliative-care principles.,https://www.who.int/news-room/fact-sheets/detail/palliative-care,EVIDENCE_REVIEWED_AUTHOR_NEW_DRAFT
NIC,6487,Environmental Management: Violence Prevention,Controle do Ambiente: Prevenção da Violência,RECOVERED_FACT_CHECK_REQUIRED,STANDARD,Environmental Management: Violence Prevention,NIC 6487 — Environmental Management: Violence Prevention. Example activities: Assess triggers and environmental risks; reduce stimulation when appropriate; use de-escalation and follow local safety procedures.,NIC 6487 — Prevenção da violência (English: Environmental Management: Violence Prevention). Exemplos de atividades: Avaliar gatilhos e riscos ambientais; reduzir estímulos quando apropriado; usar desescalada e seguir procedimentos locais de segurança.,1,00138,Risk for other-directed violence,Risco de violência direcionada a terceiros,"NIC 6487 — Environmental Management: Violence Prevention. Local example activities: identify individual triggers, early warning signs, prior effective de-escalation strategies and environmental factors that increase risk; reduce unnecessary noise, crowding, confrontation and access to obvious hazards while maintaining dignity and the least restrictive environment; ensure staff know the agreed crisis/risk plan and designate one calm lead communicator during escalation; use respectful verbal/non-verbal de-escalation, personal space and options before restrictive measures; if risk becomes imminent, prioritize safety, summon trained assistance and follow local emergency/restrictive-intervention policy.","NIC 6487 — Controle do Ambiente: Prevenção da Violência. Exemplos locais de atividades: identificar gatilhos individuais, sinais precoces, estratégias de desescalada previamente eficazes e fatores ambientais que aumentem o risco; reduzir ruído, aglomeração, confronto e acesso a perigos óbvios desnecessários, mantendo dignidade e o ambiente menos restritivo possível; garantir que a equipe conheça o plano de crise/risco e designar um comunicador principal calmo durante a escalada; utilizar desescalada verbal/não verbal respeitosa, espaço pessoal e opções antes de medidas restritivas; se o risco se tornar iminente, priorizar segurança, acionar assistência treinada e seguir protocolo local de emergência/intervenção restritiva.","Recovered text was treated only as a candidate. This replacement was re-checked against the CURRENT code/label and linked diagnoses, then rewritten where needed for specificity, contemporary clinical practice, scope boundaries, observable evaluation, and safety. Locally authored example guidance; not verbatim or official NIC/NOC activity/indicator wording.",https://www.nice.org.uk/guidance/NG10/chapter/recommendations,EVIDENCE_REVIEWED_RECOVERED_OR_DRIFT_DRAFT
NIC,6490,Fall Prevention,Prevenção de Quedas,RECOVERED_FACT_CHECK_REQUIRED,STANDARD,Fall Prevention,NIC 6490 — Fall Prevention. Example activities: Assess fall risk; keep the environment uncluttered and call device accessible; assist transfers and ambulation as needed.,NIC 6490 — Prevenção de quedas (English: Fall Prevention). Exemplos de atividades: Avaliar risco de queda; manter ambiente desobstruído e dispositivo de chamada acessível; auxiliar transferências e deambulação conforme necessário.,2,00303; 00306,Risk for adult falls | Risk for child falls,Risco de quedas em adultos | Risco de quedas em crianças,"NIC 6490 — Fall Prevention. Local example activities: screen and assess the person’s specific fall risks, including previous falls, gait/balance, orthostatic symptoms, cognition, vision, medicines, continence and environmental hazards; keep the route clear, needed items/call system accessible and footwear and mobility aids appropriate; assist transfers and walking according to current mobility status and encourage safe strength/balance activity when appropriate; address reversible contributors through the multidisciplinary plan; document near-falls/falls and reassess risk after a fall, medication change or clinical deterioration.","NIC 6490 — Prevenção de Quedas. Exemplos locais de atividades: rastrear e avaliar riscos específicos de queda, incluindo quedas prévias, marcha/equilíbrio, sintomas ortostáticos, cognição, visão, medicamentos, continência e perigos ambientais; manter trajeto livre, itens necessários/campainha acessíveis e calçados e dispositivos de mobilidade apropriados; auxiliar transferências e caminhada conforme a mobilidade atual e estimular atividade segura de força/equilíbrio quando apropriado; abordar fatores reversíveis pelo plano multiprofissional; documentar quase-quedas/quedas e reavaliar risco após queda, mudança de medicação ou deterioração clínica.","Recovered text was treated only as a candidate. This replacement was re-checked against the CURRENT code/label and linked diagnoses, then rewritten where needed for specificity, contemporary clinical practice, scope boundaries, observable evaluation, and safety. Locally authored example guidance; not verbatim or official NIC/NOC activity/indicator wording.",https://www.cdc.gov/steadi/ | https://www.who.int/health-topics/noncommunicable-diseases/physical-activity,EVIDENCE_REVIEWED_RECOVERED_OR_DRIFT_DRAFT
NIC,6540,Infection Control,Controle de Infecção,RECOVERED_FACT_CHECK_REQUIRED,HIGH,Infection Control,NIC 6540 — Infection Control. Example activities: Perform hand hygiene; use appropriate PPE; apply aseptic technique and monitor for signs of infection.,NIC 6540 — Controle de infecção (English: Infection Control). Exemplos de atividades: Realizar higiene das mãos; usar EPI adequado; aplicar técnica asséptica e monitorar sinais de infecção.,4,00004; 00180; 00181; 00500,Risk for infection | Risk for contamination | Contamination | Risk for surgical wound infection,Risco de infecção | Risco de contaminação | Contaminação | Risco de infecção da ferida cirúrgica,"NIC 6540 — Infection Control. Local example activities: perform hand hygiene at the indicated moments and use PPE according to anticipated exposure; use aseptic technique for invasive procedures and maintain clean/aseptic care of wounds, lines, catheters and other devices according to protocol; apply appropriate transmission-based precautions and respiratory hygiene when indicated; monitor for local and systemic signs of infection and obtain specimens/administer prescribed antimicrobials using the correct technique and timing; review ongoing device need and promptly report clinical deterioration or suspected healthcare-associated infection.","NIC 6540 — Controle de Infecção. Exemplos locais de atividades: realizar higiene das mãos nos momentos indicados e usar EPI conforme a exposição prevista; utilizar técnica asséptica em procedimentos invasivos e manter cuidados limpos/assépticos com feridas, acessos, cateteres e outros dispositivos conforme protocolo; aplicar precauções baseadas na transmissão e higiene respiratória quando indicadas; monitorar sinais locais e sistêmicos de infecção e coletar amostras/administrar antimicrobianos prescritos com técnica e tempo corretos; revisar a necessidade contínua de dispositivos e comunicar prontamente deterioração clínica ou suspeita de infecção relacionada à assistência.",Evidence-reviewed locally authored example guidance; not verbatim or official NIC/NOC activity/indicator text. Checked for alignment with the current classification label and the linked diagnoses; avoids fixed numeric NOC targets unless clinically meaningful and preserves escalation/scope boundaries for high-risk care.,https://www.cdc.gov/infection-control/hcp/basics/standard-precautions.html,EVIDENCE_REVIEWED_HIGH_RISK_DRAFT
NIC,6550,Infection Protection,Proteção contra Infecção,AUTHOR_NEW,HIGH,,,,1,00361,Impaired immune response,Resposta imune prejudicada,"NIC 6550 — Infection Protection. Local example activities: identify the person’s immune-compromise and specific infection risks and monitor closely for subtle as well as typical signs of infection; apply meticulous standard precautions and device/line/wound care and add protective or transmission precautions only when indicated by the clinical plan; reduce avoidable exposure to infectious contacts and teach the person/caregiver when to seek urgent review for fever or new symptoms; support nutrition, oral/skin integrity and vaccination/prophylaxis plans as prescribed; escalate rapidly when an immunocompromised person develops systemic illness or clinical deterioration.","NIC 6550 — Proteção contra Infecção. Exemplos locais de atividades: identificar o grau de imunocomprometimento e os riscos específicos de infecção e monitorar atentamente sinais sutis e típicos de infecção; aplicar rigorosamente precauções padrão e cuidados com dispositivos/acessos/feridas, acrescentando precauções protetoras ou baseadas na transmissão apenas quando indicadas pelo plano clínico; reduzir exposição evitável a contatos infecciosos e ensinar a pessoa/cuidador quando procurar avaliação urgente por febre ou novos sintomas; apoiar nutrição, integridade oral/cutânea e planos de vacinação/profilaxia conforme prescrição; escalar rapidamente quando uma pessoa imunocomprometida apresentar doença sistêmica ou deterioração clínica.",Evidence-reviewed locally authored example guidance; not verbatim or official NIC/NOC activity/indicator text. Checked for alignment with the current classification label and the linked diagnoses; avoids fixed numeric NOC targets unless clinically meaningful and preserves escalation/scope boundaries for high-risk care.,https://www.cdc.gov/infection-control/hcp/basics/standard-precautions.html,EVIDENCE_REVIEWED_HIGH_RISK_DRAFT
NIC,6570,Latex Precautions,Precauções com Látex,AUTHOR_NEW,HIGH,,,,1,00042,Risk for latex allergy reaction,Risco de reação alérgica ao látex,"NIC 6570 — Latex Precautions. Local example activities: verify the latex-reaction history and prominently flag confirmed or strongly suspected latex allergy; use latex-free gloves and equipment and check procedural supplies for hidden latex exposure according to local product information; communicate the allergy before surgery, dental care, imaging or transfers so a latex-safe environment can be prepared; monitor for contact symptoms or systemic reaction after accidental exposure; if anaphylaxis is suspected, activate the emergency anaphylaxis pathway immediately and document the exposure and response.","NIC 6570 — Precauções com Látex. Exemplos locais de atividades: confirmar o histórico de reação ao látex e sinalizar de forma destacada alergia confirmada ou fortemente suspeita; utilizar luvas e equipamentos sem látex e verificar materiais de procedimentos quanto a exposições ocultas conforme informações locais dos produtos; comunicar a alergia antes de cirurgia, atendimento odontológico, exames ou transferências para que um ambiente seguro em relação ao látex seja preparado; monitorar sintomas de contato ou reação sistêmica após exposição acidental; se houver suspeita de anafilaxia, acionar imediatamente o protocolo de emergência e documentar a exposição e a resposta.",Evidence-reviewed locally authored example guidance; not verbatim or official NIC/NOC activity/indicator text. Checked for alignment with the current classification label and the linked diagnoses; avoids fixed numeric NOC targets unless clinically meaningful and preserves escalation/scope boundaries for high-risk care.,https://www.nice.org.uk/guidance/ng258/chapter/Documenting-suspected-anaphylaxis,EVIDENCE_REVIEWED_HIGH_RISK_DRAFT
NIC,6610,Risk Identification,Identificação de Risco,RECOVERED_FACT_CHECK_REQUIRED,STANDARD,Risk Identification,NIC 6610 — Risk Identification. Example activities: Assess the specific hazard and contributing factors; implement agreed preventive measures; reassess for new or worsening risk.,NIC 6610 — Identificação de riscos (English: Risk Identification). Exemplos de atividades: Avaliar o risco específico e fatores contribuintes; implementar medidas preventivas pactuadas; reavaliar surgimento ou agravamento do risco.,10,00250; 00290; 00291; 00336; 00350; 00351; 00402; 00404; 00463; 00469,Risk for urinary tract injury | Risk for escape attempt | Risk for thrombosis | Risk for physical injury | Risk for burn injury | Risk for cold injury | Risk for occupational physical injury | Risk for occupational illness | Risk for accidental suffocation | Risk for accidental poisoning,Risco de lesão do trato urinário | Risco de tentativa de fuga | Risco de trombose | Risco de lesão física | Risco de queimaduras | Risco de lesão por frio | Risco de lesões físicas ocupacionais | Risco de doenças ocupacionais | Risco de asfixia acidental | Risco de envenenamento acidental,"NIC 6610 — Risk Identification. Local example activities: define the specific adverse event being considered rather than using a generic 'high risk' label; identify patient, treatment, environmental and social factors that increase or reduce that risk and distinguish modifiable from non-modifiable factors; agree on proportionate preventive actions and who is responsible for them; communicate the risk and prevention plan during handovers and transitions; reassess after clinical changes, new treatment, near-misses or new information and escalate when the risk becomes immediate.","NIC 6610 — Identificação de Risco. Exemplos locais de atividades: definir o evento adverso específico em consideração em vez de usar apenas o rótulo genérico 'alto risco'; identificar fatores do paciente, tratamento, ambiente e contexto social que aumentem ou reduzam o risco e distinguir fatores modificáveis dos não modificáveis; pactuar ações preventivas proporcionais e quem é responsável por elas; comunicar o risco e o plano preventivo nas passagens de cuidado; reavaliar após mudanças clínicas, novos tratamentos, quase-eventos ou novas informações e escalar quando o risco se tornar imediato.","Recovered text was treated only as a candidate. This replacement was re-checked against the CURRENT code/label and linked diagnoses, then rewritten where needed for specificity, contemporary clinical practice, scope boundaries, observable evaluation, and safety. Locally authored example guidance; not verbatim or official NIC/NOC activity/indicator wording.",https://www.nice.org.uk/guidance/CG50/chapter/recommendations,EVIDENCE_REVIEWED_RECOVERED_OR_DRIFT_DRAFT
NIC,6800,High-Risk Pregnancy Care,Cuidados na Gestação de Alto Risco,AUTHOR_NEW,HIGH,,,,1,00349,Risk for impaired maternal-fetal dyad,Risco de comprometimento da díade materno-fetal,"NIC 6800 — High-Risk Pregnancy Care. Local example activities: review the individualized obstetric risk plan and ensure timely attendance for specialist/antenatal contacts and prescribed surveillance; monitor maternal blood pressure, symptoms, weight/nutrition and relevant laboratory findings and support fetal assessment appropriate to gestation and the care plan; review medicines, adherence, tobacco/alcohol/substance exposure and barriers to care and reinforce prescribed preventive measures; teach urgent warning signs such as vaginal bleeding, severe headache/visual symptoms, severe abdominal or epigastric pain, fluid leakage, reduced fetal movement or symptoms of preterm labour; escalate promptly to obstetric assessment when maternal or fetal status changes.","NIC 6800 — Cuidados na Gestação de Alto Risco. Exemplos locais de atividades: revisar o plano obstétrico individualizado de risco e garantir comparecimento oportuno às consultas especializadas/pré-natais e à vigilância prescrita; monitorar pressão arterial materna, sintomas, peso/nutrição e resultados laboratoriais relevantes e apoiar avaliação fetal apropriada à idade gestacional e ao plano de cuidados; revisar medicamentos, adesão, exposição a tabaco/álcool/substâncias e barreiras ao cuidado e reforçar medidas preventivas prescritas; ensinar sinais de alerta que exigem avaliação urgente, como sangramento vaginal, cefaleia intensa/alterações visuais, dor abdominal ou epigástrica intensa, perda de líquido, redução dos movimentos fetais ou sintomas de trabalho de parto prematuro; escalar prontamente para avaliação obstétrica quando o estado materno ou fetal se modificar.",Evidence-reviewed locally authored example guidance; not verbatim or official NIC/NOC activity/indicator text. Checked for alignment with the current classification label and the linked diagnoses; avoids fixed numeric NOC targets unless clinically meaningful and preserves escalation/scope boundaries for high-risk care.,https://www.who.int/publications/i/item/9789241549912,EVIDENCE_REVIEWED_HIGH_RISK_DRAFT
NIC,6824,Infant Care: Newborn,Cuidados com o Lactente: Recém-Nascido,RECOVERED_FACT_CHECK_REQUIRED,HIGH,Infant Care: Newborn,"NIC 6824 — Infant Care: Newborn. Example activities: Assess feeding, temperature, elimination, behavior, and caregiver needs; cluster care appropriately; support developmentally appropriate handling.","NIC 6824 — Cuidados com o lactente/recém-nascido (English: Infant Care: Newborn). Exemplos de atividades: Avaliar alimentação, temperatura, eliminação, comportamento e necessidades do cuidador; agrupar cuidados adequadamente; apoiar manejo compatível com o desenvolvimento.",1,00156,Risk for sudden infant death,Risco de morte súbita infantil,"NIC 6824 — Infant Care: Newborn. Local example activities: monitor temperature, colour, breathing, feeding effectiveness, urine/stool output and jaundice and compare with expected transition after birth; support skin-to-skin contact and responsive feeding while maintaining thermal safety and infection-prevention practices; teach and model safe sleep—supine for every sleep on a firm, flat, non-inclined separate surface without loose bedding or soft objects; support routine newborn screening, immunization and follow-up according to local policy; teach caregivers to seek urgent care for poor feeding, lethargy, breathing difficulty, fever/temperature instability, worsening jaundice or other signs of illness.","NIC 6824 — Cuidados com o Lactente: Recém-Nascido. Exemplos locais de atividades: monitorar temperatura, coloração, respiração, eficácia da alimentação, eliminações e icterícia e comparar com a transição esperada após o nascimento; apoiar contato pele a pele e alimentação responsiva, mantendo segurança térmica e práticas de prevenção de infecção; ensinar e demonstrar sono seguro — posição supina em todo sono, em superfície própria, firme, plana e não inclinada, sem roupas de cama soltas ou objetos macios; apoiar triagens neonatais, imunização e seguimento de rotina conforme política local; ensinar cuidadores a buscar atendimento urgente diante de alimentação ruim, letargia, dificuldade respiratória, febre/instabilidade térmica, piora da icterícia ou outros sinais de doença.",Evidence-reviewed locally authored example guidance; not verbatim or official NIC/NOC activity/indicator text. Checked for alignment with the current classification label and the linked diagnoses; avoids fixed numeric NOC targets unless clinically meaningful and preserves escalation/scope boundaries for high-risk care.,https://publications.aap.org/pediatrics/article/150/1/e2022057990/188304/Sleep-Related-Infant-Deaths-Updated-2022 | https://www.who.int/news-room/fact-sheets/detail/infant-and-young-child-feeding,EVIDENCE_REVIEWED_HIGH_RISK_DRAFT
NIC,6924,Phototherapy: Neonate,Fototerapia: Neonato,AUTHOR_NEW,HIGH,,,,2,00194; 00230,Neonatal Hyperbilirubinemia | Risk for neonatal hyperbilirubinemia,Hiperbilirrubinemia neonatal | Risco de hiperbilirrubinemia neonatal,"NIC 6924 — Phototherapy: Neonate. Local example activities: verify the phototherapy order, treatment threshold and device settings and expose the prescribed skin surface while using eye protection and other device-specific safety measures; maintain thermal stability and continue feeding to support hydration and bilirubin clearance, assessing intake, urine/stool output and weight; obtain bilirubin measurements at the intervals ordered and trend the trajectory rather than relying on visual jaundice alone; inspect skin and eyes and check the infant’s position and device distance/irradiance according to local equipment policy; promptly escalate a rising bilirubin level, poor feeding/dehydration, neurological signs or approach to an exchange-transfusion/escalation threshold.","NIC 6924 — Fototerapia: Neonato. Exemplos locais de atividades: confirmar a prescrição de fototerapia, o limiar terapêutico e as configurações do equipamento e expor a superfície cutânea indicada, utilizando proteção ocular e outras medidas de segurança específicas do dispositivo; manter estabilidade térmica e continuar a alimentação para favorecer hidratação e eliminação de bilirrubina, avaliando ingestão, diurese/evacuações e peso; obter dosagens de bilirrubina nos intervalos prescritos e acompanhar a tendência, sem depender apenas da avaliação visual da icterícia; inspecionar pele e olhos e verificar posição do bebê e distância/irradiância do equipamento conforme política local; escalar prontamente elevação da bilirrubina, alimentação inadequada/desidratação, sinais neurológicos ou aproximação do limiar de exsanguíneotransfusão/escalonamento.",Evidence-reviewed locally authored example guidance; not verbatim or official NIC/NOC activity/indicator text. Checked for alignment with the current classification label and the linked diagnoses; avoids fixed numeric NOC targets unless clinically meaningful and preserves escalation/scope boundaries for high-risk care.,https://publications.aap.org/pediatrics/article/150/3/e2022058859/188726/Clinical-Practice-Guideline-Revision-Management-of,EVIDENCE_REVIEWED_HIGH_RISK_DRAFT
NIC,6960,Prenatal Care,Cuidados Pré-Natais,AUTHOR_NEW,HIGH,,,,3,00208; 00221; 00227,Readiness for enhanced childbearing process | Ineffective childbearing process | Risk for ineffective childbearing process,Preparação para um processo de gestação aprimorado | Processo de gravidez ineficaz | Risco de processo reprodutivo ineficaz,"NIC 6960 — Prenatal Care. Local example activities: support regular antenatal contacts and completion of scheduled maternal and fetal assessments, including blood pressure, relevant laboratory tests and fetal growth/assessment according to gestation and local guidance; review nutrition, prescribed supplements, medicines, vaccination and tobacco/alcohol/substance exposure; address common pregnancy symptoms and barriers to care and provide individualized education on birth, breastfeeding and postpartum planning; teach when to seek urgent assessment for bleeding, severe headache/visual symptoms, severe abdominal pain, fluid leakage, reduced fetal movement, fever or labour symptoms; document findings and coordinate referral when risk factors or complications are identified.","NIC 6960 — Cuidados Pré-Natais. Exemplos locais de atividades: apoiar contatos pré-natais regulares e a realização das avaliações maternas e fetais programadas, incluindo pressão arterial, exames laboratoriais relevantes e avaliação/crescimento fetal conforme idade gestacional e diretrizes locais; revisar nutrição, suplementos prescritos, medicamentos, vacinação e exposição a tabaco/álcool/substâncias; abordar sintomas comuns da gestação e barreiras ao cuidado e oferecer educação individualizada sobre parto, amamentação e planejamento pós-parto; ensinar quando buscar avaliação urgente diante de sangramento, cefaleia intensa/alterações visuais, dor abdominal intensa, perda de líquido, redução dos movimentos fetais, febre ou sintomas de trabalho de parto; documentar achados e coordenar encaminhamento quando forem identificados fatores de risco ou complicações.",Evidence-reviewed locally authored example guidance; not verbatim or official NIC/NOC activity/indicator text. Checked for alignment with the current classification label and the linked diagnoses; avoids fixed numeric NOC targets unless clinically meaningful and preserves escalation/scope boundaries for high-risk care.,https://www.who.int/publications/i/item/9789241549912,EVIDENCE_REVIEWED_HIGH_RISK_DRAFT
NIC,7040,Caregiver Support,Apoio ao Cuidador,AUTHOR_NEW,STANDARD,,,,2,00366; 00401,Excessive caregiving burden | Risk for excessive caregiving burden,sobrecarga excessiva de cuidados | Risco de sobrecarga de cuidados,"NIC 7040 — Caregiver Support. Local example activities: ask the caregiver what tasks they perform, time burden, sleep, physical and mental health, confidence, competing responsibilities and what support they actually want; identify signs of burnout, depression, injury risk, financial strain or inability to provide required care safely; provide condition-specific skills training, written plans and teach-back and arrange respite, social, financial, peer or professional resources when available; include the caregiver in planning with the patient’s consent while protecting both people’s autonomy and boundaries; review burden regularly and escalate safeguarding concerns or caregiver health deterioration.","NIC 7040 — Apoio ao Cuidador. Exemplos locais de atividades: perguntar ao cuidador quais tarefas realiza, tempo gasto, sono, saúde física e mental, confiança, responsabilidades concorrentes e que apoio realmente deseja; identificar sinais de esgotamento, depressão, risco de lesão, dificuldade financeira ou incapacidade de prestar cuidado necessário com segurança; fornecer treinamento específico, planos escritos e teach-back e organizar descanso, apoio social, financeiro, de pares ou profissional quando disponível; incluir cuidador no planejamento com consentimento do paciente preservando autonomia e limites de ambos; revisar sobrecarga regularmente e escalar proteção ou deterioração da saúde do cuidador.","Caregiver support reviewed for burden, skills and autonomy.",https://www.nice.org.uk/guidance/ng97/chapter/Recommendations | https://www.who.int/teams/mental-health-and-substance-use/treatment-care/who-caregivers-skills-training-for-families-of-children-with-developmental-delays-and-disorders,EVIDENCE_REVIEWED_AUTHOR_NEW_DRAFT
NIC,7100,Family Integrity Promotion,Promoção da Integridade Familiar,AUTHOR_NEW,STANDARD,,,,6,00159; 00388; 00389; 00440; 00495; 00496,Readiness for enhanced family processes | Impaired family processes | Disrupted family interaction patterns | Risk for disrupted family interaction patterns | Disrupted family identity syndrome | Risk for disrupted family identity syndrome,Preparação para processos familiares aprimorados | Processos familiares prejudicados | Padrões de interação familiar perturbados | Risco de padrões de interação familiar interrompidos | síndrome de identidade familiar desestruturada | Risco de síndrome de identidade familiar desestruturada,"NIC 7100 — Family Integrity Promotion. Local example activities: identify family strengths, roles, communication patterns, cultural values and the changes created by illness or life transition; ask each involved person what they understand, what they can realistically contribute and where conflict or overload exists; facilitate shared goals, clear roles and regular communication while preserving the patient’s preferences and confidentiality; connect the family with practical, psychosocial, cultural, spiritual or respite supports as needed; reassess functioning after major clinical or social changes and escalate safeguarding, violence or severe caregiver-burden concerns.","NIC 7100 — Promoção da Integridade Familiar. Exemplos locais de atividades: identificar forças familiares, papéis, padrões de comunicação, valores culturais e mudanças provocadas por doença ou transição de vida; perguntar a cada pessoa envolvida o que compreende, o que pode contribuir realisticamente e onde há conflito ou sobrecarga; facilitar metas compartilhadas, papéis claros e comunicação regular preservando preferências e confidencialidade do paciente; conectar família a apoios práticos, psicossociais, culturais, espirituais ou de descanso conforme necessário; reavaliar funcionamento após grandes mudanças e escalar preocupações de proteção, violência ou sobrecarga grave.",Family-integrity examples avoid family stereotypes and preserve patient preference/confidentiality.,https://www.nice.org.uk/guidance/ng97/chapter/Recommendations | https://www.nice.org.uk/guidance/ng197/chapter/recommendations,EVIDENCE_REVIEWED_AUTHOR_NEW_DRAFT
NIC,7110,Family Involvement Promotion,Promoção do Envolvimento Familiar,AUTHOR_NEW,STANDARD,,,,3,00080; 00410; 00439,Ineffective family health management | Risk for ineffective family health management | Risk for disrupted attachment behaviours,Gestão ineficaz da saúde familiar | Risco de gestão ineficaz da saúde familiar | Risco de comportamentos de apego perturbado,"NIC 7110 — Family Involvement Promotion. Local example activities: ask the patient who they want involved and in what aspects of information, decisions and hands-on care; assess family willingness, skills, relationship safety and ability to participate rather than assuming availability; invite chosen family members to care planning and teach condition-specific tasks using demonstration and teach-back, with clear limits on what requires professional care; coordinate consistent roles, contact points and follow-up and provide accessible written instructions; review the arrangement when the patient’s wishes, capacity, attachment needs or family circumstances change.","NIC 7110 — Promoção do Envolvimento Familiar. Exemplos locais de atividades: perguntar ao paciente quem deseja envolver e em quais aspectos de informação, decisões e cuidado prático; avaliar disposição, habilidades, segurança relacional e capacidade da família em vez de presumir disponibilidade; convidar familiares escolhidos para planejamento e ensinar tarefas específicas com demonstração e teach-back, deixando claro o que exige cuidado profissional; coordenar papéis, pontos de contato e seguimento consistentes e fornecer instruções acessíveis; revisar arranjo quando desejos, capacidade, necessidades de vínculo ou circunstâncias familiares mudarem.","Family-involvement examples align with consent, shared decision making and teach-back.",https://www.nice.org.uk/guidance/ng197/chapter/recommendations | https://www.ahrq.gov/sites/default/files/publications/files/healthlittoolkit2_1.pdf,EVIDENCE_REVIEWED_AUTHOR_NEW_DRAFT
NIC,7140,Family Support,Apoio Familiar,RECOVERED_FACT_CHECK_REQUIRED,STANDARD,Family Support,NIC 7140 — Family Support. Example activities: Assess family roles and needs; facilitate communication; include family in education and care planning with consent.,NIC 7140 — Apoio à família (English: Family Support). Exemplos de atividades: Avaliar papéis e necessidades familiares; facilitar comunicação; incluir família na educação e no planejamento com consentimento.,2,00075; 00373,Readiness for enhanced family coping | Maladaptive family coping,Prontidão para um melhor enfrentamento familiar | Enfrentamento familiar desadaptativo,"NIC 7140 — Family Support. Local example activities: ask the person and family what roles, information, practical tasks and emotional support are needed and who the patient wants involved; assess caregiver capacity, stress, understanding and barriers without assuming family availability; include family in education and care planning with consent and use teach-back for key information; connect the family to practical, financial, respite, community or specialist support when relevant; reassess caregiver strain, conflict, safeguarding concerns or inability to provide required care and escalate appropriately.","NIC 7140 — Apoio Familiar. Exemplos locais de atividades: perguntar à pessoa e à família quais papéis, informações, tarefas práticas e apoio emocional são necessários e quem o paciente deseja envolver; avaliar capacidade, sobrecarga, compreensão e barreiras do cuidador sem presumir disponibilidade familiar; incluir a família na educação e no planejamento do cuidado com consentimento e usar teach-back para informações-chave; conectar a apoios práticos, financeiros, de descanso, comunitários ou especializados quando pertinente; reavaliar sobrecarga do cuidador, conflito, preocupações de proteção ou incapacidade de prestar o cuidado necessário e escalar adequadamente.","Recovered text was treated only as a candidate. This replacement was re-checked against the CURRENT code/label and linked diagnoses, then rewritten where needed for specificity, contemporary clinical practice, scope boundaries, observable evaluation, and safety. Locally authored example guidance; not verbatim or official NIC/NOC activity/indicator wording.",https://www.who.int/news-room/fact-sheets/detail/palliative-care | https://www.ahrq.gov/health-literacy/improve/precautions/tool5.html,EVIDENCE_REVIEWED_RECOVERED_OR_DRIFT_DRAFT
NIC,7180,Home Maintenance Assistance,Assistência na Manutenção do Lar,AUTHOR_NEW,STANDARD,,,,3,00300; 00308; 00309,Ineffective home maintenance behaviours | Risk for ineffective home maintenance behaviours | Readiness for enhanced home maintenance behaviours,Comportamentos ineficazes de manutenção doméstica | Risco de comportamentos ineficazes de manutenção doméstica | Prontidão para comportamentos aprimorados de manutenção doméstica,"NIC 7180 — Home Maintenance Assistance. Local example activities: assess whether the home supports safe access to sleeping, bathing, toileting, food preparation, medicines and mobility and identify hazards such as poor lighting, clutter, stairs, unsafe heating or inaccessible supplies; ask which home tasks the person values and what they can perform independently; arrange practical adaptations, assistive equipment, home-care or occupational-therapy and social support as available rather than expecting the person or family to solve structural barriers alone; teach safe use of equipment and emergency or contact plans; review after functional change, fall, discharge or caregiver change.","NIC 7180 — Assistência na Manutenção do Lar. Exemplos locais de atividades: avaliar se o domicílio permite acesso seguro a sono, banho, toalete, preparo de alimentos, medicamentos e mobilidade e identificar riscos como iluminação ruim, desordem, escadas, aquecimento inseguro ou suprimentos inacessíveis; perguntar quais tarefas domésticas são importantes e o que a pessoa realiza independentemente; organizar adaptações, tecnologia assistiva, cuidado domiciliar ou apoio de terapia ocupacional e social conforme disponível, evitando exigir que pessoa ou família resolvam barreiras estruturais sozinhas; ensinar uso seguro de equipamentos e planos de emergência ou contato; revisar após mudança funcional, queda, alta ou mudança de cuidador.","Home-maintenance examples focus on function, adaptations and structural barriers.",https://www.nice.org.uk/guidance/ng252/chapter/Rehabilitation-to-maintain-improve-or-support-function,EVIDENCE_REVIEWED_AUTHOR_NEW_DRAFT
NIC,8250,Developmental Care,Cuidado Desenvolvimental,REWRITE_VERIFY_LABEL_DRIFT,STANDARD,Infant Development,NIC 8250 — Infant Development. Example activities: Assess developmental cues; provide age-appropriate stimulation; involve caregivers in responsive interaction and play.,NIC 8250 — Promoção do desenvolvimento (English: Infant Development). Exemplos de atividades: Avaliar sinais do desenvolvimento; oferecer estimulação adequada à idade; envolver cuidadores em interação responsiva e brincadeira.,3,00451; 00452; 00453,Impaired infant neurodevelopmental organisation | Risk for impaired infant neurodevelopmental organisation | Readiness for enhanced infant neurodevelopmental organisation,Organização neurodesenvolvimental infantil prejudicada | Risco de comprometimento da organização do neurodesenvolvimento infantil | Preparação para uma melhor organização do neurodesenvolvimento infantil,"NIC 8250 — Developmental Care. Local example activities: assess developmental age, behavioural cues, sensory tolerance, communication and the caregiving environment rather than using chronological age alone; adapt handling, positioning, play, communication and daily routines to support regulation, participation and emerging skills; encourage responsive caregiver interaction and opportunities for safe movement and early learning; avoid overstimulation and pace activity to the child/infant’s cues; document developmental progress and refer regression, persistent asymmetry, loss of skills or significant delay for formal assessment.","NIC 8250 — Cuidado Desenvolvimental. Exemplos locais de atividades: avaliar idade/desenvolvimento, sinais comportamentais, tolerância sensorial, comunicação e ambiente de cuidado, evitando usar apenas idade cronológica; adaptar manipulação, posicionamento, brincadeira, comunicação e rotinas diárias para apoiar autorregulação, participação e habilidades emergentes; estimular interação responsiva do cuidador e oportunidades de movimento seguro e aprendizagem precoce; evitar superestimulação e ajustar o ritmo aos sinais da criança/lactente; documentar progresso do desenvolvimento e encaminhar regressão, assimetria persistente, perda de habilidades ou atraso importante para avaliação formal.","Recovered text was treated only as a candidate. This replacement was re-checked against the CURRENT code/label and linked diagnoses, then rewritten where needed for specificity, contemporary clinical practice, scope boundaries, observable evaluation, and safety. Locally authored example guidance; not verbatim or official NIC/NOC activity/indicator wording.",https://www.who.int/publications/i/item/97892400020986/ | https://www.who.int/publications/i/item/9789240048836,EVIDENCE_REVIEWED_RECOVERED_OR_DRIFT_DRAFT
NIC,8274,Child Care,Cuidados com a Criança,AUTHOR_NEW,STANDARD,,,,2,00305; 00314,Risk for delayed child development | Delayed child development,Risco de atraso no desenvolvimento infantil | Atraso no desenvolvimento infantil,"NIC 8274 — Child Care. Local example activities: assess the child’s age and development, feeding, sleep, growth, communication, play, safety, health needs and caregiver concerns and tailor care rather than applying adult routines; support responsive caregiving, age-appropriate nutrition, hygiene, immunization and health follow-up, safe sleep and injury prevention according to the local paediatric plan; create opportunities for play, movement, communication and learning and adapt for disability; teach caregivers to recognize developmental progress and illness danger signs and use teach-back; arrange paediatric or developmental review for regression, abnormal growth, persistent feeding difficulty or significant delay.","NIC 8274 — Cuidados com a Criança. Exemplos locais de atividades: avaliar idade e desenvolvimento, alimentação, sono, crescimento, comunicação, brincadeira, segurança, necessidades de saúde e preocupações do cuidador e individualizar cuidado em vez de aplicar rotinas adultas; apoiar cuidado responsivo, nutrição adequada à idade, higiene, imunização e seguimento, sono seguro e prevenção de lesões conforme plano pediátrico local; criar oportunidades de brincadeira, movimento, comunicação e aprendizagem e adaptar para deficiência; ensinar cuidadores a reconhecer progresso do desenvolvimento e sinais de perigo e usar teach-back; organizar revisão pediátrica ou de desenvolvimento diante de regressão, crescimento anormal, dificuldade alimentar persistente ou atraso importante.",Child-care examples aligned with WHO nurturing care and essential newborn/child principles.,https://www.who.int/publications/i/item/97892400020986/ | https://www.who.int/teams/maternal-newborn-child-adolescent-health-and-ageing/newborn-health/essential-newborn-care,EVIDENCE_REVIEWED_AUTHOR_NEW_DRAFT
NIC,8278,Developmental Enhancement: Infant,Melhora do Desenvolvimento: Lactente,AUTHOR_NEW,HIGH,,,,2,00315; 00316,Delayed infant motor development | Risk for delayed infant motor development,Atraso no desenvolvimento motor infantil | Risco de atraso no desenvolvimento motor infantil,"NIC 8278 — Developmental Enhancement: Infant. Local example activities: assess developmental progress using corrected age when appropriate for preterm infants and observe motor, social, communication and regulatory skills over time; coach caregivers in responsive face-to-face interaction, talking, singing, play and safe opportunities for movement and exploration; provide supervised awake tummy time and varied safe positions while avoiding prolonged restrictive positioning; adapt stimulation to the infant’s cues and stop when stress, fatigue or physiologic instability appears; refer promptly for developmental assessment when there is regression, persistent asymmetry, loss of skills or a significant delay.","NIC 8278 — Melhora do Desenvolvimento: Lactente. Exemplos locais de atividades: avaliar a progressão do desenvolvimento utilizando idade corrigida quando apropriado em prematuros e observar habilidades motoras, sociais, comunicativas e de autorregulação ao longo do tempo; orientar cuidadores em interação responsiva face a face, conversa, canto, brincadeiras e oportunidades seguras de movimento e exploração; oferecer tempo de bruços acordado e supervisionado e posições seguras variadas, evitando posicionamento restritivo prolongado; adaptar a estimulação aos sinais do lactente e interromper diante de estresse, fadiga ou instabilidade fisiológica; encaminhar prontamente para avaliação do desenvolvimento diante de regressão, assimetria persistente, perda de habilidades ou atraso importante.",Evidence-reviewed locally authored example guidance; not verbatim or official NIC/NOC activity/indicator text. Checked for alignment with the current classification label and the linked diagnoses; avoids fixed numeric NOC targets unless clinically meaningful and preserves escalation/scope boundaries for high-risk care.,https://www.who.int/publications/i/item/97892400020986/ | https://publications.aap.org/pediatrics/article/150/1/e2022057990/188304/Sleep-Related-Infant-Deaths-Updated-2022 | https://www.who.int/publications/b/63796,EVIDENCE_REVIEWED_HIGH_RISK_DRAFT
NIC,8300,Parenting Promotion,Promoção da Parentalidade,RECOVERED_FACT_CHECK_REQUIRED,STANDARD,Parenting Promotion,"NIC 8300 — Parenting Promotion. Example activities: Assess parenting strengths and stressors; model age-appropriate responses; reinforce safe, responsive caregiver behaviors.",NIC 8300 — Promoção da parentalidade (English: Parenting Promotion). Exemplos de atividades: Avaliar forças e estressores da parentalidade; modelar respostas adequadas à idade; reforçar comportamentos seguros e responsivos do cuidador.,4,00387; 00436; 00437; 00438,Excessive parental role conflict | Impaired parenting behaviours | Risk for impaired parenting behaviours | Readiness for enhanced parenting behaviours,Conflito excessivo nos papéis parentais | Comportamentos parentais problemáticos | Risco de comportamentos parentais problemáticos | Prontidão para comportamentos parentais aprimorados,"NIC 8300 — Parenting Promotion. Local example activities: identify caregiver strengths, concerns, stressors and the child’s developmental needs and temperament; model and practise responsive caregiving that notices cues, follows the child’s interest, uses positive attention and sets safe, developmentally appropriate limits; build everyday play, communication and learning opportunities into routines; support caregiver problem-solving and wellbeing and involve other trusted caregivers when appropriate; reinforce safe sleep, injury prevention, nutrition and health follow-up relevant to age and refer when developmental, safeguarding or caregiver mental-health concerns arise.","NIC 8300 — Promoção da Parentalidade. Exemplos locais de atividades: identificar forças, preocupações e estressores do cuidador e necessidades de desenvolvimento/temperamento da criança; modelar e praticar cuidado responsivo que reconheça sinais, acompanhe o interesse da criança, use atenção positiva e estabeleça limites seguros e adequados ao desenvolvimento; incorporar oportunidades de brincadeira, comunicação e aprendizagem às rotinas; apoiar resolução de problemas e bem-estar do cuidador e envolver outros cuidadores de confiança quando apropriado; reforçar sono seguro, prevenção de lesões, nutrição e acompanhamento de saúde adequados à idade e encaminhar diante de preocupações de desenvolvimento, proteção ou saúde mental do cuidador.","Recovered text was treated only as a candidate. This replacement was re-checked against the CURRENT code/label and linked diagnoses, then rewritten where needed for specificity, contemporary clinical practice, scope boundaries, observable evaluation, and safety. Locally authored example guidance; not verbatim or official NIC/NOC activity/indicator wording.",https://www.who.int/publications/i/item/97892400020986/ | https://www.who.int/publications/i/item/9789240048836,EVIDENCE_REVIEWED_RECOVERED_OR_DRIFT_DRAFT
NIC,8340,Resilience Promotion,Promoção da Resiliência,AUTHOR_NEW,STANDARD,,,,4,00210; 00211; 00212; 00340,Impaired resilience | Risk for impaired resilience | Readiness for enhanced resilience | Readiness for enhanced healthy ageing,Resiliência prejudicada | Risco de resiliência prejudicada | Preparação para uma maior resiliência | Preparação para um envelhecimento saudável aprimorado,"NIC 8340 — Resilience Promotion. Local example activities: identify current stressors, previous adaptations, strengths, supportive relationships, health behaviours and what gives the person purpose; distinguish resilience from simply enduring unsafe conditions and address modifiable structural or clinical problems alongside coping; help set realistic goals, maintain routines, problem-solve and strengthen social connection and help-seeking; reinforce successful adaptation and flexible strategies rather than demanding positivity; monitor function and mental health over time and refer persistent inability to recover, severe depression, trauma symptoms or safety risk.","NIC 8340 — Promoção da Resiliência. Exemplos locais de atividades: identificar estressores atuais, adaptações prévias, forças, relações de apoio, comportamentos de saúde e o que dá propósito à pessoa; distinguir resiliência de simplesmente suportar condições inseguras e abordar problemas estruturais ou clínicos modificáveis junto ao enfrentamento; ajudar a definir metas realistas, manter rotinas, resolver problemas e fortalecer conexão social e busca de ajuda; reforçar adaptação bem-sucedida e estratégias flexíveis em vez de exigir positividade; monitorar função e saúde mental e encaminhar incapacidade persistente de recuperação, depressão grave, sintomas de trauma ou risco.",Resilience examples avoid toxic positivity and include structural/support factors.,https://www.who.int/news-room/fact-sheets/detail/mental-health-strengthening-our-response | https://www.who.int/health-topics/ageing/reducing-social-isolation-and-loneliness-among-older-people,EVIDENCE_REVIEWED_AUTHOR_NEW_DRAFT
NIC,8500,Community Health Development,Desenvolvimento da Saúde Comunitária,AUTHOR_NEW,STANDARD,,,,4,00076; 00356; 00413; 00456,Readiness for enhanced community coping | Ineffective community health management | Risk for ineffective community health management | Maladaptive community coping,Prontidão para uma melhor adaptação à comunidade | Gestão ineficaz da saúde comunitária | Risco de gestão ineficaz da saúde comunitária | Enfrentamento comunitário desadaptativo,"NIC 8500 — Community Health Development. Local example activities: identify the community-defined health concern, affected groups, existing strengths and assets, inequities and barriers using local data plus direct engagement rather than assuming priorities; build partnerships with residents, services, leaders and organizations and agree shared, measurable goals and responsibilities; co-design feasible actions such as outreach, prevention, referral pathways, environmental changes or peer support and ensure access for marginalized groups; monitor participation, service reach and health or safety outcomes and feed results back to the community; adapt the plan with community input and escalate urgent public-health or safeguarding threats through appropriate systems.","NIC 8500 — Desenvolvimento da Saúde Comunitária. Exemplos locais de atividades: identificar problema de saúde definido pela comunidade, grupos afetados, forças e ativos existentes, iniquidades e barreiras usando dados locais e participação direta em vez de presumir prioridades; construir parcerias com moradores, serviços, lideranças e organizações e pactuar metas e responsabilidades compartilhadas e mensuráveis; cocriar ações viáveis como busca ativa, prevenção, fluxos de encaminhamento, mudanças ambientais ou apoio de pares e garantir acesso de grupos marginalizados; monitorar participação, alcance de serviços e resultados de saúde ou segurança e devolver resultados à comunidade; adaptar plano com participação comunitária e escalar ameaças urgentes de saúde pública ou proteção pelos sistemas apropriados.",Community-health development aligned with WHO community engagement principles.,https://www.who.int/publications/m/item/community-engagement-for-quality--people-centred-health-services,EVIDENCE_REVIEWED_AUTHOR_NEW_DRAFT
