nanda_code,classification,code,label_en,label_pt,edition,role,applicability,applicability_en,applicability_pt,confidence,verification_status,source_language,source_reference,source_page,review_date,notes
00004,NIC,6540,Infection Control,Controle de Infecção,"Nursing Interventions Classification (NIC), 8th edition",primary,Compatibility primary selected for the diagnosis; consider alternative/context-specific links before finalising a care plan.,Compatibility primary selected for the diagnosis; consider alternative/context-specific links before finalising a care plan.,Mapeamento primário de compatibilidade selecionado para o diagnóstico; considerar vínculos alternativos/específicos ao contexto antes de finalizar o plano de cuidados.,high,curated_current_edition,es,Institutional Spanish NIC 8th edition source reviewed; current code/label cross-check against NIC 8th current classification listing; https://www.salusplay.com/blog/clasificacion-completa-intervenciones-enfermeria-nic-2024/,,2026-09-07,"Selection remains patient/context dependent; use the licensed classification definitions, activities/indicators and scales."
00004,NOC,1924,Risk Control: Infectious Process,Controle de Risco: Processo Infeccioso,"Nursing Outcomes Classification (NOC), 7th edition",primary,Compatibility primary selected for the diagnosis; consider alternative/context-specific links before finalising a care plan.,Compatibility primary selected for the diagnosis; consider alternative/context-specific links before finalising a care plan.,Mapeamento primário de compatibilidade selecionado para o diagnóstico; considerar vínculos alternativos/específicos ao contexto antes de finalizar o plano de cuidados.,high,curated_current_edition,es,Institutional Spanish NOC 7th edition source reviewed; current code/label cross-check against NOC 7th current classification listing; https://www.salusplay.com/apuntes/pae-y-diagnosticos-de-enfermeria-nanda-noc-y-nic/anexo-2-clasificacion-completa-de-resultados-de-enfermeria-noc-2024-8,,2026-09-07,"Selection remains patient/context dependent; use the licensed classification definitions, activities/indicators and scales."
00007,NIC,3900,Temperature Regulation,Regulação da Temperatura,"Nursing Interventions Classification (NIC), 8th edition",primary,Compatibility primary selected for the diagnosis; consider alternative/context-specific links before finalising a care plan.,Compatibility primary selected for the diagnosis; consider alternative/context-specific links before finalising a care plan.,Mapeamento primário de compatibilidade selecionado para o diagnóstico; considerar vínculos alternativos/específicos ao contexto antes de finalizar o plano de cuidados.,high,curated_current_edition,es,Institutional Spanish NIC 8th edition source reviewed; current code/label cross-check against NIC 8th current classification listing; https://www.salusplay.com/blog/clasificacion-completa-intervenciones-enfermeria-nic-2024/,,2026-09-07,"Selection remains patient/context dependent; use the licensed classification definitions, activities/indicators and scales."
00007,NOC,0800,Thermoregulation,Termorregulação,"Nursing Outcomes Classification (NOC), 7th edition",primary,Compatibility primary selected for the diagnosis; consider alternative/context-specific links before finalising a care plan.,Compatibility primary selected for the diagnosis; consider alternative/context-specific links before finalising a care plan.,Mapeamento primário de compatibilidade selecionado para o diagnóstico; considerar vínculos alternativos/específicos ao contexto antes de finalizar o plano de cuidados.,high,curated_current_edition,es,Institutional Spanish NOC 7th edition source reviewed; current code/label cross-check against NOC 7th current classification listing; https://www.salusplay.com/apuntes/pae-y-diagnosticos-de-enfermeria-nanda-noc-y-nic/anexo-2-clasificacion-completa-de-resultados-de-enfermeria-noc-2024-8,,2026-09-07,"Selection remains patient/context dependent; use the licensed classification definitions, activities/indicators and scales."
00008,NIC,3900,Temperature Regulation,Regulação da Temperatura,"Nursing Interventions Classification (NIC), 8th edition",primary,Compatibility primary selected for the diagnosis; consider alternative/context-specific links before finalising a care plan.,Compatibility primary selected for the diagnosis; consider alternative/context-specific links before finalising a care plan.,Mapeamento primário de compatibilidade selecionado para o diagnóstico; considerar vínculos alternativos/específicos ao contexto antes de finalizar o plano de cuidados.,high,curated_current_edition,es,Institutional Spanish NIC 8th edition source reviewed; current code/label cross-check against NIC 8th current classification listing; https://www.salusplay.com/blog/clasificacion-completa-intervenciones-enfermeria-nic-2024/,,2026-09-07,"Selection remains patient/context dependent; use the licensed classification definitions, activities/indicators and scales."
00008,NOC,0800,Thermoregulation,Termorregulação,"Nursing Outcomes Classification (NOC), 7th edition",primary,Compatibility primary selected for the diagnosis; consider alternative/context-specific links before finalising a care plan.,Compatibility primary selected for the diagnosis; consider alternative/context-specific links before finalising a care plan.,Mapeamento primário de compatibilidade selecionado para o diagnóstico; considerar vínculos alternativos/específicos ao contexto antes de finalizar o plano de cuidados.,high,curated_current_edition,es,Institutional Spanish NOC 7th edition source reviewed; current code/label cross-check against NOC 7th current classification listing; https://www.salusplay.com/apuntes/pae-y-diagnosticos-de-enfermeria-nanda-noc-y-nic/anexo-2-clasificacion-completa-de-resultados-de-enfermeria-noc-2024-8,,2026-09-07,"Selection remains patient/context dependent; use the licensed classification definitions, activities/indicators and scales."
00010,NIC,2620,Neurologic Monitoring,Monitoração Neurológica,"Nursing Interventions Classification (NIC), 8th edition",primary,Compatibility primary selected for the diagnosis; consider alternative/context-specific links before finalising a care plan.,Compatibility primary selected for the diagnosis; consider alternative/context-specific links before finalising a care plan.,Mapeamento primário de compatibilidade selecionado para o diagnóstico; considerar vínculos alternativos/específicos ao contexto antes de finalizar o plano de cuidados.,high,curated_current_edition,es,Institutional Spanish NIC 8th edition source reviewed; current code/label cross-check against NIC 8th current classification listing; https://www.salusplay.com/blog/clasificacion-completa-intervenciones-enfermeria-nic-2024/,,2026-09-07,"Selection remains patient/context dependent; use the licensed classification definitions, activities/indicators and scales."
00010,NOC,0910,Neurological Function: Autonomic,Função Neurológica: Autonômica,"Nursing Outcomes Classification (NOC), 7th edition",primary,Compatibility primary selected for the diagnosis; consider alternative/context-specific links before finalising a care plan.,Compatibility primary selected for the diagnosis; consider alternative/context-specific links before finalising a care plan.,Mapeamento primário de compatibilidade selecionado para o diagnóstico; considerar vínculos alternativos/específicos ao contexto antes de finalizar o plano de cuidados.,high,current_edition_verified,es,Institutional Spanish NOC 7th edition source reviewed; current code/label cross-check against NOC 7th current classification listing; https://www.salusplay.com/apuntes/pae-y-diagnosticos-de-enfermeria-nanda-noc-y-nic/anexo-2-clasificacion-completa-de-resultados-de-enfermeria-noc-2024-8,,2026-09-07,"Selection remains patient/context dependent; use the licensed classification definitions, activities/indicators and scales."
00016,NIC,0590,Urinary Elimination Management,Controle da Eliminação Urinária,"Nursing Interventions Classification (NIC), 8th edition",primary,Compatibility primary selected for the diagnosis; consider alternative/context-specific links before finalising a care plan.,Compatibility primary selected for the diagnosis; consider alternative/context-specific links before finalising a care plan.,Mapeamento primário de compatibilidade selecionado para o diagnóstico; considerar vínculos alternativos/específicos ao contexto antes de finalizar o plano de cuidados.,high,curated_current_edition,es,Institutional Spanish NIC 8th edition source reviewed; current code/label cross-check against NIC 8th current classification listing; https://www.salusplay.com/blog/clasificacion-completa-intervenciones-enfermeria-nic-2024/,,2026-09-07,"Selection remains patient/context dependent; use the licensed classification definitions, activities/indicators and scales."
00016,NOC,0503,Urinary Elimination,Eliminação Urinária,"Nursing Outcomes Classification (NOC), 7th edition",primary,Compatibility primary selected for the diagnosis; consider alternative/context-specific links before finalising a care plan.,Compatibility primary selected for the diagnosis; consider alternative/context-specific links before finalising a care plan.,Mapeamento primário de compatibilidade selecionado para o diagnóstico; considerar vínculos alternativos/específicos ao contexto antes de finalizar o plano de cuidados.,high,curated_current_edition,es,Institutional Spanish NOC 7th edition source reviewed; current code/label cross-check against NOC 7th current classification listing; https://www.salusplay.com/apuntes/pae-y-diagnosticos-de-enfermeria-nanda-noc-y-nic/anexo-2-clasificacion-completa-de-resultados-de-enfermeria-noc-2024-8,,2026-09-07,"Selection remains patient/context dependent; use the licensed classification definitions, activities/indicators and scales."
00017,NIC,0610,Urinary Incontinence Care,Cuidados na Incontinência Urinária,"Nursing Interventions Classification (NIC), 8th edition",primary,Compatibility primary selected for the diagnosis; consider alternative/context-specific links before finalising a care plan.,Compatibility primary selected for the diagnosis; consider alternative/context-specific links before finalising a care plan.,Mapeamento primário de compatibilidade selecionado para o diagnóstico; considerar vínculos alternativos/específicos ao contexto antes de finalizar o plano de cuidados.,high,curated_current_edition,es,Institutional Spanish NIC 8th edition source reviewed; current code/label cross-check against NIC 8th current classification listing; https://www.salusplay.com/blog/clasificacion-completa-intervenciones-enfermeria-nic-2024/,,2026-09-07,"Selection remains patient/context dependent; use the licensed classification definitions, activities/indicators and scales."
00017,NOC,0502,Urinary Continence,Continência Urinária,"Nursing Outcomes Classification (NOC), 7th edition",primary,Compatibility primary selected for the diagnosis; consider alternative/context-specific links before finalising a care plan.,Compatibility primary selected for the diagnosis; consider alternative/context-specific links before finalising a care plan.,Mapeamento primário de compatibilidade selecionado para o diagnóstico; considerar vínculos alternativos/específicos ao contexto antes de finalizar o plano de cuidados.,high,curated_current_edition,es,Institutional Spanish NOC 7th edition source reviewed; current code/label cross-check against NOC 7th current classification listing; https://www.salusplay.com/apuntes/pae-y-diagnosticos-de-enfermeria-nanda-noc-y-nic/anexo-2-clasificacion-completa-de-resultados-de-enfermeria-noc-2024-8,,2026-09-07,"Selection remains patient/context dependent; use the licensed classification definitions, activities/indicators and scales."
00019,NIC,0610,Urinary Incontinence Care,Cuidados na Incontinência Urinária,"Nursing Interventions Classification (NIC), 8th edition",primary,Compatibility primary selected for the diagnosis; consider alternative/context-specific links before finalising a care plan.,Compatibility primary selected for the diagnosis; consider alternative/context-specific links before finalising a care plan.,Mapeamento primário de compatibilidade selecionado para o diagnóstico; considerar vínculos alternativos/específicos ao contexto antes de finalizar o plano de cuidados.,high,curated_current_edition,es,Institutional Spanish NIC 8th edition source reviewed; current code/label cross-check against NIC 8th current classification listing; https://www.salusplay.com/blog/clasificacion-completa-intervenciones-enfermeria-nic-2024/,,2026-09-07,"Selection remains patient/context dependent; use the licensed classification definitions, activities/indicators and scales."
00019,NOC,0502,Urinary Continence,Continência Urinária,"Nursing Outcomes Classification (NOC), 7th edition",primary,Compatibility primary selected for the diagnosis; consider alternative/context-specific links before finalising a care plan.,Compatibility primary selected for the diagnosis; consider alternative/context-specific links before finalising a care plan.,Mapeamento primário de compatibilidade selecionado para o diagnóstico; considerar vínculos alternativos/específicos ao contexto antes de finalizar o plano de cuidados.,high,curated_current_edition,es,Institutional Spanish NOC 7th edition source reviewed; current code/label cross-check against NOC 7th current classification listing; https://www.salusplay.com/apuntes/pae-y-diagnosticos-de-enfermeria-nanda-noc-y-nic/anexo-2-clasificacion-completa-de-resultados-de-enfermeria-noc-2024-8,,2026-09-07,"Selection remains patient/context dependent; use the licensed classification definitions, activities/indicators and scales."
00022,NIC,0610,Urinary Incontinence Care,Cuidados na Incontinência Urinária,"Nursing Interventions Classification (NIC), 8th edition",primary,Compatibility primary selected for the diagnosis; consider alternative/context-specific links before finalising a care plan.,Compatibility primary selected for the diagnosis; consider alternative/context-specific links before finalising a care plan.,Mapeamento primário de compatibilidade selecionado para o diagnóstico; considerar vínculos alternativos/específicos ao contexto antes de finalizar o plano de cuidados.,high,curated_current_edition,es,Institutional Spanish NIC 8th edition source reviewed; current code/label cross-check against NIC 8th current classification listing; https://www.salusplay.com/blog/clasificacion-completa-intervenciones-enfermeria-nic-2024/,,2026-09-07,"Selection remains patient/context dependent; use the licensed classification definitions, activities/indicators and scales."
00022,NOC,0502,Urinary Continence,Continência Urinária,"Nursing Outcomes Classification (NOC), 7th edition",primary,Compatibility primary selected for the diagnosis; consider alternative/context-specific links before finalising a care plan.,Compatibility primary selected for the diagnosis; consider alternative/context-specific links before finalising a care plan.,Mapeamento primário de compatibilidade selecionado para o diagnóstico; considerar vínculos alternativos/específicos ao contexto antes de finalizar o plano de cuidados.,high,curated_current_edition,es,Institutional Spanish NOC 7th edition source reviewed; current code/label cross-check against NOC 7th current classification listing; https://www.salusplay.com/apuntes/pae-y-diagnosticos-de-enfermeria-nanda-noc-y-nic/anexo-2-clasificacion-completa-de-resultados-de-enfermeria-noc-2024-8,,2026-09-07,"Selection remains patient/context dependent; use the licensed classification definitions, activities/indicators and scales."
00026,NIC,4120,Fluid Management,Controle de Líquidos,"Nursing Interventions Classification (NIC), 8th edition",primary,Compatibility primary selected for the diagnosis; consider alternative/context-specific links before finalising a care plan.,Compatibility primary selected for the diagnosis; consider alternative/context-specific links before finalising a care plan.,Mapeamento primário de compatibilidade selecionado para o diagnóstico; considerar vínculos alternativos/específicos ao contexto antes de finalizar o plano de cuidados.,high,curated_current_edition,es,Institutional Spanish NIC 8th edition source reviewed; current code/label cross-check against NIC 8th current classification listing; https://www.salusplay.com/blog/clasificacion-completa-intervenciones-enfermeria-nic-2024/,,2026-09-07,"Selection remains patient/context dependent; use the licensed classification definitions, activities/indicators and scales."
00026,NOC,0603,Fluid Overload Severity,Gravidade da Sobrecarga Hídrica,"Nursing Outcomes Classification (NOC), 7th edition",primary,Compatibility primary selected for the diagnosis; consider alternative/context-specific links before finalising a care plan.,Compatibility primary selected for the diagnosis; consider alternative/context-specific links before finalising a care plan.,Mapeamento primário de compatibilidade selecionado para o diagnóstico; considerar vínculos alternativos/específicos ao contexto antes de finalizar o plano de cuidados.,high,curated_current_edition,es,Institutional Spanish NOC 7th edition source reviewed; current code/label cross-check against NOC 7th current classification listing; https://www.salusplay.com/apuntes/pae-y-diagnosticos-de-enfermeria-nanda-noc-y-nic/anexo-2-clasificacion-completa-de-resultados-de-enfermeria-noc-2024-8,,2026-09-07,"Selection remains patient/context dependent; use the licensed classification definitions, activities/indicators and scales."
00030,NIC,3350,Respiratory Monitoring,Monitoração Respiratória,"Nursing Interventions Classification (NIC), 8th edition",primary,Compatibility primary selected for the diagnosis; consider alternative/context-specific links before finalising a care plan.,Compatibility primary selected for the diagnosis; consider alternative/context-specific links before finalising a care plan.,Mapeamento primário de compatibilidade selecionado para o diagnóstico; considerar vínculos alternativos/específicos ao contexto antes de finalizar o plano de cuidados.,high,curated_current_edition,es,Institutional Spanish NIC 8th edition source reviewed; current code/label cross-check against NIC 8th current classification listing; https://www.salusplay.com/blog/clasificacion-completa-intervenciones-enfermeria-nic-2024/,,2026-09-07,"Selection remains patient/context dependent; use the licensed classification definitions, activities/indicators and scales."
00030,NOC,0402,Respiratory Status: Gas Exchange,Estado Respiratório: Troca Gasosa,"Nursing Outcomes Classification (NOC), 7th edition",primary,Compatibility primary selected for the diagnosis; consider alternative/context-specific links before finalising a care plan.,Compatibility primary selected for the diagnosis; consider alternative/context-specific links before finalising a care plan.,Mapeamento primário de compatibilidade selecionado para o diagnóstico; considerar vínculos alternativos/específicos ao contexto antes de finalizar o plano de cuidados.,high,curated_current_edition,es,Institutional Spanish NOC 7th edition source reviewed; current code/label cross-check against NOC 7th current classification listing; https://www.salusplay.com/apuntes/pae-y-diagnosticos-de-enfermeria-nanda-noc-y-nic/anexo-2-clasificacion-completa-de-resultados-de-enfermeria-noc-2024-8,,2026-09-07,"Selection remains patient/context dependent; use the licensed classification definitions, activities/indicators and scales."
00031,NIC,3250,Cough Enhancement,Melhora da Tosse,"Nursing Interventions Classification (NIC), 8th edition",primary,Compatibility primary selected for the diagnosis; consider alternative/context-specific links before finalising a care plan.,Compatibility primary selected for the diagnosis; consider alternative/context-specific links before finalising a care plan.,Mapeamento primário de compatibilidade selecionado para o diagnóstico; considerar vínculos alternativos/específicos ao contexto antes de finalizar o plano de cuidados.,high,curated_current_edition,es,Institutional Spanish NIC 8th edition source reviewed; current code/label cross-check against NIC 8th current classification listing; https://www.salusplay.com/blog/clasificacion-completa-intervenciones-enfermeria-nic-2024/,,2026-09-07,"Selection remains patient/context dependent; use the licensed classification definitions, activities/indicators and scales."
00031,NOC,0410,Respiratory Status: Airway Patency,Estado Respiratório: Permeabilidade das Vias Aéreas,"Nursing Outcomes Classification (NOC), 7th edition",primary,Compatibility primary selected for the diagnosis; consider alternative/context-specific links before finalising a care plan.,Compatibility primary selected for the diagnosis; consider alternative/context-specific links before finalising a care plan.,Mapeamento primário de compatibilidade selecionado para o diagnóstico; considerar vínculos alternativos/específicos ao contexto antes de finalizar o plano de cuidados.,high,curated_current_edition,es,Institutional Spanish NOC 7th edition source reviewed; current code/label cross-check against NOC 7th current classification listing; https://www.salusplay.com/apuntes/pae-y-diagnosticos-de-enfermeria-nanda-noc-y-nic/anexo-2-clasificacion-completa-de-resultados-de-enfermeria-noc-2024-8,,2026-09-07,"Selection remains patient/context dependent; use the licensed classification definitions, activities/indicators and scales."
00032,NIC,3390,Ventilation Assistance,Assistência Ventilatória,"Nursing Interventions Classification (NIC), 8th edition",primary,Compatibility primary selected for the diagnosis; consider alternative/context-specific links before finalising a care plan.,Compatibility primary selected for the diagnosis; consider alternative/context-specific links before finalising a care plan.,Mapeamento primário de compatibilidade selecionado para o diagnóstico; considerar vínculos alternativos/específicos ao contexto antes de finalizar o plano de cuidados.,high,curated_current_edition,es,Institutional Spanish NIC 8th edition source reviewed; current code/label cross-check against NIC 8th current classification listing; https://www.salusplay.com/blog/clasificacion-completa-intervenciones-enfermeria-nic-2024/,,2026-09-07,"Selection remains patient/context dependent; use the licensed classification definitions, activities/indicators and scales."
00032,NOC,0403,Respiratory Status: Ventilation,Estado Respiratório: Ventilação,"Nursing Outcomes Classification (NOC), 7th edition",primary,Compatibility primary selected for the diagnosis; consider alternative/context-specific links before finalising a care plan.,Compatibility primary selected for the diagnosis; consider alternative/context-specific links before finalising a care plan.,Mapeamento primário de compatibilidade selecionado para o diagnóstico; considerar vínculos alternativos/específicos ao contexto antes de finalizar o plano de cuidados.,high,curated_current_edition,es,Institutional Spanish NOC 7th edition source reviewed; current code/label cross-check against NOC 7th current classification listing; https://www.salusplay.com/apuntes/pae-y-diagnosticos-de-enfermeria-nanda-noc-y-nic/anexo-2-clasificacion-completa-de-resultados-de-enfermeria-noc-2024-8,,2026-09-07,"Selection remains patient/context dependent; use the licensed classification definitions, activities/indicators and scales."
00033,NIC,3390,Ventilation Assistance,Assistência Ventilatória,"Nursing Interventions Classification (NIC), 8th edition",primary,Compatibility primary selected for the diagnosis; consider alternative/context-specific links before finalising a care plan.,Compatibility primary selected for the diagnosis; consider alternative/context-specific links before finalising a care plan.,Mapeamento primário de compatibilidade selecionado para o diagnóstico; considerar vínculos alternativos/específicos ao contexto antes de finalizar o plano de cuidados.,high,curated_current_edition,es,Institutional Spanish NIC 8th edition source reviewed; current code/label cross-check against NIC 8th current classification listing; https://www.salusplay.com/blog/clasificacion-completa-intervenciones-enfermeria-nic-2024/,,2026-09-07,"Selection remains patient/context dependent; use the licensed classification definitions, activities/indicators and scales."
00033,NOC,0403,Respiratory Status: Ventilation,Estado Respiratório: Ventilação,"Nursing Outcomes Classification (NOC), 7th edition",primary,Compatibility primary selected for the diagnosis; consider alternative/context-specific links before finalising a care plan.,Compatibility primary selected for the diagnosis; consider alternative/context-specific links before finalising a care plan.,Mapeamento primário de compatibilidade selecionado para o diagnóstico; considerar vínculos alternativos/específicos ao contexto antes de finalizar o plano de cuidados.,high,curated_current_edition,es,Institutional Spanish NOC 7th edition source reviewed; current code/label cross-check against NOC 7th current classification listing; https://www.salusplay.com/apuntes/pae-y-diagnosticos-de-enfermeria-nanda-noc-y-nic/anexo-2-clasificacion-completa-de-resultados-de-enfermeria-noc-2024-8,,2026-09-07,"Selection remains patient/context dependent; use the licensed classification definitions, activities/indicators and scales."
00039,NIC,3200,Aspiration Precautions,Precauções contra Aspiração,"Nursing Interventions Classification (NIC), 8th edition",primary,Compatibility primary selected for the diagnosis; consider alternative/context-specific links before finalising a care plan.,Compatibility primary selected for the diagnosis; consider alternative/context-specific links before finalising a care plan.,Mapeamento primário de compatibilidade selecionado para o diagnóstico; considerar vínculos alternativos/específicos ao contexto antes de finalizar o plano de cuidados.,high,curated_current_edition,es,Institutional Spanish NIC 8th edition source reviewed; current code/label cross-check against NIC 8th current classification listing; https://www.salusplay.com/blog/clasificacion-completa-intervenciones-enfermeria-nic-2024/,,2026-09-07,"Selection remains patient/context dependent; use the licensed classification definitions, activities/indicators and scales."
00039,NOC,0410,Respiratory Status: Airway Patency,Estado Respiratório: Permeabilidade das Vias Aéreas,"Nursing Outcomes Classification (NOC), 7th edition",primary,Compatibility primary selected for the diagnosis; consider alternative/context-specific links before finalising a care plan.,Compatibility primary selected for the diagnosis; consider alternative/context-specific links before finalising a care plan.,Mapeamento primário de compatibilidade selecionado para o diagnóstico; considerar vínculos alternativos/específicos ao contexto antes de finalizar o plano de cuidados.,high,curated_current_edition,es,Institutional Spanish NOC 7th edition source reviewed; current code/label cross-check against NOC 7th current classification listing; https://www.salusplay.com/apuntes/pae-y-diagnosticos-de-enfermeria-nanda-noc-y-nic/anexo-2-clasificacion-completa-de-resultados-de-enfermeria-noc-2024-8,,2026-09-07,"Selection remains patient/context dependent; use the licensed classification definitions, activities/indicators and scales."
00042,NIC,6570,Latex Precautions,Precauções com Látex,"Nursing Interventions Classification (NIC), 8th edition",primary,Compatibility primary selected for the diagnosis; consider alternative/context-specific links before finalising a care plan.,Compatibility primary selected for the diagnosis; consider alternative/context-specific links before finalising a care plan.,Mapeamento primário de compatibilidade selecionado para o diagnóstico; considerar vínculos alternativos/específicos ao contexto antes de finalizar o plano de cuidados.,high,curated_current_edition,es,Institutional Spanish NIC 8th edition source reviewed; current code/label cross-check against NIC 8th current classification listing; https://www.salusplay.com/blog/clasificacion-completa-intervenciones-enfermeria-nic-2024/,,2026-09-07,"Selection remains patient/context dependent; use the licensed classification definitions, activities/indicators and scales."
00042,NOC,0707,Immune Hypersensitivity Response,Resposta de Hipersensibilidade Imunológica,"Nursing Outcomes Classification (NOC), 7th edition",primary,Compatibility primary selected for the diagnosis; consider alternative/context-specific links before finalising a care plan.,Compatibility primary selected for the diagnosis; consider alternative/context-specific links before finalising a care plan.,Mapeamento primário de compatibilidade selecionado para o diagnóstico; considerar vínculos alternativos/específicos ao contexto antes de finalizar o plano de cuidados.,high,curated_current_edition,es,Institutional Spanish NOC 7th edition source reviewed; current code/label cross-check against NOC 7th current classification listing; https://www.salusplay.com/apuntes/pae-y-diagnosticos-de-enfermeria-nanda-noc-y-nic/anexo-2-clasificacion-completa-de-resultados-de-enfermeria-noc-2024-8,,2026-09-07,"Selection remains patient/context dependent; use the licensed classification definitions, activities/indicators and scales."
00044,NIC,3660,Wound Care,Cuidados com Feridas,"Nursing Interventions Classification (NIC), 8th edition",primary,Compatibility primary selected for the diagnosis; consider alternative/context-specific links before finalising a care plan.,Compatibility primary selected for the diagnosis; consider alternative/context-specific links before finalising a care plan.,Mapeamento primário de compatibilidade selecionado para o diagnóstico; considerar vínculos alternativos/específicos ao contexto antes de finalizar o plano de cuidados.,high,curated_current_edition,es,Institutional Spanish NIC 8th edition source reviewed; current code/label cross-check against NIC 8th current classification listing; https://www.salusplay.com/blog/clasificacion-completa-intervenciones-enfermeria-nic-2024/,,2026-09-07,"Selection remains patient/context dependent; use the licensed classification definitions, activities/indicators and scales."
00044,NOC,1101,Tissue Integrity: Skin & Mucous Membranes,Integridade Tissular: Pele e Mucosas,"Nursing Outcomes Classification (NOC), 7th edition",primary,Compatibility primary selected for the diagnosis; consider alternative/context-specific links before finalising a care plan.,Compatibility primary selected for the diagnosis; consider alternative/context-specific links before finalising a care plan.,Mapeamento primário de compatibilidade selecionado para o diagnóstico; considerar vínculos alternativos/específicos ao contexto antes de finalizar o plano de cuidados.,high,curated_current_edition,es,Institutional Spanish NOC 7th edition source reviewed; current code/label cross-check against NOC 7th current classification listing; https://www.salusplay.com/apuntes/pae-y-diagnosticos-de-enfermeria-nanda-noc-y-nic/anexo-2-clasificacion-completa-de-resultados-de-enfermeria-noc-2024-8,,2026-09-07,"Selection remains patient/context dependent; use the licensed classification definitions, activities/indicators and scales."
00045,NIC,1710,Oral Health Maintenance,Manutenção da Saúde Oral,"Nursing Interventions Classification (NIC), 8th edition",primary,Compatibility primary selected for the diagnosis; consider alternative/context-specific links before finalising a care plan.,Compatibility primary selected for the diagnosis; consider alternative/context-specific links before finalising a care plan.,Mapeamento primário de compatibilidade selecionado para o diagnóstico; considerar vínculos alternativos/específicos ao contexto antes de finalizar o plano de cuidados.,high,curated_current_edition,es,Institutional Spanish NIC 8th edition source reviewed; current code/label cross-check against NIC 8th current classification listing; https://www.salusplay.com/blog/clasificacion-completa-intervenciones-enfermeria-nic-2024/,,2026-09-07,"Selection remains patient/context dependent; use the licensed classification definitions, activities/indicators and scales."
00045,NOC,1101,Tissue Integrity: Skin & Mucous Membranes,Integridade Tissular: Pele e Mucosas,"Nursing Outcomes Classification (NOC), 7th edition",primary,Compatibility primary selected for the diagnosis; consider alternative/context-specific links before finalising a care plan.,Compatibility primary selected for the diagnosis; consider alternative/context-specific links before finalising a care plan.,Mapeamento primário de compatibilidade selecionado para o diagnóstico; considerar vínculos alternativos/específicos ao contexto antes de finalizar o plano de cuidados.,high,curated_current_edition,es,Institutional Spanish NOC 7th edition source reviewed; current code/label cross-check against NOC 7th current classification listing; https://www.salusplay.com/apuntes/pae-y-diagnosticos-de-enfermeria-nanda-noc-y-nic/anexo-2-clasificacion-completa-de-resultados-de-enfermeria-noc-2024-8,,2026-09-07,"Selection remains patient/context dependent; use the licensed classification definitions, activities/indicators and scales."
00046,NIC,3660,Wound Care,Cuidados com Feridas,"Nursing Interventions Classification (NIC), 8th edition",primary,Compatibility primary selected for the diagnosis; consider alternative/context-specific links before finalising a care plan.,Compatibility primary selected for the diagnosis; consider alternative/context-specific links before finalising a care plan.,Mapeamento primário de compatibilidade selecionado para o diagnóstico; considerar vínculos alternativos/específicos ao contexto antes de finalizar o plano de cuidados.,high,curated_current_edition,es,Institutional Spanish NIC 8th edition source reviewed; current code/label cross-check against NIC 8th current classification listing; https://www.salusplay.com/blog/clasificacion-completa-intervenciones-enfermeria-nic-2024/,,2026-09-07,"Selection remains patient/context dependent; use the licensed classification definitions, activities/indicators and scales."
00046,NOC,1101,Tissue Integrity: Skin & Mucous Membranes,Integridade Tissular: Pele e Mucosas,"Nursing Outcomes Classification (NOC), 7th edition",primary,Compatibility primary selected for the diagnosis; consider alternative/context-specific links before finalising a care plan.,Compatibility primary selected for the diagnosis; consider alternative/context-specific links before finalising a care plan.,Mapeamento primário de compatibilidade selecionado para o diagnóstico; considerar vínculos alternativos/específicos ao contexto antes de finalizar o plano de cuidados.,high,curated_current_edition,es,Institutional Spanish NOC 7th edition source reviewed; current code/label cross-check against NOC 7th current classification listing; https://www.salusplay.com/apuntes/pae-y-diagnosticos-de-enfermeria-nanda-noc-y-nic/anexo-2-clasificacion-completa-de-resultados-de-enfermeria-noc-2024-8,,2026-09-07,"Selection remains patient/context dependent; use the licensed classification definitions, activities/indicators and scales."
00047,NIC,3590,Skin Surveillance,Supervisão da Pele,"Nursing Interventions Classification (NIC), 8th edition",primary,Compatibility primary selected for the diagnosis; consider alternative/context-specific links before finalising a care plan.,Compatibility primary selected for the diagnosis; consider alternative/context-specific links before finalising a care plan.,Mapeamento primário de compatibilidade selecionado para o diagnóstico; considerar vínculos alternativos/específicos ao contexto antes de finalizar o plano de cuidados.,high,curated_current_edition,es,Institutional Spanish NIC 8th edition source reviewed; current code/label cross-check against NIC 8th current classification listing; https://www.salusplay.com/blog/clasificacion-completa-intervenciones-enfermeria-nic-2024/,,2026-09-07,"Selection remains patient/context dependent; use the licensed classification definitions, activities/indicators and scales."
00047,NOC,1902,Risk Control,Controle de Risco,"Nursing Outcomes Classification (NOC), 7th edition",primary,Compatibility primary selected for the diagnosis; consider alternative/context-specific links before finalising a care plan.,Compatibility primary selected for the diagnosis; consider alternative/context-specific links before finalising a care plan.,Mapeamento primário de compatibilidade selecionado para o diagnóstico; considerar vínculos alternativos/específicos ao contexto antes de finalizar o plano de cuidados.,high,curated_current_edition,es,Institutional Spanish NOC 7th edition source reviewed; current code/label cross-check against NOC 7th current classification listing; https://www.salusplay.com/apuntes/pae-y-diagnosticos-de-enfermeria-nanda-noc-y-nic/anexo-2-clasificacion-completa-de-resultados-de-enfermeria-noc-2024-8,,2026-09-07,"Selection remains patient/context dependent; use the licensed classification definitions, activities/indicators and scales."
00051,NIC,4976,Communication Enhancement: Speech Deficit,Melhora da Comunicação: Déficit da Fala,"Nursing Interventions Classification (NIC), 8th edition",primary,Compatibility primary selected for the diagnosis; consider alternative/context-specific links before finalising a care plan.,Compatibility primary selected for the diagnosis; consider alternative/context-specific links before finalising a care plan.,Mapeamento primário de compatibilidade selecionado para o diagnóstico; considerar vínculos alternativos/específicos ao contexto antes de finalizar o plano de cuidados.,high,curated_current_edition,es,Institutional Spanish NIC 8th edition source reviewed; current code/label cross-check against NIC 8th current classification listing; https://www.salusplay.com/blog/clasificacion-completa-intervenciones-enfermeria-nic-2024/,,2026-09-07,"Selection remains patient/context dependent; use the licensed classification definitions, activities/indicators and scales."
00051,NOC,0902,Communication,Comunicação,"Nursing Outcomes Classification (NOC), 7th edition",primary,Compatibility primary selected for the diagnosis; consider alternative/context-specific links before finalising a care plan.,Compatibility primary selected for the diagnosis; consider alternative/context-specific links before finalising a care plan.,Mapeamento primário de compatibilidade selecionado para o diagnóstico; considerar vínculos alternativos/específicos ao contexto antes de finalizar o plano de cuidados.,high,curated_current_edition,es,Institutional Spanish NOC 7th edition source reviewed; current code/label cross-check against NOC 7th current classification listing; https://www.salusplay.com/apuntes/pae-y-diagnosticos-de-enfermeria-nanda-noc-y-nic/anexo-2-clasificacion-completa-de-resultados-de-enfermeria-noc-2024-8,,2026-09-07,"Selection remains patient/context dependent; use the licensed classification definitions, activities/indicators and scales."
00052,NIC,5100,Socialization Enhancement,Melhora da Socialização,"Nursing Interventions Classification (NIC), 8th edition",primary,Compatibility primary selected for the diagnosis; consider alternative/context-specific links before finalising a care plan.,Compatibility primary selected for the diagnosis; consider alternative/context-specific links before finalising a care plan.,Mapeamento primário de compatibilidade selecionado para o diagnóstico; considerar vínculos alternativos/específicos ao contexto antes de finalizar o plano de cuidados.,high,curated_current_edition,es,Institutional Spanish NIC 8th edition source reviewed; current code/label cross-check against NIC 8th current classification listing; https://www.salusplay.com/blog/clasificacion-completa-intervenciones-enfermeria-nic-2024/,,2026-09-07,"Selection remains patient/context dependent; use the licensed classification definitions, activities/indicators and scales."
00052,NOC,1502,Social Interaction Skills,Habilidades de Interação Social,"Nursing Outcomes Classification (NOC), 7th edition",primary,Compatibility primary selected for the diagnosis; consider alternative/context-specific links before finalising a care plan.,Compatibility primary selected for the diagnosis; consider alternative/context-specific links before finalising a care plan.,Mapeamento primário de compatibilidade selecionado para o diagnóstico; considerar vínculos alternativos/específicos ao contexto antes de finalizar o plano de cuidados.,high,curated_current_edition,es,Institutional Spanish NOC 7th edition source reviewed; current code/label cross-check against NOC 7th current classification listing; https://www.salusplay.com/apuntes/pae-y-diagnosticos-de-enfermeria-nanda-noc-y-nic/anexo-2-clasificacion-completa-de-resultados-de-enfermeria-noc-2024-8,,2026-09-07,"Selection remains patient/context dependent; use the licensed classification definitions, activities/indicators and scales."
00055,NIC,5370,Role Enhancement,Melhora do Papel,"Nursing Interventions Classification (NIC), 8th edition",primary,Compatibility primary selected for the diagnosis; consider alternative/context-specific links before finalising a care plan.,Compatibility primary selected for the diagnosis; consider alternative/context-specific links before finalising a care plan.,Mapeamento primário de compatibilidade selecionado para o diagnóstico; considerar vínculos alternativos/específicos ao contexto antes de finalizar o plano de cuidados.,high,curated_current_edition,es,Institutional Spanish NIC 8th edition source reviewed; current code/label cross-check against NIC 8th current classification listing; https://www.salusplay.com/blog/clasificacion-completa-intervenciones-enfermeria-nic-2024/,,2026-09-07,"Selection remains patient/context dependent; use the licensed classification definitions, activities/indicators and scales."
00055,NOC,1501,Role Performance,Desempenho de Papel,"Nursing Outcomes Classification (NOC), 7th edition",primary,Compatibility primary selected for the diagnosis; consider alternative/context-specific links before finalising a care plan.,Compatibility primary selected for the diagnosis; consider alternative/context-specific links before finalising a care plan.,Mapeamento primário de compatibilidade selecionado para o diagnóstico; considerar vínculos alternativos/específicos ao contexto antes de finalizar o plano de cuidados.,high,curated_current_edition,es,Institutional Spanish NOC 7th edition source reviewed; current code/label cross-check against NOC 7th current classification listing; https://www.salusplay.com/apuntes/pae-y-diagnosticos-de-enfermeria-nanda-noc-y-nic/anexo-2-clasificacion-completa-de-resultados-de-enfermeria-noc-2024-8,,2026-09-07,"Selection remains patient/context dependent; use the licensed classification definitions, activities/indicators and scales."
00068,NIC,5420,Spiritual Support,Apoio Espiritual,"Nursing Interventions Classification (NIC), 8th edition",primary,Compatibility primary selected for the diagnosis; consider alternative/context-specific links before finalising a care plan.,Compatibility primary selected for the diagnosis; consider alternative/context-specific links before finalising a care plan.,Mapeamento primário de compatibilidade selecionado para o diagnóstico; considerar vínculos alternativos/específicos ao contexto antes de finalizar o plano de cuidados.,high,curated_current_edition,es,Institutional Spanish NIC 8th edition source reviewed; current code/label cross-check against NIC 8th current classification listing; https://www.salusplay.com/blog/clasificacion-completa-intervenciones-enfermeria-nic-2024/,,2026-09-07,"Selection remains patient/context dependent; use the licensed classification definitions, activities/indicators and scales."
00068,NOC,2001,Spiritual Health,Saúde Espiritual,"Nursing Outcomes Classification (NOC), 7th edition",primary,Compatibility primary selected for the diagnosis; consider alternative/context-specific links before finalising a care plan.,Compatibility primary selected for the diagnosis; consider alternative/context-specific links before finalising a care plan.,Mapeamento primário de compatibilidade selecionado para o diagnóstico; considerar vínculos alternativos/específicos ao contexto antes de finalizar o plano de cuidados.,high,curated_current_edition,es,Institutional Spanish NOC 7th edition source reviewed; current code/label cross-check against NOC 7th current classification listing; https://www.salusplay.com/apuntes/pae-y-diagnosticos-de-enfermeria-nanda-noc-y-nic/anexo-2-clasificacion-completa-de-resultados-de-enfermeria-noc-2024-8,,2026-09-07,"Selection remains patient/context dependent; use the licensed classification definitions, activities/indicators and scales."
00075,NIC,7140,Family Support,Apoio Familiar,"Nursing Interventions Classification (NIC), 8th edition",primary,Compatibility primary selected for the diagnosis; consider alternative/context-specific links before finalising a care plan.,Compatibility primary selected for the diagnosis; consider alternative/context-specific links before finalising a care plan.,Mapeamento primário de compatibilidade selecionado para o diagnóstico; considerar vínculos alternativos/específicos ao contexto antes de finalizar o plano de cuidados.,high,curated_current_edition,es,Institutional Spanish NIC 8th edition source reviewed; current code/label cross-check against NIC 8th current classification listing; https://www.salusplay.com/blog/clasificacion-completa-intervenciones-enfermeria-nic-2024/,,2026-09-07,"Selection remains patient/context dependent; use the licensed classification definitions, activities/indicators and scales."
00075,NOC,2600,Family Coping,Enfrentamento Familiar,"Nursing Outcomes Classification (NOC), 7th edition",primary,Compatibility primary selected for the diagnosis; consider alternative/context-specific links before finalising a care plan.,Compatibility primary selected for the diagnosis; consider alternative/context-specific links before finalising a care plan.,Mapeamento primário de compatibilidade selecionado para o diagnóstico; considerar vínculos alternativos/específicos ao contexto antes de finalizar o plano de cuidados.,high,curated_current_edition,es,Institutional Spanish NOC 7th edition source reviewed; current code/label cross-check against NOC 7th current classification listing; https://www.salusplay.com/apuntes/pae-y-diagnosticos-de-enfermeria-nanda-noc-y-nic/anexo-2-clasificacion-completa-de-resultados-de-enfermeria-noc-2024-8,,2026-09-07,"Selection remains patient/context dependent; use the licensed classification definitions, activities/indicators and scales."
00076,NIC,8500,Community Health Development,Desenvolvimento da Saúde Comunitária,"Nursing Interventions Classification (NIC), 8th edition",primary,Compatibility primary selected for the diagnosis; consider alternative/context-specific links before finalising a care plan.,Compatibility primary selected for the diagnosis; consider alternative/context-specific links before finalising a care plan.,Mapeamento primário de compatibilidade selecionado para o diagnóstico; considerar vínculos alternativos/específicos ao contexto antes de finalizar o plano de cuidados.,high,curated_current_edition,es,Institutional Spanish NIC 8th edition source reviewed; current code/label cross-check against NIC 8th current classification listing; https://www.salusplay.com/blog/clasificacion-completa-intervenciones-enfermeria-nic-2024/,,2026-09-07,"Selection remains patient/context dependent; use the licensed classification definitions, activities/indicators and scales."
00076,NOC,2704,Community Resilience,Resiliência da Comunidade,"Nursing Outcomes Classification (NOC), 7th edition",primary,Compatibility primary selected for the diagnosis; consider alternative/context-specific links before finalising a care plan.,Compatibility primary selected for the diagnosis; consider alternative/context-specific links before finalising a care plan.,Mapeamento primário de compatibilidade selecionado para o diagnóstico; considerar vínculos alternativos/específicos ao contexto antes de finalizar o plano de cuidados.,high,current_edition_verified,es,Institutional Spanish NOC 7th edition source reviewed; current code/label cross-check against NOC 7th current classification listing; https://www.salusplay.com/apuntes/pae-y-diagnosticos-de-enfermeria-nanda-noc-y-nic/anexo-2-clasificacion-completa-de-resultados-de-enfermeria-noc-2024-8,,2026-09-07,"Selection remains patient/context dependent; use the licensed classification definitions, activities/indicators and scales."
00076,NOC,2701,Community Health Status,Estado de Saúde da Comunidade,"Nursing Outcomes Classification (NOC), 7th edition",alternative,Use when the desired outcome is overall community health status rather than resilience/coping capacity.,Use when the desired outcome is overall community health status rather than resilience/coping capacity.,"Usar quando o desfecho desejado for o estado geral de saúde da comunidade, e não a capacidade de resiliência/enfrentamento.",high,contextual_current_edition,es,Institutional Spanish NOC 7th edition source reviewed; current code/label cross-check against NOC 7th current classification listing; https://www.salusplay.com/apuntes/pae-y-diagnosticos-de-enfermeria-nanda-noc-y-nic/anexo-2-clasificacion-completa-de-resultados-de-enfermeria-noc-2024-8,,2026-09-07,"Selection remains patient/context dependent; use the licensed classification definitions, activities/indicators and scales."
00080,NIC,7110,Family Involvement Promotion,Promoção do Envolvimento Familiar,"Nursing Interventions Classification (NIC), 8th edition",primary,Compatibility primary selected for the diagnosis; consider alternative/context-specific links before finalising a care plan.,Compatibility primary selected for the diagnosis; consider alternative/context-specific links before finalising a care plan.,Mapeamento primário de compatibilidade selecionado para o diagnóstico; considerar vínculos alternativos/específicos ao contexto antes de finalizar o plano de cuidados.,high,curated_current_edition,es,Institutional Spanish NIC 8th edition source reviewed; current code/label cross-check against NIC 8th current classification listing; https://www.salusplay.com/blog/clasificacion-completa-intervenciones-enfermeria-nic-2024/,,2026-09-07,"Selection remains patient/context dependent; use the licensed classification definitions, activities/indicators and scales."
00080,NOC,2606,Family Health Status,Estado de Saúde Familiar,"Nursing Outcomes Classification (NOC), 7th edition",primary,Compatibility primary selected for the diagnosis; consider alternative/context-specific links before finalising a care plan.,Compatibility primary selected for the diagnosis; consider alternative/context-specific links before finalising a care plan.,Mapeamento primário de compatibilidade selecionado para o diagnóstico; considerar vínculos alternativos/específicos ao contexto antes de finalizar o plano de cuidados.,high,curated_current_edition,es,Institutional Spanish NOC 7th edition source reviewed; current code/label cross-check against NOC 7th current classification listing; https://www.salusplay.com/apuntes/pae-y-diagnosticos-de-enfermeria-nanda-noc-y-nic/anexo-2-clasificacion-completa-de-resultados-de-enfermeria-noc-2024-8,,2026-09-07,"Selection remains patient/context dependent; use the licensed classification definitions, activities/indicators and scales."
00085,NIC,0221,Exercise Therapy: Ambulation,Terapia com Exercício: Deambulação,"Nursing Interventions Classification (NIC), 8th edition",primary,Compatibility primary selected for the diagnosis; consider alternative/context-specific links before finalising a care plan.,Compatibility primary selected for the diagnosis; consider alternative/context-specific links before finalising a care plan.,Mapeamento primário de compatibilidade selecionado para o diagnóstico; considerar vínculos alternativos/específicos ao contexto antes de finalizar o plano de cuidados.,moderate,curated_current_edition,es,Institutional Spanish NIC 8th edition source reviewed; current code/label cross-check against NIC 8th current classification listing; https://www.salusplay.com/blog/clasificacion-completa-intervenciones-enfermeria-nic-2024/,,2026-09-07,"Selection remains patient/context dependent; use the licensed classification definitions, activities/indicators and scales."
00085,NOC,0208,Mobility,Mobilidade,"Nursing Outcomes Classification (NOC), 7th edition",primary,Compatibility primary selected for the diagnosis; consider alternative/context-specific links before finalising a care plan.,Compatibility primary selected for the diagnosis; consider alternative/context-specific links before finalising a care plan.,Mapeamento primário de compatibilidade selecionado para o diagnóstico; considerar vínculos alternativos/específicos ao contexto antes de finalizar o plano de cuidados.,moderate,curated_current_edition,es,Institutional Spanish NOC 7th edition source reviewed; current code/label cross-check against NOC 7th current classification listing; https://www.salusplay.com/apuntes/pae-y-diagnosticos-de-enfermeria-nanda-noc-y-nic/anexo-2-clasificacion-completa-de-resultados-de-enfermeria-noc-2024-8,,2026-09-07,"Selection remains patient/context dependent; use the licensed classification definitions, activities/indicators and scales."
00087,NIC,0842,Positioning: Intraoperative,Posicionamento: Intraoperatório,"Nursing Interventions Classification (NIC), 8th edition",primary,Compatibility primary selected for the diagnosis; consider alternative/context-specific links before finalising a care plan.,Compatibility primary selected for the diagnosis; consider alternative/context-specific links before finalising a care plan.,Mapeamento primário de compatibilidade selecionado para o diagnóstico; considerar vínculos alternativos/específicos ao contexto antes de finalizar o plano de cuidados.,moderate,curated_current_edition,es,Institutional Spanish NIC 8th edition source reviewed; current code/label cross-check against NIC 8th current classification listing; https://www.salusplay.com/blog/clasificacion-completa-intervenciones-enfermeria-nic-2024/,,2026-09-07,"Selection remains patient/context dependent; use the licensed classification definitions, activities/indicators and scales."
00087,NOC,0204,Immobility Consequences: Physiological,Consequências da Imobilidade: Fisiológicas,"Nursing Outcomes Classification (NOC), 7th edition",primary,Compatibility primary selected for the diagnosis; consider alternative/context-specific links before finalising a care plan.,Compatibility primary selected for the diagnosis; consider alternative/context-specific links before finalising a care plan.,Mapeamento primário de compatibilidade selecionado para o diagnóstico; considerar vínculos alternativos/específicos ao contexto antes de finalizar o plano de cuidados.,moderate,current_edition_verified,es,Institutional Spanish NOC 7th edition source reviewed; current code/label cross-check against NOC 7th current classification listing; https://www.salusplay.com/apuntes/pae-y-diagnosticos-de-enfermeria-nanda-noc-y-nic/anexo-2-clasificacion-completa-de-resultados-de-enfermeria-noc-2024-8,,2026-09-07,"Selection remains patient/context dependent; use the licensed classification definitions, activities/indicators and scales."
00087,NOC,1902,Risk Control,Controle de Risco,"Nursing Outcomes Classification (NOC), 7th edition",alternative,Use when a generic patient risk-control outcome is required by the local care-plan framework.,Use when a generic patient risk-control outcome is required by the local care-plan framework.,Usar quando a estrutura local do plano de cuidados exigir um desfecho genérico de controle de risco do paciente.,moderate,contextual_current_edition,es,Institutional Spanish NOC 7th edition source reviewed; current code/label cross-check against NOC 7th current classification listing; https://www.salusplay.com/apuntes/pae-y-diagnosticos-de-enfermeria-nanda-noc-y-nic/anexo-2-clasificacion-completa-de-resultados-de-enfermeria-noc-2024-8,,2026-09-07,"Selection remains patient/context dependent; use the licensed classification definitions, activities/indicators and scales."
00089,NIC,0846,Positioning: Wheelchair,Posicionamento: Cadeira de Rodas,"Nursing Interventions Classification (NIC), 8th edition",primary,Compatibility primary selected for the diagnosis; consider alternative/context-specific links before finalising a care plan.,Compatibility primary selected for the diagnosis; consider alternative/context-specific links before finalising a care plan.,Mapeamento primário de compatibilidade selecionado para o diagnóstico; considerar vínculos alternativos/específicos ao contexto antes de finalizar o plano de cuidados.,high,curated_current_edition,es,Institutional Spanish NIC 8th edition source reviewed; current code/label cross-check against NIC 8th current classification listing; https://www.salusplay.com/blog/clasificacion-completa-intervenciones-enfermeria-nic-2024/,,2026-09-07,"Selection remains patient/context dependent; use the licensed classification definitions, activities/indicators and scales."
00089,NOC,0208,Mobility,Mobilidade,"Nursing Outcomes Classification (NOC), 7th edition",primary,Compatibility primary selected for the diagnosis; consider alternative/context-specific links before finalising a care plan.,Compatibility primary selected for the diagnosis; consider alternative/context-specific links before finalising a care plan.,Mapeamento primário de compatibilidade selecionado para o diagnóstico; considerar vínculos alternativos/específicos ao contexto antes de finalizar o plano de cuidados.,high,curated_current_edition,es,Institutional Spanish NOC 7th edition source reviewed; current code/label cross-check against NOC 7th current classification listing; https://www.salusplay.com/apuntes/pae-y-diagnosticos-de-enfermeria-nanda-noc-y-nic/anexo-2-clasificacion-completa-de-resultados-de-enfermeria-noc-2024-8,,2026-09-07,"Selection remains patient/context dependent; use the licensed classification definitions, activities/indicators and scales."
00091,NIC,0221,Exercise Therapy: Ambulation,Terapia com Exercício: Deambulação,"Nursing Interventions Classification (NIC), 8th edition",primary,Compatibility primary selected for the diagnosis; consider alternative/context-specific links before finalising a care plan.,Compatibility primary selected for the diagnosis; consider alternative/context-specific links before finalising a care plan.,Mapeamento primário de compatibilidade selecionado para o diagnóstico; considerar vínculos alternativos/específicos ao contexto antes de finalizar o plano de cuidados.,moderate,curated_current_edition,es,Institutional Spanish NIC 8th edition source reviewed; current code/label cross-check against NIC 8th current classification listing; https://www.salusplay.com/blog/clasificacion-completa-intervenciones-enfermeria-nic-2024/,,2026-09-07,"Selection remains patient/context dependent; use the licensed classification definitions, activities/indicators and scales."
00091,NOC,0208,Mobility,Mobilidade,"Nursing Outcomes Classification (NOC), 7th edition",primary,Compatibility primary selected for the diagnosis; consider alternative/context-specific links before finalising a care plan.,Compatibility primary selected for the diagnosis; consider alternative/context-specific links before finalising a care plan.,Mapeamento primário de compatibilidade selecionado para o diagnóstico; considerar vínculos alternativos/específicos ao contexto antes de finalizar o plano de cuidados.,moderate,curated_current_edition,es,Institutional Spanish NOC 7th edition source reviewed; current code/label cross-check against NOC 7th current classification listing; https://www.salusplay.com/apuntes/pae-y-diagnosticos-de-enfermeria-nanda-noc-y-nic/anexo-2-clasificacion-completa-de-resultados-de-enfermeria-noc-2024-8,,2026-09-07,"Selection remains patient/context dependent; use the licensed classification definitions, activities/indicators and scales."
00097,NIC,5360,Recreational Therapy,Terapia Recreacional,"Nursing Interventions Classification (NIC), 8th edition",primary,Compatibility primary selected for the diagnosis; consider alternative/context-specific links before finalising a care plan.,Compatibility primary selected for the diagnosis; consider alternative/context-specific links before finalising a care plan.,Mapeamento primário de compatibilidade selecionado para o diagnóstico; considerar vínculos alternativos/específicos ao contexto antes de finalizar o plano de cuidados.,high,curated_current_edition,es,Institutional Spanish NIC 8th edition source reviewed; current code/label cross-check against NIC 8th current classification listing; https://www.salusplay.com/blog/clasificacion-completa-intervenciones-enfermeria-nic-2024/,,2026-09-07,"Selection remains patient/context dependent; use the licensed classification definitions, activities/indicators and scales."
00097,NOC,1604,Leisure Participation,Participação em Atividades de Lazer,"Nursing Outcomes Classification (NOC), 7th edition",primary,Compatibility primary selected for the diagnosis; consider alternative/context-specific links before finalising a care plan.,Compatibility primary selected for the diagnosis; consider alternative/context-specific links before finalising a care plan.,Mapeamento primário de compatibilidade selecionado para o diagnóstico; considerar vínculos alternativos/específicos ao contexto antes de finalizar o plano de cuidados.,high,curated_current_edition,es,Institutional Spanish NOC 7th edition source reviewed; current code/label cross-check against NOC 7th current classification listing; https://www.salusplay.com/apuntes/pae-y-diagnosticos-de-enfermeria-nanda-noc-y-nic/anexo-2-clasificacion-completa-de-resultados-de-enfermeria-noc-2024-8,,2026-09-07,"Selection remains patient/context dependent; use the licensed classification definitions, activities/indicators and scales."
00103,NIC,1860,Swallowing Therapy,Terapia para Deglutição,"Nursing Interventions Classification (NIC), 8th edition",primary,Compatibility primary selected for the diagnosis; consider alternative/context-specific links before finalising a care plan.,Compatibility primary selected for the diagnosis; consider alternative/context-specific links before finalising a care plan.,Mapeamento primário de compatibilidade selecionado para o diagnóstico; considerar vínculos alternativos/específicos ao contexto antes de finalizar o plano de cuidados.,high,curated_current_edition,es,Institutional Spanish NIC 8th edition source reviewed; current code/label cross-check against NIC 8th current classification listing; https://www.salusplay.com/blog/clasificacion-completa-intervenciones-enfermeria-nic-2024/,,2026-09-07,"Selection remains patient/context dependent; use the licensed classification definitions, activities/indicators and scales."
00103,NOC,1010,Swallowing Status,Estado da Deglutição,"Nursing Outcomes Classification (NOC), 7th edition",primary,Compatibility primary selected for the diagnosis; consider alternative/context-specific links before finalising a care plan.,Compatibility primary selected for the diagnosis; consider alternative/context-specific links before finalising a care plan.,Mapeamento primário de compatibilidade selecionado para o diagnóstico; considerar vínculos alternativos/específicos ao contexto antes de finalizar o plano de cuidados.,high,curated_current_edition,es,Institutional Spanish NOC 7th edition source reviewed; current code/label cross-check against NOC 7th current classification listing; https://www.salusplay.com/apuntes/pae-y-diagnosticos-de-enfermeria-nanda-noc-y-nic/anexo-2-clasificacion-completa-de-resultados-de-enfermeria-noc-2024-8,,2026-09-07,"Selection remains patient/context dependent; use the licensed classification definitions, activities/indicators and scales."
00128,NIC,6440,Delirium Management,Controle do Delirium,"Nursing Interventions Classification (NIC), 8th edition",primary,Compatibility primary selected for the diagnosis; consider alternative/context-specific links before finalising a care plan.,Compatibility primary selected for the diagnosis; consider alternative/context-specific links before finalising a care plan.,Mapeamento primário de compatibilidade selecionado para o diagnóstico; considerar vínculos alternativos/específicos ao contexto antes de finalizar o plano de cuidados.,high,curated_current_edition,es,Institutional Spanish NIC 8th edition source reviewed; current code/label cross-check against NIC 8th current classification listing; https://www.salusplay.com/blog/clasificacion-completa-intervenciones-enfermeria-nic-2024/,,2026-09-07,"Selection remains patient/context dependent; use the licensed classification definitions, activities/indicators and scales."
00128,NOC,0900,Cognition,Cognição,"Nursing Outcomes Classification (NOC), 7th edition",primary,Compatibility primary selected for the diagnosis; consider alternative/context-specific links before finalising a care plan.,Compatibility primary selected for the diagnosis; consider alternative/context-specific links before finalising a care plan.,Mapeamento primário de compatibilidade selecionado para o diagnóstico; considerar vínculos alternativos/específicos ao contexto antes de finalizar o plano de cuidados.,high,curated_current_edition,es,Institutional Spanish NOC 7th edition source reviewed; current code/label cross-check against NOC 7th current classification listing; https://www.salusplay.com/apuntes/pae-y-diagnosticos-de-enfermeria-nanda-noc-y-nic/anexo-2-clasificacion-completa-de-resultados-de-enfermeria-noc-2024-8,,2026-09-07,"Selection remains patient/context dependent; use the licensed classification definitions, activities/indicators and scales."
00129,NIC,6460,Dementia Management,Controle da Demência,"Nursing Interventions Classification (NIC), 8th edition",primary,Compatibility primary selected for the diagnosis; consider alternative/context-specific links before finalising a care plan.,Compatibility primary selected for the diagnosis; consider alternative/context-specific links before finalising a care plan.,Mapeamento primário de compatibilidade selecionado para o diagnóstico; considerar vínculos alternativos/específicos ao contexto antes de finalizar o plano de cuidados.,high,curated_current_edition,es,Institutional Spanish NIC 8th edition source reviewed; current code/label cross-check against NIC 8th current classification listing; https://www.salusplay.com/blog/clasificacion-completa-intervenciones-enfermeria-nic-2024/,,2026-09-07,"Selection remains patient/context dependent; use the licensed classification definitions, activities/indicators and scales."
00129,NOC,0900,Cognition,Cognição,"Nursing Outcomes Classification (NOC), 7th edition",primary,Compatibility primary selected for the diagnosis; consider alternative/context-specific links before finalising a care plan.,Compatibility primary selected for the diagnosis; consider alternative/context-specific links before finalising a care plan.,Mapeamento primário de compatibilidade selecionado para o diagnóstico; considerar vínculos alternativos/específicos ao contexto antes de finalizar o plano de cuidados.,high,curated_current_edition,es,Institutional Spanish NOC 7th edition source reviewed; current code/label cross-check against NOC 7th current classification listing; https://www.salusplay.com/apuntes/pae-y-diagnosticos-de-enfermeria-nanda-noc-y-nic/anexo-2-clasificacion-completa-de-resultados-de-enfermeria-noc-2024-8,,2026-09-07,"Selection remains patient/context dependent; use the licensed classification definitions, activities/indicators and scales."
00131,NIC,4760,Memory Training,Treinamento da Memória,"Nursing Interventions Classification (NIC), 8th edition",primary,Compatibility primary selected for the diagnosis; consider alternative/context-specific links before finalising a care plan.,Compatibility primary selected for the diagnosis; consider alternative/context-specific links before finalising a care plan.,Mapeamento primário de compatibilidade selecionado para o diagnóstico; considerar vínculos alternativos/específicos ao contexto antes de finalizar o plano de cuidados.,high,curated_current_edition,es,Institutional Spanish NIC 8th edition source reviewed; current code/label cross-check against NIC 8th current classification listing; https://www.salusplay.com/blog/clasificacion-completa-intervenciones-enfermeria-nic-2024/,,2026-09-07,"Selection remains patient/context dependent; use the licensed classification definitions, activities/indicators and scales."
00131,NOC,0908,Memory,Memória,"Nursing Outcomes Classification (NOC), 7th edition",primary,Compatibility primary selected for the diagnosis; consider alternative/context-specific links before finalising a care plan.,Compatibility primary selected for the diagnosis; consider alternative/context-specific links before finalising a care plan.,Mapeamento primário de compatibilidade selecionado para o diagnóstico; considerar vínculos alternativos/específicos ao contexto antes de finalizar o plano de cuidados.,high,curated_current_edition,es,Institutional Spanish NOC 7th edition source reviewed; current code/label cross-check against NOC 7th current classification listing; https://www.salusplay.com/apuntes/pae-y-diagnosticos-de-enfermeria-nanda-noc-y-nic/anexo-2-clasificacion-completa-de-resultados-de-enfermeria-noc-2024-8,,2026-09-07,"Selection remains patient/context dependent; use the licensed classification definitions, activities/indicators and scales."
00132,NIC,1400,Pain Management,Controle da Dor,"Nursing Interventions Classification (NIC), 8th edition",primary,Compatibility primary selected for the diagnosis; consider alternative/context-specific links before finalising a care plan.,Compatibility primary selected for the diagnosis; consider alternative/context-specific links before finalising a care plan.,Mapeamento primário de compatibilidade selecionado para o diagnóstico; considerar vínculos alternativos/específicos ao contexto antes de finalizar o plano de cuidados.,high,curated_current_edition,es,Institutional Spanish NIC 8th edition source reviewed; current code/label cross-check against NIC 8th current classification listing; https://www.salusplay.com/blog/clasificacion-completa-intervenciones-enfermeria-nic-2024/,,2026-09-07,"Selection remains patient/context dependent; use the licensed classification definitions, activities/indicators and scales."
00132,NOC,2102,Pain Level,Nível de Dor,"Nursing Outcomes Classification (NOC), 7th edition",primary,Compatibility primary selected for the diagnosis; consider alternative/context-specific links before finalising a care plan.,Compatibility primary selected for the diagnosis; consider alternative/context-specific links before finalising a care plan.,Mapeamento primário de compatibilidade selecionado para o diagnóstico; considerar vínculos alternativos/específicos ao contexto antes de finalizar o plano de cuidados.,high,curated_current_edition,es,Institutional Spanish NOC 7th edition source reviewed; current code/label cross-check against NOC 7th current classification listing; https://www.salusplay.com/apuntes/pae-y-diagnosticos-de-enfermeria-nanda-noc-y-nic/anexo-2-clasificacion-completa-de-resultados-de-enfermeria-noc-2024-8,,2026-09-07,"Selection remains patient/context dependent; use the licensed classification definitions, activities/indicators and scales."
00133,NIC,1400,Pain Management,Controle da Dor,"Nursing Interventions Classification (NIC), 8th edition",primary,Compatibility primary selected for the diagnosis; consider alternative/context-specific links before finalising a care plan.,Compatibility primary selected for the diagnosis; consider alternative/context-specific links before finalising a care plan.,Mapeamento primário de compatibilidade selecionado para o diagnóstico; considerar vínculos alternativos/específicos ao contexto antes de finalizar o plano de cuidados.,high,curated_current_edition,es,Institutional Spanish NIC 8th edition source reviewed; current code/label cross-check against NIC 8th current classification listing; https://www.salusplay.com/blog/clasificacion-completa-intervenciones-enfermeria-nic-2024/,,2026-09-07,"Selection remains patient/context dependent; use the licensed classification definitions, activities/indicators and scales."
00133,NOC,2102,Pain Level,Nível de Dor,"Nursing Outcomes Classification (NOC), 7th edition",primary,Compatibility primary selected for the diagnosis; consider alternative/context-specific links before finalising a care plan.,Compatibility primary selected for the diagnosis; consider alternative/context-specific links before finalising a care plan.,Mapeamento primário de compatibilidade selecionado para o diagnóstico; considerar vínculos alternativos/específicos ao contexto antes de finalizar o plano de cuidados.,high,curated_current_edition,es,Institutional Spanish NOC 7th edition source reviewed; current code/label cross-check against NOC 7th current classification listing; https://www.salusplay.com/apuntes/pae-y-diagnosticos-de-enfermeria-nanda-noc-y-nic/anexo-2-clasificacion-completa-de-resultados-de-enfermeria-noc-2024-8,,2026-09-07,"Selection remains patient/context dependent; use the licensed classification definitions, activities/indicators and scales."
00138,NIC,6487,Environmental Management: Violence Prevention,Controle do Ambiente: Prevenção da Violência,"Nursing Interventions Classification (NIC), 8th edition",primary,Compatibility primary selected for the diagnosis; consider alternative/context-specific links before finalising a care plan.,Compatibility primary selected for the diagnosis; consider alternative/context-specific links before finalising a care plan.,Mapeamento primário de compatibilidade selecionado para o diagnóstico; considerar vínculos alternativos/específicos ao contexto antes de finalizar o plano de cuidados.,high,curated_current_edition,es,Institutional Spanish NIC 8th edition source reviewed; current code/label cross-check against NIC 8th current classification listing; https://www.salusplay.com/blog/clasificacion-completa-intervenciones-enfermeria-nic-2024/,,2026-09-07,"Selection remains patient/context dependent; use the licensed classification definitions, activities/indicators and scales."
00138,NOC,1902,Risk Control,Controle de Risco,"Nursing Outcomes Classification (NOC), 7th edition",primary,Compatibility primary selected for the diagnosis; consider alternative/context-specific links before finalising a care plan.,Compatibility primary selected for the diagnosis; consider alternative/context-specific links before finalising a care plan.,Mapeamento primário de compatibilidade selecionado para o diagnóstico; considerar vínculos alternativos/específicos ao contexto antes de finalizar o plano de cuidados.,high,curated_current_edition,es,Institutional Spanish NOC 7th edition source reviewed; current code/label cross-check against NOC 7th current classification listing; https://www.salusplay.com/apuntes/pae-y-diagnosticos-de-enfermeria-nanda-noc-y-nic/anexo-2-clasificacion-completa-de-resultados-de-enfermeria-noc-2024-8,,2026-09-07,"Selection remains patient/context dependent; use the licensed classification definitions, activities/indicators and scales."
00141,NIC,5230,Coping Enhancement,Melhora do Enfrentamento,"Nursing Interventions Classification (NIC), 8th edition",primary,Compatibility primary selected for the diagnosis; consider alternative/context-specific links before finalising a care plan.,Compatibility primary selected for the diagnosis; consider alternative/context-specific links before finalising a care plan.,Mapeamento primário de compatibilidade selecionado para o diagnóstico; considerar vínculos alternativos/específicos ao contexto antes de finalizar o plano de cuidados.,moderate,curated_current_edition,es,Institutional Spanish NIC 8th edition source reviewed; current code/label cross-check against NIC 8th current classification listing; https://www.salusplay.com/blog/clasificacion-completa-intervenciones-enfermeria-nic-2024/,,2026-09-07,"Selection remains patient/context dependent; use the licensed classification definitions, activities/indicators and scales."
00141,NOC,1305,Psychosocial Adjustment: Life Change,Ajuste Psicossocial: Mudança de Vida,"Nursing Outcomes Classification (NOC), 7th edition",primary,Compatibility primary selected for the diagnosis; consider alternative/context-specific links before finalising a care plan.,Compatibility primary selected for the diagnosis; consider alternative/context-specific links before finalising a care plan.,Mapeamento primário de compatibilidade selecionado para o diagnóstico; considerar vínculos alternativos/específicos ao contexto antes de finalizar o plano de cuidados.,moderate,curated_current_edition,es,Institutional Spanish NOC 7th edition source reviewed; current code/label cross-check against NOC 7th current classification listing; https://www.salusplay.com/apuntes/pae-y-diagnosticos-de-enfermeria-nanda-noc-y-nic/anexo-2-clasificacion-completa-de-resultados-de-enfermeria-noc-2024-8,,2026-09-07,"Selection remains patient/context dependent; use the licensed classification definitions, activities/indicators and scales."
00145,NIC,5230,Coping Enhancement,Melhora do Enfrentamento,"Nursing Interventions Classification (NIC), 8th edition",primary,Compatibility primary selected for the diagnosis; consider alternative/context-specific links before finalising a care plan.,Compatibility primary selected for the diagnosis; consider alternative/context-specific links before finalising a care plan.,Mapeamento primário de compatibilidade selecionado para o diagnóstico; considerar vínculos alternativos/específicos ao contexto antes de finalizar o plano de cuidados.,moderate,curated_current_edition,es,Institutional Spanish NIC 8th edition source reviewed; current code/label cross-check against NIC 8th current classification listing; https://www.salusplay.com/blog/clasificacion-completa-intervenciones-enfermeria-nic-2024/,,2026-09-07,"Selection remains patient/context dependent; use the licensed classification definitions, activities/indicators and scales."
00145,NOC,1305,Psychosocial Adjustment: Life Change,Ajuste Psicossocial: Mudança de Vida,"Nursing Outcomes Classification (NOC), 7th edition",primary,Compatibility primary selected for the diagnosis; consider alternative/context-specific links before finalising a care plan.,Compatibility primary selected for the diagnosis; consider alternative/context-specific links before finalising a care plan.,Mapeamento primário de compatibilidade selecionado para o diagnóstico; considerar vínculos alternativos/específicos ao contexto antes de finalizar o plano de cuidados.,moderate,curated_current_edition,es,Institutional Spanish NOC 7th edition source reviewed; current code/label cross-check against NOC 7th current classification listing; https://www.salusplay.com/apuntes/pae-y-diagnosticos-de-enfermeria-nanda-noc-y-nic/anexo-2-clasificacion-completa-de-resultados-de-enfermeria-noc-2024-8,,2026-09-07,"Selection remains patient/context dependent; use the licensed classification definitions, activities/indicators and scales."
00156,NIC,6824,Infant Care: Newborn,Cuidados com o Lactente: Recém-Nascido,"Nursing Interventions Classification (NIC), 8th edition",primary,Compatibility primary selected for the diagnosis; consider alternative/context-specific links before finalising a care plan.,Compatibility primary selected for the diagnosis; consider alternative/context-specific links before finalising a care plan.,Mapeamento primário de compatibilidade selecionado para o diagnóstico; considerar vínculos alternativos/específicos ao contexto antes de finalizar o plano de cuidados.,moderate,curated_current_edition,es,Institutional Spanish NIC 8th edition source reviewed; current code/label cross-check against NIC 8th current classification listing; https://www.salusplay.com/blog/clasificacion-completa-intervenciones-enfermeria-nic-2024/,,2026-09-07,"Selection remains patient/context dependent; use the licensed classification definitions, activities/indicators and scales."
00156,NOC,1947,Safe Home Environment: Child's Room,Ambiente Domiciliar Seguro: Quarto da Criança,"Nursing Outcomes Classification (NOC), 7th edition",primary,Compatibility primary selected for the diagnosis; consider alternative/context-specific links before finalising a care plan.,Compatibility primary selected for the diagnosis; consider alternative/context-specific links before finalising a care plan.,Mapeamento primário de compatibilidade selecionado para o diagnóstico; considerar vínculos alternativos/específicos ao contexto antes de finalizar o plano de cuidados.,moderate,current_edition_verified,es,Institutional Spanish NOC 7th edition source reviewed; current code/label cross-check against NOC 7th current classification listing; https://www.salusplay.com/apuntes/pae-y-diagnosticos-de-enfermeria-nanda-noc-y-nic/anexo-2-clasificacion-completa-de-resultados-de-enfermeria-noc-2024-8,,2026-09-07,"Selection remains patient/context dependent; use the licensed classification definitions, activities/indicators and scales."
00158,NIC,5230,Coping Enhancement,Melhora do Enfrentamento,"Nursing Interventions Classification (NIC), 8th edition",primary,Compatibility primary selected for the diagnosis; consider alternative/context-specific links before finalising a care plan.,Compatibility primary selected for the diagnosis; consider alternative/context-specific links before finalising a care plan.,Mapeamento primário de compatibilidade selecionado para o diagnóstico; considerar vínculos alternativos/específicos ao contexto antes de finalizar o plano de cuidados.,high,curated_current_edition,es,Institutional Spanish NIC 8th edition source reviewed; current code/label cross-check against NIC 8th current classification listing; https://www.salusplay.com/blog/clasificacion-completa-intervenciones-enfermeria-nic-2024/,,2026-09-07,"Selection remains patient/context dependent; use the licensed classification definitions, activities/indicators and scales."
00158,NOC,1302,Coping,Enfrentamento,"Nursing Outcomes Classification (NOC), 7th edition",primary,Compatibility primary selected for the diagnosis; consider alternative/context-specific links before finalising a care plan.,Compatibility primary selected for the diagnosis; consider alternative/context-specific links before finalising a care plan.,Mapeamento primário de compatibilidade selecionado para o diagnóstico; considerar vínculos alternativos/específicos ao contexto antes de finalizar o plano de cuidados.,high,curated_current_edition,es,Institutional Spanish NOC 7th edition source reviewed; current code/label cross-check against NOC 7th current classification listing; https://www.salusplay.com/apuntes/pae-y-diagnosticos-de-enfermeria-nanda-noc-y-nic/anexo-2-clasificacion-completa-de-resultados-de-enfermeria-noc-2024-8,,2026-09-07,"Selection remains patient/context dependent; use the licensed classification definitions, activities/indicators and scales."
00159,NIC,7100,Family Integrity Promotion,Promoção da Integridade Familiar,"Nursing Interventions Classification (NIC), 8th edition",primary,Compatibility primary selected for the diagnosis; consider alternative/context-specific links before finalising a care plan.,Compatibility primary selected for the diagnosis; consider alternative/context-specific links before finalising a care plan.,Mapeamento primário de compatibilidade selecionado para o diagnóstico; considerar vínculos alternativos/específicos ao contexto antes de finalizar o plano de cuidados.,high,curated_current_edition,es,Institutional Spanish NIC 8th edition source reviewed; current code/label cross-check against NIC 8th current classification listing; https://www.salusplay.com/blog/clasificacion-completa-intervenciones-enfermeria-nic-2024/,,2026-09-07,"Selection remains patient/context dependent; use the licensed classification definitions, activities/indicators and scales."
00159,NOC,2602,Family Functioning,Funcionamento Familiar,"Nursing Outcomes Classification (NOC), 7th edition",primary,Compatibility primary selected for the diagnosis; consider alternative/context-specific links before finalising a care plan.,Compatibility primary selected for the diagnosis; consider alternative/context-specific links before finalising a care plan.,Mapeamento primário de compatibilidade selecionado para o diagnóstico; considerar vínculos alternativos/específicos ao contexto antes de finalizar o plano de cuidados.,high,curated_current_edition,es,Institutional Spanish NOC 7th edition source reviewed; current code/label cross-check against NOC 7th current classification listing; https://www.salusplay.com/apuntes/pae-y-diagnosticos-de-enfermeria-nanda-noc-y-nic/anexo-2-clasificacion-completa-de-resultados-de-enfermeria-noc-2024-8,,2026-09-07,"Selection remains patient/context dependent; use the licensed classification definitions, activities/indicators and scales."
00167,NIC,5390,Self-Awareness Enhancement,Melhora da Autoconsciência,"Nursing Interventions Classification (NIC), 8th edition",primary,Compatibility primary selected for the diagnosis; consider alternative/context-specific links before finalising a care plan.,Compatibility primary selected for the diagnosis; consider alternative/context-specific links before finalising a care plan.,Mapeamento primário de compatibilidade selecionado para o diagnóstico; considerar vínculos alternativos/específicos ao contexto antes de finalizar o plano de cuidados.,moderate,curated_current_edition,es,Institutional Spanish NIC 8th edition source reviewed; current code/label cross-check against NIC 8th current classification listing; https://www.salusplay.com/blog/clasificacion-completa-intervenciones-enfermeria-nic-2024/,,2026-09-07,"Selection remains patient/context dependent; use the licensed classification definitions, activities/indicators and scales."
00167,NOC,1205,Self-Esteem,Autoestima,"Nursing Outcomes Classification (NOC), 7th edition",primary,Compatibility primary selected for the diagnosis; consider alternative/context-specific links before finalising a care plan.,Compatibility primary selected for the diagnosis; consider alternative/context-specific links before finalising a care plan.,Mapeamento primário de compatibilidade selecionado para o diagnóstico; considerar vínculos alternativos/específicos ao contexto antes de finalizar o plano de cuidados.,moderate,curated_current_edition,es,Institutional Spanish NOC 7th edition source reviewed; current code/label cross-check against NOC 7th current classification listing; https://www.salusplay.com/apuntes/pae-y-diagnosticos-de-enfermeria-nanda-noc-y-nic/anexo-2-clasificacion-completa-de-resultados-de-enfermeria-noc-2024-8,,2026-09-07,"Selection remains patient/context dependent; use the licensed classification definitions, activities/indicators and scales."
00169,NIC,5420,Spiritual Support,Apoio Espiritual,"Nursing Interventions Classification (NIC), 8th edition",primary,Compatibility primary selected for the diagnosis; consider alternative/context-specific links before finalising a care plan.,Compatibility primary selected for the diagnosis; consider alternative/context-specific links before finalising a care plan.,Mapeamento primário de compatibilidade selecionado para o diagnóstico; considerar vínculos alternativos/específicos ao contexto antes de finalizar o plano de cuidados.,moderate,curated_current_edition,es,Institutional Spanish NIC 8th edition source reviewed; current code/label cross-check against NIC 8th current classification listing; https://www.salusplay.com/blog/clasificacion-completa-intervenciones-enfermeria-nic-2024/,,2026-09-07,"Selection remains patient/context dependent; use the licensed classification definitions, activities/indicators and scales."
00169,NOC,2001,Spiritual Health,Saúde Espiritual,"Nursing Outcomes Classification (NOC), 7th edition",primary,Compatibility primary selected for the diagnosis; consider alternative/context-specific links before finalising a care plan.,Compatibility primary selected for the diagnosis; consider alternative/context-specific links before finalising a care plan.,Mapeamento primário de compatibilidade selecionado para o diagnóstico; considerar vínculos alternativos/específicos ao contexto antes de finalizar o plano de cuidados.,moderate,curated_current_edition,es,Institutional Spanish NOC 7th edition source reviewed; current code/label cross-check against NOC 7th current classification listing; https://www.salusplay.com/apuntes/pae-y-diagnosticos-de-enfermeria-nanda-noc-y-nic/anexo-2-clasificacion-completa-de-resultados-de-enfermeria-noc-2024-8,,2026-09-07,"Selection remains patient/context dependent; use the licensed classification definitions, activities/indicators and scales."
00170,NIC,5420,Spiritual Support,Apoio Espiritual,"Nursing Interventions Classification (NIC), 8th edition",primary,Compatibility primary selected for the diagnosis; consider alternative/context-specific links before finalising a care plan.,Compatibility primary selected for the diagnosis; consider alternative/context-specific links before finalising a care plan.,Mapeamento primário de compatibilidade selecionado para o diagnóstico; considerar vínculos alternativos/específicos ao contexto antes de finalizar o plano de cuidados.,moderate,curated_current_edition,es,Institutional Spanish NIC 8th edition source reviewed; current code/label cross-check against NIC 8th current classification listing; https://www.salusplay.com/blog/clasificacion-completa-intervenciones-enfermeria-nic-2024/,,2026-09-07,"Selection remains patient/context dependent; use the licensed classification definitions, activities/indicators and scales."
00170,NOC,2001,Spiritual Health,Saúde Espiritual,"Nursing Outcomes Classification (NOC), 7th edition",primary,Compatibility primary selected for the diagnosis; consider alternative/context-specific links before finalising a care plan.,Compatibility primary selected for the diagnosis; consider alternative/context-specific links before finalising a care plan.,Mapeamento primário de compatibilidade selecionado para o diagnóstico; considerar vínculos alternativos/específicos ao contexto antes de finalizar o plano de cuidados.,moderate,curated_current_edition,es,Institutional Spanish NOC 7th edition source reviewed; current code/label cross-check against NOC 7th current classification listing; https://www.salusplay.com/apuntes/pae-y-diagnosticos-de-enfermeria-nanda-noc-y-nic/anexo-2-clasificacion-completa-de-resultados-de-enfermeria-noc-2024-8,,2026-09-07,"Selection remains patient/context dependent; use the licensed classification definitions, activities/indicators and scales."
00171,NIC,5420,Spiritual Support,Apoio Espiritual,"Nursing Interventions Classification (NIC), 8th edition",primary,Compatibility primary selected for the diagnosis; consider alternative/context-specific links before finalising a care plan.,Compatibility primary selected for the diagnosis; consider alternative/context-specific links before finalising a care plan.,Mapeamento primário de compatibilidade selecionado para o diagnóstico; considerar vínculos alternativos/específicos ao contexto antes de finalizar o plano de cuidados.,moderate,curated_current_edition,es,Institutional Spanish NIC 8th edition source reviewed; current code/label cross-check against NIC 8th current classification listing; https://www.salusplay.com/blog/clasificacion-completa-intervenciones-enfermeria-nic-2024/,,2026-09-07,"Selection remains patient/context dependent; use the licensed classification definitions, activities/indicators and scales."
00171,NOC,2001,Spiritual Health,Saúde Espiritual,"Nursing Outcomes Classification (NOC), 7th edition",primary,Compatibility primary selected for the diagnosis; consider alternative/context-specific links before finalising a care plan.,Compatibility primary selected for the diagnosis; consider alternative/context-specific links before finalising a care plan.,Mapeamento primário de compatibilidade selecionado para o diagnóstico; considerar vínculos alternativos/específicos ao contexto antes de finalizar o plano de cuidados.,moderate,curated_current_edition,es,Institutional Spanish NOC 7th edition source reviewed; current code/label cross-check against NOC 7th current classification listing; https://www.salusplay.com/apuntes/pae-y-diagnosticos-de-enfermeria-nanda-noc-y-nic/anexo-2-clasificacion-completa-de-resultados-de-enfermeria-noc-2024-8,,2026-09-07,"Selection remains patient/context dependent; use the licensed classification definitions, activities/indicators and scales."
00173,NIC,4820,Reality Orientation,Orientação para a Realidade,"Nursing Interventions Classification (NIC), 8th edition",primary,Compatibility primary selected for the diagnosis; consider alternative/context-specific links before finalising a care plan.,Compatibility primary selected for the diagnosis; consider alternative/context-specific links before finalising a care plan.,Mapeamento primário de compatibilidade selecionado para o diagnóstico; considerar vínculos alternativos/específicos ao contexto antes de finalizar o plano de cuidados.,high,curated_current_edition,es,Institutional Spanish NIC 8th edition source reviewed; current code/label cross-check against NIC 8th current classification listing; https://www.salusplay.com/blog/clasificacion-completa-intervenciones-enfermeria-nic-2024/,,2026-09-07,"Selection remains patient/context dependent; use the licensed classification definitions, activities/indicators and scales."
00173,NOC,0901,Cognitive Orientation,Orientação Cognitiva,"Nursing Outcomes Classification (NOC), 7th edition",primary,Compatibility primary selected for the diagnosis; consider alternative/context-specific links before finalising a care plan.,Compatibility primary selected for the diagnosis; consider alternative/context-specific links before finalising a care plan.,Mapeamento primário de compatibilidade selecionado para o diagnóstico; considerar vínculos alternativos/específicos ao contexto antes de finalizar o plano de cuidados.,high,curated_current_edition,es,Institutional Spanish NOC 7th edition source reviewed; current code/label cross-check against NOC 7th current classification listing; https://www.salusplay.com/apuntes/pae-y-diagnosticos-de-enfermeria-nanda-noc-y-nic/anexo-2-clasificacion-completa-de-resultados-de-enfermeria-noc-2024-8,,2026-09-07,"Selection remains patient/context dependent; use the licensed classification definitions, activities/indicators and scales."
00175,NIC,5480,Values Clarification,Esclarecimento de Valores,"Nursing Interventions Classification (NIC), 8th edition",primary,Compatibility primary selected for the diagnosis; consider alternative/context-specific links before finalising a care plan.,Compatibility primary selected for the diagnosis; consider alternative/context-specific links before finalising a care plan.,Mapeamento primário de compatibilidade selecionado para o diagnóstico; considerar vínculos alternativos/específicos ao contexto antes de finalizar o plano de cuidados.,moderate,curated_current_edition,es,Institutional Spanish NIC 8th edition source reviewed; current code/label cross-check against NIC 8th current classification listing; https://www.salusplay.com/blog/clasificacion-completa-intervenciones-enfermeria-nic-2024/,,2026-09-07,"Selection remains patient/context dependent; use the licensed classification definitions, activities/indicators and scales."
00175,NOC,2001,Spiritual Health,Saúde Espiritual,"Nursing Outcomes Classification (NOC), 7th edition",primary,Compatibility primary selected for the diagnosis; consider alternative/context-specific links before finalising a care plan.,Compatibility primary selected for the diagnosis; consider alternative/context-specific links before finalising a care plan.,Mapeamento primário de compatibilidade selecionado para o diagnóstico; considerar vínculos alternativos/específicos ao contexto antes de finalizar o plano de cuidados.,moderate,curated_current_edition,es,Institutional Spanish NOC 7th edition source reviewed; current code/label cross-check against NOC 7th current classification listing; https://www.salusplay.com/apuntes/pae-y-diagnosticos-de-enfermeria-nanda-noc-y-nic/anexo-2-clasificacion-completa-de-resultados-de-enfermeria-noc-2024-8,,2026-09-07,"Selection remains patient/context dependent; use the licensed classification definitions, activities/indicators and scales."
00180,NIC,6540,Infection Control,Controle de Infecção,"Nursing Interventions Classification (NIC), 8th edition",primary,Compatibility primary selected for the diagnosis; consider alternative/context-specific links before finalising a care plan.,Compatibility primary selected for the diagnosis; consider alternative/context-specific links before finalising a care plan.,Mapeamento primário de compatibilidade selecionado para o diagnóstico; considerar vínculos alternativos/específicos ao contexto antes de finalizar o plano de cuidados.,moderate,curated_current_edition,es,Institutional Spanish NIC 8th edition source reviewed; current code/label cross-check against NIC 8th current classification listing; https://www.salusplay.com/blog/clasificacion-completa-intervenciones-enfermeria-nic-2024/,,2026-09-07,"Selection remains patient/context dependent; use the licensed classification definitions, activities/indicators and scales."
00180,NOC,1902,Risk Control,Controle de Risco,"Nursing Outcomes Classification (NOC), 7th edition",primary,Compatibility primary selected for the diagnosis; consider alternative/context-specific links before finalising a care plan.,Compatibility primary selected for the diagnosis; consider alternative/context-specific links before finalising a care plan.,Mapeamento primário de compatibilidade selecionado para o diagnóstico; considerar vínculos alternativos/específicos ao contexto antes de finalizar o plano de cuidados.,moderate,curated_current_edition,es,Institutional Spanish NOC 7th edition source reviewed; current code/label cross-check against NOC 7th current classification listing; https://www.salusplay.com/apuntes/pae-y-diagnosticos-de-enfermeria-nanda-noc-y-nic/anexo-2-clasificacion-completa-de-resultados-de-enfermeria-noc-2024-8,,2026-09-07,"Selection remains patient/context dependent; use the licensed classification definitions, activities/indicators and scales."
00181,NIC,6540,Infection Control,Controle de Infecção,"Nursing Interventions Classification (NIC), 8th edition",primary,Compatibility primary selected for the diagnosis; consider alternative/context-specific links before finalising a care plan.,Compatibility primary selected for the diagnosis; consider alternative/context-specific links before finalising a care plan.,Mapeamento primário de compatibilidade selecionado para o diagnóstico; considerar vínculos alternativos/específicos ao contexto antes de finalizar o plano de cuidados.,moderate,curated_current_edition,es,Institutional Spanish NIC 8th edition source reviewed; current code/label cross-check against NIC 8th current classification listing; https://www.salusplay.com/blog/clasificacion-completa-intervenciones-enfermeria-nic-2024/,,2026-09-07,"Selection remains patient/context dependent; use the licensed classification definitions, activities/indicators and scales."
00181,NOC,1902,Risk Control,Controle de Risco,"Nursing Outcomes Classification (NOC), 7th edition",primary,Compatibility primary selected for the diagnosis; consider alternative/context-specific links before finalising a care plan.,Compatibility primary selected for the diagnosis; consider alternative/context-specific links before finalising a care plan.,Mapeamento primário de compatibilidade selecionado para o diagnóstico; considerar vínculos alternativos/específicos ao contexto antes de finalizar o plano de cuidados.,moderate,curated_current_edition,es,Institutional Spanish NOC 7th edition source reviewed; current code/label cross-check against NOC 7th current classification listing; https://www.salusplay.com/apuntes/pae-y-diagnosticos-de-enfermeria-nanda-noc-y-nic/anexo-2-clasificacion-completa-de-resultados-de-enfermeria-noc-2024-8,,2026-09-07,"Selection remains patient/context dependent; use the licensed classification definitions, activities/indicators and scales."
00184,NIC,5250,Decision-Making Support,Apoio à Tomada de Decisão,"Nursing Interventions Classification (NIC), 8th edition",primary,Compatibility primary selected for the diagnosis; consider alternative/context-specific links before finalising a care plan.,Compatibility primary selected for the diagnosis; consider alternative/context-specific links before finalising a care plan.,Mapeamento primário de compatibilidade selecionado para o diagnóstico; considerar vínculos alternativos/específicos ao contexto antes de finalizar o plano de cuidados.,high,curated_current_edition,es,Institutional Spanish NIC 8th edition source reviewed; current code/label cross-check against NIC 8th current classification listing; https://www.salusplay.com/blog/clasificacion-completa-intervenciones-enfermeria-nic-2024/,,2026-09-07,"Selection remains patient/context dependent; use the licensed classification definitions, activities/indicators and scales."
00184,NOC,0906,Decision-Making,Tomada de Decisão,"Nursing Outcomes Classification (NOC), 7th edition",primary,Compatibility primary selected for the diagnosis; consider alternative/context-specific links before finalising a care plan.,Compatibility primary selected for the diagnosis; consider alternative/context-specific links before finalising a care plan.,Mapeamento primário de compatibilidade selecionado para o diagnóstico; considerar vínculos alternativos/específicos ao contexto antes de finalizar o plano de cuidados.,high,curated_current_edition,es,Institutional Spanish NOC 7th edition source reviewed; current code/label cross-check against NOC 7th current classification listing; https://www.salusplay.com/apuntes/pae-y-diagnosticos-de-enfermeria-nanda-noc-y-nic/anexo-2-clasificacion-completa-de-resultados-de-enfermeria-noc-2024-8,,2026-09-07,"Selection remains patient/context dependent; use the licensed classification definitions, activities/indicators and scales."
00185,NIC,5310,Hope Inspiration,Inspiração de Esperança,"Nursing Interventions Classification (NIC), 8th edition",primary,Compatibility primary selected for the diagnosis; consider alternative/context-specific links before finalising a care plan.,Compatibility primary selected for the diagnosis; consider alternative/context-specific links before finalising a care plan.,Mapeamento primário de compatibilidade selecionado para o diagnóstico; considerar vínculos alternativos/específicos ao contexto antes de finalizar o plano de cuidados.,high,curated_current_edition,es,Institutional Spanish NIC 8th edition source reviewed; current code/label cross-check against NIC 8th current classification listing; https://www.salusplay.com/blog/clasificacion-completa-intervenciones-enfermeria-nic-2024/,,2026-09-07,"Selection remains patient/context dependent; use the licensed classification definitions, activities/indicators and scales."
00185,NOC,1201,Hope,Esperança,"Nursing Outcomes Classification (NOC), 7th edition",primary,Compatibility primary selected for the diagnosis; consider alternative/context-specific links before finalising a care plan.,Compatibility primary selected for the diagnosis; consider alternative/context-specific links before finalising a care plan.,Mapeamento primário de compatibilidade selecionado para o diagnóstico; considerar vínculos alternativos/específicos ao contexto antes de finalizar o plano de cuidados.,high,curated_current_edition,es,Institutional Spanish NOC 7th edition source reviewed; current code/label cross-check against NOC 7th current classification listing; https://www.salusplay.com/apuntes/pae-y-diagnosticos-de-enfermeria-nanda-noc-y-nic/anexo-2-clasificacion-completa-de-resultados-de-enfermeria-noc-2024-8,,2026-09-07,"Selection remains patient/context dependent; use the licensed classification definitions, activities/indicators and scales."
00194,NIC,6924,Phototherapy: Neonate,Fototerapia: Neonato,"Nursing Interventions Classification (NIC), 8th edition",primary,Compatibility primary selected for the diagnosis; consider alternative/context-specific links before finalising a care plan.,Compatibility primary selected for the diagnosis; consider alternative/context-specific links before finalising a care plan.,Mapeamento primário de compatibilidade selecionado para o diagnóstico; considerar vínculos alternativos/específicos ao contexto antes de finalizar o plano de cuidados.,high,curated_current_edition,es,Institutional Spanish NIC 8th edition source reviewed; current code/label cross-check against NIC 8th current classification listing; https://www.salusplay.com/blog/clasificacion-completa-intervenciones-enfermeria-nic-2024/,,2026-09-07,"Selection remains patient/context dependent; use the licensed classification definitions, activities/indicators and scales."
00194,NOC,0118,Newborn Adaptation,Adaptação do Recém-Nascido,"Nursing Outcomes Classification (NOC), 7th edition",primary,Compatibility primary selected for the diagnosis; consider alternative/context-specific links before finalising a care plan.,Compatibility primary selected for the diagnosis; consider alternative/context-specific links before finalising a care plan.,Mapeamento primário de compatibilidade selecionado para o diagnóstico; considerar vínculos alternativos/específicos ao contexto antes de finalizar o plano de cuidados.,high,curated_current_edition,es,Institutional Spanish NOC 7th edition source reviewed; current code/label cross-check against NOC 7th current classification listing; https://www.salusplay.com/apuntes/pae-y-diagnosticos-de-enfermeria-nanda-noc-y-nic/anexo-2-clasificacion-completa-de-resultados-de-enfermeria-noc-2024-8,,2026-09-07,"Selection remains patient/context dependent; use the licensed classification definitions, activities/indicators and scales."
00201,NIC,2620,Neurologic Monitoring,Monitoração Neurológica,"Nursing Interventions Classification (NIC), 8th edition",primary,Compatibility primary selected for the diagnosis; consider alternative/context-specific links before finalising a care plan.,Compatibility primary selected for the diagnosis; consider alternative/context-specific links before finalising a care plan.,Mapeamento primário de compatibilidade selecionado para o diagnóstico; considerar vínculos alternativos/específicos ao contexto antes de finalizar o plano de cuidados.,high,curated_current_edition,es,Institutional Spanish NIC 8th edition source reviewed; current code/label cross-check against NIC 8th current classification listing; https://www.salusplay.com/blog/clasificacion-completa-intervenciones-enfermeria-nic-2024/,,2026-09-07,"Selection remains patient/context dependent; use the licensed classification definitions, activities/indicators and scales."
00201,NOC,0406,Tissue Perfusion: Cerebral,Perfusão Tissular: Cerebral,"Nursing Outcomes Classification (NOC), 7th edition",primary,Compatibility primary selected for the diagnosis; consider alternative/context-specific links before finalising a care plan.,Compatibility primary selected for the diagnosis; consider alternative/context-specific links before finalising a care plan.,Mapeamento primário de compatibilidade selecionado para o diagnóstico; considerar vínculos alternativos/específicos ao contexto antes de finalizar o plano de cuidados.,high,curated_current_edition,es,Institutional Spanish NOC 7th edition source reviewed; current code/label cross-check against NOC 7th current classification listing; https://www.salusplay.com/apuntes/pae-y-diagnosticos-de-enfermeria-nanda-noc-y-nic/anexo-2-clasificacion-completa-de-resultados-de-enfermeria-noc-2024-8,,2026-09-07,"Selection remains patient/context dependent; use the licensed classification definitions, activities/indicators and scales."
00204,NIC,4062,Circulatory Care: Arterial Insufficiency,Cuidados Circulatórios: Insuficiência Arterial,"Nursing Interventions Classification (NIC), 8th edition",primary,Compatibility primary selected for the diagnosis; consider alternative/context-specific links before finalising a care plan.,Compatibility primary selected for the diagnosis; consider alternative/context-specific links before finalising a care plan.,Mapeamento primário de compatibilidade selecionado para o diagnóstico; considerar vínculos alternativos/específicos ao contexto antes de finalizar o plano de cuidados.,high,curated_current_edition,es,Institutional Spanish NIC 8th edition source reviewed; current code/label cross-check against NIC 8th current classification listing; https://www.salusplay.com/blog/clasificacion-completa-intervenciones-enfermeria-nic-2024/,,2026-09-07,"Selection remains patient/context dependent; use the licensed classification definitions, activities/indicators and scales."
00204,NOC,0407,Tissue Perfusion: Peripheral,Perfusão Tissular: Periférica,"Nursing Outcomes Classification (NOC), 7th edition",primary,Compatibility primary selected for the diagnosis; consider alternative/context-specific links before finalising a care plan.,Compatibility primary selected for the diagnosis; consider alternative/context-specific links before finalising a care plan.,Mapeamento primário de compatibilidade selecionado para o diagnóstico; considerar vínculos alternativos/específicos ao contexto antes de finalizar o plano de cuidados.,high,curated_current_edition,es,Institutional Spanish NOC 7th edition source reviewed; current code/label cross-check against NOC 7th current classification listing; https://www.salusplay.com/apuntes/pae-y-diagnosticos-de-enfermeria-nanda-noc-y-nic/anexo-2-clasificacion-completa-de-resultados-de-enfermeria-noc-2024-8,,2026-09-07,"Selection remains patient/context dependent; use the licensed classification definitions, activities/indicators and scales."
00205,NIC,4250,Shock Management,Controle do Choque,"Nursing Interventions Classification (NIC), 8th edition",primary,Compatibility primary selected for the diagnosis; consider alternative/context-specific links before finalising a care plan.,Compatibility primary selected for the diagnosis; consider alternative/context-specific links before finalising a care plan.,Mapeamento primário de compatibilidade selecionado para o diagnóstico; considerar vínculos alternativos/específicos ao contexto antes de finalizar o plano de cuidados.,high,curated_current_edition,es,Institutional Spanish NIC 8th edition source reviewed; current code/label cross-check against NIC 8th current classification listing; https://www.salusplay.com/blog/clasificacion-completa-intervenciones-enfermeria-nic-2024/,,2026-09-07,"Selection remains patient/context dependent; use the licensed classification definitions, activities/indicators and scales."
00205,NOC,0401,Circulation Status,Estado Circulatório,"Nursing Outcomes Classification (NOC), 7th edition",primary,Compatibility primary selected for the diagnosis; consider alternative/context-specific links before finalising a care plan.,Compatibility primary selected for the diagnosis; consider alternative/context-specific links before finalising a care plan.,Mapeamento primário de compatibilidade selecionado para o diagnóstico; considerar vínculos alternativos/específicos ao contexto antes de finalizar o plano de cuidados.,high,curated_current_edition,es,Institutional Spanish NOC 7th edition source reviewed; current code/label cross-check against NOC 7th current classification listing; https://www.salusplay.com/apuntes/pae-y-diagnosticos-de-enfermeria-nanda-noc-y-nic/anexo-2-clasificacion-completa-de-resultados-de-enfermeria-noc-2024-8,,2026-09-07,"Selection remains patient/context dependent; use the licensed classification definitions, activities/indicators and scales."
00208,NIC,6960,Prenatal Care,Cuidados Pré-Natais,"Nursing Interventions Classification (NIC), 8th edition",primary,Compatibility primary selected for the diagnosis; consider alternative/context-specific links before finalising a care plan.,Compatibility primary selected for the diagnosis; consider alternative/context-specific links before finalising a care plan.,Mapeamento primário de compatibilidade selecionado para o diagnóstico; considerar vínculos alternativos/específicos ao contexto antes de finalizar o plano de cuidados.,moderate,current_edition_verified,es,Institutional Spanish NIC 8th edition source reviewed; current code/label cross-check against NIC 8th current classification listing; https://www.salusplay.com/blog/clasificacion-completa-intervenciones-enfermeria-nic-2024/,,2026-09-07,"Selection remains patient/context dependent; use the licensed classification definitions, activities/indicators and scales."
00208,NIC,6760,Childbirth Preparation,Preparação para o Parto,"Nursing Interventions Classification (NIC), 8th edition",alternative,Use when preparation for labour/childbirth is the dominant need.,Use when preparation for labour/childbirth is the dominant need.,Usar quando a preparação para o trabalho de parto/parto for a necessidade predominante.,high,contextual_current_edition,es,Institutional Spanish NIC 8th edition source reviewed; current code/label cross-check against NIC 8th current classification listing; https://www.salusplay.com/blog/clasificacion-completa-intervenciones-enfermeria-nic-2024/,,2026-09-07,"Selection remains patient/context dependent; use the licensed classification definitions, activities/indicators and scales."
00208,NIC,6830,Intrapartum Care,Cuidados Intraparto,"Nursing Interventions Classification (NIC), 8th edition",alternative,Use during labour/intrapartum care.,Use during labour/intrapartum care.,Usar durante o trabalho de parto/cuidados intraparto.,high,contextual_current_edition,es,Institutional Spanish NIC 8th edition source reviewed; current code/label cross-check against NIC 8th current classification listing; https://www.salusplay.com/blog/clasificacion-completa-intervenciones-enfermeria-nic-2024/,,2026-09-07,"Selection remains patient/context dependent; use the licensed classification definitions, activities/indicators and scales."
00208,NIC,6930,Postpartum Care,Cuidados Pós-Parto,"Nursing Interventions Classification (NIC), 8th edition",alternative,Use in the postpartum phase.,Use in the postpartum phase.,Usar na fase pós-parto.,high,contextual_current_edition,es,Institutional Spanish NIC 8th edition source reviewed; current code/label cross-check against NIC 8th current classification listing; https://www.salusplay.com/blog/clasificacion-completa-intervenciones-enfermeria-nic-2024/,,2026-09-07,"Selection remains patient/context dependent; use the licensed classification definitions, activities/indicators and scales."
00208,NOC,2509,Maternal Status: Antepartum,Estado Materno: Anteparto,"Nursing Outcomes Classification (NOC), 7th edition",primary,Compatibility primary selected for the diagnosis; consider alternative/context-specific links before finalising a care plan.,Compatibility primary selected for the diagnosis; consider alternative/context-specific links before finalising a care plan.,Mapeamento primário de compatibilidade selecionado para o diagnóstico; considerar vínculos alternativos/específicos ao contexto antes de finalizar o plano de cuidados.,moderate,current_edition_verified,es,Institutional Spanish NOC 7th edition source reviewed; current code/label cross-check against NOC 7th current classification listing; https://www.salusplay.com/apuntes/pae-y-diagnosticos-de-enfermeria-nanda-noc-y-nic/anexo-2-clasificacion-completa-de-resultados-de-enfermeria-noc-2024-8,,2026-09-07,"Selection remains patient/context dependent; use the licensed classification definitions, activities/indicators and scales."
00208,NOC,2510,Maternal Status: Intrapartum,Estado Materno: Durante o Parto,"Nursing Outcomes Classification (NOC), 7th edition",alternative,Use for intrapartum maternal status.,Use for intrapartum maternal status.,Usar para avaliar o estado materno durante o parto.,high,contextual_current_edition,es,Institutional Spanish NOC 7th edition source reviewed; current code/label cross-check against NOC 7th current classification listing; https://www.salusplay.com/apuntes/pae-y-diagnosticos-de-enfermeria-nanda-noc-y-nic/anexo-2-clasificacion-completa-de-resultados-de-enfermeria-noc-2024-8,,2026-09-07,"Selection remains patient/context dependent; use the licensed classification definitions, activities/indicators and scales."
00208,NOC,2511,Maternal Status: Postpartum,Estado Materno: Puerpério,"Nursing Outcomes Classification (NOC), 7th edition",alternative,Use for postpartum/puerperium maternal status.,Use for postpartum/puerperium maternal status.,Usar para avaliar o estado materno no pós-parto/puerpério.,high,contextual_current_edition,es,Institutional Spanish NOC 7th edition source reviewed; current code/label cross-check against NOC 7th current classification listing; https://www.salusplay.com/apuntes/pae-y-diagnosticos-de-enfermeria-nanda-noc-y-nic/anexo-2-clasificacion-completa-de-resultados-de-enfermeria-noc-2024-8,,2026-09-07,"Selection remains patient/context dependent; use the licensed classification definitions, activities/indicators and scales."
00210,NIC,8340,Resilience Promotion,Promoção da Resiliência,"Nursing Interventions Classification (NIC), 8th edition",primary,Compatibility primary selected for the diagnosis; consider alternative/context-specific links before finalising a care plan.,Compatibility primary selected for the diagnosis; consider alternative/context-specific links before finalising a care plan.,Mapeamento primário de compatibilidade selecionado para o diagnóstico; considerar vínculos alternativos/específicos ao contexto antes de finalizar o plano de cuidados.,high,curated_current_edition,es,Institutional Spanish NIC 8th edition source reviewed; current code/label cross-check against NIC 8th current classification listing; https://www.salusplay.com/blog/clasificacion-completa-intervenciones-enfermeria-nic-2024/,,2026-09-07,"Selection remains patient/context dependent; use the licensed classification definitions, activities/indicators and scales."
00210,NOC,1309,Personal Resiliency,Resiliência Pessoal,"Nursing Outcomes Classification (NOC), 7th edition",primary,Compatibility primary selected for the diagnosis; consider alternative/context-specific links before finalising a care plan.,Compatibility primary selected for the diagnosis; consider alternative/context-specific links before finalising a care plan.,Mapeamento primário de compatibilidade selecionado para o diagnóstico; considerar vínculos alternativos/específicos ao contexto antes de finalizar o plano de cuidados.,high,curated_current_edition,es,Institutional Spanish NOC 7th edition source reviewed; current code/label cross-check against NOC 7th current classification listing; https://www.salusplay.com/apuntes/pae-y-diagnosticos-de-enfermeria-nanda-noc-y-nic/anexo-2-clasificacion-completa-de-resultados-de-enfermeria-noc-2024-8,,2026-09-07,"Selection remains patient/context dependent; use the licensed classification definitions, activities/indicators and scales."
00211,NIC,8340,Resilience Promotion,Promoção da Resiliência,"Nursing Interventions Classification (NIC), 8th edition",primary,Compatibility primary selected for the diagnosis; consider alternative/context-specific links before finalising a care plan.,Compatibility primary selected for the diagnosis; consider alternative/context-specific links before finalising a care plan.,Mapeamento primário de compatibilidade selecionado para o diagnóstico; considerar vínculos alternativos/específicos ao contexto antes de finalizar o plano de cuidados.,high,curated_current_edition,es,Institutional Spanish NIC 8th edition source reviewed; current code/label cross-check against NIC 8th current classification listing; https://www.salusplay.com/blog/clasificacion-completa-intervenciones-enfermeria-nic-2024/,,2026-09-07,"Selection remains patient/context dependent; use the licensed classification definitions, activities/indicators and scales."
00211,NOC,1309,Personal Resiliency,Resiliência Pessoal,"Nursing Outcomes Classification (NOC), 7th edition",primary,Compatibility primary selected for the diagnosis; consider alternative/context-specific links before finalising a care plan.,Compatibility primary selected for the diagnosis; consider alternative/context-specific links before finalising a care plan.,Mapeamento primário de compatibilidade selecionado para o diagnóstico; considerar vínculos alternativos/específicos ao contexto antes de finalizar o plano de cuidados.,high,curated_current_edition,es,Institutional Spanish NOC 7th edition source reviewed; current code/label cross-check against NOC 7th current classification listing; https://www.salusplay.com/apuntes/pae-y-diagnosticos-de-enfermeria-nanda-noc-y-nic/anexo-2-clasificacion-completa-de-resultados-de-enfermeria-noc-2024-8,,2026-09-07,"Selection remains patient/context dependent; use the licensed classification definitions, activities/indicators and scales."
00212,NIC,8340,Resilience Promotion,Promoção da Resiliência,"Nursing Interventions Classification (NIC), 8th edition",primary,Compatibility primary selected for the diagnosis; consider alternative/context-specific links before finalising a care plan.,Compatibility primary selected for the diagnosis; consider alternative/context-specific links before finalising a care plan.,Mapeamento primário de compatibilidade selecionado para o diagnóstico; considerar vínculos alternativos/específicos ao contexto antes de finalizar o plano de cuidados.,high,curated_current_edition,es,Institutional Spanish NIC 8th edition source reviewed; current code/label cross-check against NIC 8th current classification listing; https://www.salusplay.com/blog/clasificacion-completa-intervenciones-enfermeria-nic-2024/,,2026-09-07,"Selection remains patient/context dependent; use the licensed classification definitions, activities/indicators and scales."
00212,NOC,1309,Personal Resiliency,Resiliência Pessoal,"Nursing Outcomes Classification (NOC), 7th edition",primary,Compatibility primary selected for the diagnosis; consider alternative/context-specific links before finalising a care plan.,Compatibility primary selected for the diagnosis; consider alternative/context-specific links before finalising a care plan.,Mapeamento primário de compatibilidade selecionado para o diagnóstico; considerar vínculos alternativos/específicos ao contexto antes de finalizar o plano de cuidados.,high,curated_current_edition,es,Institutional Spanish NOC 7th edition source reviewed; current code/label cross-check against NOC 7th current classification listing; https://www.salusplay.com/apuntes/pae-y-diagnosticos-de-enfermeria-nanda-noc-y-nic/anexo-2-clasificacion-completa-de-resultados-de-enfermeria-noc-2024-8,,2026-09-07,"Selection remains patient/context dependent; use the licensed classification definitions, activities/indicators and scales."
00217,NIC,6410,Allergy Management,Controle de Alergias,"Nursing Interventions Classification (NIC), 8th edition",primary,Compatibility primary selected for the diagnosis; consider alternative/context-specific links before finalising a care plan.,Compatibility primary selected for the diagnosis; consider alternative/context-specific links before finalising a care plan.,Mapeamento primário de compatibilidade selecionado para o diagnóstico; considerar vínculos alternativos/específicos ao contexto antes de finalizar o plano de cuidados.,high,curated_current_edition,es,Institutional Spanish NIC 8th edition source reviewed; current code/label cross-check against NIC 8th current classification listing; https://www.salusplay.com/blog/clasificacion-completa-intervenciones-enfermeria-nic-2024/,,2026-09-07,"Selection remains patient/context dependent; use the licensed classification definitions, activities/indicators and scales."
00217,NOC,0707,Immune Hypersensitivity Response,Resposta de Hipersensibilidade Imunológica,"Nursing Outcomes Classification (NOC), 7th edition",primary,Compatibility primary selected for the diagnosis; consider alternative/context-specific links before finalising a care plan.,Compatibility primary selected for the diagnosis; consider alternative/context-specific links before finalising a care plan.,Mapeamento primário de compatibilidade selecionado para o diagnóstico; considerar vínculos alternativos/específicos ao contexto antes de finalizar o plano de cuidados.,high,curated_current_edition,es,Institutional Spanish NOC 7th edition source reviewed; current code/label cross-check against NOC 7th current classification listing; https://www.salusplay.com/apuntes/pae-y-diagnosticos-de-enfermeria-nanda-noc-y-nic/anexo-2-clasificacion-completa-de-resultados-de-enfermeria-noc-2024-8,,2026-09-07,"Selection remains patient/context dependent; use the licensed classification definitions, activities/indicators and scales."
00219,NIC,1350,Dry Eye Prevention,Prevenção de Olho Seco,"Nursing Interventions Classification (NIC), 8th edition",primary,Compatibility primary selected for the diagnosis; consider alternative/context-specific links before finalising a care plan.,Compatibility primary selected for the diagnosis; consider alternative/context-specific links before finalising a care plan.,Mapeamento primário de compatibilidade selecionado para o diagnóstico; considerar vínculos alternativos/específicos ao contexto antes de finalizar o plano de cuidados.,high,curated_current_edition,es,Institutional Spanish NIC 8th edition source reviewed; current code/label cross-check against NIC 8th current classification listing; https://www.salusplay.com/blog/clasificacion-completa-intervenciones-enfermeria-nic-2024/,,2026-09-07,"Selection remains patient/context dependent; use the licensed classification definitions, activities/indicators and scales."
00219,NOC,1927,Risk Control: Dry Eye,Controle de Risco: Olho Seco,"Nursing Outcomes Classification (NOC), 7th edition",primary,Compatibility primary selected for the diagnosis; consider alternative/context-specific links before finalising a care plan.,Compatibility primary selected for the diagnosis; consider alternative/context-specific links before finalising a care plan.,Mapeamento primário de compatibilidade selecionado para o diagnóstico; considerar vínculos alternativos/específicos ao contexto antes de finalizar o plano de cuidados.,high,curated_current_edition,es,Institutional Spanish NOC 7th edition source reviewed; current code/label cross-check against NOC 7th current classification listing; https://www.salusplay.com/apuntes/pae-y-diagnosticos-de-enfermeria-nanda-noc-y-nic/anexo-2-clasificacion-completa-de-resultados-de-enfermeria-noc-2024-8,,2026-09-07,"Selection remains patient/context dependent; use the licensed classification definitions, activities/indicators and scales."
00221,NIC,6960,Prenatal Care,Cuidados Pré-Natais,"Nursing Interventions Classification (NIC), 8th edition",primary,Compatibility primary selected for the diagnosis; consider alternative/context-specific links before finalising a care plan.,Compatibility primary selected for the diagnosis; consider alternative/context-specific links before finalising a care plan.,Mapeamento primário de compatibilidade selecionado para o diagnóstico; considerar vínculos alternativos/específicos ao contexto antes de finalizar o plano de cuidados.,moderate,current_edition_verified,es,Institutional Spanish NIC 8th edition source reviewed; current code/label cross-check against NIC 8th current classification listing; https://www.salusplay.com/blog/clasificacion-completa-intervenciones-enfermeria-nic-2024/,,2026-09-07,"Selection remains patient/context dependent; use the licensed classification definitions, activities/indicators and scales."
00221,NIC,6760,Childbirth Preparation,Preparação para o Parto,"Nursing Interventions Classification (NIC), 8th edition",alternative,Use when deficits relate to childbirth preparation.,Use when deficits relate to childbirth preparation.,Usar quando os déficits estiverem relacionados à preparação para o parto.,high,contextual_current_edition,es,Institutional Spanish NIC 8th edition source reviewed; current code/label cross-check against NIC 8th current classification listing; https://www.salusplay.com/blog/clasificacion-completa-intervenciones-enfermeria-nic-2024/,,2026-09-07,"Selection remains patient/context dependent; use the licensed classification definitions, activities/indicators and scales."
00221,NIC,6830,Intrapartum Care,Cuidados Intraparto,"Nursing Interventions Classification (NIC), 8th edition",alternative,Use when the ineffective process is occurring intrapartum.,Use when the ineffective process is occurring intrapartum.,Usar quando o processo ineficaz estiver ocorrendo durante o parto.,high,contextual_current_edition,es,Institutional Spanish NIC 8th edition source reviewed; current code/label cross-check against NIC 8th current classification listing; https://www.salusplay.com/blog/clasificacion-completa-intervenciones-enfermeria-nic-2024/,,2026-09-07,"Selection remains patient/context dependent; use the licensed classification definitions, activities/indicators and scales."
00221,NIC,6930,Postpartum Care,Cuidados Pós-Parto,"Nursing Interventions Classification (NIC), 8th edition",alternative,Use when the care problem is postpartum.,Use when the care problem is postpartum.,Usar quando o problema de cuidado ocorrer no pós-parto.,high,contextual_current_edition,es,Institutional Spanish NIC 8th edition source reviewed; current code/label cross-check against NIC 8th current classification listing; https://www.salusplay.com/blog/clasificacion-completa-intervenciones-enfermeria-nic-2024/,,2026-09-07,"Selection remains patient/context dependent; use the licensed classification definitions, activities/indicators and scales."
00221,NOC,2509,Maternal Status: Antepartum,Estado Materno: Anteparto,"Nursing Outcomes Classification (NOC), 7th edition",primary,Compatibility primary selected for the diagnosis; consider alternative/context-specific links before finalising a care plan.,Compatibility primary selected for the diagnosis; consider alternative/context-specific links before finalising a care plan.,Mapeamento primário de compatibilidade selecionado para o diagnóstico; considerar vínculos alternativos/específicos ao contexto antes de finalizar o plano de cuidados.,moderate,current_edition_verified,es,Institutional Spanish NOC 7th edition source reviewed; current code/label cross-check against NOC 7th current classification listing; https://www.salusplay.com/apuntes/pae-y-diagnosticos-de-enfermeria-nanda-noc-y-nic/anexo-2-clasificacion-completa-de-resultados-de-enfermeria-noc-2024-8,,2026-09-07,"Selection remains patient/context dependent; use the licensed classification definitions, activities/indicators and scales."
00221,NOC,2510,Maternal Status: Intrapartum,Estado Materno: Durante o Parto,"Nursing Outcomes Classification (NOC), 7th edition",alternative,Use for intrapartum maternal status.,Use for intrapartum maternal status.,Usar para avaliar o estado materno durante o parto.,high,contextual_current_edition,es,Institutional Spanish NOC 7th edition source reviewed; current code/label cross-check against NOC 7th current classification listing; https://www.salusplay.com/apuntes/pae-y-diagnosticos-de-enfermeria-nanda-noc-y-nic/anexo-2-clasificacion-completa-de-resultados-de-enfermeria-noc-2024-8,,2026-09-07,"Selection remains patient/context dependent; use the licensed classification definitions, activities/indicators and scales."
00221,NOC,2511,Maternal Status: Postpartum,Estado Materno: Puerpério,"Nursing Outcomes Classification (NOC), 7th edition",alternative,Use for postpartum/puerperium maternal status.,Use for postpartum/puerperium maternal status.,Usar para avaliar o estado materno no pós-parto/puerpério.,high,contextual_current_edition,es,Institutional Spanish NOC 7th edition source reviewed; current code/label cross-check against NOC 7th current classification listing; https://www.salusplay.com/apuntes/pae-y-diagnosticos-de-enfermeria-nanda-noc-y-nic/anexo-2-clasificacion-completa-de-resultados-de-enfermeria-noc-2024-8,,2026-09-07,"Selection remains patient/context dependent; use the licensed classification definitions, activities/indicators and scales."
00222,NIC,4370,Impulse Control Training,Treinamento para Controle de Impulsos,"Nursing Interventions Classification (NIC), 8th edition",primary,Compatibility primary selected for the diagnosis; consider alternative/context-specific links before finalising a care plan.,Compatibility primary selected for the diagnosis; consider alternative/context-specific links before finalising a care plan.,Mapeamento primário de compatibilidade selecionado para o diagnóstico; considerar vínculos alternativos/específicos ao contexto antes de finalizar o plano de cuidados.,high,curated_current_edition,es,Institutional Spanish NIC 8th edition source reviewed; current code/label cross-check against NIC 8th current classification listing; https://www.salusplay.com/blog/clasificacion-completa-intervenciones-enfermeria-nic-2024/,,2026-09-07,"Selection remains patient/context dependent; use the licensed classification definitions, activities/indicators and scales."
00222,NOC,1405,Self-Control of Impulses,Autocontrole dos Impulsos,"Nursing Outcomes Classification (NOC), 7th edition",primary,Compatibility primary selected for the diagnosis; consider alternative/context-specific links before finalising a care plan.,Compatibility primary selected for the diagnosis; consider alternative/context-specific links before finalising a care plan.,Mapeamento primário de compatibilidade selecionado para o diagnóstico; considerar vínculos alternativos/específicos ao contexto antes de finalizar o plano de cuidados.,high,current_edition_verified,es,Institutional Spanish NOC 7th edition source reviewed; current code/label cross-check against NOC 7th current classification listing; https://www.salusplay.com/apuntes/pae-y-diagnosticos-de-enfermeria-nanda-noc-y-nic/anexo-2-clasificacion-completa-de-resultados-de-enfermeria-noc-2024-8,,2026-09-07,"Selection remains patient/context dependent; use the licensed classification definitions, activities/indicators and scales."
00227,NIC,6960,Prenatal Care,Cuidados Pré-Natais,"Nursing Interventions Classification (NIC), 8th edition",primary,Compatibility primary selected for the diagnosis; consider alternative/context-specific links before finalising a care plan.,Compatibility primary selected for the diagnosis; consider alternative/context-specific links before finalising a care plan.,Mapeamento primário de compatibilidade selecionado para o diagnóstico; considerar vínculos alternativos/específicos ao contexto antes de finalizar o plano de cuidados.,moderate,current_edition_verified,es,Institutional Spanish NIC 8th edition source reviewed; current code/label cross-check against NIC 8th current classification listing; https://www.salusplay.com/blog/clasificacion-completa-intervenciones-enfermeria-nic-2024/,,2026-09-07,"Selection remains patient/context dependent; use the licensed classification definitions, activities/indicators and scales."
00227,NIC,6760,Childbirth Preparation,Preparação para o Parto,"Nursing Interventions Classification (NIC), 8th edition",alternative,Use for antenatal preparation/risk reduction.,Use for antenatal preparation/risk reduction.,Usar para preparação pré-natal/redução de risco.,high,contextual_current_edition,es,Institutional Spanish NIC 8th edition source reviewed; current code/label cross-check against NIC 8th current classification listing; https://www.salusplay.com/blog/clasificacion-completa-intervenciones-enfermeria-nic-2024/,,2026-09-07,"Selection remains patient/context dependent; use the licensed classification definitions, activities/indicators and scales."
00227,NIC,6830,Intrapartum Care,Cuidados Intraparto,"Nursing Interventions Classification (NIC), 8th edition",alternative,Use if risk is being managed during labour.,Use if risk is being managed during labour.,Usar quando o risco estiver sendo manejado durante o trabalho de parto.,high,contextual_current_edition,es,Institutional Spanish NIC 8th edition source reviewed; current code/label cross-check against NIC 8th current classification listing; https://www.salusplay.com/blog/clasificacion-completa-intervenciones-enfermeria-nic-2024/,,2026-09-07,"Selection remains patient/context dependent; use the licensed classification definitions, activities/indicators and scales."
00227,NIC,6930,Postpartum Care,Cuidados Pós-Parto,"Nursing Interventions Classification (NIC), 8th edition",alternative,Use for postpartum risk management.,Use for postpartum risk management.,Usar para manejo de riscos no pós-parto.,high,contextual_current_edition,es,Institutional Spanish NIC 8th edition source reviewed; current code/label cross-check against NIC 8th current classification listing; https://www.salusplay.com/blog/clasificacion-completa-intervenciones-enfermeria-nic-2024/,,2026-09-07,"Selection remains patient/context dependent; use the licensed classification definitions, activities/indicators and scales."
00227,NOC,2509,Maternal Status: Antepartum,Estado Materno: Anteparto,"Nursing Outcomes Classification (NOC), 7th edition",primary,Compatibility primary selected for the diagnosis; consider alternative/context-specific links before finalising a care plan.,Compatibility primary selected for the diagnosis; consider alternative/context-specific links before finalising a care plan.,Mapeamento primário de compatibilidade selecionado para o diagnóstico; considerar vínculos alternativos/específicos ao contexto antes de finalizar o plano de cuidados.,moderate,current_edition_verified,es,Institutional Spanish NOC 7th edition source reviewed; current code/label cross-check against NOC 7th current classification listing; https://www.salusplay.com/apuntes/pae-y-diagnosticos-de-enfermeria-nanda-noc-y-nic/anexo-2-clasificacion-completa-de-resultados-de-enfermeria-noc-2024-8,,2026-09-07,"Selection remains patient/context dependent; use the licensed classification definitions, activities/indicators and scales."
00227,NOC,2510,Maternal Status: Intrapartum,Estado Materno: Durante o Parto,"Nursing Outcomes Classification (NOC), 7th edition",alternative,Use for intrapartum maternal status.,Use for intrapartum maternal status.,Usar para avaliar o estado materno durante o parto.,high,contextual_current_edition,es,Institutional Spanish NOC 7th edition source reviewed; current code/label cross-check against NOC 7th current classification listing; https://www.salusplay.com/apuntes/pae-y-diagnosticos-de-enfermeria-nanda-noc-y-nic/anexo-2-clasificacion-completa-de-resultados-de-enfermeria-noc-2024-8,,2026-09-07,"Selection remains patient/context dependent; use the licensed classification definitions, activities/indicators and scales."
00227,NOC,2511,Maternal Status: Postpartum,Estado Materno: Puerpério,"Nursing Outcomes Classification (NOC), 7th edition",alternative,Use for postpartum/puerperium maternal status.,Use for postpartum/puerperium maternal status.,Usar para avaliar o estado materno no pós-parto/puerpério.,high,contextual_current_edition,es,Institutional Spanish NOC 7th edition source reviewed; current code/label cross-check against NOC 7th current classification listing; https://www.salusplay.com/apuntes/pae-y-diagnosticos-de-enfermeria-nanda-noc-y-nic/anexo-2-clasificacion-completa-de-resultados-de-enfermeria-noc-2024-8,,2026-09-07,"Selection remains patient/context dependent; use the licensed classification definitions, activities/indicators and scales."
00228,NIC,4062,Circulatory Care: Arterial Insufficiency,Cuidados Circulatórios: Insuficiência Arterial,"Nursing Interventions Classification (NIC), 8th edition",primary,Compatibility primary selected for the diagnosis; consider alternative/context-specific links before finalising a care plan.,Compatibility primary selected for the diagnosis; consider alternative/context-specific links before finalising a care plan.,Mapeamento primário de compatibilidade selecionado para o diagnóstico; considerar vínculos alternativos/específicos ao contexto antes de finalizar o plano de cuidados.,high,curated_current_edition,es,Institutional Spanish NIC 8th edition source reviewed; current code/label cross-check against NIC 8th current classification listing; https://www.salusplay.com/blog/clasificacion-completa-intervenciones-enfermeria-nic-2024/,,2026-09-07,"Selection remains patient/context dependent; use the licensed classification definitions, activities/indicators and scales."
00228,NOC,0407,Tissue Perfusion: Peripheral,Perfusão Tissular: Periférica,"Nursing Outcomes Classification (NOC), 7th edition",primary,Compatibility primary selected for the diagnosis; consider alternative/context-specific links before finalising a care plan.,Compatibility primary selected for the diagnosis; consider alternative/context-specific links before finalising a care plan.,Mapeamento primário de compatibilidade selecionado para o diagnóstico; considerar vínculos alternativos/específicos ao contexto antes de finalizar o plano de cuidados.,high,curated_current_edition,es,Institutional Spanish NOC 7th edition source reviewed; current code/label cross-check against NOC 7th current classification listing; https://www.salusplay.com/apuntes/pae-y-diagnosticos-de-enfermeria-nanda-noc-y-nic/anexo-2-clasificacion-completa-de-resultados-de-enfermeria-noc-2024-8,,2026-09-07,"Selection remains patient/context dependent; use the licensed classification definitions, activities/indicators and scales."
00230,NIC,6924,Phototherapy: Neonate,Fototerapia: Neonato,"Nursing Interventions Classification (NIC), 8th edition",primary,Compatibility primary selected for the diagnosis; consider alternative/context-specific links before finalising a care plan.,Compatibility primary selected for the diagnosis; consider alternative/context-specific links before finalising a care plan.,Mapeamento primário de compatibilidade selecionado para o diagnóstico; considerar vínculos alternativos/específicos ao contexto antes de finalizar o plano de cuidados.,high,curated_current_edition,es,Institutional Spanish NIC 8th edition source reviewed; current code/label cross-check against NIC 8th current classification listing; https://www.salusplay.com/blog/clasificacion-completa-intervenciones-enfermeria-nic-2024/,,2026-09-07,"Selection remains patient/context dependent; use the licensed classification definitions, activities/indicators and scales."
00230,NOC,0118,Newborn Adaptation,Adaptação do Recém-Nascido,"Nursing Outcomes Classification (NOC), 7th edition",primary,Compatibility primary selected for the diagnosis; consider alternative/context-specific links before finalising a care plan.,Compatibility primary selected for the diagnosis; consider alternative/context-specific links before finalising a care plan.,Mapeamento primário de compatibilidade selecionado para o diagnóstico; considerar vínculos alternativos/específicos ao contexto antes de finalizar o plano de cuidados.,high,curated_current_edition,es,Institutional Spanish NOC 7th edition source reviewed; current code/label cross-check against NOC 7th current classification listing; https://www.salusplay.com/apuntes/pae-y-diagnosticos-de-enfermeria-nanda-noc-y-nic/anexo-2-clasificacion-completa-de-resultados-de-enfermeria-noc-2024-8,,2026-09-07,"Selection remains patient/context dependent; use the licensed classification definitions, activities/indicators and scales."
00235,NIC,0450,Constipation/Impaction Management,Controle da Constipação/Impactação,"Nursing Interventions Classification (NIC), 8th edition",primary,Compatibility primary selected for the diagnosis; consider alternative/context-specific links before finalising a care plan.,Compatibility primary selected for the diagnosis; consider alternative/context-specific links before finalising a care plan.,Mapeamento primário de compatibilidade selecionado para o diagnóstico; considerar vínculos alternativos/específicos ao contexto antes de finalizar o plano de cuidados.,high,curated_current_edition,es,Institutional Spanish NIC 8th edition source reviewed; current code/label cross-check against NIC 8th current classification listing; https://www.salusplay.com/blog/clasificacion-completa-intervenciones-enfermeria-nic-2024/,,2026-09-07,"Selection remains patient/context dependent; use the licensed classification definitions, activities/indicators and scales."
00235,NOC,0501,Bowel Elimination,Eliminação Intestinal,"Nursing Outcomes Classification (NOC), 7th edition",primary,Compatibility primary selected for the diagnosis; consider alternative/context-specific links before finalising a care plan.,Compatibility primary selected for the diagnosis; consider alternative/context-specific links before finalising a care plan.,Mapeamento primário de compatibilidade selecionado para o diagnóstico; considerar vínculos alternativos/específicos ao contexto antes de finalizar o plano de cuidados.,high,curated_current_edition,es,Institutional Spanish NOC 7th edition source reviewed; current code/label cross-check against NOC 7th current classification listing; https://www.salusplay.com/apuntes/pae-y-diagnosticos-de-enfermeria-nanda-noc-y-nic/anexo-2-clasificacion-completa-de-resultados-de-enfermeria-noc-2024-8,,2026-09-07,"Selection remains patient/context dependent; use the licensed classification definitions, activities/indicators and scales."
00236,NIC,0450,Constipation/Impaction Management,Controle da Constipação/Impactação,"Nursing Interventions Classification (NIC), 8th edition",primary,Compatibility primary selected for the diagnosis; consider alternative/context-specific links before finalising a care plan.,Compatibility primary selected for the diagnosis; consider alternative/context-specific links before finalising a care plan.,Mapeamento primário de compatibilidade selecionado para o diagnóstico; considerar vínculos alternativos/específicos ao contexto antes de finalizar o plano de cuidados.,high,curated_current_edition,es,Institutional Spanish NIC 8th edition source reviewed; current code/label cross-check against NIC 8th current classification listing; https://www.salusplay.com/blog/clasificacion-completa-intervenciones-enfermeria-nic-2024/,,2026-09-07,"Selection remains patient/context dependent; use the licensed classification definitions, activities/indicators and scales."
00236,NOC,0501,Bowel Elimination,Eliminação Intestinal,"Nursing Outcomes Classification (NOC), 7th edition",primary,Compatibility primary selected for the diagnosis; consider alternative/context-specific links before finalising a care plan.,Compatibility primary selected for the diagnosis; consider alternative/context-specific links before finalising a care plan.,Mapeamento primário de compatibilidade selecionado para o diagnóstico; considerar vínculos alternativos/específicos ao contexto antes de finalizar o plano de cuidados.,high,curated_current_edition,es,Institutional Spanish NOC 7th edition source reviewed; current code/label cross-check against NOC 7th current classification listing; https://www.salusplay.com/apuntes/pae-y-diagnosticos-de-enfermeria-nanda-noc-y-nic/anexo-2-clasificacion-completa-de-resultados-de-enfermeria-noc-2024-8,,2026-09-07,"Selection remains patient/context dependent; use the licensed classification definitions, activities/indicators and scales."
00240,NIC,4040,Cardiac Care,Cuidados Cardíacos,"Nursing Interventions Classification (NIC), 8th edition",primary,Compatibility primary selected for the diagnosis; consider alternative/context-specific links before finalising a care plan.,Compatibility primary selected for the diagnosis; consider alternative/context-specific links before finalising a care plan.,Mapeamento primário de compatibilidade selecionado para o diagnóstico; considerar vínculos alternativos/específicos ao contexto antes de finalizar o plano de cuidados.,high,curated_current_edition,es,Institutional Spanish NIC 8th edition source reviewed; current code/label cross-check against NIC 8th current classification listing; https://www.salusplay.com/blog/clasificacion-completa-intervenciones-enfermeria-nic-2024/,,2026-09-07,"Selection remains patient/context dependent; use the licensed classification definitions, activities/indicators and scales."
00240,NOC,0400,Cardiac Pump Effectiveness,Eficácia da Bomba Cardíaca,"Nursing Outcomes Classification (NOC), 7th edition",primary,Compatibility primary selected for the diagnosis; consider alternative/context-specific links before finalising a care plan.,Compatibility primary selected for the diagnosis; consider alternative/context-specific links before finalising a care plan.,Mapeamento primário de compatibilidade selecionado para o diagnóstico; considerar vínculos alternativos/específicos ao contexto antes de finalizar o plano de cuidados.,high,curated_current_edition,es,Institutional Spanish NOC 7th edition source reviewed; current code/label cross-check against NOC 7th current classification listing; https://www.salusplay.com/apuntes/pae-y-diagnosticos-de-enfermeria-nanda-noc-y-nic/anexo-2-clasificacion-completa-de-resultados-de-enfermeria-noc-2024-8,,2026-09-07,"Selection remains patient/context dependent; use the licensed classification definitions, activities/indicators and scales."
00241,NIC,5330,Mood Management,Controle do Humor,"Nursing Interventions Classification (NIC), 8th edition",primary,Compatibility primary selected for the diagnosis; consider alternative/context-specific links before finalising a care plan.,Compatibility primary selected for the diagnosis; consider alternative/context-specific links before finalising a care plan.,Mapeamento primário de compatibilidade selecionado para o diagnóstico; considerar vínculos alternativos/específicos ao contexto antes de finalizar o plano de cuidados.,high,curated_current_edition,es,Institutional Spanish NIC 8th edition source reviewed; current code/label cross-check against NIC 8th current classification listing; https://www.salusplay.com/blog/clasificacion-completa-intervenciones-enfermeria-nic-2024/,,2026-09-07,"Selection remains patient/context dependent; use the licensed classification definitions, activities/indicators and scales."
00241,NOC,1204,Mood Equilibrium,Equilíbrio do Humor,"Nursing Outcomes Classification (NOC), 7th edition",primary,Compatibility primary selected for the diagnosis; consider alternative/context-specific links before finalising a care plan.,Compatibility primary selected for the diagnosis; consider alternative/context-specific links before finalising a care plan.,Mapeamento primário de compatibilidade selecionado para o diagnóstico; considerar vínculos alternativos/específicos ao contexto antes de finalizar o plano de cuidados.,high,curated_current_edition,es,Institutional Spanish NOC 7th edition source reviewed; current code/label cross-check against NOC 7th current classification listing; https://www.salusplay.com/apuntes/pae-y-diagnosticos-de-enfermeria-nanda-noc-y-nic/anexo-2-clasificacion-completa-de-resultados-de-enfermeria-noc-2024-8,,2026-09-07,"Selection remains patient/context dependent; use the licensed classification definitions, activities/indicators and scales."
00242,NIC,5250,Decision-Making Support,Apoio à Tomada de Decisão,"Nursing Interventions Classification (NIC), 8th edition",primary,Compatibility primary selected for the diagnosis; consider alternative/context-specific links before finalising a care plan.,Compatibility primary selected for the diagnosis; consider alternative/context-specific links before finalising a care plan.,Mapeamento primário de compatibilidade selecionado para o diagnóstico; considerar vínculos alternativos/específicos ao contexto antes de finalizar o plano de cuidados.,high,curated_current_edition,es,Institutional Spanish NIC 8th edition source reviewed; current code/label cross-check against NIC 8th current classification listing; https://www.salusplay.com/blog/clasificacion-completa-intervenciones-enfermeria-nic-2024/,,2026-09-07,"Selection remains patient/context dependent; use the licensed classification definitions, activities/indicators and scales."
00242,NOC,0906,Decision-Making,Tomada de Decisão,"Nursing Outcomes Classification (NOC), 7th edition",primary,Compatibility primary selected for the diagnosis; consider alternative/context-specific links before finalising a care plan.,Compatibility primary selected for the diagnosis; consider alternative/context-specific links before finalising a care plan.,Mapeamento primário de compatibilidade selecionado para o diagnóstico; considerar vínculos alternativos/específicos ao contexto antes de finalizar o plano de cuidados.,high,curated_current_edition,es,Institutional Spanish NOC 7th edition source reviewed; current code/label cross-check against NOC 7th current classification listing; https://www.salusplay.com/apuntes/pae-y-diagnosticos-de-enfermeria-nanda-noc-y-nic/anexo-2-clasificacion-completa-de-resultados-de-enfermeria-noc-2024-8,,2026-09-07,"Selection remains patient/context dependent; use the licensed classification definitions, activities/indicators and scales."
00243,NIC,5250,Decision-Making Support,Apoio à Tomada de Decisão,"Nursing Interventions Classification (NIC), 8th edition",primary,Compatibility primary selected for the diagnosis; consider alternative/context-specific links before finalising a care plan.,Compatibility primary selected for the diagnosis; consider alternative/context-specific links before finalising a care plan.,Mapeamento primário de compatibilidade selecionado para o diagnóstico; considerar vínculos alternativos/específicos ao contexto antes de finalizar o plano de cuidados.,high,curated_current_edition,es,Institutional Spanish NIC 8th edition source reviewed; current code/label cross-check against NIC 8th current classification listing; https://www.salusplay.com/blog/clasificacion-completa-intervenciones-enfermeria-nic-2024/,,2026-09-07,"Selection remains patient/context dependent; use the licensed classification definitions, activities/indicators and scales."
00243,NOC,0906,Decision-Making,Tomada de Decisão,"Nursing Outcomes Classification (NOC), 7th edition",primary,Compatibility primary selected for the diagnosis; consider alternative/context-specific links before finalising a care plan.,Compatibility primary selected for the diagnosis; consider alternative/context-specific links before finalising a care plan.,Mapeamento primário de compatibilidade selecionado para o diagnóstico; considerar vínculos alternativos/específicos ao contexto antes de finalizar o plano de cuidados.,high,curated_current_edition,es,Institutional Spanish NOC 7th edition source reviewed; current code/label cross-check against NOC 7th current classification listing; https://www.salusplay.com/apuntes/pae-y-diagnosticos-de-enfermeria-nanda-noc-y-nic/anexo-2-clasificacion-completa-de-resultados-de-enfermeria-noc-2024-8,,2026-09-07,"Selection remains patient/context dependent; use the licensed classification definitions, activities/indicators and scales."
00244,NIC,5250,Decision-Making Support,Apoio à Tomada de Decisão,"Nursing Interventions Classification (NIC), 8th edition",primary,Compatibility primary selected for the diagnosis; consider alternative/context-specific links before finalising a care plan.,Compatibility primary selected for the diagnosis; consider alternative/context-specific links before finalising a care plan.,Mapeamento primário de compatibilidade selecionado para o diagnóstico; considerar vínculos alternativos/específicos ao contexto antes de finalizar o plano de cuidados.,high,curated_current_edition,es,Institutional Spanish NIC 8th edition source reviewed; current code/label cross-check against NIC 8th current classification listing; https://www.salusplay.com/blog/clasificacion-completa-intervenciones-enfermeria-nic-2024/,,2026-09-07,"Selection remains patient/context dependent; use the licensed classification definitions, activities/indicators and scales."
00244,NOC,0906,Decision-Making,Tomada de Decisão,"Nursing Outcomes Classification (NOC), 7th edition",primary,Compatibility primary selected for the diagnosis; consider alternative/context-specific links before finalising a care plan.,Compatibility primary selected for the diagnosis; consider alternative/context-specific links before finalising a care plan.,Mapeamento primário de compatibilidade selecionado para o diagnóstico; considerar vínculos alternativos/específicos ao contexto antes de finalizar o plano de cuidados.,high,curated_current_edition,es,Institutional Spanish NOC 7th edition source reviewed; current code/label cross-check against NOC 7th current classification listing; https://www.salusplay.com/apuntes/pae-y-diagnosticos-de-enfermeria-nanda-noc-y-nic/anexo-2-clasificacion-completa-de-resultados-de-enfermeria-noc-2024-8,,2026-09-07,"Selection remains patient/context dependent; use the licensed classification definitions, activities/indicators and scales."
00245,NIC,1650,Eye Care,Cuidados com os Olhos,"Nursing Interventions Classification (NIC), 8th edition",primary,Compatibility primary selected for the diagnosis; consider alternative/context-specific links before finalising a care plan.,Compatibility primary selected for the diagnosis; consider alternative/context-specific links before finalising a care plan.,Mapeamento primário de compatibilidade selecionado para o diagnóstico; considerar vínculos alternativos/específicos ao contexto antes de finalizar o plano de cuidados.,moderate,curated_current_edition,es,Institutional Spanish NIC 8th edition source reviewed; current code/label cross-check against NIC 8th current classification listing; https://www.salusplay.com/blog/clasificacion-completa-intervenciones-enfermeria-nic-2024/,,2026-09-07,"Selection remains patient/context dependent; use the licensed classification definitions, activities/indicators and scales."
00245,NOC,1101,Tissue Integrity: Skin & Mucous Membranes,Integridade Tissular: Pele e Mucosas,"Nursing Outcomes Classification (NOC), 7th edition",primary,Compatibility primary selected for the diagnosis; consider alternative/context-specific links before finalising a care plan.,Compatibility primary selected for the diagnosis; consider alternative/context-specific links before finalising a care plan.,Mapeamento primário de compatibilidade selecionado para o diagnóstico; considerar vínculos alternativos/específicos ao contexto antes de finalizar o plano de cuidados.,moderate,curated_current_edition,es,Institutional Spanish NOC 7th edition source reviewed; current code/label cross-check against NOC 7th current classification listing; https://www.salusplay.com/apuntes/pae-y-diagnosticos-de-enfermeria-nanda-noc-y-nic/anexo-2-clasificacion-completa-de-resultados-de-enfermeria-noc-2024-8,,2026-09-07,"Selection remains patient/context dependent; use the licensed classification definitions, activities/indicators and scales."
00247,NIC,1710,Oral Health Maintenance,Manutenção da Saúde Oral,"Nursing Interventions Classification (NIC), 8th edition",primary,Compatibility primary selected for the diagnosis; consider alternative/context-specific links before finalising a care plan.,Compatibility primary selected for the diagnosis; consider alternative/context-specific links before finalising a care plan.,Mapeamento primário de compatibilidade selecionado para o diagnóstico; considerar vínculos alternativos/específicos ao contexto antes de finalizar o plano de cuidados.,high,curated_current_edition,es,Institutional Spanish NIC 8th edition source reviewed; current code/label cross-check against NIC 8th current classification listing; https://www.salusplay.com/blog/clasificacion-completa-intervenciones-enfermeria-nic-2024/,,2026-09-07,"Selection remains patient/context dependent; use the licensed classification definitions, activities/indicators and scales."
00247,NOC,1101,Tissue Integrity: Skin & Mucous Membranes,Integridade Tissular: Pele e Mucosas,"Nursing Outcomes Classification (NOC), 7th edition",primary,Compatibility primary selected for the diagnosis; consider alternative/context-specific links before finalising a care plan.,Compatibility primary selected for the diagnosis; consider alternative/context-specific links before finalising a care plan.,Mapeamento primário de compatibilidade selecionado para o diagnóstico; considerar vínculos alternativos/específicos ao contexto antes de finalizar o plano de cuidados.,high,curated_current_edition,es,Institutional Spanish NOC 7th edition source reviewed; current code/label cross-check against NOC 7th current classification listing; https://www.salusplay.com/apuntes/pae-y-diagnosticos-de-enfermeria-nanda-noc-y-nic/anexo-2-clasificacion-completa-de-resultados-de-enfermeria-noc-2024-8,,2026-09-07,"Selection remains patient/context dependent; use the licensed classification definitions, activities/indicators and scales."
00248,NIC,3590,Skin Surveillance,Supervisão da Pele,"Nursing Interventions Classification (NIC), 8th edition",primary,Compatibility primary selected for the diagnosis; consider alternative/context-specific links before finalising a care plan.,Compatibility primary selected for the diagnosis; consider alternative/context-specific links before finalising a care plan.,Mapeamento primário de compatibilidade selecionado para o diagnóstico; considerar vínculos alternativos/específicos ao contexto antes de finalizar o plano de cuidados.,high,curated_current_edition,es,Institutional Spanish NIC 8th edition source reviewed; current code/label cross-check against NIC 8th current classification listing; https://www.salusplay.com/blog/clasificacion-completa-intervenciones-enfermeria-nic-2024/,,2026-09-07,"Selection remains patient/context dependent; use the licensed classification definitions, activities/indicators and scales."
00248,NOC,1902,Risk Control,Controle de Risco,"Nursing Outcomes Classification (NOC), 7th edition",primary,Compatibility primary selected for the diagnosis; consider alternative/context-specific links before finalising a care plan.,Compatibility primary selected for the diagnosis; consider alternative/context-specific links before finalising a care plan.,Mapeamento primário de compatibilidade selecionado para o diagnóstico; considerar vínculos alternativos/específicos ao contexto antes de finalizar o plano de cuidados.,high,curated_current_edition,es,Institutional Spanish NOC 7th edition source reviewed; current code/label cross-check against NOC 7th current classification listing; https://www.salusplay.com/apuntes/pae-y-diagnosticos-de-enfermeria-nanda-noc-y-nic/anexo-2-clasificacion-completa-de-resultados-de-enfermeria-noc-2024-8,,2026-09-07,"Selection remains patient/context dependent; use the licensed classification definitions, activities/indicators and scales."
00250,NIC,6610,Risk Identification,Identificação de Risco,"Nursing Interventions Classification (NIC), 8th edition",primary,Compatibility primary selected for the diagnosis; consider alternative/context-specific links before finalising a care plan.,Compatibility primary selected for the diagnosis; consider alternative/context-specific links before finalising a care plan.,Mapeamento primário de compatibilidade selecionado para o diagnóstico; considerar vínculos alternativos/específicos ao contexto antes de finalizar o plano de cuidados.,high,curated_current_edition,es,Institutional Spanish NIC 8th edition source reviewed; current code/label cross-check against NIC 8th current classification listing; https://www.salusplay.com/blog/clasificacion-completa-intervenciones-enfermeria-nic-2024/,,2026-09-07,"Selection remains patient/context dependent; use the licensed classification definitions, activities/indicators and scales."
00250,NOC,1908,Risk Detection,Detecção de Risco,"Nursing Outcomes Classification (NOC), 7th edition",primary,Compatibility primary selected for the diagnosis; consider alternative/context-specific links before finalising a care plan.,Compatibility primary selected for the diagnosis; consider alternative/context-specific links before finalising a care plan.,Mapeamento primário de compatibilidade selecionado para o diagnóstico; considerar vínculos alternativos/específicos ao contexto antes de finalizar o plano de cuidados.,high,curated_current_edition,es,Institutional Spanish NOC 7th edition source reviewed; current code/label cross-check against NOC 7th current classification listing; https://www.salusplay.com/apuntes/pae-y-diagnosticos-de-enfermeria-nanda-noc-y-nic/anexo-2-clasificacion-completa-de-resultados-de-enfermeria-noc-2024-8,,2026-09-07,"Selection remains patient/context dependent; use the licensed classification definitions, activities/indicators and scales."
00255,NIC,1400,Pain Management,Controle da Dor,"Nursing Interventions Classification (NIC), 8th edition",primary,Compatibility primary selected for the diagnosis; consider alternative/context-specific links before finalising a care plan.,Compatibility primary selected for the diagnosis; consider alternative/context-specific links before finalising a care plan.,Mapeamento primário de compatibilidade selecionado para o diagnóstico; considerar vínculos alternativos/específicos ao contexto antes de finalizar o plano de cuidados.,high,curated_current_edition,es,Institutional Spanish NIC 8th edition source reviewed; current code/label cross-check against NIC 8th current classification listing; https://www.salusplay.com/blog/clasificacion-completa-intervenciones-enfermeria-nic-2024/,,2026-09-07,"Selection remains patient/context dependent; use the licensed classification definitions, activities/indicators and scales."
00255,NOC,2102,Pain Level,Nível de Dor,"Nursing Outcomes Classification (NOC), 7th edition",primary,Compatibility primary selected for the diagnosis; consider alternative/context-specific links before finalising a care plan.,Compatibility primary selected for the diagnosis; consider alternative/context-specific links before finalising a care plan.,Mapeamento primário de compatibilidade selecionado para o diagnóstico; considerar vínculos alternativos/específicos ao contexto antes de finalizar o plano de cuidados.,high,curated_current_edition,es,Institutional Spanish NOC 7th edition source reviewed; current code/label cross-check against NOC 7th current classification listing; https://www.salusplay.com/apuntes/pae-y-diagnosticos-de-enfermeria-nanda-noc-y-nic/anexo-2-clasificacion-completa-de-resultados-de-enfermeria-noc-2024-8,,2026-09-07,"Selection remains patient/context dependent; use the licensed classification definitions, activities/indicators and scales."
00256,NIC,1400,Pain Management,Controle da Dor,"Nursing Interventions Classification (NIC), 8th edition",primary,Compatibility primary selected for the diagnosis; consider alternative/context-specific links before finalising a care plan.,Compatibility primary selected for the diagnosis; consider alternative/context-specific links before finalising a care plan.,Mapeamento primário de compatibilidade selecionado para o diagnóstico; considerar vínculos alternativos/específicos ao contexto antes de finalizar o plano de cuidados.,high,curated_current_edition,es,Institutional Spanish NIC 8th edition source reviewed; current code/label cross-check against NIC 8th current classification listing; https://www.salusplay.com/blog/clasificacion-completa-intervenciones-enfermeria-nic-2024/,,2026-09-07,"Selection remains patient/context dependent; use the licensed classification definitions, activities/indicators and scales."
00256,NOC,2102,Pain Level,Nível de Dor,"Nursing Outcomes Classification (NOC), 7th edition",primary,Compatibility primary selected for the diagnosis; consider alternative/context-specific links before finalising a care plan.,Compatibility primary selected for the diagnosis; consider alternative/context-specific links before finalising a care plan.,Mapeamento primário de compatibilidade selecionado para o diagnóstico; considerar vínculos alternativos/específicos ao contexto antes de finalizar o plano de cuidados.,high,curated_current_edition,es,Institutional Spanish NOC 7th edition source reviewed; current code/label cross-check against NOC 7th current classification listing; https://www.salusplay.com/apuntes/pae-y-diagnosticos-de-enfermeria-nanda-noc-y-nic/anexo-2-clasificacion-completa-de-resultados-de-enfermeria-noc-2024-8,,2026-09-07,"Selection remains patient/context dependent; use the licensed classification definitions, activities/indicators and scales."
00258,NIC,4514,Substance Use Treatment: Drug Withdrawal,Tratamento do Uso de Substâncias: Abstinência de Drogas,"Nursing Interventions Classification (NIC), 8th edition",primary,Compatibility primary selected for the diagnosis; consider alternative/context-specific links before finalising a care plan.,Compatibility primary selected for the diagnosis; consider alternative/context-specific links before finalising a care plan.,Mapeamento primário de compatibilidade selecionado para o diagnóstico; considerar vínculos alternativos/específicos ao contexto antes de finalizar o plano de cuidados.,high,curated_current_edition,es,Institutional Spanish NIC 8th edition source reviewed; current code/label cross-check against NIC 8th current classification listing; https://www.salusplay.com/blog/clasificacion-completa-intervenciones-enfermeria-nic-2024/,,2026-09-07,"Selection remains patient/context dependent; use the licensed classification definitions, activities/indicators and scales."
00258,NIC,4510,Substance Use Treatment,Tratamento do Uso de Substâncias,"Nursing Interventions Classification (NIC), 8th edition",alternative,Use for broader substance-use treatment beyond acute withdrawal.,Use for broader substance-use treatment beyond acute withdrawal.,"Usar para tratamento mais amplo do uso de substâncias, além do manejo da síndrome de abstinência aguda.",high,contextual_current_edition,es,Institutional Spanish NIC 8th edition source reviewed; current code/label cross-check against NIC 8th current classification listing; https://www.salusplay.com/blog/clasificacion-completa-intervenciones-enfermeria-nic-2024/,,2026-09-07,"Selection remains patient/context dependent; use the licensed classification definitions, activities/indicators and scales."
00258,NIC,4512,Substance Use Treatment: Alcohol Withdrawal,Tratamento do Uso de Substâncias: Abstinência de Álcool,"Nursing Interventions Classification (NIC), 8th edition",alternative,Use specifically for alcohol withdrawal.,Use specifically for alcohol withdrawal.,Usar especificamente para síndrome de abstinência alcoólica.,high,contextual_current_edition,es,Institutional Spanish NIC 8th edition source reviewed; current code/label cross-check against NIC 8th current classification listing; https://www.salusplay.com/blog/clasificacion-completa-intervenciones-enfermeria-nic-2024/,,2026-09-07,"Selection remains patient/context dependent; use the licensed classification definitions, activities/indicators and scales."
00258,NOC,2108,Substance Withdrawal Severity,Severidade da Abstinência de Substâncias,"Nursing Outcomes Classification (NOC), 7th edition",primary,Compatibility primary selected for the diagnosis; consider alternative/context-specific links before finalising a care plan.,Compatibility primary selected for the diagnosis; consider alternative/context-specific links before finalising a care plan.,Mapeamento primário de compatibilidade selecionado para o diagnóstico; considerar vínculos alternativos/específicos ao contexto antes de finalizar o plano de cuidados.,high,current_edition_verified,es,Institutional Spanish NOC 7th edition source reviewed; current code/label cross-check against NOC 7th current classification listing; https://www.salusplay.com/apuntes/pae-y-diagnosticos-de-enfermeria-nanda-noc-y-nic/anexo-2-clasificacion-completa-de-resultados-de-enfermeria-noc-2024-8,,2026-09-07,"Selection remains patient/context dependent; use the licensed classification definitions, activities/indicators and scales."
00258,NOC,1407,Substance Addiction Consequences,Consequências da Dependência de Substâncias,"Nursing Outcomes Classification (NOC), 7th edition",alternative,Use for longer-term consequences of substance addiction rather than acute withdrawal severity.,Use for longer-term consequences of substance addiction rather than acute withdrawal severity.,"Usar para consequências de longo prazo da dependência de substâncias, em vez da gravidade da síndrome de abstinência aguda.",high,contextual_current_edition,es,Institutional Spanish NOC 7th edition source reviewed; current code/label cross-check against NOC 7th current classification listing; https://www.salusplay.com/apuntes/pae-y-diagnosticos-de-enfermeria-nanda-noc-y-nic/anexo-2-clasificacion-completa-de-resultados-de-enfermeria-noc-2024-8,,2026-09-07,"Selection remains patient/context dependent; use the licensed classification definitions, activities/indicators and scales."
00259,NIC,4514,Substance Use Treatment: Drug Withdrawal,Tratamento do Uso de Substâncias: Abstinência de Drogas,"Nursing Interventions Classification (NIC), 8th edition",primary,Compatibility primary selected for the diagnosis; consider alternative/context-specific links before finalising a care plan.,Compatibility primary selected for the diagnosis; consider alternative/context-specific links before finalising a care plan.,Mapeamento primário de compatibilidade selecionado para o diagnóstico; considerar vínculos alternativos/específicos ao contexto antes de finalizar o plano de cuidados.,high,curated_current_edition,es,Institutional Spanish NIC 8th edition source reviewed; current code/label cross-check against NIC 8th current classification listing; https://www.salusplay.com/blog/clasificacion-completa-intervenciones-enfermeria-nic-2024/,,2026-09-07,"Selection remains patient/context dependent; use the licensed classification definitions, activities/indicators and scales."
00259,NIC,4510,Substance Use Treatment,Tratamento do Uso de Substâncias,"Nursing Interventions Classification (NIC), 8th edition",alternative,Use for broader substance-use treatment beyond acute withdrawal.,Use for broader substance-use treatment beyond acute withdrawal.,"Usar para tratamento mais amplo do uso de substâncias, além do manejo da síndrome de abstinência aguda.",high,contextual_current_edition,es,Institutional Spanish NIC 8th edition source reviewed; current code/label cross-check against NIC 8th current classification listing; https://www.salusplay.com/blog/clasificacion-completa-intervenciones-enfermeria-nic-2024/,,2026-09-07,"Selection remains patient/context dependent; use the licensed classification definitions, activities/indicators and scales."
00259,NIC,4512,Substance Use Treatment: Alcohol Withdrawal,Tratamento do Uso de Substâncias: Abstinência de Álcool,"Nursing Interventions Classification (NIC), 8th edition",alternative,Use specifically for alcohol withdrawal risk/management when alcohol is the substance.,Use specifically for alcohol withdrawal risk/management when alcohol is the substance.,Usar especificamente para risco ou manejo da síndrome de abstinência alcoólica quando o álcool for a substância envolvida.,high,contextual_current_edition,es,Institutional Spanish NIC 8th edition source reviewed; current code/label cross-check against NIC 8th current classification listing; https://www.salusplay.com/blog/clasificacion-completa-intervenciones-enfermeria-nic-2024/,,2026-09-07,"Selection remains patient/context dependent; use the licensed classification definitions, activities/indicators and scales."
00259,NOC,2108,Substance Withdrawal Severity,Severidade da Abstinência de Substâncias,"Nursing Outcomes Classification (NOC), 7th edition",primary,Compatibility primary selected for the diagnosis; consider alternative/context-specific links before finalising a care plan.,Compatibility primary selected for the diagnosis; consider alternative/context-specific links before finalising a care plan.,Mapeamento primário de compatibilidade selecionado para o diagnóstico; considerar vínculos alternativos/específicos ao contexto antes de finalizar o plano de cuidados.,high,current_edition_verified,es,Institutional Spanish NOC 7th edition source reviewed; current code/label cross-check against NOC 7th current classification listing; https://www.salusplay.com/apuntes/pae-y-diagnosticos-de-enfermeria-nanda-noc-y-nic/anexo-2-clasificacion-completa-de-resultados-de-enfermeria-noc-2024-8,,2026-09-07,"Selection remains patient/context dependent; use the licensed classification definitions, activities/indicators and scales."
00259,NOC,1407,Substance Addiction Consequences,Consequências da Dependência de Substâncias,"Nursing Outcomes Classification (NOC), 7th edition",alternative,Use for longer-term consequences of substance addiction rather than acute withdrawal severity.,Use for longer-term consequences of substance addiction rather than acute withdrawal severity.,"Usar para consequências de longo prazo da dependência de substâncias, em vez da gravidade da síndrome de abstinência aguda.",high,contextual_current_edition,es,Institutional Spanish NOC 7th edition source reviewed; current code/label cross-check against NOC 7th current classification listing; https://www.salusplay.com/apuntes/pae-y-diagnosticos-de-enfermeria-nanda-noc-y-nic/anexo-2-clasificacion-completa-de-resultados-de-enfermeria-noc-2024-8,,2026-09-07,"Selection remains patient/context dependent; use the licensed classification definitions, activities/indicators and scales."
00262,NIC,5515,Health Literacy Enhancement,Melhora da Literacia em Saúde,"Nursing Interventions Classification (NIC), 8th edition",primary,Compatibility primary selected for the diagnosis; consider alternative/context-specific links before finalising a care plan.,Compatibility primary selected for the diagnosis; consider alternative/context-specific links before finalising a care plan.,Mapeamento primário de compatibilidade selecionado para o diagnóstico; considerar vínculos alternativos/específicos ao contexto antes de finalizar o plano de cuidados.,high,curated_current_edition,es,Institutional Spanish NIC 8th edition source reviewed; current code/label cross-check against NIC 8th current classification listing; https://www.salusplay.com/blog/clasificacion-completa-intervenciones-enfermeria-nic-2024/,,2026-09-07,"Selection remains patient/context dependent; use the licensed classification definitions, activities/indicators and scales."
00262,NOC,2015,Health Literacy Behaviour,Comportamento de Literacia em Saúde,"Nursing Outcomes Classification (NOC), 7th edition",primary,Compatibility primary selected for the diagnosis; consider alternative/context-specific links before finalising a care plan.,Compatibility primary selected for the diagnosis; consider alternative/context-specific links before finalising a care plan.,Mapeamento primário de compatibilidade selecionado para o diagnóstico; considerar vínculos alternativos/específicos ao contexto antes de finalizar o plano de cuidados.,high,curated_current_edition,es,Institutional Spanish NOC 7th edition source reviewed; current code/label cross-check against NOC 7th current classification listing; https://www.salusplay.com/apuntes/pae-y-diagnosticos-de-enfermeria-nanda-noc-y-nic/anexo-2-clasificacion-completa-de-resultados-de-enfermeria-noc-2024-8,,2026-09-07,"Selection remains patient/context dependent; use the licensed classification definitions, activities/indicators and scales."
00269,NIC,1100,Nutrition Management,Controle da Nutrição,"Nursing Interventions Classification (NIC), 8th edition",primary,Compatibility primary selected for the diagnosis; consider alternative/context-specific links before finalising a care plan.,Compatibility primary selected for the diagnosis; consider alternative/context-specific links before finalising a care plan.,Mapeamento primário de compatibilidade selecionado para o diagnóstico; considerar vínculos alternativos/específicos ao contexto antes de finalizar o plano de cuidados.,high,curated_current_edition,es,Institutional Spanish NIC 8th edition source reviewed; current code/label cross-check against NIC 8th current classification listing; https://www.salusplay.com/blog/clasificacion-completa-intervenciones-enfermeria-nic-2024/,,2026-09-07,"Selection remains patient/context dependent; use the licensed classification definitions, activities/indicators and scales."
00269,NOC,1004,Nutritional Status,Estado Nutricional,"Nursing Outcomes Classification (NOC), 7th edition",primary,Compatibility primary selected for the diagnosis; consider alternative/context-specific links before finalising a care plan.,Compatibility primary selected for the diagnosis; consider alternative/context-specific links before finalising a care plan.,Mapeamento primário de compatibilidade selecionado para o diagnóstico; considerar vínculos alternativos/específicos ao contexto antes de finalizar o plano de cuidados.,high,curated_current_edition,es,Institutional Spanish NOC 7th edition source reviewed; current code/label cross-check against NOC 7th current classification listing; https://www.salusplay.com/apuntes/pae-y-diagnosticos-de-enfermeria-nanda-noc-y-nic/anexo-2-clasificacion-completa-de-resultados-de-enfermeria-noc-2024-8,,2026-09-07,"Selection remains patient/context dependent; use the licensed classification definitions, activities/indicators and scales."
00270,NIC,1100,Nutrition Management,Controle da Nutrição,"Nursing Interventions Classification (NIC), 8th edition",primary,Compatibility primary selected for the diagnosis; consider alternative/context-specific links before finalising a care plan.,Compatibility primary selected for the diagnosis; consider alternative/context-specific links before finalising a care plan.,Mapeamento primário de compatibilidade selecionado para o diagnóstico; considerar vínculos alternativos/específicos ao contexto antes de finalizar o plano de cuidados.,high,curated_current_edition,es,Institutional Spanish NIC 8th edition source reviewed; current code/label cross-check against NIC 8th current classification listing; https://www.salusplay.com/blog/clasificacion-completa-intervenciones-enfermeria-nic-2024/,,2026-09-07,"Selection remains patient/context dependent; use the licensed classification definitions, activities/indicators and scales."
00270,NOC,1004,Nutritional Status,Estado Nutricional,"Nursing Outcomes Classification (NOC), 7th edition",primary,Compatibility primary selected for the diagnosis; consider alternative/context-specific links before finalising a care plan.,Compatibility primary selected for the diagnosis; consider alternative/context-specific links before finalising a care plan.,Mapeamento primário de compatibilidade selecionado para o diagnóstico; considerar vínculos alternativos/específicos ao contexto antes de finalizar o plano de cuidados.,high,curated_current_edition,es,Institutional Spanish NOC 7th edition source reviewed; current code/label cross-check against NOC 7th current classification listing; https://www.salusplay.com/apuntes/pae-y-diagnosticos-de-enfermeria-nanda-noc-y-nic/anexo-2-clasificacion-completa-de-resultados-de-enfermeria-noc-2024-8,,2026-09-07,"Selection remains patient/context dependent; use the licensed classification definitions, activities/indicators and scales."
00271,NIC,1050,Feeding,Alimentação,"Nursing Interventions Classification (NIC), 8th edition",primary,Compatibility primary selected for the diagnosis; consider alternative/context-specific links before finalising a care plan.,Compatibility primary selected for the diagnosis; consider alternative/context-specific links before finalising a care plan.,Mapeamento primário de compatibilidade selecionado para o diagnóstico; considerar vínculos alternativos/específicos ao contexto antes de finalizar o plano de cuidados.,moderate,curated_current_edition,es,Institutional Spanish NIC 8th edition source reviewed; current code/label cross-check against NIC 8th current classification listing; https://www.salusplay.com/blog/clasificacion-completa-intervenciones-enfermeria-nic-2024/,,2026-09-07,"Selection remains patient/context dependent; use the licensed classification definitions, activities/indicators and scales."
00271,NOC,1008,Nutritional Status: Food and Fluid Intake,Estado Nutricional: Ingestão de Alimentos e Líquidos,"Nursing Outcomes Classification (NOC), 7th edition",primary,Compatibility primary selected for the diagnosis; consider alternative/context-specific links before finalising a care plan.,Compatibility primary selected for the diagnosis; consider alternative/context-specific links before finalising a care plan.,Mapeamento primário de compatibilidade selecionado para o diagnóstico; considerar vínculos alternativos/específicos ao contexto antes de finalizar o plano de cuidados.,moderate,curated_current_edition,es,Institutional Spanish NOC 7th edition source reviewed; current code/label cross-check against NOC 7th current classification listing; https://www.salusplay.com/apuntes/pae-y-diagnosticos-de-enfermeria-nanda-noc-y-nic/anexo-2-clasificacion-completa-de-resultados-de-enfermeria-noc-2024-8,,2026-09-07,"Selection remains patient/context dependent; use the licensed classification definitions, activities/indicators and scales."
00272,NIC,6400,Abuse Protection Support,Apoio à Proteção contra Abuso,"Nursing Interventions Classification (NIC), 8th edition",primary,Compatibility primary selected for the diagnosis; consider alternative/context-specific links before finalising a care plan.,Compatibility primary selected for the diagnosis; consider alternative/context-specific links before finalising a care plan.,Mapeamento primário de compatibilidade selecionado para o diagnóstico; considerar vínculos alternativos/específicos ao contexto antes de finalizar o plano de cuidados.,high,curated_current_edition,es,Institutional Spanish NIC 8th edition source reviewed; current code/label cross-check against NIC 8th current classification listing; https://www.salusplay.com/blog/clasificacion-completa-intervenciones-enfermeria-nic-2024/,,2026-09-07,"Selection remains patient/context dependent; use the licensed classification definitions, activities/indicators and scales."
00272,NOC,2501,Protection from Abuse,Proteção contra Abuso,"Nursing Outcomes Classification (NOC), 7th edition",primary,Compatibility primary selected for the diagnosis; consider alternative/context-specific links before finalising a care plan.,Compatibility primary selected for the diagnosis; consider alternative/context-specific links before finalising a care plan.,Mapeamento primário de compatibilidade selecionado para o diagnóstico; considerar vínculos alternativos/específicos ao contexto antes de finalizar o plano de cuidados.,high,current_edition_verified,es,Institutional Spanish NOC 7th edition source reviewed; current code/label cross-check against NOC 7th current classification listing; https://www.salusplay.com/apuntes/pae-y-diagnosticos-de-enfermeria-nanda-noc-y-nic/anexo-2-clasificacion-completa-de-resultados-de-enfermeria-noc-2024-8,,2026-09-07,"Selection remains patient/context dependent; use the licensed classification definitions, activities/indicators and scales."
00273,NIC,5465,Therapeutic Touch,Toque Terapêutico,"Nursing Interventions Classification (NIC), 8th edition",primary,Compatibility primary selected for the diagnosis; consider alternative/context-specific links before finalising a care plan.,Compatibility primary selected for the diagnosis; consider alternative/context-specific links before finalising a care plan.,Mapeamento primário de compatibilidade selecionado para o diagnóstico; considerar vínculos alternativos/específicos ao contexto antes de finalizar o plano de cuidados.,moderate,curated_current_edition,es,Institutional Spanish NIC 8th edition source reviewed; current code/label cross-check against NIC 8th current classification listing; https://www.salusplay.com/blog/clasificacion-completa-intervenciones-enfermeria-nic-2024/,,2026-09-07,"Selection remains patient/context dependent; use the licensed classification definitions, activities/indicators and scales."
00273,NOC,2002,Personal Well-Being,Bem-Estar Pessoal,"Nursing Outcomes Classification (NOC), 7th edition",primary,Compatibility primary selected for the diagnosis; consider alternative/context-specific links before finalising a care plan.,Compatibility primary selected for the diagnosis; consider alternative/context-specific links before finalising a care plan.,Mapeamento primário de compatibilidade selecionado para o diagnóstico; considerar vínculos alternativos/específicos ao contexto antes de finalizar o plano de cuidados.,moderate,curated_current_edition,es,Institutional Spanish NOC 7th edition source reviewed; current code/label cross-check against NOC 7th current classification listing; https://www.salusplay.com/apuntes/pae-y-diagnosticos-de-enfermeria-nanda-noc-y-nic/anexo-2-clasificacion-completa-de-resultados-de-enfermeria-noc-2024-8,,2026-09-07,"Selection remains patient/context dependent; use the licensed classification definitions, activities/indicators and scales."
00274,NIC,3900,Temperature Regulation,Regulação da Temperatura,"Nursing Interventions Classification (NIC), 8th edition",primary,Compatibility primary selected for the diagnosis; consider alternative/context-specific links before finalising a care plan.,Compatibility primary selected for the diagnosis; consider alternative/context-specific links before finalising a care plan.,Mapeamento primário de compatibilidade selecionado para o diagnóstico; considerar vínculos alternativos/específicos ao contexto antes de finalizar o plano de cuidados.,high,curated_current_edition,es,Institutional Spanish NIC 8th edition source reviewed; current code/label cross-check against NIC 8th current classification listing; https://www.salusplay.com/blog/clasificacion-completa-intervenciones-enfermeria-nic-2024/,,2026-09-07,"Selection remains patient/context dependent; use the licensed classification definitions, activities/indicators and scales."
00274,NOC,0800,Thermoregulation,Termorregulação,"Nursing Outcomes Classification (NOC), 7th edition",primary,Compatibility primary selected for the diagnosis; consider alternative/context-specific links before finalising a care plan.,Compatibility primary selected for the diagnosis; consider alternative/context-specific links before finalising a care plan.,Mapeamento primário de compatibilidade selecionado para o diagnóstico; considerar vínculos alternativos/específicos ao contexto antes de finalizar o plano de cuidados.,high,curated_current_edition,es,Institutional Spanish NOC 7th edition source reviewed; current code/label cross-check against NOC 7th current classification listing; https://www.salusplay.com/apuntes/pae-y-diagnosticos-de-enfermeria-nanda-noc-y-nic/anexo-2-clasificacion-completa-de-resultados-de-enfermeria-noc-2024-8,,2026-09-07,"Selection remains patient/context dependent; use the licensed classification definitions, activities/indicators and scales."
00276,NIC,4480,Self-Responsibility Facilitation,Facilitação da Autorresponsabilidade,"Nursing Interventions Classification (NIC), 8th edition",primary,Compatibility primary selected for the diagnosis; consider alternative/context-specific links before finalising a care plan.,Compatibility primary selected for the diagnosis; consider alternative/context-specific links before finalising a care plan.,Mapeamento primário de compatibilidade selecionado para o diagnóstico; considerar vínculos alternativos/específicos ao contexto antes de finalizar o plano de cuidados.,moderate,curated_current_edition,es,Institutional Spanish NIC 8th edition source reviewed; current code/label cross-check against NIC 8th current classification listing; https://www.salusplay.com/blog/clasificacion-completa-intervenciones-enfermeria-nic-2024/,,2026-09-07,"Selection remains patient/context dependent; use the licensed classification definitions, activities/indicators and scales."
00276,NOC,1613,Self-Management of Care,Autogestão dos Cuidados,"Nursing Outcomes Classification (NOC), 7th edition",primary,Compatibility primary selected for the diagnosis; consider alternative/context-specific links before finalising a care plan.,Compatibility primary selected for the diagnosis; consider alternative/context-specific links before finalising a care plan.,Mapeamento primário de compatibilidade selecionado para o diagnóstico; considerar vínculos alternativos/específicos ao contexto antes de finalizar o plano de cuidados.,moderate,current_edition_verified,es,Institutional Spanish NOC 7th edition source reviewed; current code/label cross-check against NOC 7th current classification listing; https://www.salusplay.com/apuntes/pae-y-diagnosticos-de-enfermeria-nanda-noc-y-nic/anexo-2-clasificacion-completa-de-resultados-de-enfermeria-noc-2024-8,,2026-09-07,"Selection remains patient/context dependent; use the licensed classification definitions, activities/indicators and scales."
00277,NIC,1350,Dry Eye Prevention,Prevenção de Olho Seco,"Nursing Interventions Classification (NIC), 8th edition",primary,Compatibility primary selected for the diagnosis; consider alternative/context-specific links before finalising a care plan.,Compatibility primary selected for the diagnosis; consider alternative/context-specific links before finalising a care plan.,Mapeamento primário de compatibilidade selecionado para o diagnóstico; considerar vínculos alternativos/específicos ao contexto antes de finalizar o plano de cuidados.,high,curated_current_edition,es,Institutional Spanish NIC 8th edition source reviewed; current code/label cross-check against NIC 8th current classification listing; https://www.salusplay.com/blog/clasificacion-completa-intervenciones-enfermeria-nic-2024/,,2026-09-07,"Selection remains patient/context dependent; use the licensed classification definitions, activities/indicators and scales."
00277,NOC,2110,Dry Eye Severity,Gravidade do Olho Seco,"Nursing Outcomes Classification (NOC), 7th edition",primary,Compatibility primary selected for the diagnosis; consider alternative/context-specific links before finalising a care plan.,Compatibility primary selected for the diagnosis; consider alternative/context-specific links before finalising a care plan.,Mapeamento primário de compatibilidade selecionado para o diagnóstico; considerar vínculos alternativos/específicos ao contexto antes de finalizar o plano de cuidados.,high,curated_current_edition,es,Institutional Spanish NOC 7th edition source reviewed; current code/label cross-check against NOC 7th current classification listing; https://www.salusplay.com/apuntes/pae-y-diagnosticos-de-enfermeria-nanda-noc-y-nic/anexo-2-clasificacion-completa-de-resultados-de-enfermeria-noc-2024-8,,2026-09-07,"Selection remains patient/context dependent; use the licensed classification definitions, activities/indicators and scales."
00278,NIC,5602,Teaching: Disease Process,Ensino: Processo da Doença,"Nursing Interventions Classification (NIC), 8th edition",primary,Compatibility primary selected for the diagnosis; consider alternative/context-specific links before finalising a care plan.,Compatibility primary selected for the diagnosis; consider alternative/context-specific links before finalising a care plan.,Mapeamento primário de compatibilidade selecionado para o diagnóstico; considerar vínculos alternativos/específicos ao contexto antes de finalizar o plano de cuidados.,high,curated_current_edition,es,Institutional Spanish NIC 8th edition source reviewed; current code/label cross-check against NIC 8th current classification listing; https://www.salusplay.com/blog/clasificacion-completa-intervenciones-enfermeria-nic-2024/,,2026-09-07,"Selection remains patient/context dependent; use the licensed classification definitions, activities/indicators and scales."
00278,NOC,2117,Lymphoedema Severity,Gravidade do Linfedema,"Nursing Outcomes Classification (NOC), 7th edition",primary,Compatibility primary selected for the diagnosis; consider alternative/context-specific links before finalising a care plan.,Compatibility primary selected for the diagnosis; consider alternative/context-specific links before finalising a care plan.,Mapeamento primário de compatibilidade selecionado para o diagnóstico; considerar vínculos alternativos/específicos ao contexto antes de finalizar o plano de cuidados.,high,curated_current_edition,es,Institutional Spanish NOC 7th edition source reviewed; current code/label cross-check against NOC 7th current classification listing; https://www.salusplay.com/apuntes/pae-y-diagnosticos-de-enfermeria-nanda-noc-y-nic/anexo-2-clasificacion-completa-de-resultados-de-enfermeria-noc-2024-8,,2026-09-07,"Selection remains patient/context dependent; use the licensed classification definitions, activities/indicators and scales."
00281,NIC,5602,Teaching: Disease Process,Ensino: Processo da Doença,"Nursing Interventions Classification (NIC), 8th edition",primary,Compatibility primary selected for the diagnosis; consider alternative/context-specific links before finalising a care plan.,Compatibility primary selected for the diagnosis; consider alternative/context-specific links before finalising a care plan.,Mapeamento primário de compatibilidade selecionado para o diagnóstico; considerar vínculos alternativos/específicos ao contexto antes de finalizar o plano de cuidados.,high,curated_current_edition,es,Institutional Spanish NIC 8th edition source reviewed; current code/label cross-check against NIC 8th current classification listing; https://www.salusplay.com/blog/clasificacion-completa-intervenciones-enfermeria-nic-2024/,,2026-09-07,"Selection remains patient/context dependent; use the licensed classification definitions, activities/indicators and scales."
00281,NOC,2117,Lymphoedema Severity,Gravidade do Linfedema,"Nursing Outcomes Classification (NOC), 7th edition",primary,Compatibility primary selected for the diagnosis; consider alternative/context-specific links before finalising a care plan.,Compatibility primary selected for the diagnosis; consider alternative/context-specific links before finalising a care plan.,Mapeamento primário de compatibilidade selecionado para o diagnóstico; considerar vínculos alternativos/específicos ao contexto antes de finalizar o plano de cuidados.,high,curated_current_edition,es,Institutional Spanish NOC 7th edition source reviewed; current code/label cross-check against NOC 7th current classification listing; https://www.salusplay.com/apuntes/pae-y-diagnosticos-de-enfermeria-nanda-noc-y-nic/anexo-2-clasificacion-completa-de-resultados-de-enfermeria-noc-2024-8,,2026-09-07,"Selection remains patient/context dependent; use the licensed classification definitions, activities/indicators and scales."
00285,NIC,5290,Grief Work Facilitation,Facilitação do Processo de Luto,"Nursing Interventions Classification (NIC), 8th edition",primary,Compatibility primary selected for the diagnosis; consider alternative/context-specific links before finalising a care plan.,Compatibility primary selected for the diagnosis; consider alternative/context-specific links before finalising a care plan.,Mapeamento primário de compatibilidade selecionado para o diagnóstico; considerar vínculos alternativos/específicos ao contexto antes de finalizar o plano de cuidados.,high,curated_current_edition,es,Institutional Spanish NIC 8th edition source reviewed; current code/label cross-check against NIC 8th current classification listing; https://www.salusplay.com/blog/clasificacion-completa-intervenciones-enfermeria-nic-2024/,,2026-09-07,"Selection remains patient/context dependent; use the licensed classification definitions, activities/indicators and scales."
00285,NOC,1304,Grief Resolution,Resolução do Luto,"Nursing Outcomes Classification (NOC), 7th edition",primary,Compatibility primary selected for the diagnosis; consider alternative/context-specific links before finalising a care plan.,Compatibility primary selected for the diagnosis; consider alternative/context-specific links before finalising a care plan.,Mapeamento primário de compatibilidade selecionado para o diagnóstico; considerar vínculos alternativos/específicos ao contexto antes de finalizar o plano de cuidados.,high,curated_current_edition,es,Institutional Spanish NOC 7th edition source reviewed; current code/label cross-check against NOC 7th current classification listing; https://www.salusplay.com/apuntes/pae-y-diagnosticos-de-enfermeria-nanda-noc-y-nic/anexo-2-clasificacion-completa-de-resultados-de-enfermeria-noc-2024-8,,2026-09-07,"Selection remains patient/context dependent; use the licensed classification definitions, activities/indicators and scales."
00286,NIC,3540,Pressure Injury Prevention,Prevenção de Lesão por Pressão,"Nursing Interventions Classification (NIC), 8th edition",primary,Compatibility primary selected for the diagnosis; consider alternative/context-specific links before finalising a care plan.,Compatibility primary selected for the diagnosis; consider alternative/context-specific links before finalising a care plan.,Mapeamento primário de compatibilidade selecionado para o diagnóstico; considerar vínculos alternativos/específicos ao contexto antes de finalizar o plano de cuidados.,high,curated_current_edition,es,Institutional Spanish NIC 8th edition source reviewed; current code/label cross-check against NIC 8th current classification listing; https://www.salusplay.com/blog/clasificacion-completa-intervenciones-enfermeria-nic-2024/,,2026-09-07,"Selection remains patient/context dependent; use the licensed classification definitions, activities/indicators and scales."
00286,NOC,1902,Risk Control,Controle de Risco,"Nursing Outcomes Classification (NOC), 7th edition",primary,Compatibility primary selected for the diagnosis; consider alternative/context-specific links before finalising a care plan.,Compatibility primary selected for the diagnosis; consider alternative/context-specific links before finalising a care plan.,Mapeamento primário de compatibilidade selecionado para o diagnóstico; considerar vínculos alternativos/específicos ao contexto antes de finalizar o plano de cuidados.,high,curated_current_edition,es,Institutional Spanish NOC 7th edition source reviewed; current code/label cross-check against NOC 7th current classification listing; https://www.salusplay.com/apuntes/pae-y-diagnosticos-de-enfermeria-nanda-noc-y-nic/anexo-2-clasificacion-completa-de-resultados-de-enfermeria-noc-2024-8,,2026-09-07,"Selection remains patient/context dependent; use the licensed classification definitions, activities/indicators and scales."
00287,NIC,3520,Pressure Injury Care,Cuidados com Lesão por Pressão,"Nursing Interventions Classification (NIC), 8th edition",primary,Compatibility primary selected for the diagnosis; consider alternative/context-specific links before finalising a care plan.,Compatibility primary selected for the diagnosis; consider alternative/context-specific links before finalising a care plan.,Mapeamento primário de compatibilidade selecionado para o diagnóstico; considerar vínculos alternativos/específicos ao contexto antes de finalizar o plano de cuidados.,high,curated_current_edition,es,Institutional Spanish NIC 8th edition source reviewed; current code/label cross-check against NIC 8th current classification listing; https://www.salusplay.com/blog/clasificacion-completa-intervenciones-enfermeria-nic-2024/,,2026-09-07,"Selection remains patient/context dependent; use the licensed classification definitions, activities/indicators and scales."
00287,NOC,1103,Wound Healing: Secondary Intention,Cicatrização de Feridas: Segunda Intenção,"Nursing Outcomes Classification (NOC), 7th edition",primary,Compatibility primary selected for the diagnosis; consider alternative/context-specific links before finalising a care plan.,Compatibility primary selected for the diagnosis; consider alternative/context-specific links before finalising a care plan.,Mapeamento primário de compatibilidade selecionado para o diagnóstico; considerar vínculos alternativos/específicos ao contexto antes de finalizar o plano de cuidados.,high,curated_current_edition,es,Institutional Spanish NOC 7th edition source reviewed; current code/label cross-check against NOC 7th current classification listing; https://www.salusplay.com/apuntes/pae-y-diagnosticos-de-enfermeria-nanda-noc-y-nic/anexo-2-clasificacion-completa-de-resultados-de-enfermeria-noc-2024-8,,2026-09-07,"Selection remains patient/context dependent; use the licensed classification definitions, activities/indicators and scales."
00288,NIC,3540,Pressure Injury Prevention,Prevenção de Lesão por Pressão,"Nursing Interventions Classification (NIC), 8th edition",primary,Compatibility primary selected for the diagnosis; consider alternative/context-specific links before finalising a care plan.,Compatibility primary selected for the diagnosis; consider alternative/context-specific links before finalising a care plan.,Mapeamento primário de compatibilidade selecionado para o diagnóstico; considerar vínculos alternativos/específicos ao contexto antes de finalizar o plano de cuidados.,high,curated_current_edition,es,Institutional Spanish NIC 8th edition source reviewed; current code/label cross-check against NIC 8th current classification listing; https://www.salusplay.com/blog/clasificacion-completa-intervenciones-enfermeria-nic-2024/,,2026-09-07,"Selection remains patient/context dependent; use the licensed classification definitions, activities/indicators and scales."
00288,NOC,1902,Risk Control,Controle de Risco,"Nursing Outcomes Classification (NOC), 7th edition",primary,Compatibility primary selected for the diagnosis; consider alternative/context-specific links before finalising a care plan.,Compatibility primary selected for the diagnosis; consider alternative/context-specific links before finalising a care plan.,Mapeamento primário de compatibilidade selecionado para o diagnóstico; considerar vínculos alternativos/específicos ao contexto antes de finalizar o plano de cuidados.,high,curated_current_edition,es,Institutional Spanish NOC 7th edition source reviewed; current code/label cross-check against NOC 7th current classification listing; https://www.salusplay.com/apuntes/pae-y-diagnosticos-de-enfermeria-nanda-noc-y-nic/anexo-2-clasificacion-completa-de-resultados-de-enfermeria-noc-2024-8,,2026-09-07,"Selection remains patient/context dependent; use the licensed classification definitions, activities/indicators and scales."
00290,NIC,6610,Risk Identification,Identificação de Risco,"Nursing Interventions Classification (NIC), 8th edition",primary,Compatibility primary selected for the diagnosis; consider alternative/context-specific links before finalising a care plan.,Compatibility primary selected for the diagnosis; consider alternative/context-specific links before finalising a care plan.,Mapeamento primário de compatibilidade selecionado para o diagnóstico; considerar vínculos alternativos/específicos ao contexto antes de finalizar o plano de cuidados.,high,curated_current_edition,es,Institutional Spanish NIC 8th edition source reviewed; current code/label cross-check against NIC 8th current classification listing; https://www.salusplay.com/blog/clasificacion-completa-intervenciones-enfermeria-nic-2024/,,2026-09-07,"Selection remains patient/context dependent; use the licensed classification definitions, activities/indicators and scales."
00290,NOC,1920,Elopement Risk,Risco de Fuga,"Nursing Outcomes Classification (NOC), 7th edition",primary,Compatibility primary selected for the diagnosis; consider alternative/context-specific links before finalising a care plan.,Compatibility primary selected for the diagnosis; consider alternative/context-specific links before finalising a care plan.,Mapeamento primário de compatibilidade selecionado para o diagnóstico; considerar vínculos alternativos/específicos ao contexto antes de finalizar o plano de cuidados.,high,current_edition_verified,es,Institutional Spanish NOC 7th edition source reviewed; current code/label cross-check against NOC 7th current classification listing; https://www.salusplay.com/apuntes/pae-y-diagnosticos-de-enfermeria-nanda-noc-y-nic/anexo-2-clasificacion-completa-de-resultados-de-enfermeria-noc-2024-8,,2026-09-07,"Selection remains patient/context dependent; use the licensed classification definitions, activities/indicators and scales."
00290,NOC,1908,Risk Detection,Detecção de Risco,"Nursing Outcomes Classification (NOC), 7th edition",alternative,Use when the focus is general risk recognition/detection rather than elopement-specific risk.,Use when the focus is general risk recognition/detection rather than elopement-specific risk.,"Usar quando o foco for o reconhecimento/detecção geral de riscos, e não o risco específico de evasão.",moderate,contextual_current_edition,es,Institutional Spanish NOC 7th edition source reviewed; current code/label cross-check against NOC 7th current classification listing; https://www.salusplay.com/apuntes/pae-y-diagnosticos-de-enfermeria-nanda-noc-y-nic/anexo-2-clasificacion-completa-de-resultados-de-enfermeria-noc-2024-8,,2026-09-07,"Selection remains patient/context dependent; use the licensed classification definitions, activities/indicators and scales."
00291,NIC,6610,Risk Identification,Identificação de Risco,"Nursing Interventions Classification (NIC), 8th edition",primary,Compatibility primary selected for the diagnosis; consider alternative/context-specific links before finalising a care plan.,Compatibility primary selected for the diagnosis; consider alternative/context-specific links before finalising a care plan.,Mapeamento primário de compatibilidade selecionado para o diagnóstico; considerar vínculos alternativos/específicos ao contexto antes de finalizar o plano de cuidados.,high,curated_current_edition,es,Institutional Spanish NIC 8th edition source reviewed; current code/label cross-check against NIC 8th current classification listing; https://www.salusplay.com/blog/clasificacion-completa-intervenciones-enfermeria-nic-2024/,,2026-09-07,"Selection remains patient/context dependent; use the licensed classification definitions, activities/indicators and scales."
00291,NOC,1932,Risk Control: Thrombus,Controle do Risco: Trombo,"Nursing Outcomes Classification (NOC), 7th edition",primary,Compatibility primary selected for the diagnosis; consider alternative/context-specific links before finalising a care plan.,Compatibility primary selected for the diagnosis; consider alternative/context-specific links before finalising a care plan.,Mapeamento primário de compatibilidade selecionado para o diagnóstico; considerar vínculos alternativos/específicos ao contexto antes de finalizar o plano de cuidados.,high,current_edition_verified,es,Institutional Spanish NOC 7th edition source reviewed; current code/label cross-check against NOC 7th current classification listing; https://www.salusplay.com/apuntes/pae-y-diagnosticos-de-enfermeria-nanda-noc-y-nic/anexo-2-clasificacion-completa-de-resultados-de-enfermeria-noc-2024-8,,2026-09-07,"Selection remains patient/context dependent; use the licensed classification definitions, activities/indicators and scales."
00291,NOC,1902,Risk Control,Controle de Risco,"Nursing Outcomes Classification (NOC), 7th edition",alternative,Fallback generic risk-control outcome when thrombus-specific indicators are not applicable.,Fallback generic risk-control outcome when thrombus-specific indicators are not applicable.,Usar como desfecho genérico de controle de risco quando os indicadores específicos de trombo não forem aplicáveis.,moderate,contextual_current_edition,es,Institutional Spanish NOC 7th edition source reviewed; current code/label cross-check against NOC 7th current classification listing; https://www.salusplay.com/apuntes/pae-y-diagnosticos-de-enfermeria-nanda-noc-y-nic/anexo-2-clasificacion-completa-de-resultados-de-enfermeria-noc-2024-8,,2026-09-07,"Selection remains patient/context dependent; use the licensed classification definitions, activities/indicators and scales."
00292,NIC,4480,Self-Responsibility Facilitation,Facilitação da Autorresponsabilidade,"Nursing Interventions Classification (NIC), 8th edition",primary,Compatibility primary selected for the diagnosis; consider alternative/context-specific links before finalising a care plan.,Compatibility primary selected for the diagnosis; consider alternative/context-specific links before finalising a care plan.,Mapeamento primário de compatibilidade selecionado para o diagnóstico; considerar vínculos alternativos/específicos ao contexto antes de finalizar o plano de cuidados.,moderate,curated_current_edition,es,Institutional Spanish NIC 8th edition source reviewed; current code/label cross-check against NIC 8th current classification listing; https://www.salusplay.com/blog/clasificacion-completa-intervenciones-enfermeria-nic-2024/,,2026-09-07,"Selection remains patient/context dependent; use the licensed classification definitions, activities/indicators and scales."
00292,NOC,1602,Health Promoting Behaviour,Comportamento de Promoção da Saúde,"Nursing Outcomes Classification (NOC), 7th edition",primary,Compatibility primary selected for the diagnosis; consider alternative/context-specific links before finalising a care plan.,Compatibility primary selected for the diagnosis; consider alternative/context-specific links before finalising a care plan.,Mapeamento primário de compatibilidade selecionado para o diagnóstico; considerar vínculos alternativos/específicos ao contexto antes de finalizar o plano de cuidados.,moderate,curated_current_edition,es,Institutional Spanish NOC 7th edition source reviewed; current code/label cross-check against NOC 7th current classification listing; https://www.salusplay.com/apuntes/pae-y-diagnosticos-de-enfermeria-nanda-noc-y-nic/anexo-2-clasificacion-completa-de-resultados-de-enfermeria-noc-2024-8,,2026-09-07,"Selection remains patient/context dependent; use the licensed classification definitions, activities/indicators and scales."
00293,NIC,5510,Health Education,Educação em Saúde,"Nursing Interventions Classification (NIC), 8th edition",primary,Compatibility primary selected for the diagnosis; consider alternative/context-specific links before finalising a care plan.,Compatibility primary selected for the diagnosis; consider alternative/context-specific links before finalising a care plan.,Mapeamento primário de compatibilidade selecionado para o diagnóstico; considerar vínculos alternativos/específicos ao contexto antes de finalizar o plano de cuidados.,moderate,curated_current_edition,es,Institutional Spanish NIC 8th edition source reviewed; current code/label cross-check against NIC 8th current classification listing; https://www.salusplay.com/blog/clasificacion-completa-intervenciones-enfermeria-nic-2024/,,2026-09-07,"Selection remains patient/context dependent; use the licensed classification definitions, activities/indicators and scales."
00293,NOC,1602,Health Promoting Behaviour,Comportamento de Promoção da Saúde,"Nursing Outcomes Classification (NOC), 7th edition",primary,Compatibility primary selected for the diagnosis; consider alternative/context-specific links before finalising a care plan.,Compatibility primary selected for the diagnosis; consider alternative/context-specific links before finalising a care plan.,Mapeamento primário de compatibilidade selecionado para o diagnóstico; considerar vínculos alternativos/específicos ao contexto antes de finalizar o plano de cuidados.,moderate,curated_current_edition,es,Institutional Spanish NOC 7th edition source reviewed; current code/label cross-check against NOC 7th current classification listing; https://www.salusplay.com/apuntes/pae-y-diagnosticos-de-enfermeria-nanda-noc-y-nic/anexo-2-clasificacion-completa-de-resultados-de-enfermeria-noc-2024-8,,2026-09-07,"Selection remains patient/context dependent; use the licensed classification definitions, activities/indicators and scales."
00295,NIC,1050,Feeding,Alimentação,"Nursing Interventions Classification (NIC), 8th edition",primary,Compatibility primary selected for the diagnosis; consider alternative/context-specific links before finalising a care plan.,Compatibility primary selected for the diagnosis; consider alternative/context-specific links before finalising a care plan.,Mapeamento primário de compatibilidade selecionado para o diagnóstico; considerar vínculos alternativos/específicos ao contexto antes de finalizar o plano de cuidados.,high,curated_current_edition,es,Institutional Spanish NIC 8th edition source reviewed; current code/label cross-check against NIC 8th current classification listing; https://www.salusplay.com/blog/clasificacion-completa-intervenciones-enfermeria-nic-2024/,,2026-09-07,"Selection remains patient/context dependent; use the licensed classification definitions, activities/indicators and scales."
00295,NOC,1010,Swallowing Status,Estado da Deglutição,"Nursing Outcomes Classification (NOC), 7th edition",primary,Compatibility primary selected for the diagnosis; consider alternative/context-specific links before finalising a care plan.,Compatibility primary selected for the diagnosis; consider alternative/context-specific links before finalising a care plan.,Mapeamento primário de compatibilidade selecionado para o diagnóstico; considerar vínculos alternativos/específicos ao contexto antes de finalizar o plano de cuidados.,high,curated_current_edition,es,Institutional Spanish NOC 7th edition source reviewed; current code/label cross-check against NOC 7th current classification listing; https://www.salusplay.com/apuntes/pae-y-diagnosticos-de-enfermeria-nanda-noc-y-nic/anexo-2-clasificacion-completa-de-resultados-de-enfermeria-noc-2024-8,,2026-09-07,"Selection remains patient/context dependent; use the licensed classification definitions, activities/indicators and scales."
00297,NIC,0610,Urinary Incontinence Care,Cuidados na Incontinência Urinária,"Nursing Interventions Classification (NIC), 8th edition",primary,Compatibility primary selected for the diagnosis; consider alternative/context-specific links before finalising a care plan.,Compatibility primary selected for the diagnosis; consider alternative/context-specific links before finalising a care plan.,Mapeamento primário de compatibilidade selecionado para o diagnóstico; considerar vínculos alternativos/específicos ao contexto antes de finalizar o plano de cuidados.,high,curated_current_edition,es,Institutional Spanish NIC 8th edition source reviewed; current code/label cross-check against NIC 8th current classification listing; https://www.salusplay.com/blog/clasificacion-completa-intervenciones-enfermeria-nic-2024/,,2026-09-07,"Selection remains patient/context dependent; use the licensed classification definitions, activities/indicators and scales."
00297,NOC,0502,Urinary Continence,Continência Urinária,"Nursing Outcomes Classification (NOC), 7th edition",primary,Compatibility primary selected for the diagnosis; consider alternative/context-specific links before finalising a care plan.,Compatibility primary selected for the diagnosis; consider alternative/context-specific links before finalising a care plan.,Mapeamento primário de compatibilidade selecionado para o diagnóstico; considerar vínculos alternativos/específicos ao contexto antes de finalizar o plano de cuidados.,high,curated_current_edition,es,Institutional Spanish NOC 7th edition source reviewed; current code/label cross-check against NOC 7th current classification listing; https://www.salusplay.com/apuntes/pae-y-diagnosticos-de-enfermeria-nanda-noc-y-nic/anexo-2-clasificacion-completa-de-resultados-de-enfermeria-noc-2024-8,,2026-09-07,"Selection remains patient/context dependent; use the licensed classification definitions, activities/indicators and scales."
00298,NIC,0180,Energy Management,Controle de Energia,"Nursing Interventions Classification (NIC), 8th edition",primary,Compatibility primary selected for the diagnosis; consider alternative/context-specific links before finalising a care plan.,Compatibility primary selected for the diagnosis; consider alternative/context-specific links before finalising a care plan.,Mapeamento primário de compatibilidade selecionado para o diagnóstico; considerar vínculos alternativos/específicos ao contexto antes de finalizar o plano de cuidados.,high,curated_current_edition,es,Institutional Spanish NIC 8th edition source reviewed; current code/label cross-check against NIC 8th current classification listing; https://www.salusplay.com/blog/clasificacion-completa-intervenciones-enfermeria-nic-2024/,,2026-09-07,"Selection remains patient/context dependent; use the licensed classification definitions, activities/indicators and scales."
00298,NOC,0005,Activity Tolerance,Tolerância à Atividade,"Nursing Outcomes Classification (NOC), 7th edition",primary,Compatibility primary selected for the diagnosis; consider alternative/context-specific links before finalising a care plan.,Compatibility primary selected for the diagnosis; consider alternative/context-specific links before finalising a care plan.,Mapeamento primário de compatibilidade selecionado para o diagnóstico; considerar vínculos alternativos/específicos ao contexto antes de finalizar o plano de cuidados.,high,curated_current_edition,es,Institutional Spanish NOC 7th edition source reviewed; current code/label cross-check against NOC 7th current classification listing; https://www.salusplay.com/apuntes/pae-y-diagnosticos-de-enfermeria-nanda-noc-y-nic/anexo-2-clasificacion-completa-de-resultados-de-enfermeria-noc-2024-8,,2026-09-07,"Selection remains patient/context dependent; use the licensed classification definitions, activities/indicators and scales."
00299,NIC,0180,Energy Management,Controle de Energia,"Nursing Interventions Classification (NIC), 8th edition",primary,Compatibility primary selected for the diagnosis; consider alternative/context-specific links before finalising a care plan.,Compatibility primary selected for the diagnosis; consider alternative/context-specific links before finalising a care plan.,Mapeamento primário de compatibilidade selecionado para o diagnóstico; considerar vínculos alternativos/específicos ao contexto antes de finalizar o plano de cuidados.,high,curated_current_edition,es,Institutional Spanish NIC 8th edition source reviewed; current code/label cross-check against NIC 8th current classification listing; https://www.salusplay.com/blog/clasificacion-completa-intervenciones-enfermeria-nic-2024/,,2026-09-07,"Selection remains patient/context dependent; use the licensed classification definitions, activities/indicators and scales."
00299,NOC,0005,Activity Tolerance,Tolerância à Atividade,"Nursing Outcomes Classification (NOC), 7th edition",primary,Compatibility primary selected for the diagnosis; consider alternative/context-specific links before finalising a care plan.,Compatibility primary selected for the diagnosis; consider alternative/context-specific links before finalising a care plan.,Mapeamento primário de compatibilidade selecionado para o diagnóstico; considerar vínculos alternativos/específicos ao contexto antes de finalizar o plano de cuidados.,high,curated_current_edition,es,Institutional Spanish NOC 7th edition source reviewed; current code/label cross-check against NOC 7th current classification listing; https://www.salusplay.com/apuntes/pae-y-diagnosticos-de-enfermeria-nanda-noc-y-nic/anexo-2-clasificacion-completa-de-resultados-de-enfermeria-noc-2024-8,,2026-09-07,"Selection remains patient/context dependent; use the licensed classification definitions, activities/indicators and scales."
00300,NIC,7180,Home Maintenance Assistance,Assistência na Manutenção do Lar,"Nursing Interventions Classification (NIC), 8th edition",primary,Compatibility primary selected for the diagnosis; consider alternative/context-specific links before finalising a care plan.,Compatibility primary selected for the diagnosis; consider alternative/context-specific links before finalising a care plan.,Mapeamento primário de compatibilidade selecionado para o diagnóstico; considerar vínculos alternativos/específicos ao contexto antes de finalizar o plano de cuidados.,high,curated_current_edition,es,Institutional Spanish NIC 8th edition source reviewed; current code/label cross-check against NIC 8th current classification listing; https://www.salusplay.com/blog/clasificacion-completa-intervenciones-enfermeria-nic-2024/,,2026-09-07,"Selection remains patient/context dependent; use the licensed classification definitions, activities/indicators and scales."
00300,NOC,0306,Self-Care Behaviour: Instrumental Activities of Daily Living,Comportamento de Autocuidado: Atividades Instrumentais de Vida Diária,"Nursing Outcomes Classification (NOC), 7th edition",primary,Compatibility primary selected for the diagnosis; consider alternative/context-specific links before finalising a care plan.,Compatibility primary selected for the diagnosis; consider alternative/context-specific links before finalising a care plan.,Mapeamento primário de compatibilidade selecionado para o diagnóstico; considerar vínculos alternativos/específicos ao contexto antes de finalizar o plano de cuidados.,high,curated_current_edition,es,Institutional Spanish NOC 7th edition source reviewed; current code/label cross-check against NOC 7th current classification listing; https://www.salusplay.com/apuntes/pae-y-diagnosticos-de-enfermeria-nanda-noc-y-nic/anexo-2-clasificacion-completa-de-resultados-de-enfermeria-noc-2024-8,,2026-09-07,"Selection remains patient/context dependent; use the licensed classification definitions, activities/indicators and scales."
00301,NIC,5290,Grief Work Facilitation,Facilitação do Processo de Luto,"Nursing Interventions Classification (NIC), 8th edition",primary,Compatibility primary selected for the diagnosis; consider alternative/context-specific links before finalising a care plan.,Compatibility primary selected for the diagnosis; consider alternative/context-specific links before finalising a care plan.,Mapeamento primário de compatibilidade selecionado para o diagnóstico; considerar vínculos alternativos/específicos ao contexto antes de finalizar o plano de cuidados.,high,curated_current_edition,es,Institutional Spanish NIC 8th edition source reviewed; current code/label cross-check against NIC 8th current classification listing; https://www.salusplay.com/blog/clasificacion-completa-intervenciones-enfermeria-nic-2024/,,2026-09-07,"Selection remains patient/context dependent; use the licensed classification definitions, activities/indicators and scales."
00301,NOC,1304,Grief Resolution,Resolução do Luto,"Nursing Outcomes Classification (NOC), 7th edition",primary,Compatibility primary selected for the diagnosis; consider alternative/context-specific links before finalising a care plan.,Compatibility primary selected for the diagnosis; consider alternative/context-specific links before finalising a care plan.,Mapeamento primário de compatibilidade selecionado para o diagnóstico; considerar vínculos alternativos/específicos ao contexto antes de finalizar o plano de cuidados.,high,curated_current_edition,es,Institutional Spanish NOC 7th edition source reviewed; current code/label cross-check against NOC 7th current classification listing; https://www.salusplay.com/apuntes/pae-y-diagnosticos-de-enfermeria-nanda-noc-y-nic/anexo-2-clasificacion-completa-de-resultados-de-enfermeria-noc-2024-8,,2026-09-07,"Selection remains patient/context dependent; use the licensed classification definitions, activities/indicators and scales."
00302,NIC,5290,Grief Work Facilitation,Facilitação do Processo de Luto,"Nursing Interventions Classification (NIC), 8th edition",primary,Compatibility primary selected for the diagnosis; consider alternative/context-specific links before finalising a care plan.,Compatibility primary selected for the diagnosis; consider alternative/context-specific links before finalising a care plan.,Mapeamento primário de compatibilidade selecionado para o diagnóstico; considerar vínculos alternativos/específicos ao contexto antes de finalizar o plano de cuidados.,high,curated_current_edition,es,Institutional Spanish NIC 8th edition source reviewed; current code/label cross-check against NIC 8th current classification listing; https://www.salusplay.com/blog/clasificacion-completa-intervenciones-enfermeria-nic-2024/,,2026-09-07,"Selection remains patient/context dependent; use the licensed classification definitions, activities/indicators and scales."
00302,NOC,1304,Grief Resolution,Resolução do Luto,"Nursing Outcomes Classification (NOC), 7th edition",primary,Compatibility primary selected for the diagnosis; consider alternative/context-specific links before finalising a care plan.,Compatibility primary selected for the diagnosis; consider alternative/context-specific links before finalising a care plan.,Mapeamento primário de compatibilidade selecionado para o diagnóstico; considerar vínculos alternativos/específicos ao contexto antes de finalizar o plano de cuidados.,high,curated_current_edition,es,Institutional Spanish NOC 7th edition source reviewed; current code/label cross-check against NOC 7th current classification listing; https://www.salusplay.com/apuntes/pae-y-diagnosticos-de-enfermeria-nanda-noc-y-nic/anexo-2-clasificacion-completa-de-resultados-de-enfermeria-noc-2024-8,,2026-09-07,"Selection remains patient/context dependent; use the licensed classification definitions, activities/indicators and scales."
00303,NIC,6490,Fall Prevention,Prevenção de Quedas,"Nursing Interventions Classification (NIC), 8th edition",primary,Compatibility primary selected for the diagnosis; consider alternative/context-specific links before finalising a care plan.,Compatibility primary selected for the diagnosis; consider alternative/context-specific links before finalising a care plan.,Mapeamento primário de compatibilidade selecionado para o diagnóstico; considerar vínculos alternativos/específicos ao contexto antes de finalizar o plano de cuidados.,high,curated_current_edition,es,Institutional Spanish NIC 8th edition source reviewed; current code/label cross-check against NIC 8th current classification listing; https://www.salusplay.com/blog/clasificacion-completa-intervenciones-enfermeria-nic-2024/,,2026-09-07,"Selection remains patient/context dependent; use the licensed classification definitions, activities/indicators and scales."
00303,NOC,1909,Fall Prevention Behaviour,Comportamento de Prevenção de Quedas,"Nursing Outcomes Classification (NOC), 7th edition",primary,Compatibility primary selected for the diagnosis; consider alternative/context-specific links before finalising a care plan.,Compatibility primary selected for the diagnosis; consider alternative/context-specific links before finalising a care plan.,Mapeamento primário de compatibilidade selecionado para o diagnóstico; considerar vínculos alternativos/específicos ao contexto antes de finalizar o plano de cuidados.,high,curated_current_edition,es,Institutional Spanish NOC 7th edition source reviewed; current code/label cross-check against NOC 7th current classification listing; https://www.salusplay.com/apuntes/pae-y-diagnosticos-de-enfermeria-nanda-noc-y-nic/anexo-2-clasificacion-completa-de-resultados-de-enfermeria-noc-2024-8,,2026-09-07,"Selection remains patient/context dependent; use the licensed classification definitions, activities/indicators and scales."
00304,NIC,3540,Pressure Injury Prevention,Prevenção de Lesão por Pressão,"Nursing Interventions Classification (NIC), 8th edition",primary,Compatibility primary selected for the diagnosis; consider alternative/context-specific links before finalising a care plan.,Compatibility primary selected for the diagnosis; consider alternative/context-specific links before finalising a care plan.,Mapeamento primário de compatibilidade selecionado para o diagnóstico; considerar vínculos alternativos/específicos ao contexto antes de finalizar o plano de cuidados.,high,curated_current_edition,es,Institutional Spanish NIC 8th edition source reviewed; current code/label cross-check against NIC 8th current classification listing; https://www.salusplay.com/blog/clasificacion-completa-intervenciones-enfermeria-nic-2024/,,2026-09-07,"Selection remains patient/context dependent; use the licensed classification definitions, activities/indicators and scales."
00304,NOC,1902,Risk Control,Controle de Risco,"Nursing Outcomes Classification (NOC), 7th edition",primary,Compatibility primary selected for the diagnosis; consider alternative/context-specific links before finalising a care plan.,Compatibility primary selected for the diagnosis; consider alternative/context-specific links before finalising a care plan.,Mapeamento primário de compatibilidade selecionado para o diagnóstico; considerar vínculos alternativos/específicos ao contexto antes de finalizar o plano de cuidados.,high,curated_current_edition,es,Institutional Spanish NOC 7th edition source reviewed; current code/label cross-check against NOC 7th current classification listing; https://www.salusplay.com/apuntes/pae-y-diagnosticos-de-enfermeria-nanda-noc-y-nic/anexo-2-clasificacion-completa-de-resultados-de-enfermeria-noc-2024-8,,2026-09-07,"Selection remains patient/context dependent; use the licensed classification definitions, activities/indicators and scales."
00305,NIC,8274,Child Care,Cuidados com a Criança,"Nursing Interventions Classification (NIC), 8th edition",primary,Compatibility primary selected for the diagnosis; consider alternative/context-specific links before finalising a care plan.,Compatibility primary selected for the diagnosis; consider alternative/context-specific links before finalising a care plan.,Mapeamento primário de compatibilidade selecionado para o diagnóstico; considerar vínculos alternativos/específicos ao contexto antes de finalizar o plano de cuidados.,moderate,current_edition_verified,es,Institutional Spanish NIC 8th edition source reviewed; current code/label cross-check against NIC 8th current classification listing; https://www.salusplay.com/blog/clasificacion-completa-intervenciones-enfermeria-nic-2024/,,2026-09-07,"Selection remains patient/context dependent; use the licensed classification definitions, activities/indicators and scales."
00305,NIC,5650,Teaching: Middle Childhood Development (6-12 Years),Ensino: Desenvolvimento na Infância Média (6-12 Anos),"Nursing Interventions Classification (NIC), 8th edition",alternative,Age 6-12 years: development teaching for middle childhood.,Age 6-12 years: development teaching for middle childhood.,Idade de 6 a 12 anos: ensino sobre o desenvolvimento na infância média.,high,contextual_current_edition,es,Institutional Spanish NIC 8th edition source reviewed; current code/label cross-check against NIC 8th current classification listing; https://www.salusplay.com/blog/clasificacion-completa-intervenciones-enfermeria-nic-2024/,,2026-09-07,"Selection remains patient/context dependent; use the licensed classification definitions, activities/indicators and scales."
00305,NIC,5670,Teaching: Adolescent Development (12-21 Years),Ensino: Desenvolvimento do Adolescente (12-21 Anos),"Nursing Interventions Classification (NIC), 8th edition",alternative,Age 12-21 years: adolescent development teaching.,Age 12-21 years: adolescent development teaching.,Idade de 12 a 21 anos: ensino sobre o desenvolvimento do adolescente.,high,contextual_current_edition,es,Institutional Spanish NIC 8th edition source reviewed; current code/label cross-check against NIC 8th current classification listing; https://www.salusplay.com/blog/clasificacion-completa-intervenciones-enfermeria-nic-2024/,,2026-09-07,"Selection remains patient/context dependent; use the licensed classification definitions, activities/indicators and scales."
00305,NIC,5680,Teaching: Early Childhood Development (1-5 Years),Ensino: Desenvolvimento na Primeira Infância (1-5 Anos),"Nursing Interventions Classification (NIC), 8th edition",alternative,Age 1-5 years: development teaching for early childhood.,Age 1-5 years: development teaching for early childhood.,Idade de 1 a 5 anos: ensino sobre o desenvolvimento na primeira infância.,high,contextual_current_edition,es,Institutional Spanish NIC 8th edition source reviewed; current code/label cross-check against NIC 8th current classification listing; https://www.salusplay.com/blog/clasificacion-completa-intervenciones-enfermeria-nic-2024/,,2026-09-07,"Selection remains patient/context dependent; use the licensed classification definitions, activities/indicators and scales."
00305,NOC,0107,Child Development: 5 Years,Desenvolvimento Infantil: 5 Anos,"Nursing Outcomes Classification (NOC), 7th edition",primary,Compatibility primary selected for the diagnosis; consider alternative/context-specific links before finalising a care plan.,Compatibility primary selected for the diagnosis; consider alternative/context-specific links before finalising a care plan.,Mapeamento primário de compatibilidade selecionado para o diagnóstico; considerar vínculos alternativos/específicos ao contexto antes de finalizar o plano de cuidados.,moderate,curated_current_edition,es,Institutional Spanish NOC 7th edition source reviewed; current code/label cross-check against NOC 7th current classification listing; https://www.salusplay.com/apuntes/pae-y-diagnosticos-de-enfermeria-nanda-noc-y-nic/anexo-2-clasificacion-completa-de-resultados-de-enfermeria-noc-2024-8,,2026-09-07,"Selection remains patient/context dependent; use the licensed classification definitions, activities/indicators and scales."
00305,NOC,0127,Child Development: 6-7 Years,Desenvolvimento Infantil: 6-7 Anos,"Nursing Outcomes Classification (NOC), 7th edition",alternative,Age 6-7 years.,Age 6-7 years.,Idade: 6 a 7 anos.,high,contextual_current_edition,es,Institutional Spanish NOC 7th edition source reviewed; current code/label cross-check against NOC 7th current classification listing; https://www.salusplay.com/apuntes/pae-y-diagnosticos-de-enfermeria-nanda-noc-y-nic/anexo-2-clasificacion-completa-de-resultados-de-enfermeria-noc-2024-8,,2026-09-07,"Selection remains patient/context dependent; use the licensed classification definitions, activities/indicators and scales."
00305,NOC,0128,Child Development: 8-10 Years,Desenvolvimento Infantil: 8-10 Anos,"Nursing Outcomes Classification (NOC), 7th edition",alternative,Age 8-10 years.,Age 8-10 years.,Idade: 8 a 10 anos.,high,contextual_current_edition,es,Institutional Spanish NOC 7th edition source reviewed; current code/label cross-check against NOC 7th current classification listing; https://www.salusplay.com/apuntes/pae-y-diagnosticos-de-enfermeria-nanda-noc-y-nic/anexo-2-clasificacion-completa-de-resultados-de-enfermeria-noc-2024-8,,2026-09-07,"Selection remains patient/context dependent; use the licensed classification definitions, activities/indicators and scales."
00305,NOC,0129,Child Development: Early Adolescence,Desenvolvimento Infantil: Adolescência Inicial,"Nursing Outcomes Classification (NOC), 7th edition",alternative,Early adolescence.,Early adolescence.,Adolescência inicial.,high,contextual_current_edition,es,Institutional Spanish NOC 7th edition source reviewed; current code/label cross-check against NOC 7th current classification listing; https://www.salusplay.com/apuntes/pae-y-diagnosticos-de-enfermeria-nanda-noc-y-nic/anexo-2-clasificacion-completa-de-resultados-de-enfermeria-noc-2024-8,,2026-09-07,"Selection remains patient/context dependent; use the licensed classification definitions, activities/indicators and scales."
00305,NOC,0130,Child Development: Late Adolescence,Desenvolvimento Infantil: Adolescência Tardia,"Nursing Outcomes Classification (NOC), 7th edition",alternative,Late adolescence.,Late adolescence.,Adolescência tardia.,high,contextual_current_edition,es,Institutional Spanish NOC 7th edition source reviewed; current code/label cross-check against NOC 7th current classification listing; https://www.salusplay.com/apuntes/pae-y-diagnosticos-de-enfermeria-nanda-noc-y-nic/anexo-2-clasificacion-completa-de-resultados-de-enfermeria-noc-2024-8,,2026-09-07,"Selection remains patient/context dependent; use the licensed classification definitions, activities/indicators and scales."
00305,NOC,0131,Child Development: Middle Adolescence,Desenvolvimento Infantil: Adolescência Média,"Nursing Outcomes Classification (NOC), 7th edition",alternative,Middle adolescence.,Middle adolescence.,Adolescência média.,high,contextual_current_edition,es,Institutional Spanish NOC 7th edition source reviewed; current code/label cross-check against NOC 7th current classification listing; https://www.salusplay.com/apuntes/pae-y-diagnosticos-de-enfermeria-nanda-noc-y-nic/anexo-2-clasificacion-completa-de-resultados-de-enfermeria-noc-2024-8,,2026-09-07,"Selection remains patient/context dependent; use the licensed classification definitions, activities/indicators and scales."
00306,NIC,6490,Fall Prevention,Prevenção de Quedas,"Nursing Interventions Classification (NIC), 8th edition",primary,Compatibility primary selected for the diagnosis; consider alternative/context-specific links before finalising a care plan.,Compatibility primary selected for the diagnosis; consider alternative/context-specific links before finalising a care plan.,Mapeamento primário de compatibilidade selecionado para o diagnóstico; considerar vínculos alternativos/específicos ao contexto antes de finalizar o plano de cuidados.,high,curated_current_edition,es,Institutional Spanish NIC 8th edition source reviewed; current code/label cross-check against NIC 8th current classification listing; https://www.salusplay.com/blog/clasificacion-completa-intervenciones-enfermeria-nic-2024/,,2026-09-07,"Selection remains patient/context dependent; use the licensed classification definitions, activities/indicators and scales."
00306,NOC,1909,Fall Prevention Behaviour,Comportamento de Prevenção de Quedas,"Nursing Outcomes Classification (NOC), 7th edition",primary,Compatibility primary selected for the diagnosis; consider alternative/context-specific links before finalising a care plan.,Compatibility primary selected for the diagnosis; consider alternative/context-specific links before finalising a care plan.,Mapeamento primário de compatibilidade selecionado para o diagnóstico; considerar vínculos alternativos/específicos ao contexto antes de finalizar o plano de cuidados.,high,curated_current_edition,es,Institutional Spanish NOC 7th edition source reviewed; current code/label cross-check against NOC 7th current classification listing; https://www.salusplay.com/apuntes/pae-y-diagnosticos-de-enfermeria-nanda-noc-y-nic/anexo-2-clasificacion-completa-de-resultados-de-enfermeria-noc-2024-8,,2026-09-07,"Selection remains patient/context dependent; use the licensed classification definitions, activities/indicators and scales."
00307,NIC,0200,Exercise Promotion,Promoção do Exercício,"Nursing Interventions Classification (NIC), 8th edition",primary,Compatibility primary selected for the diagnosis; consider alternative/context-specific links before finalising a care plan.,Compatibility primary selected for the diagnosis; consider alternative/context-specific links before finalising a care plan.,Mapeamento primário de compatibilidade selecionado para o diagnóstico; considerar vínculos alternativos/específicos ao contexto antes de finalizar o plano de cuidados.,high,curated_current_edition,es,Institutional Spanish NIC 8th edition source reviewed; current code/label cross-check against NIC 8th current classification listing; https://www.salusplay.com/blog/clasificacion-completa-intervenciones-enfermeria-nic-2024/,,2026-09-07,"Selection remains patient/context dependent; use the licensed classification definitions, activities/indicators and scales."
00307,NOC,1633,Exercise Participation,Participação em Exercício,"Nursing Outcomes Classification (NOC), 7th edition",primary,Compatibility primary selected for the diagnosis; consider alternative/context-specific links before finalising a care plan.,Compatibility primary selected for the diagnosis; consider alternative/context-specific links before finalising a care plan.,Mapeamento primário de compatibilidade selecionado para o diagnóstico; considerar vínculos alternativos/específicos ao contexto antes de finalizar o plano de cuidados.,high,curated_current_edition,es,Institutional Spanish NOC 7th edition source reviewed; current code/label cross-check against NOC 7th current classification listing; https://www.salusplay.com/apuntes/pae-y-diagnosticos-de-enfermeria-nanda-noc-y-nic/anexo-2-clasificacion-completa-de-resultados-de-enfermeria-noc-2024-8,,2026-09-07,"Selection remains patient/context dependent; use the licensed classification definitions, activities/indicators and scales."
00308,NIC,7180,Home Maintenance Assistance,Assistência na Manutenção do Lar,"Nursing Interventions Classification (NIC), 8th edition",primary,Compatibility primary selected for the diagnosis; consider alternative/context-specific links before finalising a care plan.,Compatibility primary selected for the diagnosis; consider alternative/context-specific links before finalising a care plan.,Mapeamento primário de compatibilidade selecionado para o diagnóstico; considerar vínculos alternativos/específicos ao contexto antes de finalizar o plano de cuidados.,high,curated_current_edition,es,Institutional Spanish NIC 8th edition source reviewed; current code/label cross-check against NIC 8th current classification listing; https://www.salusplay.com/blog/clasificacion-completa-intervenciones-enfermeria-nic-2024/,,2026-09-07,"Selection remains patient/context dependent; use the licensed classification definitions, activities/indicators and scales."
00308,NOC,0306,Self-Care Behaviour: Instrumental Activities of Daily Living,Comportamento de Autocuidado: Atividades Instrumentais de Vida Diária,"Nursing Outcomes Classification (NOC), 7th edition",primary,Compatibility primary selected for the diagnosis; consider alternative/context-specific links before finalising a care plan.,Compatibility primary selected for the diagnosis; consider alternative/context-specific links before finalising a care plan.,Mapeamento primário de compatibilidade selecionado para o diagnóstico; considerar vínculos alternativos/específicos ao contexto antes de finalizar o plano de cuidados.,high,curated_current_edition,es,Institutional Spanish NOC 7th edition source reviewed; current code/label cross-check against NOC 7th current classification listing; https://www.salusplay.com/apuntes/pae-y-diagnosticos-de-enfermeria-nanda-noc-y-nic/anexo-2-clasificacion-completa-de-resultados-de-enfermeria-noc-2024-8,,2026-09-07,"Selection remains patient/context dependent; use the licensed classification definitions, activities/indicators and scales."
00309,NIC,7180,Home Maintenance Assistance,Assistência na Manutenção do Lar,"Nursing Interventions Classification (NIC), 8th edition",primary,Compatibility primary selected for the diagnosis; consider alternative/context-specific links before finalising a care plan.,Compatibility primary selected for the diagnosis; consider alternative/context-specific links before finalising a care plan.,Mapeamento primário de compatibilidade selecionado para o diagnóstico; considerar vínculos alternativos/específicos ao contexto antes de finalizar o plano de cuidados.,high,curated_current_edition,es,Institutional Spanish NIC 8th edition source reviewed; current code/label cross-check against NIC 8th current classification listing; https://www.salusplay.com/blog/clasificacion-completa-intervenciones-enfermeria-nic-2024/,,2026-09-07,"Selection remains patient/context dependent; use the licensed classification definitions, activities/indicators and scales."
00309,NOC,0306,Self-Care Behaviour: Instrumental Activities of Daily Living,Comportamento de Autocuidado: Atividades Instrumentais de Vida Diária,"Nursing Outcomes Classification (NOC), 7th edition",primary,Compatibility primary selected for the diagnosis; consider alternative/context-specific links before finalising a care plan.,Compatibility primary selected for the diagnosis; consider alternative/context-specific links before finalising a care plan.,Mapeamento primário de compatibilidade selecionado para o diagnóstico; considerar vínculos alternativos/específicos ao contexto antes de finalizar o plano de cuidados.,high,curated_current_edition,es,Institutional Spanish NOC 7th edition source reviewed; current code/label cross-check against NOC 7th current classification listing; https://www.salusplay.com/apuntes/pae-y-diagnosticos-de-enfermeria-nanda-noc-y-nic/anexo-2-clasificacion-completa-de-resultados-de-enfermeria-noc-2024-8,,2026-09-07,"Selection remains patient/context dependent; use the licensed classification definitions, activities/indicators and scales."
00310,NIC,0610,Urinary Incontinence Care,Cuidados na Incontinência Urinária,"Nursing Interventions Classification (NIC), 8th edition",primary,Compatibility primary selected for the diagnosis; consider alternative/context-specific links before finalising a care plan.,Compatibility primary selected for the diagnosis; consider alternative/context-specific links before finalising a care plan.,Mapeamento primário de compatibilidade selecionado para o diagnóstico; considerar vínculos alternativos/específicos ao contexto antes de finalizar o plano de cuidados.,high,curated_current_edition,es,Institutional Spanish NIC 8th edition source reviewed; current code/label cross-check against NIC 8th current classification listing; https://www.salusplay.com/blog/clasificacion-completa-intervenciones-enfermeria-nic-2024/,,2026-09-07,"Selection remains patient/context dependent; use the licensed classification definitions, activities/indicators and scales."
00310,NOC,0502,Urinary Continence,Continência Urinária,"Nursing Outcomes Classification (NOC), 7th edition",primary,Compatibility primary selected for the diagnosis; consider alternative/context-specific links before finalising a care plan.,Compatibility primary selected for the diagnosis; consider alternative/context-specific links before finalising a care plan.,Mapeamento primário de compatibilidade selecionado para o diagnóstico; considerar vínculos alternativos/específicos ao contexto antes de finalizar o plano de cuidados.,high,curated_current_edition,es,Institutional Spanish NOC 7th edition source reviewed; current code/label cross-check against NOC 7th current classification listing; https://www.salusplay.com/apuntes/pae-y-diagnosticos-de-enfermeria-nanda-noc-y-nic/anexo-2-clasificacion-completa-de-resultados-de-enfermeria-noc-2024-8,,2026-09-07,"Selection remains patient/context dependent; use the licensed classification definitions, activities/indicators and scales."
00311,NIC,4050,Cardiac Risk Management,Manejo do Risco Cardíaco,"Nursing Interventions Classification (NIC), 8th edition",primary,Compatibility primary selected for the diagnosis; consider alternative/context-specific links before finalising a care plan.,Compatibility primary selected for the diagnosis; consider alternative/context-specific links before finalising a care plan.,Mapeamento primário de compatibilidade selecionado para o diagnóstico; considerar vínculos alternativos/específicos ao contexto antes de finalizar o plano de cuidados.,high,curated_current_edition,es,Institutional Spanish NIC 8th edition source reviewed; current code/label cross-check against NIC 8th current classification listing; https://www.salusplay.com/blog/clasificacion-completa-intervenciones-enfermeria-nic-2024/,,2026-09-07,"Selection remains patient/context dependent; use the licensed classification definitions, activities/indicators and scales."
00311,NOC,1914,Risk Control: Cardiovascular Disease,Controle do Risco: Doença Cardiovascular,"Nursing Outcomes Classification (NOC), 7th edition",primary,Compatibility primary selected for the diagnosis; consider alternative/context-specific links before finalising a care plan.,Compatibility primary selected for the diagnosis; consider alternative/context-specific links before finalising a care plan.,Mapeamento primário de compatibilidade selecionado para o diagnóstico; considerar vínculos alternativos/específicos ao contexto antes de finalizar o plano de cuidados.,high,current_edition_verified,es,Institutional Spanish NOC 7th edition source reviewed; current code/label cross-check against NOC 7th current classification listing; https://www.salusplay.com/apuntes/pae-y-diagnosticos-de-enfermeria-nanda-noc-y-nic/anexo-2-clasificacion-completa-de-resultados-de-enfermeria-noc-2024-8,,2026-09-07,"Selection remains patient/context dependent; use the licensed classification definitions, activities/indicators and scales."
00311,NOC,0414,Cardiopulmonary Function,Função Cardiopulmonar,"Nursing Outcomes Classification (NOC), 7th edition",alternative,Use when cardiopulmonary physiologic function is the monitored consequence rather than risk behaviour.,Use when cardiopulmonary physiologic function is the monitored consequence rather than risk behaviour.,"Usar quando a função fisiológica cardiopulmonar for a consequência monitorada, em vez do comportamento de risco.",high,contextual_current_edition,es,Institutional Spanish NOC 7th edition source reviewed; current code/label cross-check against NOC 7th current classification listing; https://www.salusplay.com/apuntes/pae-y-diagnosticos-de-enfermeria-nanda-noc-y-nic/anexo-2-clasificacion-completa-de-resultados-de-enfermeria-noc-2024-8,,2026-09-07,"Selection remains patient/context dependent; use the licensed classification definitions, activities/indicators and scales."
00312,NIC,3520,Pressure Injury Care,Cuidados com Lesão por Pressão,"Nursing Interventions Classification (NIC), 8th edition",primary,Compatibility primary selected for the diagnosis; consider alternative/context-specific links before finalising a care plan.,Compatibility primary selected for the diagnosis; consider alternative/context-specific links before finalising a care plan.,Mapeamento primário de compatibilidade selecionado para o diagnóstico; considerar vínculos alternativos/específicos ao contexto antes de finalizar o plano de cuidados.,high,curated_current_edition,es,Institutional Spanish NIC 8th edition source reviewed; current code/label cross-check against NIC 8th current classification listing; https://www.salusplay.com/blog/clasificacion-completa-intervenciones-enfermeria-nic-2024/,,2026-09-07,"Selection remains patient/context dependent; use the licensed classification definitions, activities/indicators and scales."
00312,NOC,1103,Wound Healing: Secondary Intention,Cicatrização de Feridas: Segunda Intenção,"Nursing Outcomes Classification (NOC), 7th edition",primary,Compatibility primary selected for the diagnosis; consider alternative/context-specific links before finalising a care plan.,Compatibility primary selected for the diagnosis; consider alternative/context-specific links before finalising a care plan.,Mapeamento primário de compatibilidade selecionado para o diagnóstico; considerar vínculos alternativos/específicos ao contexto antes de finalizar o plano de cuidados.,high,curated_current_edition,es,Institutional Spanish NOC 7th edition source reviewed; current code/label cross-check against NOC 7th current classification listing; https://www.salusplay.com/apuntes/pae-y-diagnosticos-de-enfermeria-nanda-noc-y-nic/anexo-2-clasificacion-completa-de-resultados-de-enfermeria-noc-2024-8,,2026-09-07,"Selection remains patient/context dependent; use the licensed classification definitions, activities/indicators and scales."
00313,NIC,3520,Pressure Injury Care,Cuidados com Lesão por Pressão,"Nursing Interventions Classification (NIC), 8th edition",primary,Compatibility primary selected for the diagnosis; consider alternative/context-specific links before finalising a care plan.,Compatibility primary selected for the diagnosis; consider alternative/context-specific links before finalising a care plan.,Mapeamento primário de compatibilidade selecionado para o diagnóstico; considerar vínculos alternativos/específicos ao contexto antes de finalizar o plano de cuidados.,high,curated_current_edition,es,Institutional Spanish NIC 8th edition source reviewed; current code/label cross-check against NIC 8th current classification listing; https://www.salusplay.com/blog/clasificacion-completa-intervenciones-enfermeria-nic-2024/,,2026-09-07,"Selection remains patient/context dependent; use the licensed classification definitions, activities/indicators and scales."
00313,NOC,1103,Wound Healing: Secondary Intention,Cicatrização de Feridas: Segunda Intenção,"Nursing Outcomes Classification (NOC), 7th edition",primary,Compatibility primary selected for the diagnosis; consider alternative/context-specific links before finalising a care plan.,Compatibility primary selected for the diagnosis; consider alternative/context-specific links before finalising a care plan.,Mapeamento primário de compatibilidade selecionado para o diagnóstico; considerar vínculos alternativos/específicos ao contexto antes de finalizar o plano de cuidados.,high,curated_current_edition,es,Institutional Spanish NOC 7th edition source reviewed; current code/label cross-check against NOC 7th current classification listing; https://www.salusplay.com/apuntes/pae-y-diagnosticos-de-enfermeria-nanda-noc-y-nic/anexo-2-clasificacion-completa-de-resultados-de-enfermeria-noc-2024-8,,2026-09-07,"Selection remains patient/context dependent; use the licensed classification definitions, activities/indicators and scales."
00314,NIC,8274,Child Care,Cuidados com a Criança,"Nursing Interventions Classification (NIC), 8th edition",primary,Compatibility primary selected for the diagnosis; consider alternative/context-specific links before finalising a care plan.,Compatibility primary selected for the diagnosis; consider alternative/context-specific links before finalising a care plan.,Mapeamento primário de compatibilidade selecionado para o diagnóstico; considerar vínculos alternativos/específicos ao contexto antes de finalizar o plano de cuidados.,moderate,current_edition_verified,es,Institutional Spanish NIC 8th edition source reviewed; current code/label cross-check against NIC 8th current classification listing; https://www.salusplay.com/blog/clasificacion-completa-intervenciones-enfermeria-nic-2024/,,2026-09-07,"Selection remains patient/context dependent; use the licensed classification definitions, activities/indicators and scales."
00314,NIC,5650,Teaching: Middle Childhood Development (6-12 Years),Ensino: Desenvolvimento na Infância Média (6-12 Anos),"Nursing Interventions Classification (NIC), 8th edition",alternative,Age 6-12 years: development teaching for middle childhood.,Age 6-12 years: development teaching for middle childhood.,Idade de 6 a 12 anos: ensino sobre o desenvolvimento na infância média.,high,contextual_current_edition,es,Institutional Spanish NIC 8th edition source reviewed; current code/label cross-check against NIC 8th current classification listing; https://www.salusplay.com/blog/clasificacion-completa-intervenciones-enfermeria-nic-2024/,,2026-09-07,"Selection remains patient/context dependent; use the licensed classification definitions, activities/indicators and scales."
00314,NIC,5670,Teaching: Adolescent Development (12-21 Years),Ensino: Desenvolvimento do Adolescente (12-21 Anos),"Nursing Interventions Classification (NIC), 8th edition",alternative,Age 12-21 years: adolescent development teaching.,Age 12-21 years: adolescent development teaching.,Idade de 12 a 21 anos: ensino sobre o desenvolvimento do adolescente.,high,contextual_current_edition,es,Institutional Spanish NIC 8th edition source reviewed; current code/label cross-check against NIC 8th current classification listing; https://www.salusplay.com/blog/clasificacion-completa-intervenciones-enfermeria-nic-2024/,,2026-09-07,"Selection remains patient/context dependent; use the licensed classification definitions, activities/indicators and scales."
00314,NIC,5680,Teaching: Early Childhood Development (1-5 Years),Ensino: Desenvolvimento na Primeira Infância (1-5 Anos),"Nursing Interventions Classification (NIC), 8th edition",alternative,Age 1-5 years: development teaching for early childhood.,Age 1-5 years: development teaching for early childhood.,Idade de 1 a 5 anos: ensino sobre o desenvolvimento na primeira infância.,high,contextual_current_edition,es,Institutional Spanish NIC 8th edition source reviewed; current code/label cross-check against NIC 8th current classification listing; https://www.salusplay.com/blog/clasificacion-completa-intervenciones-enfermeria-nic-2024/,,2026-09-07,"Selection remains patient/context dependent; use the licensed classification definitions, activities/indicators and scales."
00314,NOC,0107,Child Development: 5 Years,Desenvolvimento Infantil: 5 Anos,"Nursing Outcomes Classification (NOC), 7th edition",primary,Compatibility primary selected for the diagnosis; consider alternative/context-specific links before finalising a care plan.,Compatibility primary selected for the diagnosis; consider alternative/context-specific links before finalising a care plan.,Mapeamento primário de compatibilidade selecionado para o diagnóstico; considerar vínculos alternativos/específicos ao contexto antes de finalizar o plano de cuidados.,moderate,curated_current_edition,es,Institutional Spanish NOC 7th edition source reviewed; current code/label cross-check against NOC 7th current classification listing; https://www.salusplay.com/apuntes/pae-y-diagnosticos-de-enfermeria-nanda-noc-y-nic/anexo-2-clasificacion-completa-de-resultados-de-enfermeria-noc-2024-8,,2026-09-07,"Selection remains patient/context dependent; use the licensed classification definitions, activities/indicators and scales."
00314,NOC,0127,Child Development: 6-7 Years,Desenvolvimento Infantil: 6-7 Anos,"Nursing Outcomes Classification (NOC), 7th edition",alternative,Age 6-7 years.,Age 6-7 years.,Idade: 6 a 7 anos.,high,contextual_current_edition,es,Institutional Spanish NOC 7th edition source reviewed; current code/label cross-check against NOC 7th current classification listing; https://www.salusplay.com/apuntes/pae-y-diagnosticos-de-enfermeria-nanda-noc-y-nic/anexo-2-clasificacion-completa-de-resultados-de-enfermeria-noc-2024-8,,2026-09-07,"Selection remains patient/context dependent; use the licensed classification definitions, activities/indicators and scales."
00314,NOC,0128,Child Development: 8-10 Years,Desenvolvimento Infantil: 8-10 Anos,"Nursing Outcomes Classification (NOC), 7th edition",alternative,Age 8-10 years.,Age 8-10 years.,Idade: 8 a 10 anos.,high,contextual_current_edition,es,Institutional Spanish NOC 7th edition source reviewed; current code/label cross-check against NOC 7th current classification listing; https://www.salusplay.com/apuntes/pae-y-diagnosticos-de-enfermeria-nanda-noc-y-nic/anexo-2-clasificacion-completa-de-resultados-de-enfermeria-noc-2024-8,,2026-09-07,"Selection remains patient/context dependent; use the licensed classification definitions, activities/indicators and scales."
00314,NOC,0129,Child Development: Early Adolescence,Desenvolvimento Infantil: Adolescência Inicial,"Nursing Outcomes Classification (NOC), 7th edition",alternative,Early adolescence.,Early adolescence.,Adolescência inicial.,high,contextual_current_edition,es,Institutional Spanish NOC 7th edition source reviewed; current code/label cross-check against NOC 7th current classification listing; https://www.salusplay.com/apuntes/pae-y-diagnosticos-de-enfermeria-nanda-noc-y-nic/anexo-2-clasificacion-completa-de-resultados-de-enfermeria-noc-2024-8,,2026-09-07,"Selection remains patient/context dependent; use the licensed classification definitions, activities/indicators and scales."
00314,NOC,0130,Child Development: Late Adolescence,Desenvolvimento Infantil: Adolescência Tardia,"Nursing Outcomes Classification (NOC), 7th edition",alternative,Late adolescence.,Late adolescence.,Adolescência tardia.,high,contextual_current_edition,es,Institutional Spanish NOC 7th edition source reviewed; current code/label cross-check against NOC 7th current classification listing; https://www.salusplay.com/apuntes/pae-y-diagnosticos-de-enfermeria-nanda-noc-y-nic/anexo-2-clasificacion-completa-de-resultados-de-enfermeria-noc-2024-8,,2026-09-07,"Selection remains patient/context dependent; use the licensed classification definitions, activities/indicators and scales."
00314,NOC,0131,Child Development: Middle Adolescence,Desenvolvimento Infantil: Adolescência Média,"Nursing Outcomes Classification (NOC), 7th edition",alternative,Middle adolescence.,Middle adolescence.,Adolescência média.,high,contextual_current_edition,es,Institutional Spanish NOC 7th edition source reviewed; current code/label cross-check against NOC 7th current classification listing; https://www.salusplay.com/apuntes/pae-y-diagnosticos-de-enfermeria-nanda-noc-y-nic/anexo-2-clasificacion-completa-de-resultados-de-enfermeria-noc-2024-8,,2026-09-07,"Selection remains patient/context dependent; use the licensed classification definitions, activities/indicators and scales."
00315,NIC,8278,Developmental Enhancement: Infant,Melhora do Desenvolvimento: Lactente,"Nursing Interventions Classification (NIC), 8th edition",primary,Compatibility primary selected for the diagnosis; consider alternative/context-specific links before finalising a care plan.,Compatibility primary selected for the diagnosis; consider alternative/context-specific links before finalising a care plan.,Mapeamento primário de compatibilidade selecionado para o diagnóstico; considerar vínculos alternativos/específicos ao contexto antes de finalizar o plano de cuidados.,moderate,curated_current_edition,es,Institutional Spanish NIC 8th edition source reviewed; current code/label cross-check against NIC 8th current classification listing; https://www.salusplay.com/blog/clasificacion-completa-intervenciones-enfermeria-nic-2024/,,2026-09-07,"Selection remains patient/context dependent; use the licensed classification definitions, activities/indicators and scales."
00315,NOC,0208,Mobility,Mobilidade,"Nursing Outcomes Classification (NOC), 7th edition",primary,Compatibility primary selected for the diagnosis; consider alternative/context-specific links before finalising a care plan.,Compatibility primary selected for the diagnosis; consider alternative/context-specific links before finalising a care plan.,Mapeamento primário de compatibilidade selecionado para o diagnóstico; considerar vínculos alternativos/específicos ao contexto antes de finalizar o plano de cuidados.,moderate,curated_current_edition,es,Institutional Spanish NOC 7th edition source reviewed; current code/label cross-check against NOC 7th current classification listing; https://www.salusplay.com/apuntes/pae-y-diagnosticos-de-enfermeria-nanda-noc-y-nic/anexo-2-clasificacion-completa-de-resultados-de-enfermeria-noc-2024-8,,2026-09-07,"Selection remains patient/context dependent; use the licensed classification definitions, activities/indicators and scales."
00315,NOC,0100,Child Development: 2 Months,Desenvolvimento Infantil: 2 Meses,"Nursing Outcomes Classification (NOC), 7th edition",alternative,Age 2 months.,Age 2 months.,Idade: 2 meses.,high,contextual_current_edition,es,Institutional Spanish NOC 7th edition source reviewed; current code/label cross-check against NOC 7th current classification listing; https://www.salusplay.com/apuntes/pae-y-diagnosticos-de-enfermeria-nanda-noc-y-nic/anexo-2-clasificacion-completa-de-resultados-de-enfermeria-noc-2024-8,,2026-09-07,"Selection remains patient/context dependent; use the licensed classification definitions, activities/indicators and scales."
00315,NOC,0101,Child Development: 4 Months,Desenvolvimento Infantil: 4 Meses,"Nursing Outcomes Classification (NOC), 7th edition",alternative,Age 4 months.,Age 4 months.,Idade: 4 meses.,high,contextual_current_edition,es,Institutional Spanish NOC 7th edition source reviewed; current code/label cross-check against NOC 7th current classification listing; https://www.salusplay.com/apuntes/pae-y-diagnosticos-de-enfermeria-nanda-noc-y-nic/anexo-2-clasificacion-completa-de-resultados-de-enfermeria-noc-2024-8,,2026-09-07,"Selection remains patient/context dependent; use the licensed classification definitions, activities/indicators and scales."
00315,NOC,0102,Child Development: 6 Months,Desenvolvimento Infantil: 6 Meses,"Nursing Outcomes Classification (NOC), 7th edition",alternative,Age 6 months.,Age 6 months.,Idade: 6 meses.,high,contextual_current_edition,es,Institutional Spanish NOC 7th edition source reviewed; current code/label cross-check against NOC 7th current classification listing; https://www.salusplay.com/apuntes/pae-y-diagnosticos-de-enfermeria-nanda-noc-y-nic/anexo-2-clasificacion-completa-de-resultados-de-enfermeria-noc-2024-8,,2026-09-07,"Selection remains patient/context dependent; use the licensed classification definitions, activities/indicators and scales."
00315,NOC,0103,Child Development: 12 Months,Desenvolvimento Infantil: 12 Meses,"Nursing Outcomes Classification (NOC), 7th edition",alternative,Age 12 months.,Age 12 months.,Idade: 12 meses.,high,contextual_current_edition,es,Institutional Spanish NOC 7th edition source reviewed; current code/label cross-check against NOC 7th current classification listing; https://www.salusplay.com/apuntes/pae-y-diagnosticos-de-enfermeria-nanda-noc-y-nic/anexo-2-clasificacion-completa-de-resultados-de-enfermeria-noc-2024-8,,2026-09-07,"Selection remains patient/context dependent; use the licensed classification definitions, activities/indicators and scales."
00315,NOC,0120,Child Development: 1 Month,Desenvolvimento Infantil: 1 Mês,"Nursing Outcomes Classification (NOC), 7th edition",alternative,Age 1 month.,Age 1 month.,Idade: 1 mês.,high,contextual_current_edition,es,Institutional Spanish NOC 7th edition source reviewed; current code/label cross-check against NOC 7th current classification listing; https://www.salusplay.com/apuntes/pae-y-diagnosticos-de-enfermeria-nanda-noc-y-nic/anexo-2-clasificacion-completa-de-resultados-de-enfermeria-noc-2024-8,,2026-09-07,"Selection remains patient/context dependent; use the licensed classification definitions, activities/indicators and scales."
00315,NOC,0125,Child Development: 9 Months,Desenvolvimento Infantil: 9 Meses,"Nursing Outcomes Classification (NOC), 7th edition",alternative,Age 9 months.,Age 9 months.,Idade: 9 meses.,high,contextual_current_edition,es,Institutional Spanish NOC 7th edition source reviewed; current code/label cross-check against NOC 7th current classification listing; https://www.salusplay.com/apuntes/pae-y-diagnosticos-de-enfermeria-nanda-noc-y-nic/anexo-2-clasificacion-completa-de-resultados-de-enfermeria-noc-2024-8,,2026-09-07,"Selection remains patient/context dependent; use the licensed classification definitions, activities/indicators and scales."
00315,NOC,0126,Child Development: 18 Months,Desenvolvimento Infantil: 18 Meses,"Nursing Outcomes Classification (NOC), 7th edition",alternative,Age 18 months.,Age 18 months.,Idade: 18 meses.,high,contextual_current_edition,es,Institutional Spanish NOC 7th edition source reviewed; current code/label cross-check against NOC 7th current classification listing; https://www.salusplay.com/apuntes/pae-y-diagnosticos-de-enfermeria-nanda-noc-y-nic/anexo-2-clasificacion-completa-de-resultados-de-enfermeria-noc-2024-8,,2026-09-07,"Selection remains patient/context dependent; use the licensed classification definitions, activities/indicators and scales."
00316,NIC,8278,Developmental Enhancement: Infant,Melhora do Desenvolvimento: Lactente,"Nursing Interventions Classification (NIC), 8th edition",primary,Compatibility primary selected for the diagnosis; consider alternative/context-specific links before finalising a care plan.,Compatibility primary selected for the diagnosis; consider alternative/context-specific links before finalising a care plan.,Mapeamento primário de compatibilidade selecionado para o diagnóstico; considerar vínculos alternativos/específicos ao contexto antes de finalizar o plano de cuidados.,moderate,curated_current_edition,es,Institutional Spanish NIC 8th edition source reviewed; current code/label cross-check against NIC 8th current classification listing; https://www.salusplay.com/blog/clasificacion-completa-intervenciones-enfermeria-nic-2024/,,2026-09-07,"Selection remains patient/context dependent; use the licensed classification definitions, activities/indicators and scales."
00316,NOC,0208,Mobility,Mobilidade,"Nursing Outcomes Classification (NOC), 7th edition",primary,Compatibility primary selected for the diagnosis; consider alternative/context-specific links before finalising a care plan.,Compatibility primary selected for the diagnosis; consider alternative/context-specific links before finalising a care plan.,Mapeamento primário de compatibilidade selecionado para o diagnóstico; considerar vínculos alternativos/específicos ao contexto antes de finalizar o plano de cuidados.,moderate,curated_current_edition,es,Institutional Spanish NOC 7th edition source reviewed; current code/label cross-check against NOC 7th current classification listing; https://www.salusplay.com/apuntes/pae-y-diagnosticos-de-enfermeria-nanda-noc-y-nic/anexo-2-clasificacion-completa-de-resultados-de-enfermeria-noc-2024-8,,2026-09-07,"Selection remains patient/context dependent; use the licensed classification definitions, activities/indicators and scales."
00316,NOC,0100,Child Development: 2 Months,Desenvolvimento Infantil: 2 Meses,"Nursing Outcomes Classification (NOC), 7th edition",alternative,Age 2 months.,Age 2 months.,Idade: 2 meses.,high,contextual_current_edition,es,Institutional Spanish NOC 7th edition source reviewed; current code/label cross-check against NOC 7th current classification listing; https://www.salusplay.com/apuntes/pae-y-diagnosticos-de-enfermeria-nanda-noc-y-nic/anexo-2-clasificacion-completa-de-resultados-de-enfermeria-noc-2024-8,,2026-09-07,"Selection remains patient/context dependent; use the licensed classification definitions, activities/indicators and scales."
00316,NOC,0101,Child Development: 4 Months,Desenvolvimento Infantil: 4 Meses,"Nursing Outcomes Classification (NOC), 7th edition",alternative,Age 4 months.,Age 4 months.,Idade: 4 meses.,high,contextual_current_edition,es,Institutional Spanish NOC 7th edition source reviewed; current code/label cross-check against NOC 7th current classification listing; https://www.salusplay.com/apuntes/pae-y-diagnosticos-de-enfermeria-nanda-noc-y-nic/anexo-2-clasificacion-completa-de-resultados-de-enfermeria-noc-2024-8,,2026-09-07,"Selection remains patient/context dependent; use the licensed classification definitions, activities/indicators and scales."
00316,NOC,0102,Child Development: 6 Months,Desenvolvimento Infantil: 6 Meses,"Nursing Outcomes Classification (NOC), 7th edition",alternative,Age 6 months.,Age 6 months.,Idade: 6 meses.,high,contextual_current_edition,es,Institutional Spanish NOC 7th edition source reviewed; current code/label cross-check against NOC 7th current classification listing; https://www.salusplay.com/apuntes/pae-y-diagnosticos-de-enfermeria-nanda-noc-y-nic/anexo-2-clasificacion-completa-de-resultados-de-enfermeria-noc-2024-8,,2026-09-07,"Selection remains patient/context dependent; use the licensed classification definitions, activities/indicators and scales."
00316,NOC,0103,Child Development: 12 Months,Desenvolvimento Infantil: 12 Meses,"Nursing Outcomes Classification (NOC), 7th edition",alternative,Age 12 months.,Age 12 months.,Idade: 12 meses.,high,contextual_current_edition,es,Institutional Spanish NOC 7th edition source reviewed; current code/label cross-check against NOC 7th current classification listing; https://www.salusplay.com/apuntes/pae-y-diagnosticos-de-enfermeria-nanda-noc-y-nic/anexo-2-clasificacion-completa-de-resultados-de-enfermeria-noc-2024-8,,2026-09-07,"Selection remains patient/context dependent; use the licensed classification definitions, activities/indicators and scales."
00316,NOC,0120,Child Development: 1 Month,Desenvolvimento Infantil: 1 Mês,"Nursing Outcomes Classification (NOC), 7th edition",alternative,Age 1 month.,Age 1 month.,Idade: 1 mês.,high,contextual_current_edition,es,Institutional Spanish NOC 7th edition source reviewed; current code/label cross-check against NOC 7th current classification listing; https://www.salusplay.com/apuntes/pae-y-diagnosticos-de-enfermeria-nanda-noc-y-nic/anexo-2-clasificacion-completa-de-resultados-de-enfermeria-noc-2024-8,,2026-09-07,"Selection remains patient/context dependent; use the licensed classification definitions, activities/indicators and scales."
00316,NOC,0125,Child Development: 9 Months,Desenvolvimento Infantil: 9 Meses,"Nursing Outcomes Classification (NOC), 7th edition",alternative,Age 9 months.,Age 9 months.,Idade: 9 meses.,high,contextual_current_edition,es,Institutional Spanish NOC 7th edition source reviewed; current code/label cross-check against NOC 7th current classification listing; https://www.salusplay.com/apuntes/pae-y-diagnosticos-de-enfermeria-nanda-noc-y-nic/anexo-2-clasificacion-completa-de-resultados-de-enfermeria-noc-2024-8,,2026-09-07,"Selection remains patient/context dependent; use the licensed classification definitions, activities/indicators and scales."
00316,NOC,0126,Child Development: 18 Months,Desenvolvimento Infantil: 18 Meses,"Nursing Outcomes Classification (NOC), 7th edition",alternative,Age 18 months.,Age 18 months.,Idade: 18 meses.,high,contextual_current_edition,es,Institutional Spanish NOC 7th edition source reviewed; current code/label cross-check against NOC 7th current classification listing; https://www.salusplay.com/apuntes/pae-y-diagnosticos-de-enfermeria-nanda-noc-y-nic/anexo-2-clasificacion-completa-de-resultados-de-enfermeria-noc-2024-8,,2026-09-07,"Selection remains patient/context dependent; use the licensed classification definitions, activities/indicators and scales."
00322,NIC,0620,Urinary Retention Care,Cuidados na Retenção Urinária,"Nursing Interventions Classification (NIC), 8th edition",primary,Compatibility primary selected for the diagnosis; consider alternative/context-specific links before finalising a care plan.,Compatibility primary selected for the diagnosis; consider alternative/context-specific links before finalising a care plan.,Mapeamento primário de compatibilidade selecionado para o diagnóstico; considerar vínculos alternativos/específicos ao contexto antes de finalizar o plano de cuidados.,high,curated_current_edition,es,Institutional Spanish NIC 8th edition source reviewed; current code/label cross-check against NIC 8th current classification listing; https://www.salusplay.com/blog/clasificacion-completa-intervenciones-enfermeria-nic-2024/,,2026-09-07,"Selection remains patient/context dependent; use the licensed classification definitions, activities/indicators and scales."
00322,NOC,0503,Urinary Elimination,Eliminação Urinária,"Nursing Outcomes Classification (NOC), 7th edition",primary,Compatibility primary selected for the diagnosis; consider alternative/context-specific links before finalising a care plan.,Compatibility primary selected for the diagnosis; consider alternative/context-specific links before finalising a care plan.,Mapeamento primário de compatibilidade selecionado para o diagnóstico; considerar vínculos alternativos/específicos ao contexto antes de finalizar o plano de cuidados.,high,curated_current_edition,es,Institutional Spanish NOC 7th edition source reviewed; current code/label cross-check against NOC 7th current classification listing; https://www.salusplay.com/apuntes/pae-y-diagnosticos-de-enfermeria-nanda-noc-y-nic/anexo-2-clasificacion-completa-de-resultados-de-enfermeria-noc-2024-8,,2026-09-07,"Selection remains patient/context dependent; use the licensed classification definitions, activities/indicators and scales."
00323,NIC,1850,Sleep Enhancement,Melhora do Sono,"Nursing Interventions Classification (NIC), 8th edition",primary,Compatibility primary selected for the diagnosis; consider alternative/context-specific links before finalising a care plan.,Compatibility primary selected for the diagnosis; consider alternative/context-specific links before finalising a care plan.,Mapeamento primário de compatibilidade selecionado para o diagnóstico; considerar vínculos alternativos/específicos ao contexto antes de finalizar o plano de cuidados.,high,curated_current_edition,es,Institutional Spanish NIC 8th edition source reviewed; current code/label cross-check against NIC 8th current classification listing; https://www.salusplay.com/blog/clasificacion-completa-intervenciones-enfermeria-nic-2024/,,2026-09-07,"Selection remains patient/context dependent; use the licensed classification definitions, activities/indicators and scales."
00323,NOC,0004,Sleep,Sono,"Nursing Outcomes Classification (NOC), 7th edition",primary,Compatibility primary selected for the diagnosis; consider alternative/context-specific links before finalising a care plan.,Compatibility primary selected for the diagnosis; consider alternative/context-specific links before finalising a care plan.,Mapeamento primário de compatibilidade selecionado para o diagnóstico; considerar vínculos alternativos/específicos ao contexto antes de finalizar o plano de cuidados.,high,curated_current_edition,es,Institutional Spanish NOC 7th edition source reviewed; current code/label cross-check against NOC 7th current classification listing; https://www.salusplay.com/apuntes/pae-y-diagnosticos-de-enfermeria-nanda-noc-y-nic/anexo-2-clasificacion-completa-de-resultados-de-enfermeria-noc-2024-8,,2026-09-07,"Selection remains patient/context dependent; use the licensed classification definitions, activities/indicators and scales."
00324,NIC,0221,Exercise Therapy: Ambulation,Terapia com Exercício: Deambulação,"Nursing Interventions Classification (NIC), 8th edition",primary,Compatibility primary selected for the diagnosis; consider alternative/context-specific links before finalising a care plan.,Compatibility primary selected for the diagnosis; consider alternative/context-specific links before finalising a care plan.,Mapeamento primário de compatibilidade selecionado para o diagnóstico; considerar vínculos alternativos/específicos ao contexto antes de finalizar o plano de cuidados.,moderate,curated_current_edition,es,Institutional Spanish NIC 8th edition source reviewed; current code/label cross-check against NIC 8th current classification listing; https://www.salusplay.com/blog/clasificacion-completa-intervenciones-enfermeria-nic-2024/,,2026-09-07,"Selection remains patient/context dependent; use the licensed classification definitions, activities/indicators and scales."
00324,NOC,0208,Mobility,Mobilidade,"Nursing Outcomes Classification (NOC), 7th edition",primary,Compatibility primary selected for the diagnosis; consider alternative/context-specific links before finalising a care plan.,Compatibility primary selected for the diagnosis; consider alternative/context-specific links before finalising a care plan.,Mapeamento primário de compatibilidade selecionado para o diagnóstico; considerar vínculos alternativos/específicos ao contexto antes de finalizar o plano de cuidados.,moderate,curated_current_edition,es,Institutional Spanish NOC 7th edition source reviewed; current code/label cross-check against NOC 7th current classification listing; https://www.salusplay.com/apuntes/pae-y-diagnosticos-de-enfermeria-nanda-noc-y-nic/anexo-2-clasificacion-completa-de-resultados-de-enfermeria-noc-2024-8,,2026-09-07,"Selection remains patient/context dependent; use the licensed classification definitions, activities/indicators and scales."
00325,NIC,5270,Emotional Support,Apoio Emocional,"Nursing Interventions Classification (NIC), 8th edition",primary,Compatibility primary selected for the diagnosis; consider alternative/context-specific links before finalising a care plan.,Compatibility primary selected for the diagnosis; consider alternative/context-specific links before finalising a care plan.,Mapeamento primário de compatibilidade selecionado para o diagnóstico; considerar vínculos alternativos/específicos ao contexto antes de finalizar o plano de cuidados.,moderate,curated_current_edition,es,Institutional Spanish NIC 8th edition source reviewed; current code/label cross-check against NIC 8th current classification listing; https://www.salusplay.com/blog/clasificacion-completa-intervenciones-enfermeria-nic-2024/,,2026-09-07,"Selection remains patient/context dependent; use the licensed classification definitions, activities/indicators and scales."
00325,NOC,1205,Self-Esteem,Autoestima,"Nursing Outcomes Classification (NOC), 7th edition",primary,Compatibility primary selected for the diagnosis; consider alternative/context-specific links before finalising a care plan.,Compatibility primary selected for the diagnosis; consider alternative/context-specific links before finalising a care plan.,Mapeamento primário de compatibilidade selecionado para o diagnóstico; considerar vínculos alternativos/específicos ao contexto antes de finalizar o plano de cuidados.,moderate,curated_current_edition,es,Institutional Spanish NOC 7th edition source reviewed; current code/label cross-check against NOC 7th current classification listing; https://www.salusplay.com/apuntes/pae-y-diagnosticos-de-enfermeria-nanda-noc-y-nic/anexo-2-clasificacion-completa-de-resultados-de-enfermeria-noc-2024-8,,2026-09-07,"Selection remains patient/context dependent; use the licensed classification definitions, activities/indicators and scales."
00326,NIC,1801,Self-Care Assistance: Bathing/Hygiene,Assistência no Autocuidado: Banho/Higiene,"Nursing Interventions Classification (NIC), 8th edition",primary,Compatibility primary selected for the diagnosis; consider alternative/context-specific links before finalising a care plan.,Compatibility primary selected for the diagnosis; consider alternative/context-specific links before finalising a care plan.,Mapeamento primário de compatibilidade selecionado para o diagnóstico; considerar vínculos alternativos/específicos ao contexto antes de finalizar o plano de cuidados.,high,curated_current_edition,es,Institutional Spanish NIC 8th edition source reviewed; current code/label cross-check against NIC 8th current classification listing; https://www.salusplay.com/blog/clasificacion-completa-intervenciones-enfermeria-nic-2024/,,2026-09-07,"Selection remains patient/context dependent; use the licensed classification definitions, activities/indicators and scales."
00326,NOC,0301,Self-Care Behaviour: Bathing,Comportamento de Autocuidado: Banho,"Nursing Outcomes Classification (NOC), 7th edition",primary,Compatibility primary selected for the diagnosis; consider alternative/context-specific links before finalising a care plan.,Compatibility primary selected for the diagnosis; consider alternative/context-specific links before finalising a care plan.,Mapeamento primário de compatibilidade selecionado para o diagnóstico; considerar vínculos alternativos/específicos ao contexto antes de finalizar o plano de cuidados.,high,curated_current_edition,es,Institutional Spanish NOC 7th edition source reviewed; current code/label cross-check against NOC 7th current classification listing; https://www.salusplay.com/apuntes/pae-y-diagnosticos-de-enfermeria-nanda-noc-y-nic/anexo-2-clasificacion-completa-de-resultados-de-enfermeria-noc-2024-8,,2026-09-07,"Selection remains patient/context dependent; use the licensed classification definitions, activities/indicators and scales."
00327,NIC,1802,Self-Care Assistance: Dressing/Grooming,Assistência no Autocuidado: Vestir-se/Arrumar-se,"Nursing Interventions Classification (NIC), 8th edition",primary,Compatibility primary selected for the diagnosis; consider alternative/context-specific links before finalising a care plan.,Compatibility primary selected for the diagnosis; consider alternative/context-specific links before finalising a care plan.,Mapeamento primário de compatibilidade selecionado para o diagnóstico; considerar vínculos alternativos/específicos ao contexto antes de finalizar o plano de cuidados.,high,curated_current_edition,es,Institutional Spanish NIC 8th edition source reviewed; current code/label cross-check against NIC 8th current classification listing; https://www.salusplay.com/blog/clasificacion-completa-intervenciones-enfermeria-nic-2024/,,2026-09-07,"Selection remains patient/context dependent; use the licensed classification definitions, activities/indicators and scales."
00327,NOC,0302,Self-Care Behaviour: Dressing,Comportamento de Autocuidado: Vestir-se,"Nursing Outcomes Classification (NOC), 7th edition",primary,Compatibility primary selected for the diagnosis; consider alternative/context-specific links before finalising a care plan.,Compatibility primary selected for the diagnosis; consider alternative/context-specific links before finalising a care plan.,Mapeamento primário de compatibilidade selecionado para o diagnóstico; considerar vínculos alternativos/específicos ao contexto antes de finalizar o plano de cuidados.,high,curated_current_edition,es,Institutional Spanish NOC 7th edition source reviewed; current code/label cross-check against NOC 7th current classification listing; https://www.salusplay.com/apuntes/pae-y-diagnosticos-de-enfermeria-nanda-noc-y-nic/anexo-2-clasificacion-completa-de-resultados-de-enfermeria-noc-2024-8,,2026-09-07,"Selection remains patient/context dependent; use the licensed classification definitions, activities/indicators and scales."
00328,NIC,1803,Self-Care Assistance: Feeding,Assistência no Autocuidado: Alimentação,"Nursing Interventions Classification (NIC), 8th edition",primary,Compatibility primary selected for the diagnosis; consider alternative/context-specific links before finalising a care plan.,Compatibility primary selected for the diagnosis; consider alternative/context-specific links before finalising a care plan.,Mapeamento primário de compatibilidade selecionado para o diagnóstico; considerar vínculos alternativos/específicos ao contexto antes de finalizar o plano de cuidados.,high,curated_current_edition,es,Institutional Spanish NIC 8th edition source reviewed; current code/label cross-check against NIC 8th current classification listing; https://www.salusplay.com/blog/clasificacion-completa-intervenciones-enfermeria-nic-2024/,,2026-09-07,"Selection remains patient/context dependent; use the licensed classification definitions, activities/indicators and scales."
00328,NOC,0303,Self-Care Behaviour: Eating,Comportamento de Autocuidado: Alimentação,"Nursing Outcomes Classification (NOC), 7th edition",primary,Compatibility primary selected for the diagnosis; consider alternative/context-specific links before finalising a care plan.,Compatibility primary selected for the diagnosis; consider alternative/context-specific links before finalising a care plan.,Mapeamento primário de compatibilidade selecionado para o diagnóstico; considerar vínculos alternativos/específicos ao contexto antes de finalizar o plano de cuidados.,high,curated_current_edition,es,Institutional Spanish NOC 7th edition source reviewed; current code/label cross-check against NOC 7th current classification listing; https://www.salusplay.com/apuntes/pae-y-diagnosticos-de-enfermeria-nanda-noc-y-nic/anexo-2-clasificacion-completa-de-resultados-de-enfermeria-noc-2024-8,,2026-09-07,"Selection remains patient/context dependent; use the licensed classification definitions, activities/indicators and scales."
00329,NIC,1804,Self-Care Assistance: Toileting,Assistência no Autocuidado: Uso do Banheiro,"Nursing Interventions Classification (NIC), 8th edition",primary,Compatibility primary selected for the diagnosis; consider alternative/context-specific links before finalising a care plan.,Compatibility primary selected for the diagnosis; consider alternative/context-specific links before finalising a care plan.,Mapeamento primário de compatibilidade selecionado para o diagnóstico; considerar vínculos alternativos/específicos ao contexto antes de finalizar o plano de cuidados.,high,curated_current_edition,es,Institutional Spanish NIC 8th edition source reviewed; current code/label cross-check against NIC 8th current classification listing; https://www.salusplay.com/blog/clasificacion-completa-intervenciones-enfermeria-nic-2024/,,2026-09-07,"Selection remains patient/context dependent; use the licensed classification definitions, activities/indicators and scales."
00329,NOC,0310,Self-Care Behaviour: Toileting,Comportamento de Autocuidado: Uso do Banheiro,"Nursing Outcomes Classification (NOC), 7th edition",primary,Compatibility primary selected for the diagnosis; consider alternative/context-specific links before finalising a care plan.,Compatibility primary selected for the diagnosis; consider alternative/context-specific links before finalising a care plan.,Mapeamento primário de compatibilidade selecionado para o diagnóstico; considerar vínculos alternativos/específicos ao contexto antes de finalizar o plano de cuidados.,high,curated_current_edition,es,Institutional Spanish NOC 7th edition source reviewed; current code/label cross-check against NOC 7th current classification listing; https://www.salusplay.com/apuntes/pae-y-diagnosticos-de-enfermeria-nanda-noc-y-nic/anexo-2-clasificacion-completa-de-resultados-de-enfermeria-noc-2024-8,,2026-09-07,"Selection remains patient/context dependent; use the licensed classification definitions, activities/indicators and scales."
00330,NIC,1802,Self-Care Assistance: Dressing/Grooming,Assistência no Autocuidado: Vestir-se/Arrumar-se,"Nursing Interventions Classification (NIC), 8th edition",primary,Compatibility primary selected for the diagnosis; consider alternative/context-specific links before finalising a care plan.,Compatibility primary selected for the diagnosis; consider alternative/context-specific links before finalising a care plan.,Mapeamento primário de compatibilidade selecionado para o diagnóstico; considerar vínculos alternativos/específicos ao contexto antes de finalizar o plano de cuidados.,high,curated_current_edition,es,Institutional Spanish NIC 8th edition source reviewed; current code/label cross-check against NIC 8th current classification listing; https://www.salusplay.com/blog/clasificacion-completa-intervenciones-enfermeria-nic-2024/,,2026-09-07,"Selection remains patient/context dependent; use the licensed classification definitions, activities/indicators and scales."
00330,NOC,0305,Self-Care Behaviour: Hygiene,Comportamento de Autocuidado: Higiene,"Nursing Outcomes Classification (NOC), 7th edition",primary,Compatibility primary selected for the diagnosis; consider alternative/context-specific links before finalising a care plan.,Compatibility primary selected for the diagnosis; consider alternative/context-specific links before finalising a care plan.,Mapeamento primário de compatibilidade selecionado para o diagnóstico; considerar vínculos alternativos/específicos ao contexto antes de finalizar o plano de cuidados.,high,curated_current_edition,es,Institutional Spanish NOC 7th edition source reviewed; current code/label cross-check against NOC 7th current classification listing; https://www.salusplay.com/apuntes/pae-y-diagnosticos-de-enfermeria-nanda-noc-y-nic/anexo-2-clasificacion-completa-de-resultados-de-enfermeria-noc-2024-8,,2026-09-07,"Selection remains patient/context dependent; use the licensed classification definitions, activities/indicators and scales."
00331,NIC,1800,Self-Care Assistance,Assistência no Autocuidado,"Nursing Interventions Classification (NIC), 8th edition",primary,Compatibility primary selected for the diagnosis; consider alternative/context-specific links before finalising a care plan.,Compatibility primary selected for the diagnosis; consider alternative/context-specific links before finalising a care plan.,Mapeamento primário de compatibilidade selecionado para o diagnóstico; considerar vínculos alternativos/específicos ao contexto antes de finalizar o plano de cuidados.,high,curated_current_edition,es,Institutional Spanish NIC 8th edition source reviewed; current code/label cross-check against NIC 8th current classification listing; https://www.salusplay.com/blog/clasificacion-completa-intervenciones-enfermeria-nic-2024/,,2026-09-07,"Selection remains patient/context dependent; use the licensed classification definitions, activities/indicators and scales."
00331,NOC,0300,Self-Care Behaviour: Activities of Daily Living,Comportamento de Autocuidado: Atividades de Vida Diária,"Nursing Outcomes Classification (NOC), 7th edition",primary,Compatibility primary selected for the diagnosis; consider alternative/context-specific links before finalising a care plan.,Compatibility primary selected for the diagnosis; consider alternative/context-specific links before finalising a care plan.,Mapeamento primário de compatibilidade selecionado para o diagnóstico; considerar vínculos alternativos/específicos ao contexto antes de finalizar o plano de cuidados.,high,curated_current_edition,es,Institutional Spanish NOC 7th edition source reviewed; current code/label cross-check against NOC 7th current classification listing; https://www.salusplay.com/apuntes/pae-y-diagnosticos-de-enfermeria-nanda-noc-y-nic/anexo-2-clasificacion-completa-de-resultados-de-enfermeria-noc-2024-8,,2026-09-07,"Selection remains patient/context dependent; use the licensed classification definitions, activities/indicators and scales."
00332,NIC,1800,Self-Care Assistance,Assistência no Autocuidado,"Nursing Interventions Classification (NIC), 8th edition",primary,Compatibility primary selected for the diagnosis; consider alternative/context-specific links before finalising a care plan.,Compatibility primary selected for the diagnosis; consider alternative/context-specific links before finalising a care plan.,Mapeamento primário de compatibilidade selecionado para o diagnóstico; considerar vínculos alternativos/específicos ao contexto antes de finalizar o plano de cuidados.,high,curated_current_edition,es,Institutional Spanish NIC 8th edition source reviewed; current code/label cross-check against NIC 8th current classification listing; https://www.salusplay.com/blog/clasificacion-completa-intervenciones-enfermeria-nic-2024/,,2026-09-07,"Selection remains patient/context dependent; use the licensed classification definitions, activities/indicators and scales."
00332,NOC,0300,Self-Care Behaviour: Activities of Daily Living,Comportamento de Autocuidado: Atividades de Vida Diária,"Nursing Outcomes Classification (NOC), 7th edition",primary,Compatibility primary selected for the diagnosis; consider alternative/context-specific links before finalising a care plan.,Compatibility primary selected for the diagnosis; consider alternative/context-specific links before finalising a care plan.,Mapeamento primário de compatibilidade selecionado para o diagnóstico; considerar vínculos alternativos/específicos ao contexto antes de finalizar o plano de cuidados.,high,curated_current_edition,es,Institutional Spanish NOC 7th edition source reviewed; current code/label cross-check against NOC 7th current classification listing; https://www.salusplay.com/apuntes/pae-y-diagnosticos-de-enfermeria-nanda-noc-y-nic/anexo-2-clasificacion-completa-de-resultados-de-enfermeria-noc-2024-8,,2026-09-07,"Selection remains patient/context dependent; use the licensed classification definitions, activities/indicators and scales."
00333,NIC,5244,Breastfeeding Counselling,Aconselhamento sobre Amamentação,"Nursing Interventions Classification (NIC), 8th edition",primary,Compatibility primary selected for the diagnosis; consider alternative/context-specific links before finalising a care plan.,Compatibility primary selected for the diagnosis; consider alternative/context-specific links before finalising a care plan.,Mapeamento primário de compatibilidade selecionado para o diagnóstico; considerar vínculos alternativos/específicos ao contexto antes de finalizar o plano de cuidados.,high,current_edition_verified,es,Institutional Spanish NIC 8th edition source reviewed; current code/label cross-check against NIC 8th current classification listing; https://www.salusplay.com/blog/clasificacion-completa-intervenciones-enfermeria-nic-2024/,,2026-09-07,"Selection remains patient/context dependent; use the licensed classification definitions, activities/indicators and scales."
00333,NOC,1001,Breastfeeding Establishment: Maternal,Estabelecimento da Amamentação: Materno,"Nursing Outcomes Classification (NOC), 7th edition",primary,Compatibility primary selected for the diagnosis; consider alternative/context-specific links before finalising a care plan.,Compatibility primary selected for the diagnosis; consider alternative/context-specific links before finalising a care plan.,Mapeamento primário de compatibilidade selecionado para o diagnóstico; considerar vínculos alternativos/específicos ao contexto antes de finalizar o plano de cuidados.,high,curated_current_edition,es,Institutional Spanish NOC 7th edition source reviewed; current code/label cross-check against NOC 7th current classification listing; https://www.salusplay.com/apuntes/pae-y-diagnosticos-de-enfermeria-nanda-noc-y-nic/anexo-2-clasificacion-completa-de-resultados-de-enfermeria-noc-2024-8,,2026-09-07,"Selection remains patient/context dependent; use the licensed classification definitions, activities/indicators and scales."
00333,NOC,1002,Breastfeeding Maintenance,Manutenção da Amamentação,"Nursing Outcomes Classification (NOC), 7th edition",alternative,Use after breastfeeding has been established and maintenance is the target.,Use after breastfeeding has been established and maintenance is the target.,"Usar após a amamentação estar estabelecida, quando a manutenção for o objetivo.",high,contextual_current_edition,es,Institutional Spanish NOC 7th edition source reviewed; current code/label cross-check against NOC 7th current classification listing; https://www.salusplay.com/apuntes/pae-y-diagnosticos-de-enfermeria-nanda-noc-y-nic/anexo-2-clasificacion-completa-de-resultados-de-enfermeria-noc-2024-8,,2026-09-07,"Selection remains patient/context dependent; use the licensed classification definitions, activities/indicators and scales."
00334,NIC,5244,Breastfeeding Counselling,Aconselhamento sobre Amamentação,"Nursing Interventions Classification (NIC), 8th edition",primary,Compatibility primary selected for the diagnosis; consider alternative/context-specific links before finalising a care plan.,Compatibility primary selected for the diagnosis; consider alternative/context-specific links before finalising a care plan.,Mapeamento primário de compatibilidade selecionado para o diagnóstico; considerar vínculos alternativos/específicos ao contexto antes de finalizar o plano de cuidados.,high,current_edition_verified,es,Institutional Spanish NIC 8th edition source reviewed; current code/label cross-check against NIC 8th current classification listing; https://www.salusplay.com/blog/clasificacion-completa-intervenciones-enfermeria-nic-2024/,,2026-09-07,"Selection remains patient/context dependent; use the licensed classification definitions, activities/indicators and scales."
00334,NOC,1001,Breastfeeding Establishment: Maternal,Estabelecimento da Amamentação: Materno,"Nursing Outcomes Classification (NOC), 7th edition",primary,Compatibility primary selected for the diagnosis; consider alternative/context-specific links before finalising a care plan.,Compatibility primary selected for the diagnosis; consider alternative/context-specific links before finalising a care plan.,Mapeamento primário de compatibilidade selecionado para o diagnóstico; considerar vínculos alternativos/específicos ao contexto antes de finalizar o plano de cuidados.,high,curated_current_edition,es,Institutional Spanish NOC 7th edition source reviewed; current code/label cross-check against NOC 7th current classification listing; https://www.salusplay.com/apuntes/pae-y-diagnosticos-de-enfermeria-nanda-noc-y-nic/anexo-2-clasificacion-completa-de-resultados-de-enfermeria-noc-2024-8,,2026-09-07,"Selection remains patient/context dependent; use the licensed classification definitions, activities/indicators and scales."
00334,NOC,1002,Breastfeeding Maintenance,Manutenção da Amamentação,"Nursing Outcomes Classification (NOC), 7th edition",alternative,Use when maintenance of breastfeeding is the clinically relevant prevention target.,Use when maintenance of breastfeeding is the clinically relevant prevention target.,Usar quando a manutenção da amamentação for o objetivo de prevenção clinicamente relevante.,high,contextual_current_edition,es,Institutional Spanish NOC 7th edition source reviewed; current code/label cross-check against NOC 7th current classification listing; https://www.salusplay.com/apuntes/pae-y-diagnosticos-de-enfermeria-nanda-noc-y-nic/anexo-2-clasificacion-completa-de-resultados-de-enfermeria-noc-2024-8,,2026-09-07,"Selection remains patient/context dependent; use the licensed classification definitions, activities/indicators and scales."
00335,NIC,5100,Socialization Enhancement,Melhora da Socialização,"Nursing Interventions Classification (NIC), 8th edition",primary,Compatibility primary selected for the diagnosis; consider alternative/context-specific links before finalising a care plan.,Compatibility primary selected for the diagnosis; consider alternative/context-specific links before finalising a care plan.,Mapeamento primário de compatibilidade selecionado para o diagnóstico; considerar vínculos alternativos/específicos ao contexto antes de finalizar o plano de cuidados.,high,curated_current_edition,es,Institutional Spanish NIC 8th edition source reviewed; current code/label cross-check against NIC 8th current classification listing; https://www.salusplay.com/blog/clasificacion-completa-intervenciones-enfermeria-nic-2024/,,2026-09-07,"Selection remains patient/context dependent; use the licensed classification definitions, activities/indicators and scales."
00335,NOC,1203,Loneliness Severity,Gravidade da Solidão,"Nursing Outcomes Classification (NOC), 7th edition",primary,Compatibility primary selected for the diagnosis; consider alternative/context-specific links before finalising a care plan.,Compatibility primary selected for the diagnosis; consider alternative/context-specific links before finalising a care plan.,Mapeamento primário de compatibilidade selecionado para o diagnóstico; considerar vínculos alternativos/específicos ao contexto antes de finalizar o plano de cuidados.,high,curated_current_edition,es,Institutional Spanish NOC 7th edition source reviewed; current code/label cross-check against NOC 7th current classification listing; https://www.salusplay.com/apuntes/pae-y-diagnosticos-de-enfermeria-nanda-noc-y-nic/anexo-2-clasificacion-completa-de-resultados-de-enfermeria-noc-2024-8,,2026-09-07,"Selection remains patient/context dependent; use the licensed classification definitions, activities/indicators and scales."
00336,NIC,6610,Risk Identification,Identificação de Risco,"Nursing Interventions Classification (NIC), 8th edition",primary,Compatibility primary selected for the diagnosis; consider alternative/context-specific links before finalising a care plan.,Compatibility primary selected for the diagnosis; consider alternative/context-specific links before finalising a care plan.,Mapeamento primário de compatibilidade selecionado para o diagnóstico; considerar vínculos alternativos/específicos ao contexto antes de finalizar o plano de cuidados.,high,curated_current_edition,es,Institutional Spanish NIC 8th edition source reviewed; current code/label cross-check against NIC 8th current classification listing; https://www.salusplay.com/blog/clasificacion-completa-intervenciones-enfermeria-nic-2024/,,2026-09-07,"Selection remains patient/context dependent; use the licensed classification definitions, activities/indicators and scales."
00336,NOC,1908,Risk Detection,Detecção de Risco,"Nursing Outcomes Classification (NOC), 7th edition",primary,Compatibility primary selected for the diagnosis; consider alternative/context-specific links before finalising a care plan.,Compatibility primary selected for the diagnosis; consider alternative/context-specific links before finalising a care plan.,Mapeamento primário de compatibilidade selecionado para o diagnóstico; considerar vínculos alternativos/específicos ao contexto antes de finalizar o plano de cuidados.,high,curated_current_edition,es,Institutional Spanish NOC 7th edition source reviewed; current code/label cross-check against NOC 7th current classification listing; https://www.salusplay.com/apuntes/pae-y-diagnosticos-de-enfermeria-nanda-noc-y-nic/anexo-2-clasificacion-completa-de-resultados-de-enfermeria-noc-2024-8,,2026-09-07,"Selection remains patient/context dependent; use the licensed classification definitions, activities/indicators and scales."
00337,NIC,1850,Sleep Enhancement,Melhora do Sono,"Nursing Interventions Classification (NIC), 8th edition",primary,Compatibility primary selected for the diagnosis; consider alternative/context-specific links before finalising a care plan.,Compatibility primary selected for the diagnosis; consider alternative/context-specific links before finalising a care plan.,Mapeamento primário de compatibilidade selecionado para o diagnóstico; considerar vínculos alternativos/específicos ao contexto antes de finalizar o plano de cuidados.,high,curated_current_edition,es,Institutional Spanish NIC 8th edition source reviewed; current code/label cross-check against NIC 8th current classification listing; https://www.salusplay.com/blog/clasificacion-completa-intervenciones-enfermeria-nic-2024/,,2026-09-07,"Selection remains patient/context dependent; use the licensed classification definitions, activities/indicators and scales."
00337,NOC,0004,Sleep,Sono,"Nursing Outcomes Classification (NOC), 7th edition",primary,Compatibility primary selected for the diagnosis; consider alternative/context-specific links before finalising a care plan.,Compatibility primary selected for the diagnosis; consider alternative/context-specific links before finalising a care plan.,Mapeamento primário de compatibilidade selecionado para o diagnóstico; considerar vínculos alternativos/específicos ao contexto antes de finalizar o plano de cuidados.,high,curated_current_edition,es,Institutional Spanish NOC 7th edition source reviewed; current code/label cross-check against NOC 7th current classification listing; https://www.salusplay.com/apuntes/pae-y-diagnosticos-de-enfermeria-nanda-noc-y-nic/anexo-2-clasificacion-completa-de-resultados-de-enfermeria-noc-2024-8,,2026-09-07,"Selection remains patient/context dependent; use the licensed classification definitions, activities/indicators and scales."
00338,NIC,5395,Self-Efficacy Enhancement,Melhora da Autoeficácia,"Nursing Interventions Classification (NIC), 8th edition",primary,Compatibility primary selected for the diagnosis; consider alternative/context-specific links before finalising a care plan.,Compatibility primary selected for the diagnosis; consider alternative/context-specific links before finalising a care plan.,Mapeamento primário de compatibilidade selecionado para o diagnóstico; considerar vínculos alternativos/específicos ao contexto antes de finalizar o plano de cuidados.,high,curated_current_edition,es,Institutional Spanish NIC 8th edition source reviewed; current code/label cross-check against NIC 8th current classification listing; https://www.salusplay.com/blog/clasificacion-completa-intervenciones-enfermeria-nic-2024/,,2026-09-07,"Selection remains patient/context dependent; use the licensed classification definitions, activities/indicators and scales."
00338,NOC,1701,Health Beliefs: Perceived Ability to Perform,Crenças de Saúde: Capacidade Percebida para Agir,"Nursing Outcomes Classification (NOC), 7th edition",primary,Compatibility primary selected for the diagnosis; consider alternative/context-specific links before finalising a care plan.,Compatibility primary selected for the diagnosis; consider alternative/context-specific links before finalising a care plan.,Mapeamento primário de compatibilidade selecionado para o diagnóstico; considerar vínculos alternativos/específicos ao contexto antes de finalizar o plano de cuidados.,high,curated_current_edition,es,Institutional Spanish NOC 7th edition source reviewed; current code/label cross-check against NOC 7th current classification listing; https://www.salusplay.com/apuntes/pae-y-diagnosticos-de-enfermeria-nanda-noc-y-nic/anexo-2-clasificacion-completa-de-resultados-de-enfermeria-noc-2024-8,,2026-09-07,"Selection remains patient/context dependent; use the licensed classification definitions, activities/indicators and scales."
00339,NIC,5515,Health Literacy Enhancement,Melhora da Literacia em Saúde,"Nursing Interventions Classification (NIC), 8th edition",primary,Compatibility primary selected for the diagnosis; consider alternative/context-specific links before finalising a care plan.,Compatibility primary selected for the diagnosis; consider alternative/context-specific links before finalising a care plan.,Mapeamento primário de compatibilidade selecionado para o diagnóstico; considerar vínculos alternativos/específicos ao contexto antes de finalizar o plano de cuidados.,high,curated_current_edition,es,Institutional Spanish NIC 8th edition source reviewed; current code/label cross-check against NIC 8th current classification listing; https://www.salusplay.com/blog/clasificacion-completa-intervenciones-enfermeria-nic-2024/,,2026-09-07,"Selection remains patient/context dependent; use the licensed classification definitions, activities/indicators and scales."
00339,NOC,2015,Health Literacy Behaviour,Comportamento de Literacia em Saúde,"Nursing Outcomes Classification (NOC), 7th edition",primary,Compatibility primary selected for the diagnosis; consider alternative/context-specific links before finalising a care plan.,Compatibility primary selected for the diagnosis; consider alternative/context-specific links before finalising a care plan.,Mapeamento primário de compatibilidade selecionado para o diagnóstico; considerar vínculos alternativos/específicos ao contexto antes de finalizar o plano de cuidados.,high,curated_current_edition,es,Institutional Spanish NOC 7th edition source reviewed; current code/label cross-check against NOC 7th current classification listing; https://www.salusplay.com/apuntes/pae-y-diagnosticos-de-enfermeria-nanda-noc-y-nic/anexo-2-clasificacion-completa-de-resultados-de-enfermeria-noc-2024-8,,2026-09-07,"Selection remains patient/context dependent; use the licensed classification definitions, activities/indicators and scales."
00340,NIC,8340,Resilience Promotion,Promoção da Resiliência,"Nursing Interventions Classification (NIC), 8th edition",primary,Compatibility primary selected for the diagnosis; consider alternative/context-specific links before finalising a care plan.,Compatibility primary selected for the diagnosis; consider alternative/context-specific links before finalising a care plan.,Mapeamento primário de compatibilidade selecionado para o diagnóstico; considerar vínculos alternativos/específicos ao contexto antes de finalizar o plano de cuidados.,moderate,curated_current_edition,es,Institutional Spanish NIC 8th edition source reviewed; current code/label cross-check against NIC 8th current classification listing; https://www.salusplay.com/blog/clasificacion-completa-intervenciones-enfermeria-nic-2024/,,2026-09-07,"Selection remains patient/context dependent; use the licensed classification definitions, activities/indicators and scales."
00340,NOC,0113,Physical Ageing,Envelhecimento Físico,"Nursing Outcomes Classification (NOC), 7th edition",primary,Compatibility primary selected for the diagnosis; consider alternative/context-specific links before finalising a care plan.,Compatibility primary selected for the diagnosis; consider alternative/context-specific links before finalising a care plan.,Mapeamento primário de compatibilidade selecionado para o diagnóstico; considerar vínculos alternativos/específicos ao contexto antes de finalizar o plano de cuidados.,moderate,curated_current_edition,es,Institutional Spanish NOC 7th edition source reviewed; current code/label cross-check against NOC 7th current classification listing; https://www.salusplay.com/apuntes/pae-y-diagnosticos-de-enfermeria-nanda-noc-y-nic/anexo-2-clasificacion-completa-de-resultados-de-enfermeria-noc-2024-8,,2026-09-07,"Selection remains patient/context dependent; use the licensed classification definitions, activities/indicators and scales."
00341,NIC,5440,Support System Enhancement,Melhora do Sistema de Apoio,"Nursing Interventions Classification (NIC), 8th edition",primary,Compatibility primary selected for the diagnosis; consider alternative/context-specific links before finalising a care plan.,Compatibility primary selected for the diagnosis; consider alternative/context-specific links before finalising a care plan.,Mapeamento primário de compatibilidade selecionado para o diagnóstico; considerar vínculos alternativos/específicos ao contexto antes de finalizar o plano de cuidados.,moderate,curated_current_edition,es,Institutional Spanish NIC 8th edition source reviewed; current code/label cross-check against NIC 8th current classification listing; https://www.salusplay.com/blog/clasificacion-completa-intervenciones-enfermeria-nic-2024/,,2026-09-07,"Selection remains patient/context dependent; use the licensed classification definitions, activities/indicators and scales."
00341,NOC,1504,Social Support,Apoio Social,"Nursing Outcomes Classification (NOC), 7th edition",primary,Compatibility primary selected for the diagnosis; consider alternative/context-specific links before finalising a care plan.,Compatibility primary selected for the diagnosis; consider alternative/context-specific links before finalising a care plan.,Mapeamento primário de compatibilidade selecionado para o diagnóstico; considerar vínculos alternativos/específicos ao contexto antes de finalizar o plano de cuidados.,moderate,curated_current_edition,es,Institutional Spanish NOC 7th edition source reviewed; current code/label cross-check against NOC 7th current classification listing; https://www.salusplay.com/apuntes/pae-y-diagnosticos-de-enfermeria-nanda-noc-y-nic/anexo-2-clasificacion-completa-de-resultados-de-enfermeria-noc-2024-8,,2026-09-07,"Selection remains patient/context dependent; use the licensed classification definitions, activities/indicators and scales."
00342,NIC,6482,Environmental Management: Comfort,Controle do Ambiente: Conforto,"Nursing Interventions Classification (NIC), 8th edition",primary,Compatibility primary selected for the diagnosis; consider alternative/context-specific links before finalising a care plan.,Compatibility primary selected for the diagnosis; consider alternative/context-specific links before finalising a care plan.,Mapeamento primário de compatibilidade selecionado para o diagnóstico; considerar vínculos alternativos/específicos ao contexto antes de finalizar o plano de cuidados.,moderate,curated_current_edition,es,Institutional Spanish NIC 8th edition source reviewed; current code/label cross-check against NIC 8th current classification listing; https://www.salusplay.com/blog/clasificacion-completa-intervenciones-enfermeria-nic-2024/,,2026-09-07,"Selection remains patient/context dependent; use the licensed classification definitions, activities/indicators and scales."
00342,NOC,2109,Discomfort Level,Nível de Desconforto,"Nursing Outcomes Classification (NOC), 7th edition",primary,Compatibility primary selected for the diagnosis; consider alternative/context-specific links before finalising a care plan.,Compatibility primary selected for the diagnosis; consider alternative/context-specific links before finalising a care plan.,Mapeamento primário de compatibilidade selecionado para o diagnóstico; considerar vínculos alternativos/específicos ao contexto antes de finalizar o plano de cuidados.,moderate,curated_current_edition,es,Institutional Spanish NOC 7th edition source reviewed; current code/label cross-check against NOC 7th current classification listing; https://www.salusplay.com/apuntes/pae-y-diagnosticos-de-enfermeria-nanda-noc-y-nic/anexo-2-clasificacion-completa-de-resultados-de-enfermeria-noc-2024-8,,2026-09-07,"Selection remains patient/context dependent; use the licensed classification definitions, activities/indicators and scales."
00343,NIC,1100,Nutrition Management,Controle da Nutrição,"Nursing Interventions Classification (NIC), 8th edition",primary,Compatibility primary selected for the diagnosis; consider alternative/context-specific links before finalising a care plan.,Compatibility primary selected for the diagnosis; consider alternative/context-specific links before finalising a care plan.,Mapeamento primário de compatibilidade selecionado para o diagnóstico; considerar vínculos alternativos/específicos ao contexto antes de finalizar o plano de cuidados.,high,curated_current_edition,es,Institutional Spanish NIC 8th edition source reviewed; current code/label cross-check against NIC 8th current classification listing; https://www.salusplay.com/blog/clasificacion-completa-intervenciones-enfermeria-nic-2024/,,2026-09-07,"Selection remains patient/context dependent; use the licensed classification definitions, activities/indicators and scales."
00343,NOC,1004,Nutritional Status,Estado Nutricional,"Nursing Outcomes Classification (NOC), 7th edition",primary,Compatibility primary selected for the diagnosis; consider alternative/context-specific links before finalising a care plan.,Compatibility primary selected for the diagnosis; consider alternative/context-specific links before finalising a care plan.,Mapeamento primário de compatibilidade selecionado para o diagnóstico; considerar vínculos alternativos/específicos ao contexto antes de finalizar o plano de cuidados.,high,curated_current_edition,es,Institutional Spanish NOC 7th edition source reviewed; current code/label cross-check against NOC 7th current classification listing; https://www.salusplay.com/apuntes/pae-y-diagnosticos-de-enfermeria-nanda-noc-y-nic/anexo-2-clasificacion-completa-de-resultados-de-enfermeria-noc-2024-8,,2026-09-07,"Selection remains patient/context dependent; use the licensed classification definitions, activities/indicators and scales."
00344,NIC,0430,Bowel Management,Controle Intestinal,"Nursing Interventions Classification (NIC), 8th edition",primary,Compatibility primary selected for the diagnosis; consider alternative/context-specific links before finalising a care plan.,Compatibility primary selected for the diagnosis; consider alternative/context-specific links before finalising a care plan.,Mapeamento primário de compatibilidade selecionado para o diagnóstico; considerar vínculos alternativos/específicos ao contexto antes de finalizar o plano de cuidados.,high,curated_current_edition,es,Institutional Spanish NIC 8th edition source reviewed; current code/label cross-check against NIC 8th current classification listing; https://www.salusplay.com/blog/clasificacion-completa-intervenciones-enfermeria-nic-2024/,,2026-09-07,"Selection remains patient/context dependent; use the licensed classification definitions, activities/indicators and scales."
00344,NOC,0501,Bowel Elimination,Eliminação Intestinal,"Nursing Outcomes Classification (NOC), 7th edition",primary,Compatibility primary selected for the diagnosis; consider alternative/context-specific links before finalising a care plan.,Compatibility primary selected for the diagnosis; consider alternative/context-specific links before finalising a care plan.,Mapeamento primário de compatibilidade selecionado para o diagnóstico; considerar vínculos alternativos/específicos ao contexto antes de finalizar o plano de cuidados.,high,curated_current_edition,es,Institutional Spanish NOC 7th edition source reviewed; current code/label cross-check against NOC 7th current classification listing; https://www.salusplay.com/apuntes/pae-y-diagnosticos-de-enfermeria-nanda-noc-y-nic/anexo-2-clasificacion-completa-de-resultados-de-enfermeria-noc-2024-8,,2026-09-07,"Selection remains patient/context dependent; use the licensed classification definitions, activities/indicators and scales."
00345,NIC,0410,Bowel Incontinence Care,Cuidados na Incontinência Intestinal,"Nursing Interventions Classification (NIC), 8th edition",primary,Compatibility primary selected for the diagnosis; consider alternative/context-specific links before finalising a care plan.,Compatibility primary selected for the diagnosis; consider alternative/context-specific links before finalising a care plan.,Mapeamento primário de compatibilidade selecionado para o diagnóstico; considerar vínculos alternativos/específicos ao contexto antes de finalizar o plano de cuidados.,high,curated_current_edition,es,Institutional Spanish NIC 8th edition source reviewed; current code/label cross-check against NIC 8th current classification listing; https://www.salusplay.com/blog/clasificacion-completa-intervenciones-enfermeria-nic-2024/,,2026-09-07,"Selection remains patient/context dependent; use the licensed classification definitions, activities/indicators and scales."
00345,NOC,0500,Bowel Continence,Continência Intestinal,"Nursing Outcomes Classification (NOC), 7th edition",primary,Compatibility primary selected for the diagnosis; consider alternative/context-specific links before finalising a care plan.,Compatibility primary selected for the diagnosis; consider alternative/context-specific links before finalising a care plan.,Mapeamento primário de compatibilidade selecionado para o diagnóstico; considerar vínculos alternativos/específicos ao contexto antes de finalizar o plano de cuidados.,high,curated_current_edition,es,Institutional Spanish NOC 7th edition source reviewed; current code/label cross-check against NOC 7th current classification listing; https://www.salusplay.com/apuntes/pae-y-diagnosticos-de-enfermeria-nanda-noc-y-nic/anexo-2-clasificacion-completa-de-resultados-de-enfermeria-noc-2024-8,,2026-09-07,"Selection remains patient/context dependent; use the licensed classification definitions, activities/indicators and scales."
00346,NIC,0430,Bowel Management,Controle Intestinal,"Nursing Interventions Classification (NIC), 8th edition",primary,Compatibility primary selected for the diagnosis; consider alternative/context-specific links before finalising a care plan.,Compatibility primary selected for the diagnosis; consider alternative/context-specific links before finalising a care plan.,Mapeamento primário de compatibilidade selecionado para o diagnóstico; considerar vínculos alternativos/específicos ao contexto antes de finalizar o plano de cuidados.,high,curated_current_edition,es,Institutional Spanish NIC 8th edition source reviewed; current code/label cross-check against NIC 8th current classification listing; https://www.salusplay.com/blog/clasificacion-completa-intervenciones-enfermeria-nic-2024/,,2026-09-07,"Selection remains patient/context dependent; use the licensed classification definitions, activities/indicators and scales."
00346,NOC,0501,Bowel Elimination,Eliminação Intestinal,"Nursing Outcomes Classification (NOC), 7th edition",primary,Compatibility primary selected for the diagnosis; consider alternative/context-specific links before finalising a care plan.,Compatibility primary selected for the diagnosis; consider alternative/context-specific links before finalising a care plan.,Mapeamento primário de compatibilidade selecionado para o diagnóstico; considerar vínculos alternativos/específicos ao contexto antes de finalizar o plano de cuidados.,high,curated_current_edition,es,Institutional Spanish NOC 7th edition source reviewed; current code/label cross-check against NOC 7th current classification listing; https://www.salusplay.com/apuntes/pae-y-diagnosticos-de-enfermeria-nanda-noc-y-nic/anexo-2-clasificacion-completa-de-resultados-de-enfermeria-noc-2024-8,,2026-09-07,"Selection remains patient/context dependent; use the licensed classification definitions, activities/indicators and scales."
00347,NIC,5244,Breastfeeding Counselling,Aconselhamento sobre Amamentação,"Nursing Interventions Classification (NIC), 8th edition",primary,Compatibility primary selected for the diagnosis; consider alternative/context-specific links before finalising a care plan.,Compatibility primary selected for the diagnosis; consider alternative/context-specific links before finalising a care plan.,Mapeamento primário de compatibilidade selecionado para o diagnóstico; considerar vínculos alternativos/específicos ao contexto antes de finalizar o plano de cuidados.,high,current_edition_verified,es,Institutional Spanish NIC 8th edition source reviewed; current code/label cross-check against NIC 8th current classification listing; https://www.salusplay.com/blog/clasificacion-completa-intervenciones-enfermeria-nic-2024/,,2026-09-07,"Selection remains patient/context dependent; use the licensed classification definitions, activities/indicators and scales."
00347,NOC,1000,Breastfeeding Establishment: Infant,Estabelecimento da Amamentação: Lactente,"Nursing Outcomes Classification (NOC), 7th edition",primary,Compatibility primary selected for the diagnosis; consider alternative/context-specific links before finalising a care plan.,Compatibility primary selected for the diagnosis; consider alternative/context-specific links before finalising a care plan.,Mapeamento primário de compatibilidade selecionado para o diagnóstico; considerar vínculos alternativos/específicos ao contexto antes de finalizar o plano de cuidados.,high,curated_current_edition,es,Institutional Spanish NOC 7th edition source reviewed; current code/label cross-check against NOC 7th current classification listing; https://www.salusplay.com/apuntes/pae-y-diagnosticos-de-enfermeria-nanda-noc-y-nic/anexo-2-clasificacion-completa-de-resultados-de-enfermeria-noc-2024-8,,2026-09-07,"Selection remains patient/context dependent; use the licensed classification definitions, activities/indicators and scales."
00347,NOC,1002,Breastfeeding Maintenance,Manutenção da Amamentação,"Nursing Outcomes Classification (NOC), 7th edition",alternative,Use when maintaining an established breastfeeding pattern is the target.,Use when maintaining an established breastfeeding pattern is the target.,Usar quando o objetivo for manter um padrão de amamentação já estabelecido.,high,contextual_current_edition,es,Institutional Spanish NOC 7th edition source reviewed; current code/label cross-check against NOC 7th current classification listing; https://www.salusplay.com/apuntes/pae-y-diagnosticos-de-enfermeria-nanda-noc-y-nic/anexo-2-clasificacion-completa-de-resultados-de-enfermeria-noc-2024-8,,2026-09-07,"Selection remains patient/context dependent; use the licensed classification definitions, activities/indicators and scales."
00348,NIC,1160,Nutritional Monitoring,Monitoração Nutricional,"Nursing Interventions Classification (NIC), 8th edition",primary,Compatibility primary selected for the diagnosis; consider alternative/context-specific links before finalising a care plan.,Compatibility primary selected for the diagnosis; consider alternative/context-specific links before finalising a care plan.,Mapeamento primário de compatibilidade selecionado para o diagnóstico; considerar vínculos alternativos/específicos ao contexto antes de finalizar o plano de cuidados.,high,curated_current_edition,es,Institutional Spanish NIC 8th edition source reviewed; current code/label cross-check against NIC 8th current classification listing; https://www.salusplay.com/blog/clasificacion-completa-intervenciones-enfermeria-nic-2024/,,2026-09-07,"Selection remains patient/context dependent; use the licensed classification definitions, activities/indicators and scales."
00348,NOC,0110,Growth,Crescimento,"Nursing Outcomes Classification (NOC), 7th edition",primary,Compatibility primary selected for the diagnosis; consider alternative/context-specific links before finalising a care plan.,Compatibility primary selected for the diagnosis; consider alternative/context-specific links before finalising a care plan.,Mapeamento primário de compatibilidade selecionado para o diagnóstico; considerar vínculos alternativos/específicos ao contexto antes de finalizar o plano de cuidados.,high,curated_current_edition,es,Institutional Spanish NOC 7th edition source reviewed; current code/label cross-check against NOC 7th current classification listing; https://www.salusplay.com/apuntes/pae-y-diagnosticos-de-enfermeria-nanda-noc-y-nic/anexo-2-clasificacion-completa-de-resultados-de-enfermeria-noc-2024-8,,2026-09-07,"Selection remains patient/context dependent; use the licensed classification definitions, activities/indicators and scales."
00349,NIC,6800,High-Risk Pregnancy Care,Cuidados na Gestação de Alto Risco,"Nursing Interventions Classification (NIC), 8th edition",primary,Compatibility primary selected for the diagnosis; consider alternative/context-specific links before finalising a care plan.,Compatibility primary selected for the diagnosis; consider alternative/context-specific links before finalising a care plan.,Mapeamento primário de compatibilidade selecionado para o diagnóstico; considerar vínculos alternativos/específicos ao contexto antes de finalizar o plano de cuidados.,high,current_edition_verified,es,Institutional Spanish NIC 8th edition source reviewed; current code/label cross-check against NIC 8th current classification listing; https://www.salusplay.com/blog/clasificacion-completa-intervenciones-enfermeria-nic-2024/,,2026-09-07,"Selection remains patient/context dependent; use the licensed classification definitions, activities/indicators and scales."
00349,NIC,6771,Electronic Fetal Monitoring: Antepartum,Monitorização Fetal Eletrônica: Anteparto,"Nursing Interventions Classification (NIC), 8th edition",alternative,Antepartum fetal surveillance when clinically indicated.,Antepartum fetal surveillance when clinically indicated.,Usar para vigilância fetal anteparto quando clinicamente indicada.,high,contextual_current_edition,es,Institutional Spanish NIC 8th edition source reviewed; current code/label cross-check against NIC 8th current classification listing; https://www.salusplay.com/blog/clasificacion-completa-intervenciones-enfermeria-nic-2024/,,2026-09-07,"Selection remains patient/context dependent; use the licensed classification definitions, activities/indicators and scales."
00349,NIC,6834,Intrapartum Care: High-Risk Delivery,Cuidados Intraparto: Parto de Alto Risco,"Nursing Interventions Classification (NIC), 8th edition",alternative,High-risk intrapartum care when labour is underway.,High-risk intrapartum care when labour is underway.,Usar para cuidados intraparto de alto risco quando o trabalho de parto estiver em curso.,high,contextual_current_edition,es,Institutional Spanish NIC 8th edition source reviewed; current code/label cross-check against NIC 8th current classification listing; https://www.salusplay.com/blog/clasificacion-completa-intervenciones-enfermeria-nic-2024/,,2026-09-07,"Selection remains patient/context dependent; use the licensed classification definitions, activities/indicators and scales."
00349,NOC,2509,Maternal Status: Antepartum,Estado Materno: Anteparto,"Nursing Outcomes Classification (NOC), 7th edition",primary,Compatibility primary selected for the diagnosis; consider alternative/context-specific links before finalising a care plan.,Compatibility primary selected for the diagnosis; consider alternative/context-specific links before finalising a care plan.,Mapeamento primário de compatibilidade selecionado para o diagnóstico; considerar vínculos alternativos/específicos ao contexto antes de finalizar o plano de cuidados.,high,current_edition_verified,es,Institutional Spanish NOC 7th edition source reviewed; current code/label cross-check against NOC 7th current classification listing; https://www.salusplay.com/apuntes/pae-y-diagnosticos-de-enfermeria-nanda-noc-y-nic/anexo-2-clasificacion-completa-de-resultados-de-enfermeria-noc-2024-8,,2026-09-07,"Selection remains patient/context dependent; use the licensed classification definitions, activities/indicators and scales."
00349,NOC,0111,Fetal Status: Prenatal,Estado Fetal: Pré-Natal,"Nursing Outcomes Classification (NOC), 7th edition",alternative,Use when fetal prenatal status is the principal outcome.,Use when fetal prenatal status is the principal outcome.,Usar quando o estado fetal pré-natal for o principal desfecho.,high,contextual_current_edition,es,Institutional Spanish NOC 7th edition source reviewed; current code/label cross-check against NOC 7th current classification listing; https://www.salusplay.com/apuntes/pae-y-diagnosticos-de-enfermeria-nanda-noc-y-nic/anexo-2-clasificacion-completa-de-resultados-de-enfermeria-noc-2024-8,,2026-09-07,"Selection remains patient/context dependent; use the licensed classification definitions, activities/indicators and scales."
00349,NOC,0112,Fetal Status: Intrapartum,Estado Fetal: Durante o Parto,"Nursing Outcomes Classification (NOC), 7th edition",alternative,Use when fetal intrapartum status is the principal outcome.,Use when fetal intrapartum status is the principal outcome.,Usar quando o estado fetal durante o parto for o principal desfecho.,high,contextual_current_edition,es,Institutional Spanish NOC 7th edition source reviewed; current code/label cross-check against NOC 7th current classification listing; https://www.salusplay.com/apuntes/pae-y-diagnosticos-de-enfermeria-nanda-noc-y-nic/anexo-2-clasificacion-completa-de-resultados-de-enfermeria-noc-2024-8,,2026-09-07,"Selection remains patient/context dependent; use the licensed classification definitions, activities/indicators and scales."
00350,NIC,6610,Risk Identification,Identificação de Risco,"Nursing Interventions Classification (NIC), 8th edition",primary,Compatibility primary selected for the diagnosis; consider alternative/context-specific links before finalising a care plan.,Compatibility primary selected for the diagnosis; consider alternative/context-specific links before finalising a care plan.,Mapeamento primário de compatibilidade selecionado para o diagnóstico; considerar vínculos alternativos/específicos ao contexto antes de finalizar o plano de cuidados.,high,curated_current_edition,es,Institutional Spanish NIC 8th edition source reviewed; current code/label cross-check against NIC 8th current classification listing; https://www.salusplay.com/blog/clasificacion-completa-intervenciones-enfermeria-nic-2024/,,2026-09-07,"Selection remains patient/context dependent; use the licensed classification definitions, activities/indicators and scales."
00350,NOC,1908,Risk Detection,Detecção de Risco,"Nursing Outcomes Classification (NOC), 7th edition",primary,Compatibility primary selected for the diagnosis; consider alternative/context-specific links before finalising a care plan.,Compatibility primary selected for the diagnosis; consider alternative/context-specific links before finalising a care plan.,Mapeamento primário de compatibilidade selecionado para o diagnóstico; considerar vínculos alternativos/específicos ao contexto antes de finalizar o plano de cuidados.,high,curated_current_edition,es,Institutional Spanish NOC 7th edition source reviewed; current code/label cross-check against NOC 7th current classification listing; https://www.salusplay.com/apuntes/pae-y-diagnosticos-de-enfermeria-nanda-noc-y-nic/anexo-2-clasificacion-completa-de-resultados-de-enfermeria-noc-2024-8,,2026-09-07,"Selection remains patient/context dependent; use the licensed classification definitions, activities/indicators and scales."
00351,NIC,6610,Risk Identification,Identificação de Risco,"Nursing Interventions Classification (NIC), 8th edition",primary,Compatibility primary selected for the diagnosis; consider alternative/context-specific links before finalising a care plan.,Compatibility primary selected for the diagnosis; consider alternative/context-specific links before finalising a care plan.,Mapeamento primário de compatibilidade selecionado para o diagnóstico; considerar vínculos alternativos/específicos ao contexto antes de finalizar o plano de cuidados.,high,curated_current_edition,es,Institutional Spanish NIC 8th edition source reviewed; current code/label cross-check against NIC 8th current classification listing; https://www.salusplay.com/blog/clasificacion-completa-intervenciones-enfermeria-nic-2024/,,2026-09-07,"Selection remains patient/context dependent; use the licensed classification definitions, activities/indicators and scales."
00351,NOC,1908,Risk Detection,Detecção de Risco,"Nursing Outcomes Classification (NOC), 7th edition",primary,Compatibility primary selected for the diagnosis; consider alternative/context-specific links before finalising a care plan.,Compatibility primary selected for the diagnosis; consider alternative/context-specific links before finalising a care plan.,Mapeamento primário de compatibilidade selecionado para o diagnóstico; considerar vínculos alternativos/específicos ao contexto antes de finalizar o plano de cuidados.,high,curated_current_edition,es,Institutional Spanish NOC 7th edition source reviewed; current code/label cross-check against NOC 7th current classification listing; https://www.salusplay.com/apuntes/pae-y-diagnosticos-de-enfermeria-nanda-noc-y-nic/anexo-2-clasificacion-completa-de-resultados-de-enfermeria-noc-2024-8,,2026-09-07,"Selection remains patient/context dependent; use the licensed classification definitions, activities/indicators and scales."
00352,NIC,1710,Oral Health Maintenance,Manutenção da Saúde Oral,"Nursing Interventions Classification (NIC), 8th edition",primary,Compatibility primary selected for the diagnosis; consider alternative/context-specific links before finalising a care plan.,Compatibility primary selected for the diagnosis; consider alternative/context-specific links before finalising a care plan.,Mapeamento primário de compatibilidade selecionado para o diagnóstico; considerar vínculos alternativos/específicos ao contexto antes de finalizar o plano de cuidados.,moderate,curated_current_edition,es,Institutional Spanish NIC 8th edition source reviewed; current code/label cross-check against NIC 8th current classification listing; https://www.salusplay.com/blog/clasificacion-completa-intervenciones-enfermeria-nic-2024/,,2026-09-07,"Selection remains patient/context dependent; use the licensed classification definitions, activities/indicators and scales."
00352,NOC,1100,Oral Health,Saúde Oral,"Nursing Outcomes Classification (NOC), 7th edition",primary,Compatibility primary selected for the diagnosis; consider alternative/context-specific links before finalising a care plan.,Compatibility primary selected for the diagnosis; consider alternative/context-specific links before finalising a care plan.,Mapeamento primário de compatibilidade selecionado para o diagnóstico; considerar vínculos alternativos/específicos ao contexto antes de finalizar o plano de cuidados.,moderate,curated_current_edition,es,Institutional Spanish NOC 7th edition source reviewed; current code/label cross-check against NOC 7th current classification listing; https://www.salusplay.com/apuntes/pae-y-diagnosticos-de-enfermeria-nanda-noc-y-nic/anexo-2-clasificacion-completa-de-resultados-de-enfermeria-noc-2024-8,,2026-09-07,"Selection remains patient/context dependent; use the licensed classification definitions, activities/indicators and scales."
00353,NIC,0180,Energy Management,Controle de Energia,"Nursing Interventions Classification (NIC), 8th edition",primary,Compatibility primary selected for the diagnosis; consider alternative/context-specific links before finalising a care plan.,Compatibility primary selected for the diagnosis; consider alternative/context-specific links before finalising a care plan.,Mapeamento primário de compatibilidade selecionado para o diagnóstico; considerar vínculos alternativos/específicos ao contexto antes de finalizar o plano de cuidados.,high,curated_current_edition,es,Institutional Spanish NIC 8th edition source reviewed; current code/label cross-check against NIC 8th current classification listing; https://www.salusplay.com/blog/clasificacion-completa-intervenciones-enfermeria-nic-2024/,,2026-09-07,"Selection remains patient/context dependent; use the licensed classification definitions, activities/indicators and scales."
00353,NOC,0300,Self-Care Behaviour: Activities of Daily Living,Comportamento de Autocuidado: Atividades de Vida Diária,"Nursing Outcomes Classification (NOC), 7th edition",primary,Compatibility primary selected for the diagnosis; consider alternative/context-specific links before finalising a care plan.,Compatibility primary selected for the diagnosis; consider alternative/context-specific links before finalising a care plan.,Mapeamento primário de compatibilidade selecionado para o diagnóstico; considerar vínculos alternativos/específicos ao contexto antes de finalizar o plano de cuidados.,high,curated_current_edition,es,Institutional Spanish NOC 7th edition source reviewed; current code/label cross-check against NOC 7th current classification listing; https://www.salusplay.com/apuntes/pae-y-diagnosticos-de-enfermeria-nanda-noc-y-nic/anexo-2-clasificacion-completa-de-resultados-de-enfermeria-noc-2024-8,,2026-09-07,"Selection remains patient/context dependent; use the licensed classification definitions, activities/indicators and scales."
00355,NIC,0200,Exercise Promotion,Promoção do Exercício,"Nursing Interventions Classification (NIC), 8th edition",primary,Compatibility primary selected for the diagnosis; consider alternative/context-specific links before finalising a care plan.,Compatibility primary selected for the diagnosis; consider alternative/context-specific links before finalising a care plan.,Mapeamento primário de compatibilidade selecionado para o diagnóstico; considerar vínculos alternativos/específicos ao contexto antes de finalizar o plano de cuidados.,high,curated_current_edition,es,Institutional Spanish NIC 8th edition source reviewed; current code/label cross-check against NIC 8th current classification listing; https://www.salusplay.com/blog/clasificacion-completa-intervenciones-enfermeria-nic-2024/,,2026-09-07,"Selection remains patient/context dependent; use the licensed classification definitions, activities/indicators and scales."
00355,NOC,1633,Exercise Participation,Participação em Exercício,"Nursing Outcomes Classification (NOC), 7th edition",primary,Compatibility primary selected for the diagnosis; consider alternative/context-specific links before finalising a care plan.,Compatibility primary selected for the diagnosis; consider alternative/context-specific links before finalising a care plan.,Mapeamento primário de compatibilidade selecionado para o diagnóstico; considerar vínculos alternativos/específicos ao contexto antes de finalizar o plano de cuidados.,high,curated_current_edition,es,Institutional Spanish NOC 7th edition source reviewed; current code/label cross-check against NOC 7th current classification listing; https://www.salusplay.com/apuntes/pae-y-diagnosticos-de-enfermeria-nanda-noc-y-nic/anexo-2-clasificacion-completa-de-resultados-de-enfermeria-noc-2024-8,,2026-09-07,"Selection remains patient/context dependent; use the licensed classification definitions, activities/indicators and scales."
00356,NIC,8500,Community Health Development,Desenvolvimento da Saúde Comunitária,"Nursing Interventions Classification (NIC), 8th edition",primary,Compatibility primary selected for the diagnosis; consider alternative/context-specific links before finalising a care plan.,Compatibility primary selected for the diagnosis; consider alternative/context-specific links before finalising a care plan.,Mapeamento primário de compatibilidade selecionado para o diagnóstico; considerar vínculos alternativos/específicos ao contexto antes de finalizar o plano de cuidados.,high,curated_current_edition,es,Institutional Spanish NIC 8th edition source reviewed; current code/label cross-check against NIC 8th current classification listing; https://www.salusplay.com/blog/clasificacion-completa-intervenciones-enfermeria-nic-2024/,,2026-09-07,"Selection remains patient/context dependent; use the licensed classification definitions, activities/indicators and scales."
00356,NOC,2701,Community Health Status,Estado de Saúde da Comunidade,"Nursing Outcomes Classification (NOC), 7th edition",primary,Compatibility primary selected for the diagnosis; consider alternative/context-specific links before finalising a care plan.,Compatibility primary selected for the diagnosis; consider alternative/context-specific links before finalising a care plan.,Mapeamento primário de compatibilidade selecionado para o diagnóstico; considerar vínculos alternativos/específicos ao contexto antes de finalizar o plano de cuidados.,high,curated_current_edition,es,Institutional Spanish NOC 7th edition source reviewed; current code/label cross-check against NOC 7th current classification listing; https://www.salusplay.com/apuntes/pae-y-diagnosticos-de-enfermeria-nanda-noc-y-nic/anexo-2-clasificacion-completa-de-resultados-de-enfermeria-noc-2024-8,,2026-09-07,"Selection remains patient/context dependent; use the licensed classification definitions, activities/indicators and scales."
00357,NIC,0180,Energy Management,Controle de Energia,"Nursing Interventions Classification (NIC), 8th edition",primary,Compatibility primary selected for the diagnosis; consider alternative/context-specific links before finalising a care plan.,Compatibility primary selected for the diagnosis; consider alternative/context-specific links before finalising a care plan.,Mapeamento primário de compatibilidade selecionado para o diagnóstico; considerar vínculos alternativos/específicos ao contexto antes de finalizar o plano de cuidados.,high,curated_current_edition,es,Institutional Spanish NIC 8th edition source reviewed; current code/label cross-check against NIC 8th current classification listing; https://www.salusplay.com/blog/clasificacion-completa-intervenciones-enfermeria-nic-2024/,,2026-09-07,"Selection remains patient/context dependent; use the licensed classification definitions, activities/indicators and scales."
00357,NOC,0300,Self-Care Behaviour: Activities of Daily Living,Comportamento de Autocuidado: Atividades de Vida Diária,"Nursing Outcomes Classification (NOC), 7th edition",primary,Compatibility primary selected for the diagnosis; consider alternative/context-specific links before finalising a care plan.,Compatibility primary selected for the diagnosis; consider alternative/context-specific links before finalising a care plan.,Mapeamento primário de compatibilidade selecionado para o diagnóstico; considerar vínculos alternativos/específicos ao contexto antes de finalizar o plano de cuidados.,high,curated_current_edition,es,Institutional Spanish NOC 7th edition source reviewed; current code/label cross-check against NOC 7th current classification listing; https://www.salusplay.com/apuntes/pae-y-diagnosticos-de-enfermeria-nanda-noc-y-nic/anexo-2-clasificacion-completa-de-resultados-de-enfermeria-noc-2024-8,,2026-09-07,"Selection remains patient/context dependent; use the licensed classification definitions, activities/indicators and scales."
00358,NIC,5440,Support System Enhancement,Melhora do Sistema de Apoio,"Nursing Interventions Classification (NIC), 8th edition",primary,Compatibility primary selected for the diagnosis; consider alternative/context-specific links before finalising a care plan.,Compatibility primary selected for the diagnosis; consider alternative/context-specific links before finalising a care plan.,Mapeamento primário de compatibilidade selecionado para o diagnóstico; considerar vínculos alternativos/específicos ao contexto antes de finalizar o plano de cuidados.,high,curated_current_edition,es,Institutional Spanish NIC 8th edition source reviewed; current code/label cross-check against NIC 8th current classification listing; https://www.salusplay.com/blog/clasificacion-completa-intervenciones-enfermeria-nic-2024/,,2026-09-07,"Selection remains patient/context dependent; use the licensed classification definitions, activities/indicators and scales."
00358,NOC,1504,Social Support,Apoio Social,"Nursing Outcomes Classification (NOC), 7th edition",primary,Compatibility primary selected for the diagnosis; consider alternative/context-specific links before finalising a care plan.,Compatibility primary selected for the diagnosis; consider alternative/context-specific links before finalising a care plan.,Mapeamento primário de compatibilidade selecionado para o diagnóstico; considerar vínculos alternativos/específicos ao contexto antes de finalizar o plano de cuidados.,high,curated_current_edition,es,Institutional Spanish NOC 7th edition source reviewed; current code/label cross-check against NOC 7th current classification listing; https://www.salusplay.com/apuntes/pae-y-diagnosticos-de-enfermeria-nanda-noc-y-nic/anexo-2-clasificacion-completa-de-resultados-de-enfermeria-noc-2024-8,,2026-09-07,"Selection remains patient/context dependent; use the licensed classification definitions, activities/indicators and scales."
00359,NIC,1100,Nutrition Management,Controle da Nutrição,"Nursing Interventions Classification (NIC), 8th edition",primary,Compatibility primary selected for the diagnosis; consider alternative/context-specific links before finalising a care plan.,Compatibility primary selected for the diagnosis; consider alternative/context-specific links before finalising a care plan.,Mapeamento primário de compatibilidade selecionado para o diagnóstico; considerar vínculos alternativos/específicos ao contexto antes de finalizar o plano de cuidados.,high,curated_current_edition,es,Institutional Spanish NIC 8th edition source reviewed; current code/label cross-check against NIC 8th current classification listing; https://www.salusplay.com/blog/clasificacion-completa-intervenciones-enfermeria-nic-2024/,,2026-09-07,"Selection remains patient/context dependent; use the licensed classification definitions, activities/indicators and scales."
00359,NOC,1004,Nutritional Status,Estado Nutricional,"Nursing Outcomes Classification (NOC), 7th edition",primary,Compatibility primary selected for the diagnosis; consider alternative/context-specific links before finalising a care plan.,Compatibility primary selected for the diagnosis; consider alternative/context-specific links before finalising a care plan.,Mapeamento primário de compatibilidade selecionado para o diagnóstico; considerar vínculos alternativos/específicos ao contexto antes de finalizar o plano de cuidados.,high,curated_current_edition,es,Institutional Spanish NOC 7th edition source reviewed; current code/label cross-check against NOC 7th current classification listing; https://www.salusplay.com/apuntes/pae-y-diagnosticos-de-enfermeria-nanda-noc-y-nic/anexo-2-clasificacion-completa-de-resultados-de-enfermeria-noc-2024-8,,2026-09-07,"Selection remains patient/context dependent; use the licensed classification definitions, activities/indicators and scales."
00360,NIC,1100,Nutrition Management,Controle da Nutrição,"Nursing Interventions Classification (NIC), 8th edition",primary,Compatibility primary selected for the diagnosis; consider alternative/context-specific links before finalising a care plan.,Compatibility primary selected for the diagnosis; consider alternative/context-specific links before finalising a care plan.,Mapeamento primário de compatibilidade selecionado para o diagnóstico; considerar vínculos alternativos/específicos ao contexto antes de finalizar o plano de cuidados.,high,curated_current_edition,es,Institutional Spanish NIC 8th edition source reviewed; current code/label cross-check against NIC 8th current classification listing; https://www.salusplay.com/blog/clasificacion-completa-intervenciones-enfermeria-nic-2024/,,2026-09-07,"Selection remains patient/context dependent; use the licensed classification definitions, activities/indicators and scales."
00360,NOC,1004,Nutritional Status,Estado Nutricional,"Nursing Outcomes Classification (NOC), 7th edition",primary,Compatibility primary selected for the diagnosis; consider alternative/context-specific links before finalising a care plan.,Compatibility primary selected for the diagnosis; consider alternative/context-specific links before finalising a care plan.,Mapeamento primário de compatibilidade selecionado para o diagnóstico; considerar vínculos alternativos/específicos ao contexto antes de finalizar o plano de cuidados.,high,curated_current_edition,es,Institutional Spanish NOC 7th edition source reviewed; current code/label cross-check against NOC 7th current classification listing; https://www.salusplay.com/apuntes/pae-y-diagnosticos-de-enfermeria-nanda-noc-y-nic/anexo-2-clasificacion-completa-de-resultados-de-enfermeria-noc-2024-8,,2026-09-07,"Selection remains patient/context dependent; use the licensed classification definitions, activities/indicators and scales."
00361,NIC,6550,Infection Protection,Proteção contra Infecção,"Nursing Interventions Classification (NIC), 8th edition",primary,Compatibility primary selected for the diagnosis; consider alternative/context-specific links before finalising a care plan.,Compatibility primary selected for the diagnosis; consider alternative/context-specific links before finalising a care plan.,Mapeamento primário de compatibilidade selecionado para o diagnóstico; considerar vínculos alternativos/específicos ao contexto antes de finalizar o plano de cuidados.,high,curated_current_edition,es,Institutional Spanish NIC 8th edition source reviewed; current code/label cross-check against NIC 8th current classification listing; https://www.salusplay.com/blog/clasificacion-completa-intervenciones-enfermeria-nic-2024/,,2026-09-07,"Selection remains patient/context dependent; use the licensed classification definitions, activities/indicators and scales."
00361,NOC,0702,Immune Status,Estado Imunológico,"Nursing Outcomes Classification (NOC), 7th edition",primary,Compatibility primary selected for the diagnosis; consider alternative/context-specific links before finalising a care plan.,Compatibility primary selected for the diagnosis; consider alternative/context-specific links before finalising a care plan.,Mapeamento primário de compatibilidade selecionado para o diagnóstico; considerar vínculos alternativos/específicos ao contexto antes de finalizar o plano de cuidados.,high,curated_current_edition,es,Institutional Spanish NOC 7th edition source reviewed; current code/label cross-check against NOC 7th current classification listing; https://www.salusplay.com/apuntes/pae-y-diagnosticos-de-enfermeria-nanda-noc-y-nic/anexo-2-clasificacion-completa-de-resultados-de-enfermeria-noc-2024-8,,2026-09-07,"Selection remains patient/context dependent; use the licensed classification definitions, activities/indicators and scales."
00362,NIC,4150,Haemodynamic Regulation,Regulação Hemodinâmica,"Nursing Interventions Classification (NIC), 8th edition",primary,Compatibility primary selected for the diagnosis; consider alternative/context-specific links before finalising a care plan.,Compatibility primary selected for the diagnosis; consider alternative/context-specific links before finalising a care plan.,Mapeamento primário de compatibilidade selecionado para o diagnóstico; considerar vínculos alternativos/específicos ao contexto antes de finalizar o plano de cuidados.,moderate,curated_current_edition,es,Institutional Spanish NIC 8th edition source reviewed; current code/label cross-check against NIC 8th current classification listing; https://www.salusplay.com/blog/clasificacion-completa-intervenciones-enfermeria-nic-2024/,,2026-09-07,"Selection remains patient/context dependent; use the licensed classification definitions, activities/indicators and scales."
00362,NOC,0401,Circulation Status,Estado Circulatório,"Nursing Outcomes Classification (NOC), 7th edition",primary,Compatibility primary selected for the diagnosis; consider alternative/context-specific links before finalising a care plan.,Compatibility primary selected for the diagnosis; consider alternative/context-specific links before finalising a care plan.,Mapeamento primário de compatibilidade selecionado para o diagnóstico; considerar vínculos alternativos/específicos ao contexto antes de finalizar o plano de cuidados.,moderate,curated_current_edition,es,Institutional Spanish NOC 7th edition source reviewed; current code/label cross-check against NOC 7th current classification listing; https://www.salusplay.com/apuntes/pae-y-diagnosticos-de-enfermeria-nanda-noc-y-nic/anexo-2-clasificacion-completa-de-resultados-de-enfermeria-noc-2024-8,,2026-09-07,"Selection remains patient/context dependent; use the licensed classification definitions, activities/indicators and scales."
00362,NOC,1928,Risk Control: Hypertension,Controle do Risco: Hipertensão,"Nursing Outcomes Classification (NOC), 7th edition",alternative,Use when hypertension is the identified direction of instability.,Use when hypertension is the identified direction of instability.,Usar quando a instabilidade identificada se manifestar como hipertensão.,high,contextual_current_edition,es,Institutional Spanish NOC 7th edition source reviewed; current code/label cross-check against NOC 7th current classification listing; https://www.salusplay.com/apuntes/pae-y-diagnosticos-de-enfermeria-nanda-noc-y-nic/anexo-2-clasificacion-completa-de-resultados-de-enfermeria-noc-2024-8,,2026-09-07,"Selection remains patient/context dependent; use the licensed classification definitions, activities/indicators and scales."
00362,NOC,1933,Risk Control: Hypotension,Controle do Risco: Hipotensão,"Nursing Outcomes Classification (NOC), 7th edition",alternative,Use when hypotension is the identified direction of instability.,Use when hypotension is the identified direction of instability.,Usar quando a instabilidade identificada se manifestar como hipotensão.,high,contextual_current_edition,es,Institutional Spanish NOC 7th edition source reviewed; current code/label cross-check against NOC 7th current classification listing; https://www.salusplay.com/apuntes/pae-y-diagnosticos-de-enfermeria-nanda-noc-y-nic/anexo-2-clasificacion-completa-de-resultados-de-enfermeria-noc-2024-8,,2026-09-07,"Selection remains patient/context dependent; use the licensed classification definitions, activities/indicators and scales."
00363,NIC,0221,Exercise Therapy: Ambulation,Terapia com Exercício: Deambulação,"Nursing Interventions Classification (NIC), 8th edition",primary,Compatibility primary selected for the diagnosis; consider alternative/context-specific links before finalising a care plan.,Compatibility primary selected for the diagnosis; consider alternative/context-specific links before finalising a care plan.,Mapeamento primário de compatibilidade selecionado para o diagnóstico; considerar vínculos alternativos/específicos ao contexto antes de finalizar o plano de cuidados.,moderate,curated_current_edition,es,Institutional Spanish NIC 8th edition source reviewed; current code/label cross-check against NIC 8th current classification listing; https://www.salusplay.com/blog/clasificacion-completa-intervenciones-enfermeria-nic-2024/,,2026-09-07,"Selection remains patient/context dependent; use the licensed classification definitions, activities/indicators and scales."
00363,NOC,0208,Mobility,Mobilidade,"Nursing Outcomes Classification (NOC), 7th edition",primary,Compatibility primary selected for the diagnosis; consider alternative/context-specific links before finalising a care plan.,Compatibility primary selected for the diagnosis; consider alternative/context-specific links before finalising a care plan.,Mapeamento primário de compatibilidade selecionado para o diagnóstico; considerar vínculos alternativos/específicos ao contexto antes de finalizar o plano de cuidados.,moderate,curated_current_edition,es,Institutional Spanish NOC 7th edition source reviewed; current code/label cross-check against NOC 7th current classification listing; https://www.salusplay.com/apuntes/pae-y-diagnosticos-de-enfermeria-nanda-noc-y-nic/anexo-2-clasificacion-completa-de-resultados-de-enfermeria-noc-2024-8,,2026-09-07,"Selection remains patient/context dependent; use the licensed classification definitions, activities/indicators and scales."
00364,NIC,0221,Exercise Therapy: Ambulation,Terapia com Exercício: Deambulação,"Nursing Interventions Classification (NIC), 8th edition",primary,Compatibility primary selected for the diagnosis; consider alternative/context-specific links before finalising a care plan.,Compatibility primary selected for the diagnosis; consider alternative/context-specific links before finalising a care plan.,Mapeamento primário de compatibilidade selecionado para o diagnóstico; considerar vínculos alternativos/específicos ao contexto antes de finalizar o plano de cuidados.,moderate,curated_current_edition,es,Institutional Spanish NIC 8th edition source reviewed; current code/label cross-check against NIC 8th current classification listing; https://www.salusplay.com/blog/clasificacion-completa-intervenciones-enfermeria-nic-2024/,,2026-09-07,"Selection remains patient/context dependent; use the licensed classification definitions, activities/indicators and scales."
00364,NOC,0208,Mobility,Mobilidade,"Nursing Outcomes Classification (NOC), 7th edition",primary,Compatibility primary selected for the diagnosis; consider alternative/context-specific links before finalising a care plan.,Compatibility primary selected for the diagnosis; consider alternative/context-specific links before finalising a care plan.,Mapeamento primário de compatibilidade selecionado para o diagnóstico; considerar vínculos alternativos/específicos ao contexto antes de finalizar o plano de cuidados.,moderate,curated_current_edition,es,Institutional Spanish NOC 7th edition source reviewed; current code/label cross-check against NOC 7th current classification listing; https://www.salusplay.com/apuntes/pae-y-diagnosticos-de-enfermeria-nanda-noc-y-nic/anexo-2-clasificacion-completa-de-resultados-de-enfermeria-noc-2024-8,,2026-09-07,"Selection remains patient/context dependent; use the licensed classification definitions, activities/indicators and scales."
00365,NIC,0221,Exercise Therapy: Ambulation,Terapia com Exercício: Deambulação,"Nursing Interventions Classification (NIC), 8th edition",primary,Compatibility primary selected for the diagnosis; consider alternative/context-specific links before finalising a care plan.,Compatibility primary selected for the diagnosis; consider alternative/context-specific links before finalising a care plan.,Mapeamento primário de compatibilidade selecionado para o diagnóstico; considerar vínculos alternativos/específicos ao contexto antes de finalizar o plano de cuidados.,high,curated_current_edition,es,Institutional Spanish NIC 8th edition source reviewed; current code/label cross-check against NIC 8th current classification listing; https://www.salusplay.com/blog/clasificacion-completa-intervenciones-enfermeria-nic-2024/,,2026-09-07,"Selection remains patient/context dependent; use the licensed classification definitions, activities/indicators and scales."
00365,NOC,0200,Ambulation,Deambulação,"Nursing Outcomes Classification (NOC), 7th edition",primary,Compatibility primary selected for the diagnosis; consider alternative/context-specific links before finalising a care plan.,Compatibility primary selected for the diagnosis; consider alternative/context-specific links before finalising a care plan.,Mapeamento primário de compatibilidade selecionado para o diagnóstico; considerar vínculos alternativos/específicos ao contexto antes de finalizar o plano de cuidados.,high,curated_current_edition,es,Institutional Spanish NOC 7th edition source reviewed; current code/label cross-check against NOC 7th current classification listing; https://www.salusplay.com/apuntes/pae-y-diagnosticos-de-enfermeria-nanda-noc-y-nic/anexo-2-clasificacion-completa-de-resultados-de-enfermeria-noc-2024-8,,2026-09-07,"Selection remains patient/context dependent; use the licensed classification definitions, activities/indicators and scales."
00366,NIC,7040,Caregiver Support,Apoio ao Cuidador,"Nursing Interventions Classification (NIC), 8th edition",primary,Compatibility primary selected for the diagnosis; consider alternative/context-specific links before finalising a care plan.,Compatibility primary selected for the diagnosis; consider alternative/context-specific links before finalising a care plan.,Mapeamento primário de compatibilidade selecionado para o diagnóstico; considerar vínculos alternativos/específicos ao contexto antes de finalizar o plano de cuidados.,high,curated_current_edition,es,Institutional Spanish NIC 8th edition source reviewed; current code/label cross-check against NIC 8th current classification listing; https://www.salusplay.com/blog/clasificacion-completa-intervenciones-enfermeria-nic-2024/,,2026-09-07,"Selection remains patient/context dependent; use the licensed classification definitions, activities/indicators and scales."
00366,NOC,2210,Caregiver Role Endurance,Resistência no Papel de Cuidador,"Nursing Outcomes Classification (NOC), 7th edition",primary,Compatibility primary selected for the diagnosis; consider alternative/context-specific links before finalising a care plan.,Compatibility primary selected for the diagnosis; consider alternative/context-specific links before finalising a care plan.,Mapeamento primário de compatibilidade selecionado para o diagnóstico; considerar vínculos alternativos/específicos ao contexto antes de finalizar o plano de cuidados.,high,curated_current_edition,es,Institutional Spanish NOC 7th edition source reviewed; current code/label cross-check against NOC 7th current classification listing; https://www.salusplay.com/apuntes/pae-y-diagnosticos-de-enfermeria-nanda-noc-y-nic/anexo-2-clasificacion-completa-de-resultados-de-enfermeria-noc-2024-8,,2026-09-07,"Selection remains patient/context dependent; use the licensed classification definitions, activities/indicators and scales."
00367,NIC,0970,Transfer,Transferência,"Nursing Interventions Classification (NIC), 8th edition",primary,Compatibility primary selected for the diagnosis; consider alternative/context-specific links before finalising a care plan.,Compatibility primary selected for the diagnosis; consider alternative/context-specific links before finalising a care plan.,Mapeamento primário de compatibilidade selecionado para o diagnóstico; considerar vínculos alternativos/específicos ao contexto antes de finalizar o plano de cuidados.,high,curated_current_edition,es,Institutional Spanish NIC 8th edition source reviewed; current code/label cross-check against NIC 8th current classification listing; https://www.salusplay.com/blog/clasificacion-completa-intervenciones-enfermeria-nic-2024/,,2026-09-07,"Selection remains patient/context dependent; use the licensed classification definitions, activities/indicators and scales."
00367,NOC,0208,Mobility,Mobilidade,"Nursing Outcomes Classification (NOC), 7th edition",primary,Compatibility primary selected for the diagnosis; consider alternative/context-specific links before finalising a care plan.,Compatibility primary selected for the diagnosis; consider alternative/context-specific links before finalising a care plan.,Mapeamento primário de compatibilidade selecionado para o diagnóstico; considerar vínculos alternativos/específicos ao contexto antes de finalizar o plano de cuidados.,high,curated_current_edition,es,Institutional Spanish NOC 7th edition source reviewed; current code/label cross-check against NOC 7th current classification listing; https://www.salusplay.com/apuntes/pae-y-diagnosticos-de-enfermeria-nanda-noc-y-nic/anexo-2-clasificacion-completa-de-resultados-de-enfermeria-noc-2024-8,,2026-09-07,"Selection remains patient/context dependent; use the licensed classification definitions, activities/indicators and scales."
00368,NIC,4976,Communication Enhancement: Speech Deficit,Melhora da Comunicação: Déficit da Fala,"Nursing Interventions Classification (NIC), 8th edition",primary,Compatibility primary selected for the diagnosis; consider alternative/context-specific links before finalising a care plan.,Compatibility primary selected for the diagnosis; consider alternative/context-specific links before finalising a care plan.,Mapeamento primário de compatibilidade selecionado para o diagnóstico; considerar vínculos alternativos/específicos ao contexto antes de finalizar o plano de cuidados.,high,curated_current_edition,es,Institutional Spanish NIC 8th edition source reviewed; current code/label cross-check against NIC 8th current classification listing; https://www.salusplay.com/blog/clasificacion-completa-intervenciones-enfermeria-nic-2024/,,2026-09-07,"Selection remains patient/context dependent; use the licensed classification definitions, activities/indicators and scales."
00368,NOC,0902,Communication,Comunicação,"Nursing Outcomes Classification (NOC), 7th edition",primary,Compatibility primary selected for the diagnosis; consider alternative/context-specific links before finalising a care plan.,Compatibility primary selected for the diagnosis; consider alternative/context-specific links before finalising a care plan.,Mapeamento primário de compatibilidade selecionado para o diagnóstico; considerar vínculos alternativos/específicos ao contexto antes de finalizar o plano de cuidados.,high,curated_current_edition,es,Institutional Spanish NOC 7th edition source reviewed; current code/label cross-check against NOC 7th current classification listing; https://www.salusplay.com/apuntes/pae-y-diagnosticos-de-enfermeria-nanda-noc-y-nic/anexo-2-clasificacion-completa-de-resultados-de-enfermeria-noc-2024-8,,2026-09-07,"Selection remains patient/context dependent; use the licensed classification definitions, activities/indicators and scales."
00369,NIC,4480,Self-Responsibility Facilitation,Facilitação da Autorresponsabilidade,"Nursing Interventions Classification (NIC), 8th edition",primary,Compatibility primary selected for the diagnosis; consider alternative/context-specific links before finalising a care plan.,Compatibility primary selected for the diagnosis; consider alternative/context-specific links before finalising a care plan.,Mapeamento primário de compatibilidade selecionado para o diagnóstico; considerar vínculos alternativos/específicos ao contexto antes de finalizar o plano de cuidados.,moderate,curated_current_edition,es,Institutional Spanish NIC 8th edition source reviewed; current code/label cross-check against NIC 8th current classification listing; https://www.salusplay.com/blog/clasificacion-completa-intervenciones-enfermeria-nic-2024/,,2026-09-07,"Selection remains patient/context dependent; use the licensed classification definitions, activities/indicators and scales."
00369,NOC,1613,Self-Management of Care,Autogestão dos Cuidados,"Nursing Outcomes Classification (NOC), 7th edition",primary,Compatibility primary selected for the diagnosis; consider alternative/context-specific links before finalising a care plan.,Compatibility primary selected for the diagnosis; consider alternative/context-specific links before finalising a care plan.,Mapeamento primário de compatibilidade selecionado para o diagnóstico; considerar vínculos alternativos/específicos ao contexto antes de finalizar o plano de cuidados.,moderate,current_edition_verified,es,Institutional Spanish NOC 7th edition source reviewed; current code/label cross-check against NOC 7th current classification listing; https://www.salusplay.com/apuntes/pae-y-diagnosticos-de-enfermeria-nanda-noc-y-nic/anexo-2-clasificacion-completa-de-resultados-de-enfermeria-noc-2024-8,,2026-09-07,"Selection remains patient/context dependent; use the licensed classification definitions, activities/indicators and scales."
00370,NIC,4120,Fluid Management,Controle de Líquidos,"Nursing Interventions Classification (NIC), 8th edition",primary,Compatibility primary selected for the diagnosis; consider alternative/context-specific links before finalising a care plan.,Compatibility primary selected for the diagnosis; consider alternative/context-specific links before finalising a care plan.,Mapeamento primário de compatibilidade selecionado para o diagnóstico; considerar vínculos alternativos/específicos ao contexto antes de finalizar o plano de cuidados.,high,curated_current_edition,es,Institutional Spanish NIC 8th edition source reviewed; current code/label cross-check against NIC 8th current classification listing; https://www.salusplay.com/blog/clasificacion-completa-intervenciones-enfermeria-nic-2024/,,2026-09-07,"Selection remains patient/context dependent; use the licensed classification definitions, activities/indicators and scales."
00370,NOC,0603,Fluid Overload Severity,Gravidade da Sobrecarga Hídrica,"Nursing Outcomes Classification (NOC), 7th edition",primary,Compatibility primary selected for the diagnosis; consider alternative/context-specific links before finalising a care plan.,Compatibility primary selected for the diagnosis; consider alternative/context-specific links before finalising a care plan.,Mapeamento primário de compatibilidade selecionado para o diagnóstico; considerar vínculos alternativos/específicos ao contexto antes de finalizar o plano de cuidados.,high,curated_current_edition,es,Institutional Spanish NOC 7th edition source reviewed; current code/label cross-check against NOC 7th current classification listing; https://www.salusplay.com/apuntes/pae-y-diagnosticos-de-enfermeria-nanda-noc-y-nic/anexo-2-clasificacion-completa-de-resultados-de-enfermeria-noc-2024-8,,2026-09-07,"Selection remains patient/context dependent; use the licensed classification definitions, activities/indicators and scales."
00371,NIC,5244,Breastfeeding Counselling,Aconselhamento sobre Amamentação,"Nursing Interventions Classification (NIC), 8th edition",primary,Compatibility primary selected for the diagnosis; consider alternative/context-specific links before finalising a care plan.,Compatibility primary selected for the diagnosis; consider alternative/context-specific links before finalising a care plan.,Mapeamento primário de compatibilidade selecionado para o diagnóstico; considerar vínculos alternativos/específicos ao contexto antes de finalizar o plano de cuidados.,high,current_edition_verified,es,Institutional Spanish NIC 8th edition source reviewed; current code/label cross-check against NIC 8th current classification listing; https://www.salusplay.com/blog/clasificacion-completa-intervenciones-enfermeria-nic-2024/,,2026-09-07,"Selection remains patient/context dependent; use the licensed classification definitions, activities/indicators and scales."
00371,NOC,1000,Breastfeeding Establishment: Infant,Estabelecimento da Amamentação: Lactente,"Nursing Outcomes Classification (NOC), 7th edition",primary,Compatibility primary selected for the diagnosis; consider alternative/context-specific links before finalising a care plan.,Compatibility primary selected for the diagnosis; consider alternative/context-specific links before finalising a care plan.,Mapeamento primário de compatibilidade selecionado para o diagnóstico; considerar vínculos alternativos/específicos ao contexto antes de finalizar o plano de cuidados.,high,curated_current_edition,es,Institutional Spanish NOC 7th edition source reviewed; current code/label cross-check against NOC 7th current classification listing; https://www.salusplay.com/apuntes/pae-y-diagnosticos-de-enfermeria-nanda-noc-y-nic/anexo-2-clasificacion-completa-de-resultados-de-enfermeria-noc-2024-8,,2026-09-07,"Selection remains patient/context dependent; use the licensed classification definitions, activities/indicators and scales."
00371,NOC,1002,Breastfeeding Maintenance,Manutenção da Amamentação,"Nursing Outcomes Classification (NOC), 7th edition",alternative,Use when maintaining breastfeeding is the target after establishment.,Use when maintaining breastfeeding is the target after establishment.,"Usar quando o objetivo, após o estabelecimento da amamentação, for mantê-la.",high,contextual_current_edition,es,Institutional Spanish NOC 7th edition source reviewed; current code/label cross-check against NOC 7th current classification listing; https://www.salusplay.com/apuntes/pae-y-diagnosticos-de-enfermeria-nanda-noc-y-nic/anexo-2-clasificacion-completa-de-resultados-de-enfermeria-noc-2024-8,,2026-09-07,"Selection remains patient/context dependent; use the licensed classification definitions, activities/indicators and scales."
00372,NIC,5330,Mood Management,Controle do Humor,"Nursing Interventions Classification (NIC), 8th edition",primary,Compatibility primary selected for the diagnosis; consider alternative/context-specific links before finalising a care plan.,Compatibility primary selected for the diagnosis; consider alternative/context-specific links before finalising a care plan.,Mapeamento primário de compatibilidade selecionado para o diagnóstico; considerar vínculos alternativos/específicos ao contexto antes de finalizar o plano de cuidados.,high,curated_current_edition,es,Institutional Spanish NIC 8th edition source reviewed; current code/label cross-check against NIC 8th current classification listing; https://www.salusplay.com/blog/clasificacion-completa-intervenciones-enfermeria-nic-2024/,,2026-09-07,"Selection remains patient/context dependent; use the licensed classification definitions, activities/indicators and scales."
00372,NOC,1204,Mood Equilibrium,Equilíbrio do Humor,"Nursing Outcomes Classification (NOC), 7th edition",primary,Compatibility primary selected for the diagnosis; consider alternative/context-specific links before finalising a care plan.,Compatibility primary selected for the diagnosis; consider alternative/context-specific links before finalising a care plan.,Mapeamento primário de compatibilidade selecionado para o diagnóstico; considerar vínculos alternativos/específicos ao contexto antes de finalizar o plano de cuidados.,high,curated_current_edition,es,Institutional Spanish NOC 7th edition source reviewed; current code/label cross-check against NOC 7th current classification listing; https://www.salusplay.com/apuntes/pae-y-diagnosticos-de-enfermeria-nanda-noc-y-nic/anexo-2-clasificacion-completa-de-resultados-de-enfermeria-noc-2024-8,,2026-09-07,"Selection remains patient/context dependent; use the licensed classification definitions, activities/indicators and scales."
00373,NIC,7140,Family Support,Apoio Familiar,"Nursing Interventions Classification (NIC), 8th edition",primary,Compatibility primary selected for the diagnosis; consider alternative/context-specific links before finalising a care plan.,Compatibility primary selected for the diagnosis; consider alternative/context-specific links before finalising a care plan.,Mapeamento primário de compatibilidade selecionado para o diagnóstico; considerar vínculos alternativos/específicos ao contexto antes de finalizar o plano de cuidados.,high,curated_current_edition,es,Institutional Spanish NIC 8th edition source reviewed; current code/label cross-check against NIC 8th current classification listing; https://www.salusplay.com/blog/clasificacion-completa-intervenciones-enfermeria-nic-2024/,,2026-09-07,"Selection remains patient/context dependent; use the licensed classification definitions, activities/indicators and scales."
00373,NOC,2600,Family Coping,Enfrentamento Familiar,"Nursing Outcomes Classification (NOC), 7th edition",primary,Compatibility primary selected for the diagnosis; consider alternative/context-specific links before finalising a care plan.,Compatibility primary selected for the diagnosis; consider alternative/context-specific links before finalising a care plan.,Mapeamento primário de compatibilidade selecionado para o diagnóstico; considerar vínculos alternativos/específicos ao contexto antes de finalizar o plano de cuidados.,high,curated_current_edition,es,Institutional Spanish NOC 7th edition source reviewed; current code/label cross-check against NOC 7th current classification listing; https://www.salusplay.com/apuntes/pae-y-diagnosticos-de-enfermeria-nanda-noc-y-nic/anexo-2-clasificacion-completa-de-resultados-de-enfermeria-noc-2024-8,,2026-09-07,"Selection remains patient/context dependent; use the licensed classification definitions, activities/indicators and scales."
00374,NIC,4010,Bleeding Precautions,Precauções contra Sangramento,"Nursing Interventions Classification (NIC), 8th edition",primary,Compatibility primary selected for the diagnosis; consider alternative/context-specific links before finalising a care plan.,Compatibility primary selected for the diagnosis; consider alternative/context-specific links before finalising a care plan.,Mapeamento primário de compatibilidade selecionado para o diagnóstico; considerar vínculos alternativos/específicos ao contexto antes de finalizar o plano de cuidados.,high,curated_current_edition,es,Institutional Spanish NIC 8th edition source reviewed; current code/label cross-check against NIC 8th current classification listing; https://www.salusplay.com/blog/clasificacion-completa-intervenciones-enfermeria-nic-2024/,,2026-09-07,"Selection remains patient/context dependent; use the licensed classification definitions, activities/indicators and scales."
00374,NOC,0413,Blood Loss Severity,Gravidade da Perda de Sangue,"Nursing Outcomes Classification (NOC), 7th edition",primary,Compatibility primary selected for the diagnosis; consider alternative/context-specific links before finalising a care plan.,Compatibility primary selected for the diagnosis; consider alternative/context-specific links before finalising a care plan.,Mapeamento primário de compatibilidade selecionado para o diagnóstico; considerar vínculos alternativos/específicos ao contexto antes de finalizar o plano de cuidados.,high,curated_current_edition,es,Institutional Spanish NOC 7th edition source reviewed; current code/label cross-check against NOC 7th current classification listing; https://www.salusplay.com/apuntes/pae-y-diagnosticos-de-enfermeria-nanda-noc-y-nic/anexo-2-clasificacion-completa-de-resultados-de-enfermeria-noc-2024-8,,2026-09-07,"Selection remains patient/context dependent; use the licensed classification definitions, activities/indicators and scales."
00375,NIC,1720,Oral Health Promotion,Promoção da Saúde Oral,"Nursing Interventions Classification (NIC), 8th edition",primary,Compatibility primary selected for the diagnosis; consider alternative/context-specific links before finalising a care plan.,Compatibility primary selected for the diagnosis; consider alternative/context-specific links before finalising a care plan.,Mapeamento primário de compatibilidade selecionado para o diagnóstico; considerar vínculos alternativos/específicos ao contexto antes de finalizar o plano de cuidados.,high,curated_current_edition,es,Institutional Spanish NIC 8th edition source reviewed; current code/label cross-check against NIC 8th current classification listing; https://www.salusplay.com/blog/clasificacion-completa-intervenciones-enfermeria-nic-2024/,,2026-09-07,"Selection remains patient/context dependent; use the licensed classification definitions, activities/indicators and scales."
00375,NOC,0308,Self-Care Behaviour: Oral Hygiene,Comportamento de Autocuidado: Higiene Oral,"Nursing Outcomes Classification (NOC), 7th edition",primary,Compatibility primary selected for the diagnosis; consider alternative/context-specific links before finalising a care plan.,Compatibility primary selected for the diagnosis; consider alternative/context-specific links before finalising a care plan.,Mapeamento primário de compatibilidade selecionado para o diagnóstico; considerar vínculos alternativos/específicos ao contexto antes de finalizar o plano de cuidados.,high,curated_current_edition,es,Institutional Spanish NOC 7th edition source reviewed; current code/label cross-check against NOC 7th current classification listing; https://www.salusplay.com/apuntes/pae-y-diagnosticos-de-enfermeria-nanda-noc-y-nic/anexo-2-clasificacion-completa-de-resultados-de-enfermeria-noc-2024-8,,2026-09-07,"Selection remains patient/context dependent; use the licensed classification definitions, activities/indicators and scales."
00376,NIC,5100,Socialization Enhancement,Melhora da Socialização,"Nursing Interventions Classification (NIC), 8th edition",primary,Compatibility primary selected for the diagnosis; consider alternative/context-specific links before finalising a care plan.,Compatibility primary selected for the diagnosis; consider alternative/context-specific links before finalising a care plan.,Mapeamento primário de compatibilidade selecionado para o diagnóstico; considerar vínculos alternativos/específicos ao contexto antes de finalizar o plano de cuidados.,moderate,curated_current_edition,es,Institutional Spanish NIC 8th edition source reviewed; current code/label cross-check against NIC 8th current classification listing; https://www.salusplay.com/blog/clasificacion-completa-intervenciones-enfermeria-nic-2024/,,2026-09-07,"Selection remains patient/context dependent; use the licensed classification definitions, activities/indicators and scales."
00376,NOC,2012,Comfort Status: Sociocultural,Estado de Conforto: Sociocultural,"Nursing Outcomes Classification (NOC), 7th edition",primary,Compatibility primary selected for the diagnosis; consider alternative/context-specific links before finalising a care plan.,Compatibility primary selected for the diagnosis; consider alternative/context-specific links before finalising a care plan.,Mapeamento primário de compatibilidade selecionado para o diagnóstico; considerar vínculos alternativos/específicos ao contexto antes de finalizar o plano de cuidados.,moderate,curated_current_edition,es,Institutional Spanish NOC 7th edition source reviewed; current code/label cross-check against NOC 7th current classification listing; https://www.salusplay.com/apuntes/pae-y-diagnosticos-de-enfermeria-nanda-noc-y-nic/anexo-2-clasificacion-completa-de-resultados-de-enfermeria-noc-2024-8,,2026-09-07,"Selection remains patient/context dependent; use the licensed classification definitions, activities/indicators and scales."
00377,NIC,5270,Emotional Support,Apoio Emocional,"Nursing Interventions Classification (NIC), 8th edition",primary,Compatibility primary selected for the diagnosis; consider alternative/context-specific links before finalising a care plan.,Compatibility primary selected for the diagnosis; consider alternative/context-specific links before finalising a care plan.,Mapeamento primário de compatibilidade selecionado para o diagnóstico; considerar vínculos alternativos/específicos ao contexto antes de finalizar o plano de cuidados.,high,curated_current_edition,es,Institutional Spanish NIC 8th edition source reviewed; current code/label cross-check against NIC 8th current classification listing; https://www.salusplay.com/blog/clasificacion-completa-intervenciones-enfermeria-nic-2024/,,2026-09-07,"Selection remains patient/context dependent; use the licensed classification definitions, activities/indicators and scales."
00377,NOC,2011,Comfort Status: Psychospiritual,Estado de Conforto: Psicoespiritual,"Nursing Outcomes Classification (NOC), 7th edition",primary,Compatibility primary selected for the diagnosis; consider alternative/context-specific links before finalising a care plan.,Compatibility primary selected for the diagnosis; consider alternative/context-specific links before finalising a care plan.,Mapeamento primário de compatibilidade selecionado para o diagnóstico; considerar vínculos alternativos/específicos ao contexto antes de finalizar o plano de cuidados.,high,curated_current_edition,es,Institutional Spanish NOC 7th edition source reviewed; current code/label cross-check against NOC 7th current classification listing; https://www.salusplay.com/apuntes/pae-y-diagnosticos-de-enfermeria-nanda-noc-y-nic/anexo-2-clasificacion-completa-de-resultados-de-enfermeria-noc-2024-8,,2026-09-07,"Selection remains patient/context dependent; use the licensed classification definitions, activities/indicators and scales."
00378,NIC,6482,Environmental Management: Comfort,Controle do Ambiente: Conforto,"Nursing Interventions Classification (NIC), 8th edition",primary,Compatibility primary selected for the diagnosis; consider alternative/context-specific links before finalising a care plan.,Compatibility primary selected for the diagnosis; consider alternative/context-specific links before finalising a care plan.,Mapeamento primário de compatibilidade selecionado para o diagnóstico; considerar vínculos alternativos/específicos ao contexto antes de finalizar o plano de cuidados.,high,curated_current_edition,es,Institutional Spanish NIC 8th edition source reviewed; current code/label cross-check against NIC 8th current classification listing; https://www.salusplay.com/blog/clasificacion-completa-intervenciones-enfermeria-nic-2024/,,2026-09-07,"Selection remains patient/context dependent; use the licensed classification definitions, activities/indicators and scales."
00378,NOC,2010,Comfort Status: Physical,Estado de Conforto: Físico,"Nursing Outcomes Classification (NOC), 7th edition",primary,Compatibility primary selected for the diagnosis; consider alternative/context-specific links before finalising a care plan.,Compatibility primary selected for the diagnosis; consider alternative/context-specific links before finalising a care plan.,Mapeamento primário de compatibilidade selecionado para o diagnóstico; considerar vínculos alternativos/específicos ao contexto antes de finalizar o plano de cuidados.,high,curated_current_edition,es,Institutional Spanish NOC 7th edition source reviewed; current code/label cross-check against NOC 7th current classification listing; https://www.salusplay.com/apuntes/pae-y-diagnosticos-de-enfermeria-nanda-noc-y-nic/anexo-2-clasificacion-completa-de-resultados-de-enfermeria-noc-2024-8,,2026-09-07,"Selection remains patient/context dependent; use the licensed classification definitions, activities/indicators and scales."
00379,NIC,5270,Emotional Support,Apoio Emocional,"Nursing Interventions Classification (NIC), 8th edition",primary,Compatibility primary selected for the diagnosis; consider alternative/context-specific links before finalising a care plan.,Compatibility primary selected for the diagnosis; consider alternative/context-specific links before finalising a care plan.,Mapeamento primário de compatibilidade selecionado para o diagnóstico; considerar vínculos alternativos/específicos ao contexto antes de finalizar o plano de cuidados.,high,curated_current_edition,es,Institutional Spanish NIC 8th edition source reviewed; current code/label cross-check against NIC 8th current classification listing; https://www.salusplay.com/blog/clasificacion-completa-intervenciones-enfermeria-nic-2024/,,2026-09-07,"Selection remains patient/context dependent; use the licensed classification definitions, activities/indicators and scales."
00379,NOC,2011,Comfort Status: Psychospiritual,Estado de Conforto: Psicoespiritual,"Nursing Outcomes Classification (NOC), 7th edition",primary,Compatibility primary selected for the diagnosis; consider alternative/context-specific links before finalising a care plan.,Compatibility primary selected for the diagnosis; consider alternative/context-specific links before finalising a care plan.,Mapeamento primário de compatibilidade selecionado para o diagnóstico; considerar vínculos alternativos/específicos ao contexto antes de finalizar o plano de cuidados.,high,curated_current_edition,es,Institutional Spanish NOC 7th edition source reviewed; current code/label cross-check against NOC 7th current classification listing; https://www.salusplay.com/apuntes/pae-y-diagnosticos-de-enfermeria-nanda-noc-y-nic/anexo-2-clasificacion-completa-de-resultados-de-enfermeria-noc-2024-8,,2026-09-07,"Selection remains patient/context dependent; use the licensed classification definitions, activities/indicators and scales."
00380,NIC,6482,Environmental Management: Comfort,Controle do Ambiente: Conforto,"Nursing Interventions Classification (NIC), 8th edition",primary,Compatibility primary selected for the diagnosis; consider alternative/context-specific links before finalising a care plan.,Compatibility primary selected for the diagnosis; consider alternative/context-specific links before finalising a care plan.,Mapeamento primário de compatibilidade selecionado para o diagnóstico; considerar vínculos alternativos/específicos ao contexto antes de finalizar o plano de cuidados.,high,curated_current_edition,es,Institutional Spanish NIC 8th edition source reviewed; current code/label cross-check against NIC 8th current classification listing; https://www.salusplay.com/blog/clasificacion-completa-intervenciones-enfermeria-nic-2024/,,2026-09-07,"Selection remains patient/context dependent; use the licensed classification definitions, activities/indicators and scales."
00380,NOC,2010,Comfort Status: Physical,Estado de Conforto: Físico,"Nursing Outcomes Classification (NOC), 7th edition",primary,Compatibility primary selected for the diagnosis; consider alternative/context-specific links before finalising a care plan.,Compatibility primary selected for the diagnosis; consider alternative/context-specific links before finalising a care plan.,Mapeamento primário de compatibilidade selecionado para o diagnóstico; considerar vínculos alternativos/específicos ao contexto antes de finalizar o plano de cuidados.,high,curated_current_edition,es,Institutional Spanish NOC 7th edition source reviewed; current code/label cross-check against NOC 7th current classification listing; https://www.salusplay.com/apuntes/pae-y-diagnosticos-de-enfermeria-nanda-noc-y-nic/anexo-2-clasificacion-completa-de-resultados-de-enfermeria-noc-2024-8,,2026-09-07,"Selection remains patient/context dependent; use the licensed classification definitions, activities/indicators and scales."
00382,NIC,5244,Breastfeeding Counselling,Aconselhamento sobre Amamentação,"Nursing Interventions Classification (NIC), 8th edition",primary,Compatibility primary selected for the diagnosis; consider alternative/context-specific links before finalising a care plan.,Compatibility primary selected for the diagnosis; consider alternative/context-specific links before finalising a care plan.,Mapeamento primário de compatibilidade selecionado para o diagnóstico; considerar vínculos alternativos/específicos ao contexto antes de finalizar o plano de cuidados.,high,current_edition_verified,es,Institutional Spanish NIC 8th edition source reviewed; current code/label cross-check against NIC 8th current classification listing; https://www.salusplay.com/blog/clasificacion-completa-intervenciones-enfermeria-nic-2024/,,2026-09-07,"Selection remains patient/context dependent; use the licensed classification definitions, activities/indicators and scales."
00382,NOC,1000,Breastfeeding Establishment: Infant,Estabelecimento da Amamentação: Lactente,"Nursing Outcomes Classification (NOC), 7th edition",primary,Compatibility primary selected for the diagnosis; consider alternative/context-specific links before finalising a care plan.,Compatibility primary selected for the diagnosis; consider alternative/context-specific links before finalising a care plan.,Mapeamento primário de compatibilidade selecionado para o diagnóstico; considerar vínculos alternativos/específicos ao contexto antes de finalizar o plano de cuidados.,high,curated_current_edition,es,Institutional Spanish NOC 7th edition source reviewed; current code/label cross-check against NOC 7th current classification listing; https://www.salusplay.com/apuntes/pae-y-diagnosticos-de-enfermeria-nanda-noc-y-nic/anexo-2-clasificacion-completa-de-resultados-de-enfermeria-noc-2024-8,,2026-09-07,"Selection remains patient/context dependent; use the licensed classification definitions, activities/indicators and scales."
00382,NOC,1002,Breastfeeding Maintenance,Manutenção da Amamentação,"Nursing Outcomes Classification (NOC), 7th edition",alternative,Use when maintenance is the relevant risk/prevention outcome.,Use when maintenance is the relevant risk/prevention outcome.,Usar quando a manutenção da amamentação for o desfecho relevante de risco/prevenção.,high,contextual_current_edition,es,Institutional Spanish NOC 7th edition source reviewed; current code/label cross-check against NOC 7th current classification listing; https://www.salusplay.com/apuntes/pae-y-diagnosticos-de-enfermeria-nanda-noc-y-nic/anexo-2-clasificacion-completa-de-resultados-de-enfermeria-noc-2024-8,,2026-09-07,"Selection remains patient/context dependent; use the licensed classification definitions, activities/indicators and scales."
00383,NIC,5100,Socialization Enhancement,Melhora da Socialização,"Nursing Interventions Classification (NIC), 8th edition",primary,Compatibility primary selected for the diagnosis; consider alternative/context-specific links before finalising a care plan.,Compatibility primary selected for the diagnosis; consider alternative/context-specific links before finalising a care plan.,Mapeamento primário de compatibilidade selecionado para o diagnóstico; considerar vínculos alternativos/específicos ao contexto antes de finalizar o plano de cuidados.,high,curated_current_edition,es,Institutional Spanish NIC 8th edition source reviewed; current code/label cross-check against NIC 8th current classification listing; https://www.salusplay.com/blog/clasificacion-completa-intervenciones-enfermeria-nic-2024/,,2026-09-07,"Selection remains patient/context dependent; use the licensed classification definitions, activities/indicators and scales."
00383,NOC,1503,Social Involvement,Envolvimento Social,"Nursing Outcomes Classification (NOC), 7th edition",primary,Compatibility primary selected for the diagnosis; consider alternative/context-specific links before finalising a care plan.,Compatibility primary selected for the diagnosis; consider alternative/context-specific links before finalising a care plan.,Mapeamento primário de compatibilidade selecionado para o diagnóstico; considerar vínculos alternativos/específicos ao contexto antes de finalizar o plano de cuidados.,high,curated_current_edition,es,Institutional Spanish NOC 7th edition source reviewed; current code/label cross-check against NOC 7th current classification listing; https://www.salusplay.com/apuntes/pae-y-diagnosticos-de-enfermeria-nanda-noc-y-nic/anexo-2-clasificacion-completa-de-resultados-de-enfermeria-noc-2024-8,,2026-09-07,"Selection remains patient/context dependent; use the licensed classification definitions, activities/indicators and scales."
00384,NIC,1450,Nausea Management,Controle da Náusea,"Nursing Interventions Classification (NIC), 8th edition",primary,Compatibility primary selected for the diagnosis; consider alternative/context-specific links before finalising a care plan.,Compatibility primary selected for the diagnosis; consider alternative/context-specific links before finalising a care plan.,Mapeamento primário de compatibilidade selecionado para o diagnóstico; considerar vínculos alternativos/específicos ao contexto antes de finalizar o plano de cuidados.,high,curated_current_edition,es,Institutional Spanish NIC 8th edition source reviewed; current code/label cross-check against NIC 8th current classification listing; https://www.salusplay.com/blog/clasificacion-completa-intervenciones-enfermeria-nic-2024/,,2026-09-07,"Selection remains patient/context dependent; use the licensed classification definitions, activities/indicators and scales."
00384,NOC,1618,Nausea & Vomiting Control,Controle de Náuseas e Vômitos,"Nursing Outcomes Classification (NOC), 7th edition",primary,Compatibility primary selected for the diagnosis; consider alternative/context-specific links before finalising a care plan.,Compatibility primary selected for the diagnosis; consider alternative/context-specific links before finalising a care plan.,Mapeamento primário de compatibilidade selecionado para o diagnóstico; considerar vínculos alternativos/específicos ao contexto antes de finalizar o plano de cuidados.,high,curated_current_edition,es,Institutional Spanish NOC 7th edition source reviewed; current code/label cross-check against NOC 7th current classification listing; https://www.salusplay.com/apuntes/pae-y-diagnosticos-de-enfermeria-nanda-noc-y-nic/anexo-2-clasificacion-completa-de-resultados-de-enfermeria-noc-2024-8,,2026-09-07,"Selection remains patient/context dependent; use the licensed classification definitions, activities/indicators and scales."
00386,NIC,5248,Sexual Counselling,Aconselhamento Sexual,"Nursing Interventions Classification (NIC), 8th edition",primary,Compatibility primary selected for the diagnosis; consider alternative/context-specific links before finalising a care plan.,Compatibility primary selected for the diagnosis; consider alternative/context-specific links before finalising a care plan.,Mapeamento primário de compatibilidade selecionado para o diagnóstico; considerar vínculos alternativos/específicos ao contexto antes de finalizar o plano de cuidados.,high,curated_current_edition,es,Institutional Spanish NIC 8th edition source reviewed; current code/label cross-check against NIC 8th current classification listing; https://www.salusplay.com/blog/clasificacion-completa-intervenciones-enfermeria-nic-2024/,,2026-09-07,"Selection remains patient/context dependent; use the licensed classification definitions, activities/indicators and scales."
00386,NOC,0119,Sexual Functioning,Funcionamento Sexual,"Nursing Outcomes Classification (NOC), 7th edition",primary,Compatibility primary selected for the diagnosis; consider alternative/context-specific links before finalising a care plan.,Compatibility primary selected for the diagnosis; consider alternative/context-specific links before finalising a care plan.,Mapeamento primário de compatibilidade selecionado para o diagnóstico; considerar vínculos alternativos/específicos ao contexto antes de finalizar o plano de cuidados.,high,curated_current_edition,es,Institutional Spanish NOC 7th edition source reviewed; current code/label cross-check against NOC 7th current classification listing; https://www.salusplay.com/apuntes/pae-y-diagnosticos-de-enfermeria-nanda-noc-y-nic/anexo-2-clasificacion-completa-de-resultados-de-enfermeria-noc-2024-8,,2026-09-07,"Selection remains patient/context dependent; use the licensed classification definitions, activities/indicators and scales."
00387,NIC,8300,Parenting Promotion,Promoção da Parentalidade,"Nursing Interventions Classification (NIC), 8th edition",primary,Compatibility primary selected for the diagnosis; consider alternative/context-specific links before finalising a care plan.,Compatibility primary selected for the diagnosis; consider alternative/context-specific links before finalising a care plan.,Mapeamento primário de compatibilidade selecionado para o diagnóstico; considerar vínculos alternativos/específicos ao contexto antes de finalizar o plano de cuidados.,high,curated_current_edition,es,Institutional Spanish NIC 8th edition source reviewed; current code/label cross-check against NIC 8th current classification listing; https://www.salusplay.com/blog/clasificacion-completa-intervenciones-enfermeria-nic-2024/,,2026-09-07,"Selection remains patient/context dependent; use the licensed classification definitions, activities/indicators and scales."
00387,NOC,2211,Parenting Performance,Desempenho da Parentalidade,"Nursing Outcomes Classification (NOC), 7th edition",primary,Compatibility primary selected for the diagnosis; consider alternative/context-specific links before finalising a care plan.,Compatibility primary selected for the diagnosis; consider alternative/context-specific links before finalising a care plan.,Mapeamento primário de compatibilidade selecionado para o diagnóstico; considerar vínculos alternativos/específicos ao contexto antes de finalizar o plano de cuidados.,high,curated_current_edition,es,Institutional Spanish NOC 7th edition source reviewed; current code/label cross-check against NOC 7th current classification listing; https://www.salusplay.com/apuntes/pae-y-diagnosticos-de-enfermeria-nanda-noc-y-nic/anexo-2-clasificacion-completa-de-resultados-de-enfermeria-noc-2024-8,,2026-09-07,"Selection remains patient/context dependent; use the licensed classification definitions, activities/indicators and scales."
00388,NIC,7100,Family Integrity Promotion,Promoção da Integridade Familiar,"Nursing Interventions Classification (NIC), 8th edition",primary,Compatibility primary selected for the diagnosis; consider alternative/context-specific links before finalising a care plan.,Compatibility primary selected for the diagnosis; consider alternative/context-specific links before finalising a care plan.,Mapeamento primário de compatibilidade selecionado para o diagnóstico; considerar vínculos alternativos/específicos ao contexto antes de finalizar o plano de cuidados.,high,curated_current_edition,es,Institutional Spanish NIC 8th edition source reviewed; current code/label cross-check against NIC 8th current classification listing; https://www.salusplay.com/blog/clasificacion-completa-intervenciones-enfermeria-nic-2024/,,2026-09-07,"Selection remains patient/context dependent; use the licensed classification definitions, activities/indicators and scales."
00388,NOC,2602,Family Functioning,Funcionamento Familiar,"Nursing Outcomes Classification (NOC), 7th edition",primary,Compatibility primary selected for the diagnosis; consider alternative/context-specific links before finalising a care plan.,Compatibility primary selected for the diagnosis; consider alternative/context-specific links before finalising a care plan.,Mapeamento primário de compatibilidade selecionado para o diagnóstico; considerar vínculos alternativos/específicos ao contexto antes de finalizar o plano de cuidados.,high,curated_current_edition,es,Institutional Spanish NOC 7th edition source reviewed; current code/label cross-check against NOC 7th current classification listing; https://www.salusplay.com/apuntes/pae-y-diagnosticos-de-enfermeria-nanda-noc-y-nic/anexo-2-clasificacion-completa-de-resultados-de-enfermeria-noc-2024-8,,2026-09-07,"Selection remains patient/context dependent; use the licensed classification definitions, activities/indicators and scales."
00389,NIC,7100,Family Integrity Promotion,Promoção da Integridade Familiar,"Nursing Interventions Classification (NIC), 8th edition",primary,Compatibility primary selected for the diagnosis; consider alternative/context-specific links before finalising a care plan.,Compatibility primary selected for the diagnosis; consider alternative/context-specific links before finalising a care plan.,Mapeamento primário de compatibilidade selecionado para o diagnóstico; considerar vínculos alternativos/específicos ao contexto antes de finalizar o plano de cuidados.,high,curated_current_edition,es,Institutional Spanish NIC 8th edition source reviewed; current code/label cross-check against NIC 8th current classification listing; https://www.salusplay.com/blog/clasificacion-completa-intervenciones-enfermeria-nic-2024/,,2026-09-07,"Selection remains patient/context dependent; use the licensed classification definitions, activities/indicators and scales."
00389,NOC,2602,Family Functioning,Funcionamento Familiar,"Nursing Outcomes Classification (NOC), 7th edition",primary,Compatibility primary selected for the diagnosis; consider alternative/context-specific links before finalising a care plan.,Compatibility primary selected for the diagnosis; consider alternative/context-specific links before finalising a care plan.,Mapeamento primário de compatibilidade selecionado para o diagnóstico; considerar vínculos alternativos/específicos ao contexto antes de finalizar o plano de cuidados.,high,curated_current_edition,es,Institutional Spanish NOC 7th edition source reviewed; current code/label cross-check against NOC 7th current classification listing; https://www.salusplay.com/apuntes/pae-y-diagnosticos-de-enfermeria-nanda-noc-y-nic/anexo-2-clasificacion-completa-de-resultados-de-enfermeria-noc-2024-8,,2026-09-07,"Selection remains patient/context dependent; use the licensed classification definitions, activities/indicators and scales."
00390,NIC,5230,Coping Enhancement,Melhora do Enfrentamento,"Nursing Interventions Classification (NIC), 8th edition",primary,Compatibility primary selected for the diagnosis; consider alternative/context-specific links before finalising a care plan.,Compatibility primary selected for the diagnosis; consider alternative/context-specific links before finalising a care plan.,Mapeamento primário de compatibilidade selecionado para o diagnóstico; considerar vínculos alternativos/específicos ao contexto antes de finalizar o plano de cuidados.,high,curated_current_edition,es,Institutional Spanish NIC 8th edition source reviewed; current code/label cross-check against NIC 8th current classification listing; https://www.salusplay.com/blog/clasificacion-completa-intervenciones-enfermeria-nic-2024/,,2026-09-07,"Selection remains patient/context dependent; use the licensed classification definitions, activities/indicators and scales."
00390,NOC,1210,Fear Level,Nível de Medo,"Nursing Outcomes Classification (NOC), 7th edition",primary,Compatibility primary selected for the diagnosis; consider alternative/context-specific links before finalising a care plan.,Compatibility primary selected for the diagnosis; consider alternative/context-specific links before finalising a care plan.,Mapeamento primário de compatibilidade selecionado para o diagnóstico; considerar vínculos alternativos/específicos ao contexto antes de finalizar o plano de cuidados.,high,curated_current_edition,es,Institutional Spanish NOC 7th edition source reviewed; current code/label cross-check against NOC 7th current classification listing; https://www.salusplay.com/apuntes/pae-y-diagnosticos-de-enfermeria-nanda-noc-y-nic/anexo-2-clasificacion-completa-de-resultados-de-enfermeria-noc-2024-8,,2026-09-07,"Selection remains patient/context dependent; use the licensed classification definitions, activities/indicators and scales."
00394,NIC,0200,Exercise Promotion,Promoção do Exercício,"Nursing Interventions Classification (NIC), 8th edition",primary,Compatibility primary selected for the diagnosis; consider alternative/context-specific links before finalising a care plan.,Compatibility primary selected for the diagnosis; consider alternative/context-specific links before finalising a care plan.,Mapeamento primário de compatibilidade selecionado para o diagnóstico; considerar vínculos alternativos/específicos ao contexto antes de finalizar o plano de cuidados.,high,curated_current_edition,es,Institutional Spanish NIC 8th edition source reviewed; current code/label cross-check against NIC 8th current classification listing; https://www.salusplay.com/blog/clasificacion-completa-intervenciones-enfermeria-nic-2024/,,2026-09-07,"Selection remains patient/context dependent; use the licensed classification definitions, activities/indicators and scales."
00394,NOC,1633,Exercise Participation,Participação em Exercício,"Nursing Outcomes Classification (NOC), 7th edition",primary,Compatibility primary selected for the diagnosis; consider alternative/context-specific links before finalising a care plan.,Compatibility primary selected for the diagnosis; consider alternative/context-specific links before finalising a care plan.,Mapeamento primário de compatibilidade selecionado para o diagnóstico; considerar vínculos alternativos/específicos ao contexto antes de finalizar o plano de cuidados.,high,curated_current_edition,es,Institutional Spanish NOC 7th edition source reviewed; current code/label cross-check against NOC 7th current classification listing; https://www.salusplay.com/apuntes/pae-y-diagnosticos-de-enfermeria-nanda-noc-y-nic/anexo-2-clasificacion-completa-de-resultados-de-enfermeria-noc-2024-8,,2026-09-07,"Selection remains patient/context dependent; use the licensed classification definitions, activities/indicators and scales."
00395,NIC,4480,Self-Responsibility Facilitation,Facilitação da Autorresponsabilidade,"Nursing Interventions Classification (NIC), 8th edition",primary,Compatibility primary selected for the diagnosis; consider alternative/context-specific links before finalising a care plan.,Compatibility primary selected for the diagnosis; consider alternative/context-specific links before finalising a care plan.,Mapeamento primário de compatibilidade selecionado para o diagnóstico; considerar vínculos alternativos/específicos ao contexto antes de finalizar o plano de cuidados.,moderate,curated_current_edition,es,Institutional Spanish NIC 8th edition source reviewed; current code/label cross-check against NIC 8th current classification listing; https://www.salusplay.com/blog/clasificacion-completa-intervenciones-enfermeria-nic-2024/,,2026-09-07,"Selection remains patient/context dependent; use the licensed classification definitions, activities/indicators and scales."
00395,NOC,1602,Health Promoting Behaviour,Comportamento de Promoção da Saúde,"Nursing Outcomes Classification (NOC), 7th edition",primary,Compatibility primary selected for the diagnosis; consider alternative/context-specific links before finalising a care plan.,Compatibility primary selected for the diagnosis; consider alternative/context-specific links before finalising a care plan.,Mapeamento primário de compatibilidade selecionado para o diagnóstico; considerar vínculos alternativos/específicos ao contexto antes de finalizar o plano de cuidados.,moderate,curated_current_edition,es,Institutional Spanish NOC 7th edition source reviewed; current code/label cross-check against NOC 7th current classification listing; https://www.salusplay.com/apuntes/pae-y-diagnosticos-de-enfermeria-nanda-noc-y-nic/anexo-2-clasificacion-completa-de-resultados-de-enfermeria-noc-2024-8,,2026-09-07,"Selection remains patient/context dependent; use the licensed classification definitions, activities/indicators and scales."
00397,NIC,0180,Energy Management,Controle de Energia,"Nursing Interventions Classification (NIC), 8th edition",primary,Compatibility primary selected for the diagnosis; consider alternative/context-specific links before finalising a care plan.,Compatibility primary selected for the diagnosis; consider alternative/context-specific links before finalising a care plan.,Mapeamento primário de compatibilidade selecionado para o diagnóstico; considerar vínculos alternativos/específicos ao contexto antes de finalizar o plano de cuidados.,high,curated_current_edition,es,Institutional Spanish NIC 8th edition source reviewed; current code/label cross-check against NIC 8th current classification listing; https://www.salusplay.com/blog/clasificacion-completa-intervenciones-enfermeria-nic-2024/,,2026-09-07,"Selection remains patient/context dependent; use the licensed classification definitions, activities/indicators and scales."
00397,NOC,0007,Fatigue Level,Nível de Fadiga,"Nursing Outcomes Classification (NOC), 7th edition",primary,Compatibility primary selected for the diagnosis; consider alternative/context-specific links before finalising a care plan.,Compatibility primary selected for the diagnosis; consider alternative/context-specific links before finalising a care plan.,Mapeamento primário de compatibilidade selecionado para o diagnóstico; considerar vínculos alternativos/específicos ao contexto antes de finalizar o plano de cuidados.,high,curated_current_edition,es,Institutional Spanish NOC 7th edition source reviewed; current code/label cross-check against NOC 7th current classification listing; https://www.salusplay.com/apuntes/pae-y-diagnosticos-de-enfermeria-nanda-noc-y-nic/anexo-2-clasificacion-completa-de-resultados-de-enfermeria-noc-2024-8,,2026-09-07,"Selection remains patient/context dependent; use the licensed classification definitions, activities/indicators and scales."
00398,NIC,1280,Weight Reduction Assistance,Assistência na Redução de Peso,"Nursing Interventions Classification (NIC), 8th edition",primary,Compatibility primary selected for the diagnosis; consider alternative/context-specific links before finalising a care plan.,Compatibility primary selected for the diagnosis; consider alternative/context-specific links before finalising a care plan.,Mapeamento primário de compatibilidade selecionado para o diagnóstico; considerar vínculos alternativos/específicos ao contexto antes de finalizar o plano de cuidados.,high,curated_current_edition,es,Institutional Spanish NIC 8th edition source reviewed; current code/label cross-check against NIC 8th current classification listing; https://www.salusplay.com/blog/clasificacion-completa-intervenciones-enfermeria-nic-2024/,,2026-09-07,"Selection remains patient/context dependent; use the licensed classification definitions, activities/indicators and scales."
00398,NOC,1627,Weight Loss Behaviour,Comportamento de Perda de Peso,"Nursing Outcomes Classification (NOC), 7th edition",primary,Compatibility primary selected for the diagnosis; consider alternative/context-specific links before finalising a care plan.,Compatibility primary selected for the diagnosis; consider alternative/context-specific links before finalising a care plan.,Mapeamento primário de compatibilidade selecionado para o diagnóstico; considerar vínculos alternativos/específicos ao contexto antes de finalizar o plano de cuidados.,high,curated_current_edition,es,Institutional Spanish NOC 7th edition source reviewed; current code/label cross-check against NOC 7th current classification listing; https://www.salusplay.com/apuntes/pae-y-diagnosticos-de-enfermeria-nanda-noc-y-nic/anexo-2-clasificacion-completa-de-resultados-de-enfermeria-noc-2024-8,,2026-09-07,"Selection remains patient/context dependent; use the licensed classification definitions, activities/indicators and scales."
00399,NIC,5820,Anxiety Reduction,Redução da Ansiedade,"Nursing Interventions Classification (NIC), 8th edition",primary,Compatibility primary selected for the diagnosis; consider alternative/context-specific links before finalising a care plan.,Compatibility primary selected for the diagnosis; consider alternative/context-specific links before finalising a care plan.,Mapeamento primário de compatibilidade selecionado para o diagnóstico; considerar vínculos alternativos/específicos ao contexto antes de finalizar o plano de cuidados.,high,curated_current_edition,es,Institutional Spanish NIC 8th edition source reviewed; current code/label cross-check against NIC 8th current classification listing; https://www.salusplay.com/blog/clasificacion-completa-intervenciones-enfermeria-nic-2024/,,2026-09-07,"Selection remains patient/context dependent; use the licensed classification definitions, activities/indicators and scales."
00399,NOC,1211,Anxiety Level,Nível de Ansiedade,"Nursing Outcomes Classification (NOC), 7th edition",primary,Compatibility primary selected for the diagnosis; consider alternative/context-specific links before finalising a care plan.,Compatibility primary selected for the diagnosis; consider alternative/context-specific links before finalising a care plan.,Mapeamento primário de compatibilidade selecionado para o diagnóstico; considerar vínculos alternativos/específicos ao contexto antes de finalizar o plano de cuidados.,high,curated_current_edition,es,Institutional Spanish NOC 7th edition source reviewed; current code/label cross-check against NOC 7th current classification listing; https://www.salusplay.com/apuntes/pae-y-diagnosticos-de-enfermeria-nanda-noc-y-nic/anexo-2-clasificacion-completa-de-resultados-de-enfermeria-noc-2024-8,,2026-09-07,"Selection remains patient/context dependent; use the licensed classification definitions, activities/indicators and scales."
00400,NIC,5820,Anxiety Reduction,Redução da Ansiedade,"Nursing Interventions Classification (NIC), 8th edition",primary,Compatibility primary selected for the diagnosis; consider alternative/context-specific links before finalising a care plan.,Compatibility primary selected for the diagnosis; consider alternative/context-specific links before finalising a care plan.,Mapeamento primário de compatibilidade selecionado para o diagnóstico; considerar vínculos alternativos/específicos ao contexto antes de finalizar o plano de cuidados.,high,curated_current_edition,es,Institutional Spanish NIC 8th edition source reviewed; current code/label cross-check against NIC 8th current classification listing; https://www.salusplay.com/blog/clasificacion-completa-intervenciones-enfermeria-nic-2024/,,2026-09-07,"Selection remains patient/context dependent; use the licensed classification definitions, activities/indicators and scales."
00400,NOC,1211,Anxiety Level,Nível de Ansiedade,"Nursing Outcomes Classification (NOC), 7th edition",primary,Compatibility primary selected for the diagnosis; consider alternative/context-specific links before finalising a care plan.,Compatibility primary selected for the diagnosis; consider alternative/context-specific links before finalising a care plan.,Mapeamento primário de compatibilidade selecionado para o diagnóstico; considerar vínculos alternativos/específicos ao contexto antes de finalizar o plano de cuidados.,high,curated_current_edition,es,Institutional Spanish NOC 7th edition source reviewed; current code/label cross-check against NOC 7th current classification listing; https://www.salusplay.com/apuntes/pae-y-diagnosticos-de-enfermeria-nanda-noc-y-nic/anexo-2-clasificacion-completa-de-resultados-de-enfermeria-noc-2024-8,,2026-09-07,"Selection remains patient/context dependent; use the licensed classification definitions, activities/indicators and scales."
00401,NIC,7040,Caregiver Support,Apoio ao Cuidador,"Nursing Interventions Classification (NIC), 8th edition",primary,Compatibility primary selected for the diagnosis; consider alternative/context-specific links before finalising a care plan.,Compatibility primary selected for the diagnosis; consider alternative/context-specific links before finalising a care plan.,Mapeamento primário de compatibilidade selecionado para o diagnóstico; considerar vínculos alternativos/específicos ao contexto antes de finalizar o plano de cuidados.,high,curated_current_edition,es,Institutional Spanish NIC 8th edition source reviewed; current code/label cross-check against NIC 8th current classification listing; https://www.salusplay.com/blog/clasificacion-completa-intervenciones-enfermeria-nic-2024/,,2026-09-07,"Selection remains patient/context dependent; use the licensed classification definitions, activities/indicators and scales."
00401,NOC,2210,Caregiver Role Endurance,Resistência no Papel de Cuidador,"Nursing Outcomes Classification (NOC), 7th edition",primary,Compatibility primary selected for the diagnosis; consider alternative/context-specific links before finalising a care plan.,Compatibility primary selected for the diagnosis; consider alternative/context-specific links before finalising a care plan.,Mapeamento primário de compatibilidade selecionado para o diagnóstico; considerar vínculos alternativos/específicos ao contexto antes de finalizar o plano de cuidados.,high,curated_current_edition,es,Institutional Spanish NOC 7th edition source reviewed; current code/label cross-check against NOC 7th current classification listing; https://www.salusplay.com/apuntes/pae-y-diagnosticos-de-enfermeria-nanda-noc-y-nic/anexo-2-clasificacion-completa-de-resultados-de-enfermeria-noc-2024-8,,2026-09-07,"Selection remains patient/context dependent; use the licensed classification definitions, activities/indicators and scales."
00402,NIC,6610,Risk Identification,Identificação de Risco,"Nursing Interventions Classification (NIC), 8th edition",primary,Compatibility primary selected for the diagnosis; consider alternative/context-specific links before finalising a care plan.,Compatibility primary selected for the diagnosis; consider alternative/context-specific links before finalising a care plan.,Mapeamento primário de compatibilidade selecionado para o diagnóstico; considerar vínculos alternativos/específicos ao contexto antes de finalizar o plano de cuidados.,high,curated_current_edition,es,Institutional Spanish NIC 8th edition source reviewed; current code/label cross-check against NIC 8th current classification listing; https://www.salusplay.com/blog/clasificacion-completa-intervenciones-enfermeria-nic-2024/,,2026-09-07,"Selection remains patient/context dependent; use the licensed classification definitions, activities/indicators and scales."
00402,NOC,1908,Risk Detection,Detecção de Risco,"Nursing Outcomes Classification (NOC), 7th edition",primary,Compatibility primary selected for the diagnosis; consider alternative/context-specific links before finalising a care plan.,Compatibility primary selected for the diagnosis; consider alternative/context-specific links before finalising a care plan.,Mapeamento primário de compatibilidade selecionado para o diagnóstico; considerar vínculos alternativos/específicos ao contexto antes de finalizar o plano de cuidados.,high,curated_current_edition,es,Institutional Spanish NOC 7th edition source reviewed; current code/label cross-check against NOC 7th current classification listing; https://www.salusplay.com/apuntes/pae-y-diagnosticos-de-enfermeria-nanda-noc-y-nic/anexo-2-clasificacion-completa-de-resultados-de-enfermeria-noc-2024-8,,2026-09-07,"Selection remains patient/context dependent; use the licensed classification definitions, activities/indicators and scales."
00404,NIC,6610,Risk Identification,Identificação de Risco,"Nursing Interventions Classification (NIC), 8th edition",primary,Compatibility primary selected for the diagnosis; consider alternative/context-specific links before finalising a care plan.,Compatibility primary selected for the diagnosis; consider alternative/context-specific links before finalising a care plan.,Mapeamento primário de compatibilidade selecionado para o diagnóstico; considerar vínculos alternativos/específicos ao contexto antes de finalizar o plano de cuidados.,high,curated_current_edition,es,Institutional Spanish NIC 8th edition source reviewed; current code/label cross-check against NIC 8th current classification listing; https://www.salusplay.com/blog/clasificacion-completa-intervenciones-enfermeria-nic-2024/,,2026-09-07,"Selection remains patient/context dependent; use the licensed classification definitions, activities/indicators and scales."
00404,NOC,1908,Risk Detection,Detecção de Risco,"Nursing Outcomes Classification (NOC), 7th edition",primary,Compatibility primary selected for the diagnosis; consider alternative/context-specific links before finalising a care plan.,Compatibility primary selected for the diagnosis; consider alternative/context-specific links before finalising a care plan.,Mapeamento primário de compatibilidade selecionado para o diagnóstico; considerar vínculos alternativos/específicos ao contexto antes de finalizar o plano de cuidados.,high,curated_current_edition,es,Institutional Spanish NOC 7th edition source reviewed; current code/label cross-check against NOC 7th current classification listing; https://www.salusplay.com/apuntes/pae-y-diagnosticos-de-enfermeria-nanda-noc-y-nic/anexo-2-clasificacion-completa-de-resultados-de-enfermeria-noc-2024-8,,2026-09-07,"Selection remains patient/context dependent; use the licensed classification definitions, activities/indicators and scales."
00405,NIC,5230,Coping Enhancement,Melhora do Enfrentamento,"Nursing Interventions Classification (NIC), 8th edition",primary,Compatibility primary selected for the diagnosis; consider alternative/context-specific links before finalising a care plan.,Compatibility primary selected for the diagnosis; consider alternative/context-specific links before finalising a care plan.,Mapeamento primário de compatibilidade selecionado para o diagnóstico; considerar vínculos alternativos/específicos ao contexto antes de finalizar o plano de cuidados.,high,curated_current_edition,es,Institutional Spanish NIC 8th edition source reviewed; current code/label cross-check against NIC 8th current classification listing; https://www.salusplay.com/blog/clasificacion-completa-intervenciones-enfermeria-nic-2024/,,2026-09-07,"Selection remains patient/context dependent; use the licensed classification definitions, activities/indicators and scales."
00405,NOC,1302,Coping,Enfrentamento,"Nursing Outcomes Classification (NOC), 7th edition",primary,Compatibility primary selected for the diagnosis; consider alternative/context-specific links before finalising a care plan.,Compatibility primary selected for the diagnosis; consider alternative/context-specific links before finalising a care plan.,Mapeamento primário de compatibilidade selecionado para o diagnóstico; considerar vínculos alternativos/específicos ao contexto antes de finalizar o plano de cuidados.,high,curated_current_edition,es,Institutional Spanish NOC 7th edition source reviewed; current code/label cross-check against NOC 7th current classification listing; https://www.salusplay.com/apuntes/pae-y-diagnosticos-de-enfermeria-nanda-noc-y-nic/anexo-2-clasificacion-completa-de-resultados-de-enfermeria-noc-2024-8,,2026-09-07,"Selection remains patient/context dependent; use the licensed classification definitions, activities/indicators and scales."
00406,NIC,5244,Breastfeeding Counselling,Aconselhamento sobre Amamentação,"Nursing Interventions Classification (NIC), 8th edition",primary,Compatibility primary selected for the diagnosis; consider alternative/context-specific links before finalising a care plan.,Compatibility primary selected for the diagnosis; consider alternative/context-specific links before finalising a care plan.,Mapeamento primário de compatibilidade selecionado para o diagnóstico; considerar vínculos alternativos/específicos ao contexto antes de finalizar o plano de cuidados.,high,current_edition_verified,es,Institutional Spanish NIC 8th edition source reviewed; current code/label cross-check against NIC 8th current classification listing; https://www.salusplay.com/blog/clasificacion-completa-intervenciones-enfermeria-nic-2024/,,2026-09-07,"Selection remains patient/context dependent; use the licensed classification definitions, activities/indicators and scales."
00406,NOC,1000,Breastfeeding Establishment: Infant,Estabelecimento da Amamentação: Lactente,"Nursing Outcomes Classification (NOC), 7th edition",primary,Compatibility primary selected for the diagnosis; consider alternative/context-specific links before finalising a care plan.,Compatibility primary selected for the diagnosis; consider alternative/context-specific links before finalising a care plan.,Mapeamento primário de compatibilidade selecionado para o diagnóstico; considerar vínculos alternativos/específicos ao contexto antes de finalizar o plano de cuidados.,high,curated_current_edition,es,Institutional Spanish NOC 7th edition source reviewed; current code/label cross-check against NOC 7th current classification listing; https://www.salusplay.com/apuntes/pae-y-diagnosticos-de-enfermeria-nanda-noc-y-nic/anexo-2-clasificacion-completa-de-resultados-de-enfermeria-noc-2024-8,,2026-09-07,"Selection remains patient/context dependent; use the licensed classification definitions, activities/indicators and scales."
00406,NOC,1002,Breastfeeding Maintenance,Manutenção da Amamentação,"Nursing Outcomes Classification (NOC), 7th edition",alternative,Use when maintenance is the relevant risk/prevention outcome.,Use when maintenance is the relevant risk/prevention outcome.,Usar quando a manutenção da amamentação for o desfecho relevante de risco/prevenção.,high,contextual_current_edition,es,Institutional Spanish NOC 7th edition source reviewed; current code/label cross-check against NOC 7th current classification listing; https://www.salusplay.com/apuntes/pae-y-diagnosticos-de-enfermeria-nanda-noc-y-nic/anexo-2-clasificacion-completa-de-resultados-de-enfermeria-noc-2024-8,,2026-09-07,"Selection remains patient/context dependent; use the licensed classification definitions, activities/indicators and scales."
00407,NIC,1850,Sleep Enhancement,Melhora do Sono,"Nursing Interventions Classification (NIC), 8th edition",primary,Compatibility primary selected for the diagnosis; consider alternative/context-specific links before finalising a care plan.,Compatibility primary selected for the diagnosis; consider alternative/context-specific links before finalising a care plan.,Mapeamento primário de compatibilidade selecionado para o diagnóstico; considerar vínculos alternativos/específicos ao contexto antes de finalizar o plano de cuidados.,high,curated_current_edition,es,Institutional Spanish NIC 8th edition source reviewed; current code/label cross-check against NIC 8th current classification listing; https://www.salusplay.com/blog/clasificacion-completa-intervenciones-enfermeria-nic-2024/,,2026-09-07,"Selection remains patient/context dependent; use the licensed classification definitions, activities/indicators and scales."
00407,NOC,0004,Sleep,Sono,"Nursing Outcomes Classification (NOC), 7th edition",primary,Compatibility primary selected for the diagnosis; consider alternative/context-specific links before finalising a care plan.,Compatibility primary selected for the diagnosis; consider alternative/context-specific links before finalising a care plan.,Mapeamento primário de compatibilidade selecionado para o diagnóstico; considerar vínculos alternativos/específicos ao contexto antes de finalizar o plano de cuidados.,high,curated_current_edition,es,Institutional Spanish NOC 7th edition source reviewed; current code/label cross-check against NOC 7th current classification listing; https://www.salusplay.com/apuntes/pae-y-diagnosticos-de-enfermeria-nanda-noc-y-nic/anexo-2-clasificacion-completa-de-resultados-de-enfermeria-noc-2024-8,,2026-09-07,"Selection remains patient/context dependent; use the licensed classification definitions, activities/indicators and scales."
00408,NIC,1850,Sleep Enhancement,Melhora do Sono,"Nursing Interventions Classification (NIC), 8th edition",primary,Compatibility primary selected for the diagnosis; consider alternative/context-specific links before finalising a care plan.,Compatibility primary selected for the diagnosis; consider alternative/context-specific links before finalising a care plan.,Mapeamento primário de compatibilidade selecionado para o diagnóstico; considerar vínculos alternativos/específicos ao contexto antes de finalizar o plano de cuidados.,high,curated_current_edition,es,Institutional Spanish NIC 8th edition source reviewed; current code/label cross-check against NIC 8th current classification listing; https://www.salusplay.com/blog/clasificacion-completa-intervenciones-enfermeria-nic-2024/,,2026-09-07,"Selection remains patient/context dependent; use the licensed classification definitions, activities/indicators and scales."
00408,NOC,0004,Sleep,Sono,"Nursing Outcomes Classification (NOC), 7th edition",primary,Compatibility primary selected for the diagnosis; consider alternative/context-specific links before finalising a care plan.,Compatibility primary selected for the diagnosis; consider alternative/context-specific links before finalising a care plan.,Mapeamento primário de compatibilidade selecionado para o diagnóstico; considerar vínculos alternativos/específicos ao contexto antes de finalizar o plano de cuidados.,high,curated_current_edition,es,Institutional Spanish NOC 7th edition source reviewed; current code/label cross-check against NOC 7th current classification listing; https://www.salusplay.com/apuntes/pae-y-diagnosticos-de-enfermeria-nanda-noc-y-nic/anexo-2-clasificacion-completa-de-resultados-de-enfermeria-noc-2024-8,,2026-09-07,"Selection remains patient/context dependent; use the licensed classification definitions, activities/indicators and scales."
00409,NIC,1100,Nutrition Management,Controle da Nutrição,"Nursing Interventions Classification (NIC), 8th edition",primary,Compatibility primary selected for the diagnosis; consider alternative/context-specific links before finalising a care plan.,Compatibility primary selected for the diagnosis; consider alternative/context-specific links before finalising a care plan.,Mapeamento primário de compatibilidade selecionado para o diagnóstico; considerar vínculos alternativos/específicos ao contexto antes de finalizar o plano de cuidados.,high,curated_current_edition,es,Institutional Spanish NIC 8th edition source reviewed; current code/label cross-check against NIC 8th current classification listing; https://www.salusplay.com/blog/clasificacion-completa-intervenciones-enfermeria-nic-2024/,,2026-09-07,"Selection remains patient/context dependent; use the licensed classification definitions, activities/indicators and scales."
00409,NOC,1004,Nutritional Status,Estado Nutricional,"Nursing Outcomes Classification (NOC), 7th edition",primary,Compatibility primary selected for the diagnosis; consider alternative/context-specific links before finalising a care plan.,Compatibility primary selected for the diagnosis; consider alternative/context-specific links before finalising a care plan.,Mapeamento primário de compatibilidade selecionado para o diagnóstico; considerar vínculos alternativos/específicos ao contexto antes de finalizar o plano de cuidados.,high,curated_current_edition,es,Institutional Spanish NOC 7th edition source reviewed; current code/label cross-check against NOC 7th current classification listing; https://www.salusplay.com/apuntes/pae-y-diagnosticos-de-enfermeria-nanda-noc-y-nic/anexo-2-clasificacion-completa-de-resultados-de-enfermeria-noc-2024-8,,2026-09-07,"Selection remains patient/context dependent; use the licensed classification definitions, activities/indicators and scales."
00410,NIC,7110,Family Involvement Promotion,Promoção do Envolvimento Familiar,"Nursing Interventions Classification (NIC), 8th edition",primary,Compatibility primary selected for the diagnosis; consider alternative/context-specific links before finalising a care plan.,Compatibility primary selected for the diagnosis; consider alternative/context-specific links before finalising a care plan.,Mapeamento primário de compatibilidade selecionado para o diagnóstico; considerar vínculos alternativos/específicos ao contexto antes de finalizar o plano de cuidados.,high,curated_current_edition,es,Institutional Spanish NIC 8th edition source reviewed; current code/label cross-check against NIC 8th current classification listing; https://www.salusplay.com/blog/clasificacion-completa-intervenciones-enfermeria-nic-2024/,,2026-09-07,"Selection remains patient/context dependent; use the licensed classification definitions, activities/indicators and scales."
00410,NOC,2606,Family Health Status,Estado de Saúde Familiar,"Nursing Outcomes Classification (NOC), 7th edition",primary,Compatibility primary selected for the diagnosis; consider alternative/context-specific links before finalising a care plan.,Compatibility primary selected for the diagnosis; consider alternative/context-specific links before finalising a care plan.,Mapeamento primário de compatibilidade selecionado para o diagnóstico; considerar vínculos alternativos/específicos ao contexto antes de finalizar o plano de cuidados.,high,curated_current_edition,es,Institutional Spanish NOC 7th edition source reviewed; current code/label cross-check against NOC 7th current classification listing; https://www.salusplay.com/apuntes/pae-y-diagnosticos-de-enfermeria-nanda-noc-y-nic/anexo-2-clasificacion-completa-de-resultados-de-enfermeria-noc-2024-8,,2026-09-07,"Selection remains patient/context dependent; use the licensed classification definitions, activities/indicators and scales."
00411,NIC,5515,Health Literacy Enhancement,Melhora da Literacia em Saúde,"Nursing Interventions Classification (NIC), 8th edition",primary,Compatibility primary selected for the diagnosis; consider alternative/context-specific links before finalising a care plan.,Compatibility primary selected for the diagnosis; consider alternative/context-specific links before finalising a care plan.,Mapeamento primário de compatibilidade selecionado para o diagnóstico; considerar vínculos alternativos/específicos ao contexto antes de finalizar o plano de cuidados.,high,curated_current_edition,es,Institutional Spanish NIC 8th edition source reviewed; current code/label cross-check against NIC 8th current classification listing; https://www.salusplay.com/blog/clasificacion-completa-intervenciones-enfermeria-nic-2024/,,2026-09-07,"Selection remains patient/context dependent; use the licensed classification definitions, activities/indicators and scales."
00411,NOC,2015,Health Literacy Behaviour,Comportamento de Literacia em Saúde,"Nursing Outcomes Classification (NOC), 7th edition",primary,Compatibility primary selected for the diagnosis; consider alternative/context-specific links before finalising a care plan.,Compatibility primary selected for the diagnosis; consider alternative/context-specific links before finalising a care plan.,Mapeamento primário de compatibilidade selecionado para o diagnóstico; considerar vínculos alternativos/específicos ao contexto antes de finalizar o plano de cuidados.,high,curated_current_edition,es,Institutional Spanish NOC 7th edition source reviewed; current code/label cross-check against NOC 7th current classification listing; https://www.salusplay.com/apuntes/pae-y-diagnosticos-de-enfermeria-nanda-noc-y-nic/anexo-2-clasificacion-completa-de-resultados-de-enfermeria-noc-2024-8,,2026-09-07,"Selection remains patient/context dependent; use the licensed classification definitions, activities/indicators and scales."
00412,NIC,1710,Oral Health Maintenance,Manutenção da Saúde Oral,"Nursing Interventions Classification (NIC), 8th edition",primary,Compatibility primary selected for the diagnosis; consider alternative/context-specific links before finalising a care plan.,Compatibility primary selected for the diagnosis; consider alternative/context-specific links before finalising a care plan.,Mapeamento primário de compatibilidade selecionado para o diagnóstico; considerar vínculos alternativos/específicos ao contexto antes de finalizar o plano de cuidados.,moderate,curated_current_edition,es,Institutional Spanish NIC 8th edition source reviewed; current code/label cross-check against NIC 8th current classification listing; https://www.salusplay.com/blog/clasificacion-completa-intervenciones-enfermeria-nic-2024/,,2026-09-07,"Selection remains patient/context dependent; use the licensed classification definitions, activities/indicators and scales."
00412,NOC,1100,Oral Health,Saúde Oral,"Nursing Outcomes Classification (NOC), 7th edition",primary,Compatibility primary selected for the diagnosis; consider alternative/context-specific links before finalising a care plan.,Compatibility primary selected for the diagnosis; consider alternative/context-specific links before finalising a care plan.,Mapeamento primário de compatibilidade selecionado para o diagnóstico; considerar vínculos alternativos/específicos ao contexto antes de finalizar o plano de cuidados.,moderate,curated_current_edition,es,Institutional Spanish NOC 7th edition source reviewed; current code/label cross-check against NOC 7th current classification listing; https://www.salusplay.com/apuntes/pae-y-diagnosticos-de-enfermeria-nanda-noc-y-nic/anexo-2-clasificacion-completa-de-resultados-de-enfermeria-noc-2024-8,,2026-09-07,"Selection remains patient/context dependent; use the licensed classification definitions, activities/indicators and scales."
00413,NIC,8500,Community Health Development,Desenvolvimento da Saúde Comunitária,"Nursing Interventions Classification (NIC), 8th edition",primary,Compatibility primary selected for the diagnosis; consider alternative/context-specific links before finalising a care plan.,Compatibility primary selected for the diagnosis; consider alternative/context-specific links before finalising a care plan.,Mapeamento primário de compatibilidade selecionado para o diagnóstico; considerar vínculos alternativos/específicos ao contexto antes de finalizar o plano de cuidados.,high,curated_current_edition,es,Institutional Spanish NIC 8th edition source reviewed; current code/label cross-check against NIC 8th current classification listing; https://www.salusplay.com/blog/clasificacion-completa-intervenciones-enfermeria-nic-2024/,,2026-09-07,"Selection remains patient/context dependent; use the licensed classification definitions, activities/indicators and scales."
00413,NOC,2701,Community Health Status,Estado de Saúde da Comunidade,"Nursing Outcomes Classification (NOC), 7th edition",primary,Compatibility primary selected for the diagnosis; consider alternative/context-specific links before finalising a care plan.,Compatibility primary selected for the diagnosis; consider alternative/context-specific links before finalising a care plan.,Mapeamento primário de compatibilidade selecionado para o diagnóstico; considerar vínculos alternativos/específicos ao contexto antes de finalizar o plano de cuidados.,high,curated_current_edition,es,Institutional Spanish NOC 7th edition source reviewed; current code/label cross-check against NOC 7th current classification listing; https://www.salusplay.com/apuntes/pae-y-diagnosticos-de-enfermeria-nanda-noc-y-nic/anexo-2-clasificacion-completa-de-resultados-de-enfermeria-noc-2024-8,,2026-09-07,"Selection remains patient/context dependent; use the licensed classification definitions, activities/indicators and scales."
00414,NIC,1720,Oral Health Promotion,Promoção da Saúde Oral,"Nursing Interventions Classification (NIC), 8th edition",primary,Compatibility primary selected for the diagnosis; consider alternative/context-specific links before finalising a care plan.,Compatibility primary selected for the diagnosis; consider alternative/context-specific links before finalising a care plan.,Mapeamento primário de compatibilidade selecionado para o diagnóstico; considerar vínculos alternativos/específicos ao contexto antes de finalizar o plano de cuidados.,high,curated_current_edition,es,Institutional Spanish NIC 8th edition source reviewed; current code/label cross-check against NIC 8th current classification listing; https://www.salusplay.com/blog/clasificacion-completa-intervenciones-enfermeria-nic-2024/,,2026-09-07,"Selection remains patient/context dependent; use the licensed classification definitions, activities/indicators and scales."
00414,NOC,0308,Self-Care Behaviour: Oral Hygiene,Comportamento de Autocuidado: Higiene Oral,"Nursing Outcomes Classification (NOC), 7th edition",primary,Compatibility primary selected for the diagnosis; consider alternative/context-specific links before finalising a care plan.,Compatibility primary selected for the diagnosis; consider alternative/context-specific links before finalising a care plan.,Mapeamento primário de compatibilidade selecionado para o diagnóstico; considerar vínculos alternativos/específicos ao contexto antes de finalizar o plano de cuidados.,high,curated_current_edition,es,Institutional Spanish NOC 7th edition source reviewed; current code/label cross-check against NOC 7th current classification listing; https://www.salusplay.com/apuntes/pae-y-diagnosticos-de-enfermeria-nanda-noc-y-nic/anexo-2-clasificacion-completa-de-resultados-de-enfermeria-noc-2024-8,,2026-09-07,"Selection remains patient/context dependent; use the licensed classification definitions, activities/indicators and scales."
00417,NIC,1850,Sleep Enhancement,Melhora do Sono,"Nursing Interventions Classification (NIC), 8th edition",primary,Compatibility primary selected for the diagnosis; consider alternative/context-specific links before finalising a care plan.,Compatibility primary selected for the diagnosis; consider alternative/context-specific links before finalising a care plan.,Mapeamento primário de compatibilidade selecionado para o diagnóstico; considerar vínculos alternativos/específicos ao contexto antes de finalizar o plano de cuidados.,high,curated_current_edition,es,Institutional Spanish NIC 8th edition source reviewed; current code/label cross-check against NIC 8th current classification listing; https://www.salusplay.com/blog/clasificacion-completa-intervenciones-enfermeria-nic-2024/,,2026-09-07,"Selection remains patient/context dependent; use the licensed classification definitions, activities/indicators and scales."
00417,NOC,0004,Sleep,Sono,"Nursing Outcomes Classification (NOC), 7th edition",primary,Compatibility primary selected for the diagnosis; consider alternative/context-specific links before finalising a care plan.,Compatibility primary selected for the diagnosis; consider alternative/context-specific links before finalising a care plan.,Mapeamento primário de compatibilidade selecionado para o diagnóstico; considerar vínculos alternativos/específicos ao contexto antes de finalizar o plano de cuidados.,high,curated_current_edition,es,Institutional Spanish NOC 7th edition source reviewed; current code/label cross-check against NOC 7th current classification listing; https://www.salusplay.com/apuntes/pae-y-diagnosticos-de-enfermeria-nanda-noc-y-nic/anexo-2-clasificacion-completa-de-resultados-de-enfermeria-noc-2024-8,,2026-09-07,"Selection remains patient/context dependent; use the licensed classification definitions, activities/indicators and scales."
00418,NIC,1400,Pain Management,Controle da Dor,"Nursing Interventions Classification (NIC), 8th edition",primary,Compatibility primary selected for the diagnosis; consider alternative/context-specific links before finalising a care plan.,Compatibility primary selected for the diagnosis; consider alternative/context-specific links before finalising a care plan.,Mapeamento primário de compatibilidade selecionado para o diagnóstico; considerar vínculos alternativos/específicos ao contexto antes de finalizar o plano de cuidados.,high,curated_current_edition,es,Institutional Spanish NIC 8th edition source reviewed; current code/label cross-check against NIC 8th current classification listing; https://www.salusplay.com/blog/clasificacion-completa-intervenciones-enfermeria-nic-2024/,,2026-09-07,"Selection remains patient/context dependent; use the licensed classification definitions, activities/indicators and scales."
00418,NOC,1605,Pain Control,Controle da Dor,"Nursing Outcomes Classification (NOC), 7th edition",primary,Compatibility primary selected for the diagnosis; consider alternative/context-specific links before finalising a care plan.,Compatibility primary selected for the diagnosis; consider alternative/context-specific links before finalising a care plan.,Mapeamento primário de compatibilidade selecionado para o diagnóstico; considerar vínculos alternativos/específicos ao contexto antes de finalizar o plano de cuidados.,high,curated_current_edition,es,Institutional Spanish NOC 7th edition source reviewed; current code/label cross-check against NOC 7th current classification listing; https://www.salusplay.com/apuntes/pae-y-diagnosticos-de-enfermeria-nanda-noc-y-nic/anexo-2-clasificacion-completa-de-resultados-de-enfermeria-noc-2024-8,,2026-09-07,"Selection remains patient/context dependent; use the licensed classification definitions, activities/indicators and scales."
00419,NIC,1100,Nutrition Management,Controle da Nutrição,"Nursing Interventions Classification (NIC), 8th edition",primary,Compatibility primary selected for the diagnosis; consider alternative/context-specific links before finalising a care plan.,Compatibility primary selected for the diagnosis; consider alternative/context-specific links before finalising a care plan.,Mapeamento primário de compatibilidade selecionado para o diagnóstico; considerar vínculos alternativos/específicos ao contexto antes de finalizar o plano de cuidados.,high,curated_current_edition,es,Institutional Spanish NIC 8th edition source reviewed; current code/label cross-check against NIC 8th current classification listing; https://www.salusplay.com/blog/clasificacion-completa-intervenciones-enfermeria-nic-2024/,,2026-09-07,"Selection remains patient/context dependent; use the licensed classification definitions, activities/indicators and scales."
00419,NOC,1004,Nutritional Status,Estado Nutricional,"Nursing Outcomes Classification (NOC), 7th edition",primary,Compatibility primary selected for the diagnosis; consider alternative/context-specific links before finalising a care plan.,Compatibility primary selected for the diagnosis; consider alternative/context-specific links before finalising a care plan.,Mapeamento primário de compatibilidade selecionado para o diagnóstico; considerar vínculos alternativos/específicos ao contexto antes de finalizar o plano de cuidados.,high,curated_current_edition,es,Institutional Spanish NOC 7th edition source reviewed; current code/label cross-check against NOC 7th current classification listing; https://www.salusplay.com/apuntes/pae-y-diagnosticos-de-enfermeria-nanda-noc-y-nic/anexo-2-clasificacion-completa-de-resultados-de-enfermeria-noc-2024-8,,2026-09-07,"Selection remains patient/context dependent; use the licensed classification definitions, activities/indicators and scales."
00420,NIC,4120,Fluid Management,Controle de Líquidos,"Nursing Interventions Classification (NIC), 8th edition",primary,Compatibility primary selected for the diagnosis; consider alternative/context-specific links before finalising a care plan.,Compatibility primary selected for the diagnosis; consider alternative/context-specific links before finalising a care plan.,Mapeamento primário de compatibilidade selecionado para o diagnóstico; considerar vínculos alternativos/específicos ao contexto antes de finalizar o plano de cuidados.,high,curated_current_edition,es,Institutional Spanish NIC 8th edition source reviewed; current code/label cross-check against NIC 8th current classification listing; https://www.salusplay.com/blog/clasificacion-completa-intervenciones-enfermeria-nic-2024/,,2026-09-07,"Selection remains patient/context dependent; use the licensed classification definitions, activities/indicators and scales."
00420,NOC,0602,Hydration,Hidratação,"Nursing Outcomes Classification (NOC), 7th edition",primary,Compatibility primary selected for the diagnosis; consider alternative/context-specific links before finalising a care plan.,Compatibility primary selected for the diagnosis; consider alternative/context-specific links before finalising a care plan.,Mapeamento primário de compatibilidade selecionado para o diagnóstico; considerar vínculos alternativos/específicos ao contexto antes de finalizar o plano de cuidados.,high,curated_current_edition,es,Institutional Spanish NOC 7th edition source reviewed; current code/label cross-check against NOC 7th current classification listing; https://www.salusplay.com/apuntes/pae-y-diagnosticos-de-enfermeria-nanda-noc-y-nic/anexo-2-clasificacion-completa-de-resultados-de-enfermeria-noc-2024-8,,2026-09-07,"Selection remains patient/context dependent; use the licensed classification definitions, activities/indicators and scales."
00421,NIC,4120,Fluid Management,Controle de Líquidos,"Nursing Interventions Classification (NIC), 8th edition",primary,Compatibility primary selected for the diagnosis; consider alternative/context-specific links before finalising a care plan.,Compatibility primary selected for the diagnosis; consider alternative/context-specific links before finalising a care plan.,Mapeamento primário de compatibilidade selecionado para o diagnóstico; considerar vínculos alternativos/específicos ao contexto antes de finalizar o plano de cuidados.,high,curated_current_edition,es,Institutional Spanish NIC 8th edition source reviewed; current code/label cross-check against NIC 8th current classification listing; https://www.salusplay.com/blog/clasificacion-completa-intervenciones-enfermeria-nic-2024/,,2026-09-07,"Selection remains patient/context dependent; use the licensed classification definitions, activities/indicators and scales."
00421,NOC,0602,Hydration,Hidratação,"Nursing Outcomes Classification (NOC), 7th edition",primary,Compatibility primary selected for the diagnosis; consider alternative/context-specific links before finalising a care plan.,Compatibility primary selected for the diagnosis; consider alternative/context-specific links before finalising a care plan.,Mapeamento primário de compatibilidade selecionado para o diagnóstico; considerar vínculos alternativos/específicos ao contexto antes de finalizar o plano de cuidados.,high,curated_current_edition,es,Institutional Spanish NOC 7th edition source reviewed; current code/label cross-check against NOC 7th current classification listing; https://www.salusplay.com/apuntes/pae-y-diagnosticos-de-enfermeria-nanda-noc-y-nic/anexo-2-clasificacion-completa-de-resultados-de-enfermeria-noc-2024-8,,2026-09-07,"Selection remains patient/context dependent; use the licensed classification definitions, activities/indicators and scales."
00422,NIC,0430,Bowel Management,Controle Intestinal,"Nursing Interventions Classification (NIC), 8th edition",primary,Compatibility primary selected for the diagnosis; consider alternative/context-specific links before finalising a care plan.,Compatibility primary selected for the diagnosis; consider alternative/context-specific links before finalising a care plan.,Mapeamento primário de compatibilidade selecionado para o diagnóstico; considerar vínculos alternativos/específicos ao contexto antes de finalizar o plano de cuidados.,high,curated_current_edition,es,Institutional Spanish NIC 8th edition source reviewed; current code/label cross-check against NIC 8th current classification listing; https://www.salusplay.com/blog/clasificacion-completa-intervenciones-enfermeria-nic-2024/,,2026-09-07,"Selection remains patient/context dependent; use the licensed classification definitions, activities/indicators and scales."
00422,NOC,1015,Gastrointestinal Function,Função Gastrointestinal,"Nursing Outcomes Classification (NOC), 7th edition",primary,Compatibility primary selected for the diagnosis; consider alternative/context-specific links before finalising a care plan.,Compatibility primary selected for the diagnosis; consider alternative/context-specific links before finalising a care plan.,Mapeamento primário de compatibilidade selecionado para o diagnóstico; considerar vínculos alternativos/específicos ao contexto antes de finalizar o plano de cuidados.,high,current_edition_verified,es,Institutional Spanish NOC 7th edition source reviewed; current code/label cross-check against NOC 7th current classification listing; https://www.salusplay.com/apuntes/pae-y-diagnosticos-de-enfermeria-nanda-noc-y-nic/anexo-2-clasificacion-completa-de-resultados-de-enfermeria-noc-2024-8,,2026-09-07,"Selection remains patient/context dependent; use the licensed classification definitions, activities/indicators and scales."
00423,NIC,0430,Bowel Management,Controle Intestinal,"Nursing Interventions Classification (NIC), 8th edition",primary,Compatibility primary selected for the diagnosis; consider alternative/context-specific links before finalising a care plan.,Compatibility primary selected for the diagnosis; consider alternative/context-specific links before finalising a care plan.,Mapeamento primário de compatibilidade selecionado para o diagnóstico; considerar vínculos alternativos/específicos ao contexto antes de finalizar o plano de cuidados.,high,curated_current_edition,es,Institutional Spanish NIC 8th edition source reviewed; current code/label cross-check against NIC 8th current classification listing; https://www.salusplay.com/blog/clasificacion-completa-intervenciones-enfermeria-nic-2024/,,2026-09-07,"Selection remains patient/context dependent; use the licensed classification definitions, activities/indicators and scales."
00423,NOC,1015,Gastrointestinal Function,Função Gastrointestinal,"Nursing Outcomes Classification (NOC), 7th edition",primary,Compatibility primary selected for the diagnosis; consider alternative/context-specific links before finalising a care plan.,Compatibility primary selected for the diagnosis; consider alternative/context-specific links before finalising a care plan.,Mapeamento primário de compatibilidade selecionado para o diagnóstico; considerar vínculos alternativos/específicos ao contexto antes de finalizar o plano de cuidados.,high,current_edition_verified,es,Institutional Spanish NOC 7th edition source reviewed; current code/label cross-check against NOC 7th current classification listing; https://www.salusplay.com/apuntes/pae-y-diagnosticos-de-enfermeria-nanda-noc-y-nic/anexo-2-clasificacion-completa-de-resultados-de-enfermeria-noc-2024-8,,2026-09-07,"Selection remains patient/context dependent; use the licensed classification definitions, activities/indicators and scales."
00424,NIC,0410,Bowel Incontinence Care,Cuidados na Incontinência Intestinal,"Nursing Interventions Classification (NIC), 8th edition",primary,Compatibility primary selected for the diagnosis; consider alternative/context-specific links before finalising a care plan.,Compatibility primary selected for the diagnosis; consider alternative/context-specific links before finalising a care plan.,Mapeamento primário de compatibilidade selecionado para o diagnóstico; considerar vínculos alternativos/específicos ao contexto antes de finalizar o plano de cuidados.,high,curated_current_edition,es,Institutional Spanish NIC 8th edition source reviewed; current code/label cross-check against NIC 8th current classification listing; https://www.salusplay.com/blog/clasificacion-completa-intervenciones-enfermeria-nic-2024/,,2026-09-07,"Selection remains patient/context dependent; use the licensed classification definitions, activities/indicators and scales."
00424,NOC,0500,Bowel Continence,Continência Intestinal,"Nursing Outcomes Classification (NOC), 7th edition",primary,Compatibility primary selected for the diagnosis; consider alternative/context-specific links before finalising a care plan.,Compatibility primary selected for the diagnosis; consider alternative/context-specific links before finalising a care plan.,Mapeamento primário de compatibilidade selecionado para o diagnóstico; considerar vínculos alternativos/específicos ao contexto antes de finalizar o plano de cuidados.,high,curated_current_edition,es,Institutional Spanish NOC 7th edition source reviewed; current code/label cross-check against NOC 7th current classification listing; https://www.salusplay.com/apuntes/pae-y-diagnosticos-de-enfermeria-nanda-noc-y-nic/anexo-2-clasificacion-completa-de-resultados-de-enfermeria-noc-2024-8,,2026-09-07,"Selection remains patient/context dependent; use the licensed classification definitions, activities/indicators and scales."
00425,NIC,2660,Peripheral Sensation Management,Controle da Sensibilidade Periférica,"Nursing Interventions Classification (NIC), 8th edition",primary,Compatibility primary selected for the diagnosis; consider alternative/context-specific links before finalising a care plan.,Compatibility primary selected for the diagnosis; consider alternative/context-specific links before finalising a care plan.,Mapeamento primário de compatibilidade selecionado para o diagnóstico; considerar vínculos alternativos/específicos ao contexto antes de finalizar o plano de cuidados.,high,curated_current_edition,es,Institutional Spanish NIC 8th edition source reviewed; current code/label cross-check against NIC 8th current classification listing; https://www.salusplay.com/blog/clasificacion-completa-intervenciones-enfermeria-nic-2024/,,2026-09-07,"Selection remains patient/context dependent; use the licensed classification definitions, activities/indicators and scales."
00425,NOC,0917,Neurological Status: Peripheral,Estado Neurológico: Periférico,"Nursing Outcomes Classification (NOC), 7th edition",primary,Compatibility primary selected for the diagnosis; consider alternative/context-specific links before finalising a care plan.,Compatibility primary selected for the diagnosis; consider alternative/context-specific links before finalising a care plan.,Mapeamento primário de compatibilidade selecionado para o diagnóstico; considerar vínculos alternativos/específicos ao contexto antes de finalizar o plano de cuidados.,high,curated_current_edition,es,Institutional Spanish NOC 7th edition source reviewed; current code/label cross-check against NOC 7th current classification listing; https://www.salusplay.com/apuntes/pae-y-diagnosticos-de-enfermeria-nanda-noc-y-nic/anexo-2-clasificacion-completa-de-resultados-de-enfermeria-noc-2024-8,,2026-09-07,"Selection remains patient/context dependent; use the licensed classification definitions, activities/indicators and scales."
00429,NIC,5250,Decision-Making Support,Apoio à Tomada de Decisão,"Nursing Interventions Classification (NIC), 8th edition",primary,Compatibility primary selected for the diagnosis; consider alternative/context-specific links before finalising a care plan.,Compatibility primary selected for the diagnosis; consider alternative/context-specific links before finalising a care plan.,Mapeamento primário de compatibilidade selecionado para o diagnóstico; considerar vínculos alternativos/específicos ao contexto antes de finalizar o plano de cuidados.,high,curated_current_edition,es,Institutional Spanish NIC 8th edition source reviewed; current code/label cross-check against NIC 8th current classification listing; https://www.salusplay.com/blog/clasificacion-completa-intervenciones-enfermeria-nic-2024/,,2026-09-07,"Selection remains patient/context dependent; use the licensed classification definitions, activities/indicators and scales."
00429,NOC,0906,Decision-Making,Tomada de Decisão,"Nursing Outcomes Classification (NOC), 7th edition",primary,Compatibility primary selected for the diagnosis; consider alternative/context-specific links before finalising a care plan.,Compatibility primary selected for the diagnosis; consider alternative/context-specific links before finalising a care plan.,Mapeamento primário de compatibilidade selecionado para o diagnóstico; considerar vínculos alternativos/específicos ao contexto antes de finalizar o plano de cuidados.,high,curated_current_edition,es,Institutional Spanish NOC 7th edition source reviewed; current code/label cross-check against NOC 7th current classification listing; https://www.salusplay.com/apuntes/pae-y-diagnosticos-de-enfermeria-nanda-noc-y-nic/anexo-2-clasificacion-completa-de-resultados-de-enfermeria-noc-2024-8,,2026-09-07,"Selection remains patient/context dependent; use the licensed classification definitions, activities/indicators and scales."
00430,NIC,3390,Ventilation Assistance,Assistência Ventilatória,"Nursing Interventions Classification (NIC), 8th edition",primary,Compatibility primary selected for the diagnosis; consider alternative/context-specific links before finalising a care plan.,Compatibility primary selected for the diagnosis; consider alternative/context-specific links before finalising a care plan.,Mapeamento primário de compatibilidade selecionado para o diagnóstico; considerar vínculos alternativos/específicos ao contexto antes de finalizar o plano de cuidados.,high,curated_current_edition,es,Institutional Spanish NIC 8th edition source reviewed; current code/label cross-check against NIC 8th current classification listing; https://www.salusplay.com/blog/clasificacion-completa-intervenciones-enfermeria-nic-2024/,,2026-09-07,"Selection remains patient/context dependent; use the licensed classification definitions, activities/indicators and scales."
00430,NOC,0403,Respiratory Status: Ventilation,Estado Respiratório: Ventilação,"Nursing Outcomes Classification (NOC), 7th edition",primary,Compatibility primary selected for the diagnosis; consider alternative/context-specific links before finalising a care plan.,Compatibility primary selected for the diagnosis; consider alternative/context-specific links before finalising a care plan.,Mapeamento primário de compatibilidade selecionado para o diagnóstico; considerar vínculos alternativos/específicos ao contexto antes de finalizar o plano de cuidados.,high,curated_current_edition,es,Institutional Spanish NOC 7th edition source reviewed; current code/label cross-check against NOC 7th current classification listing; https://www.salusplay.com/apuntes/pae-y-diagnosticos-de-enfermeria-nanda-noc-y-nic/anexo-2-clasificacion-completa-de-resultados-de-enfermeria-noc-2024-8,,2026-09-07,"Selection remains patient/context dependent; use the licensed classification definitions, activities/indicators and scales."
00431,NIC,3390,Ventilation Assistance,Assistência Ventilatória,"Nursing Interventions Classification (NIC), 8th edition",primary,Compatibility primary selected for the diagnosis; consider alternative/context-specific links before finalising a care plan.,Compatibility primary selected for the diagnosis; consider alternative/context-specific links before finalising a care plan.,Mapeamento primário de compatibilidade selecionado para o diagnóstico; considerar vínculos alternativos/específicos ao contexto antes de finalizar o plano de cuidados.,high,curated_current_edition,es,Institutional Spanish NIC 8th edition source reviewed; current code/label cross-check against NIC 8th current classification listing; https://www.salusplay.com/blog/clasificacion-completa-intervenciones-enfermeria-nic-2024/,,2026-09-07,"Selection remains patient/context dependent; use the licensed classification definitions, activities/indicators and scales."
00431,NOC,0403,Respiratory Status: Ventilation,Estado Respiratório: Ventilação,"Nursing Outcomes Classification (NOC), 7th edition",primary,Compatibility primary selected for the diagnosis; consider alternative/context-specific links before finalising a care plan.,Compatibility primary selected for the diagnosis; consider alternative/context-specific links before finalising a care plan.,Mapeamento primário de compatibilidade selecionado para o diagnóstico; considerar vínculos alternativos/específicos ao contexto antes de finalizar o plano de cuidados.,high,curated_current_edition,es,Institutional Spanish NOC 7th edition source reviewed; current code/label cross-check against NOC 7th current classification listing; https://www.salusplay.com/apuntes/pae-y-diagnosticos-de-enfermeria-nanda-noc-y-nic/anexo-2-clasificacion-completa-de-resultados-de-enfermeria-noc-2024-8,,2026-09-07,"Selection remains patient/context dependent; use the licensed classification definitions, activities/indicators and scales."
00434,NIC,4976,Communication Enhancement: Speech Deficit,Melhora da Comunicação: Déficit da Fala,"Nursing Interventions Classification (NIC), 8th edition",primary,Compatibility primary selected for the diagnosis; consider alternative/context-specific links before finalising a care plan.,Compatibility primary selected for the diagnosis; consider alternative/context-specific links before finalising a care plan.,Mapeamento primário de compatibilidade selecionado para o diagnóstico; considerar vínculos alternativos/específicos ao contexto antes de finalizar o plano de cuidados.,high,curated_current_edition,es,Institutional Spanish NIC 8th edition source reviewed; current code/label cross-check against NIC 8th current classification listing; https://www.salusplay.com/blog/clasificacion-completa-intervenciones-enfermeria-nic-2024/,,2026-09-07,"Selection remains patient/context dependent; use the licensed classification definitions, activities/indicators and scales."
00434,NOC,0902,Communication,Comunicação,"Nursing Outcomes Classification (NOC), 7th edition",primary,Compatibility primary selected for the diagnosis; consider alternative/context-specific links before finalising a care plan.,Compatibility primary selected for the diagnosis; consider alternative/context-specific links before finalising a care plan.,Mapeamento primário de compatibilidade selecionado para o diagnóstico; considerar vínculos alternativos/específicos ao contexto antes de finalizar o plano de cuidados.,high,curated_current_edition,es,Institutional Spanish NOC 7th edition source reviewed; current code/label cross-check against NOC 7th current classification listing; https://www.salusplay.com/apuntes/pae-y-diagnosticos-de-enfermeria-nanda-noc-y-nic/anexo-2-clasificacion-completa-de-resultados-de-enfermeria-noc-2024-8,,2026-09-07,"Selection remains patient/context dependent; use the licensed classification definitions, activities/indicators and scales."
00435,NIC,5602,Teaching: Disease Process,Ensino: Processo da Doença,"Nursing Interventions Classification (NIC), 8th edition",primary,Compatibility primary selected for the diagnosis; consider alternative/context-specific links before finalising a care plan.,Compatibility primary selected for the diagnosis; consider alternative/context-specific links before finalising a care plan.,Mapeamento primário de compatibilidade selecionado para o diagnóstico; considerar vínculos alternativos/específicos ao contexto antes de finalizar o plano de cuidados.,high,curated_current_edition,es,Institutional Spanish NIC 8th edition source reviewed; current code/label cross-check against NIC 8th current classification listing; https://www.salusplay.com/blog/clasificacion-completa-intervenciones-enfermeria-nic-2024/,,2026-09-07,"Selection remains patient/context dependent; use the licensed classification definitions, activities/indicators and scales."
00435,NOC,1803,Knowledge: Disease Management,Conhecimento: Controle da Doença,"Nursing Outcomes Classification (NOC), 7th edition",primary,Compatibility primary selected for the diagnosis; consider alternative/context-specific links before finalising a care plan.,Compatibility primary selected for the diagnosis; consider alternative/context-specific links before finalising a care plan.,Mapeamento primário de compatibilidade selecionado para o diagnóstico; considerar vínculos alternativos/específicos ao contexto antes de finalizar o plano de cuidados.,high,curated_current_edition,es,Institutional Spanish NOC 7th edition source reviewed; current code/label cross-check against NOC 7th current classification listing; https://www.salusplay.com/apuntes/pae-y-diagnosticos-de-enfermeria-nanda-noc-y-nic/anexo-2-clasificacion-completa-de-resultados-de-enfermeria-noc-2024-8,,2026-09-07,"Selection remains patient/context dependent; use the licensed classification definitions, activities/indicators and scales."
00436,NIC,8300,Parenting Promotion,Promoção da Parentalidade,"Nursing Interventions Classification (NIC), 8th edition",primary,Compatibility primary selected for the diagnosis; consider alternative/context-specific links before finalising a care plan.,Compatibility primary selected for the diagnosis; consider alternative/context-specific links before finalising a care plan.,Mapeamento primário de compatibilidade selecionado para o diagnóstico; considerar vínculos alternativos/específicos ao contexto antes de finalizar o plano de cuidados.,high,curated_current_edition,es,Institutional Spanish NIC 8th edition source reviewed; current code/label cross-check against NIC 8th current classification listing; https://www.salusplay.com/blog/clasificacion-completa-intervenciones-enfermeria-nic-2024/,,2026-09-07,"Selection remains patient/context dependent; use the licensed classification definitions, activities/indicators and scales."
00436,NOC,2211,Parenting Performance,Desempenho da Parentalidade,"Nursing Outcomes Classification (NOC), 7th edition",primary,Compatibility primary selected for the diagnosis; consider alternative/context-specific links before finalising a care plan.,Compatibility primary selected for the diagnosis; consider alternative/context-specific links before finalising a care plan.,Mapeamento primário de compatibilidade selecionado para o diagnóstico; considerar vínculos alternativos/específicos ao contexto antes de finalizar o plano de cuidados.,high,curated_current_edition,es,Institutional Spanish NOC 7th edition source reviewed; current code/label cross-check against NOC 7th current classification listing; https://www.salusplay.com/apuntes/pae-y-diagnosticos-de-enfermeria-nanda-noc-y-nic/anexo-2-clasificacion-completa-de-resultados-de-enfermeria-noc-2024-8,,2026-09-07,"Selection remains patient/context dependent; use the licensed classification definitions, activities/indicators and scales."
00437,NIC,8300,Parenting Promotion,Promoção da Parentalidade,"Nursing Interventions Classification (NIC), 8th edition",primary,Compatibility primary selected for the diagnosis; consider alternative/context-specific links before finalising a care plan.,Compatibility primary selected for the diagnosis; consider alternative/context-specific links before finalising a care plan.,Mapeamento primário de compatibilidade selecionado para o diagnóstico; considerar vínculos alternativos/específicos ao contexto antes de finalizar o plano de cuidados.,high,curated_current_edition,es,Institutional Spanish NIC 8th edition source reviewed; current code/label cross-check against NIC 8th current classification listing; https://www.salusplay.com/blog/clasificacion-completa-intervenciones-enfermeria-nic-2024/,,2026-09-07,"Selection remains patient/context dependent; use the licensed classification definitions, activities/indicators and scales."
00437,NOC,2211,Parenting Performance,Desempenho da Parentalidade,"Nursing Outcomes Classification (NOC), 7th edition",primary,Compatibility primary selected for the diagnosis; consider alternative/context-specific links before finalising a care plan.,Compatibility primary selected for the diagnosis; consider alternative/context-specific links before finalising a care plan.,Mapeamento primário de compatibilidade selecionado para o diagnóstico; considerar vínculos alternativos/específicos ao contexto antes de finalizar o plano de cuidados.,high,curated_current_edition,es,Institutional Spanish NOC 7th edition source reviewed; current code/label cross-check against NOC 7th current classification listing; https://www.salusplay.com/apuntes/pae-y-diagnosticos-de-enfermeria-nanda-noc-y-nic/anexo-2-clasificacion-completa-de-resultados-de-enfermeria-noc-2024-8,,2026-09-07,"Selection remains patient/context dependent; use the licensed classification definitions, activities/indicators and scales."
00438,NIC,8300,Parenting Promotion,Promoção da Parentalidade,"Nursing Interventions Classification (NIC), 8th edition",primary,Compatibility primary selected for the diagnosis; consider alternative/context-specific links before finalising a care plan.,Compatibility primary selected for the diagnosis; consider alternative/context-specific links before finalising a care plan.,Mapeamento primário de compatibilidade selecionado para o diagnóstico; considerar vínculos alternativos/específicos ao contexto antes de finalizar o plano de cuidados.,high,curated_current_edition,es,Institutional Spanish NIC 8th edition source reviewed; current code/label cross-check against NIC 8th current classification listing; https://www.salusplay.com/blog/clasificacion-completa-intervenciones-enfermeria-nic-2024/,,2026-09-07,"Selection remains patient/context dependent; use the licensed classification definitions, activities/indicators and scales."
00438,NOC,2211,Parenting Performance,Desempenho da Parentalidade,"Nursing Outcomes Classification (NOC), 7th edition",primary,Compatibility primary selected for the diagnosis; consider alternative/context-specific links before finalising a care plan.,Compatibility primary selected for the diagnosis; consider alternative/context-specific links before finalising a care plan.,Mapeamento primário de compatibilidade selecionado para o diagnóstico; considerar vínculos alternativos/específicos ao contexto antes de finalizar o plano de cuidados.,high,curated_current_edition,es,Institutional Spanish NOC 7th edition source reviewed; current code/label cross-check against NOC 7th current classification listing; https://www.salusplay.com/apuntes/pae-y-diagnosticos-de-enfermeria-nanda-noc-y-nic/anexo-2-clasificacion-completa-de-resultados-de-enfermeria-noc-2024-8,,2026-09-07,"Selection remains patient/context dependent; use the licensed classification definitions, activities/indicators and scales."
00439,NIC,7110,Family Involvement Promotion,Promoção do Envolvimento Familiar,"Nursing Interventions Classification (NIC), 8th edition",primary,Compatibility primary selected for the diagnosis; consider alternative/context-specific links before finalising a care plan.,Compatibility primary selected for the diagnosis; consider alternative/context-specific links before finalising a care plan.,Mapeamento primário de compatibilidade selecionado para o diagnóstico; considerar vínculos alternativos/específicos ao contexto antes de finalizar o plano de cuidados.,moderate,curated_current_edition,es,Institutional Spanish NIC 8th edition source reviewed; current code/label cross-check against NIC 8th current classification listing; https://www.salusplay.com/blog/clasificacion-completa-intervenciones-enfermeria-nic-2024/,,2026-09-07,"Selection remains patient/context dependent; use the licensed classification definitions, activities/indicators and scales."
00439,NOC,1500,Parent-Infant Attachment,Vínculo Pais-Lactente,"Nursing Outcomes Classification (NOC), 7th edition",primary,Compatibility primary selected for the diagnosis; consider alternative/context-specific links before finalising a care plan.,Compatibility primary selected for the diagnosis; consider alternative/context-specific links before finalising a care plan.,Mapeamento primário de compatibilidade selecionado para o diagnóstico; considerar vínculos alternativos/específicos ao contexto antes de finalizar o plano de cuidados.,moderate,curated_current_edition,es,Institutional Spanish NOC 7th edition source reviewed; current code/label cross-check against NOC 7th current classification listing; https://www.salusplay.com/apuntes/pae-y-diagnosticos-de-enfermeria-nanda-noc-y-nic/anexo-2-clasificacion-completa-de-resultados-de-enfermeria-noc-2024-8,,2026-09-07,"Selection remains patient/context dependent; use the licensed classification definitions, activities/indicators and scales."
00440,NIC,7100,Family Integrity Promotion,Promoção da Integridade Familiar,"Nursing Interventions Classification (NIC), 8th edition",primary,Compatibility primary selected for the diagnosis; consider alternative/context-specific links before finalising a care plan.,Compatibility primary selected for the diagnosis; consider alternative/context-specific links before finalising a care plan.,Mapeamento primário de compatibilidade selecionado para o diagnóstico; considerar vínculos alternativos/específicos ao contexto antes de finalizar o plano de cuidados.,high,curated_current_edition,es,Institutional Spanish NIC 8th edition source reviewed; current code/label cross-check against NIC 8th current classification listing; https://www.salusplay.com/blog/clasificacion-completa-intervenciones-enfermeria-nic-2024/,,2026-09-07,"Selection remains patient/context dependent; use the licensed classification definitions, activities/indicators and scales."
00440,NOC,2602,Family Functioning,Funcionamento Familiar,"Nursing Outcomes Classification (NOC), 7th edition",primary,Compatibility primary selected for the diagnosis; consider alternative/context-specific links before finalising a care plan.,Compatibility primary selected for the diagnosis; consider alternative/context-specific links before finalising a care plan.,Mapeamento primário de compatibilidade selecionado para o diagnóstico; considerar vínculos alternativos/específicos ao contexto antes de finalizar o plano de cuidados.,high,curated_current_edition,es,Institutional Spanish NOC 7th edition source reviewed; current code/label cross-check against NOC 7th current classification listing; https://www.salusplay.com/apuntes/pae-y-diagnosticos-de-enfermeria-nanda-noc-y-nic/anexo-2-clasificacion-completa-de-resultados-de-enfermeria-noc-2024-8,,2026-09-07,"Selection remains patient/context dependent; use the licensed classification definitions, activities/indicators and scales."
00442,NIC,1800,Self-Care Assistance,Assistência no Autocuidado,"Nursing Interventions Classification (NIC), 8th edition",primary,Compatibility primary selected for the diagnosis; consider alternative/context-specific links before finalising a care plan.,Compatibility primary selected for the diagnosis; consider alternative/context-specific links before finalising a care plan.,Mapeamento primário de compatibilidade selecionado para o diagnóstico; considerar vínculos alternativos/específicos ao contexto antes de finalizar o plano de cuidados.,high,curated_current_edition,es,Institutional Spanish NIC 8th edition source reviewed; current code/label cross-check against NIC 8th current classification listing; https://www.salusplay.com/blog/clasificacion-completa-intervenciones-enfermeria-nic-2024/,,2026-09-07,"Selection remains patient/context dependent; use the licensed classification definitions, activities/indicators and scales."
00442,NOC,0300,Self-Care Behaviour: Activities of Daily Living,Comportamento de Autocuidado: Atividades de Vida Diária,"Nursing Outcomes Classification (NOC), 7th edition",primary,Compatibility primary selected for the diagnosis; consider alternative/context-specific links before finalising a care plan.,Compatibility primary selected for the diagnosis; consider alternative/context-specific links before finalising a care plan.,Mapeamento primário de compatibilidade selecionado para o diagnóstico; considerar vínculos alternativos/específicos ao contexto antes de finalizar o plano de cuidados.,high,curated_current_edition,es,Institutional Spanish NOC 7th edition source reviewed; current code/label cross-check against NOC 7th current classification listing; https://www.salusplay.com/apuntes/pae-y-diagnosticos-de-enfermeria-nanda-noc-y-nic/anexo-2-clasificacion-completa-de-resultados-de-enfermeria-noc-2024-8,,2026-09-07,"Selection remains patient/context dependent; use the licensed classification definitions, activities/indicators and scales."
00445,NIC,5240,Counselling,Aconselhamento,"Nursing Interventions Classification (NIC), 8th edition",primary,Compatibility primary selected for the diagnosis; consider alternative/context-specific links before finalising a care plan.,Compatibility primary selected for the diagnosis; consider alternative/context-specific links before finalising a care plan.,Mapeamento primário de compatibilidade selecionado para o diagnóstico; considerar vínculos alternativos/específicos ao contexto antes de finalizar o plano de cuidados.,moderate,curated_current_edition,es,Institutional Spanish NIC 8th edition source reviewed; current code/label cross-check against NIC 8th current classification listing; https://www.salusplay.com/blog/clasificacion-completa-intervenciones-enfermeria-nic-2024/,,2026-09-07,"Selection remains patient/context dependent; use the licensed classification definitions, activities/indicators and scales."
00445,NOC,1502,Social Interaction Skills,Habilidades de Interação Social,"Nursing Outcomes Classification (NOC), 7th edition",primary,Compatibility primary selected for the diagnosis; consider alternative/context-specific links before finalising a care plan.,Compatibility primary selected for the diagnosis; consider alternative/context-specific links before finalising a care plan.,Mapeamento primário de compatibilidade selecionado para o diagnóstico; considerar vínculos alternativos/específicos ao contexto antes de finalizar o plano de cuidados.,moderate,curated_current_edition,es,Institutional Spanish NOC 7th edition source reviewed; current code/label cross-check against NOC 7th current classification listing; https://www.salusplay.com/apuntes/pae-y-diagnosticos-de-enfermeria-nanda-noc-y-nic/anexo-2-clasificacion-completa-de-resultados-de-enfermeria-noc-2024-8,,2026-09-07,"Selection remains patient/context dependent; use the licensed classification definitions, activities/indicators and scales."
00446,NIC,5240,Counselling,Aconselhamento,"Nursing Interventions Classification (NIC), 8th edition",primary,Compatibility primary selected for the diagnosis; consider alternative/context-specific links before finalising a care plan.,Compatibility primary selected for the diagnosis; consider alternative/context-specific links before finalising a care plan.,Mapeamento primário de compatibilidade selecionado para o diagnóstico; considerar vínculos alternativos/específicos ao contexto antes de finalizar o plano de cuidados.,moderate,curated_current_edition,es,Institutional Spanish NIC 8th edition source reviewed; current code/label cross-check against NIC 8th current classification listing; https://www.salusplay.com/blog/clasificacion-completa-intervenciones-enfermeria-nic-2024/,,2026-09-07,"Selection remains patient/context dependent; use the licensed classification definitions, activities/indicators and scales."
00446,NOC,1502,Social Interaction Skills,Habilidades de Interação Social,"Nursing Outcomes Classification (NOC), 7th edition",primary,Compatibility primary selected for the diagnosis; consider alternative/context-specific links before finalising a care plan.,Compatibility primary selected for the diagnosis; consider alternative/context-specific links before finalising a care plan.,Mapeamento primário de compatibilidade selecionado para o diagnóstico; considerar vínculos alternativos/específicos ao contexto antes de finalizar o plano de cuidados.,moderate,curated_current_edition,es,Institutional Spanish NOC 7th edition source reviewed; current code/label cross-check against NOC 7th current classification listing; https://www.salusplay.com/apuntes/pae-y-diagnosticos-de-enfermeria-nanda-noc-y-nic/anexo-2-clasificacion-completa-de-resultados-de-enfermeria-noc-2024-8,,2026-09-07,"Selection remains patient/context dependent; use the licensed classification definitions, activities/indicators and scales."
00447,NIC,1260,Weight Management,Controle do Peso,"Nursing Interventions Classification (NIC), 8th edition",primary,Compatibility primary selected for the diagnosis; consider alternative/context-specific links before finalising a care plan.,Compatibility primary selected for the diagnosis; consider alternative/context-specific links before finalising a care plan.,Mapeamento primário de compatibilidade selecionado para o diagnóstico; considerar vínculos alternativos/específicos ao contexto antes de finalizar o plano de cuidados.,high,curated_current_edition,es,Institutional Spanish NIC 8th edition source reviewed; current code/label cross-check against NIC 8th current classification listing; https://www.salusplay.com/blog/clasificacion-completa-intervenciones-enfermeria-nic-2024/,,2026-09-07,"Selection remains patient/context dependent; use the licensed classification definitions, activities/indicators and scales."
00447,NOC,1628,Weight Maintenance Behaviour,Comportamento de Manutenção do Peso,"Nursing Outcomes Classification (NOC), 7th edition",primary,Compatibility primary selected for the diagnosis; consider alternative/context-specific links before finalising a care plan.,Compatibility primary selected for the diagnosis; consider alternative/context-specific links before finalising a care plan.,Mapeamento primário de compatibilidade selecionado para o diagnóstico; considerar vínculos alternativos/específicos ao contexto antes de finalizar o plano de cuidados.,high,curated_current_edition,es,Institutional Spanish NOC 7th edition source reviewed; current code/label cross-check against NOC 7th current classification listing; https://www.salusplay.com/apuntes/pae-y-diagnosticos-de-enfermeria-nanda-noc-y-nic/anexo-2-clasificacion-completa-de-resultados-de-enfermeria-noc-2024-8,,2026-09-07,"Selection remains patient/context dependent; use the licensed classification definitions, activities/indicators and scales."
00448,NIC,5360,Recreational Therapy,Terapia Recreacional,"Nursing Interventions Classification (NIC), 8th edition",primary,Compatibility primary selected for the diagnosis; consider alternative/context-specific links before finalising a care plan.,Compatibility primary selected for the diagnosis; consider alternative/context-specific links before finalising a care plan.,Mapeamento primário de compatibilidade selecionado para o diagnóstico; considerar vínculos alternativos/específicos ao contexto antes de finalizar o plano de cuidados.,high,curated_current_edition,es,Institutional Spanish NIC 8th edition source reviewed; current code/label cross-check against NIC 8th current classification listing; https://www.salusplay.com/blog/clasificacion-completa-intervenciones-enfermeria-nic-2024/,,2026-09-07,"Selection remains patient/context dependent; use the licensed classification definitions, activities/indicators and scales."
00448,NOC,1604,Leisure Participation,Participação em Atividades de Lazer,"Nursing Outcomes Classification (NOC), 7th edition",primary,Compatibility primary selected for the diagnosis; consider alternative/context-specific links before finalising a care plan.,Compatibility primary selected for the diagnosis; consider alternative/context-specific links before finalising a care plan.,Mapeamento primário de compatibilidade selecionado para o diagnóstico; considerar vínculos alternativos/específicos ao contexto antes de finalizar o plano de cuidados.,high,curated_current_edition,es,Institutional Spanish NOC 7th edition source reviewed; current code/label cross-check against NOC 7th current classification listing; https://www.salusplay.com/apuntes/pae-y-diagnosticos-de-enfermeria-nanda-noc-y-nic/anexo-2-clasificacion-completa-de-resultados-de-enfermeria-noc-2024-8,,2026-09-07,"Selection remains patient/context dependent; use the licensed classification definitions, activities/indicators and scales."
00449,NIC,5240,Counselling,Aconselhamento,"Nursing Interventions Classification (NIC), 8th edition",primary,Compatibility primary selected for the diagnosis; consider alternative/context-specific links before finalising a care plan.,Compatibility primary selected for the diagnosis; consider alternative/context-specific links before finalising a care plan.,Mapeamento primário de compatibilidade selecionado para o diagnóstico; considerar vínculos alternativos/específicos ao contexto antes de finalizar o plano de cuidados.,moderate,curated_current_edition,es,Institutional Spanish NIC 8th edition source reviewed; current code/label cross-check against NIC 8th current classification listing; https://www.salusplay.com/blog/clasificacion-completa-intervenciones-enfermeria-nic-2024/,,2026-09-07,"Selection remains patient/context dependent; use the licensed classification definitions, activities/indicators and scales."
00449,NOC,1502,Social Interaction Skills,Habilidades de Interação Social,"Nursing Outcomes Classification (NOC), 7th edition",primary,Compatibility primary selected for the diagnosis; consider alternative/context-specific links before finalising a care plan.,Compatibility primary selected for the diagnosis; consider alternative/context-specific links before finalising a care plan.,Mapeamento primário de compatibilidade selecionado para o diagnóstico; considerar vínculos alternativos/específicos ao contexto antes de finalizar o plano de cuidados.,moderate,curated_current_edition,es,Institutional Spanish NOC 7th edition source reviewed; current code/label cross-check against NOC 7th current classification listing; https://www.salusplay.com/apuntes/pae-y-diagnosticos-de-enfermeria-nanda-noc-y-nic/anexo-2-clasificacion-completa-de-resultados-de-enfermeria-noc-2024-8,,2026-09-07,"Selection remains patient/context dependent; use the licensed classification definitions, activities/indicators and scales."
00451,NIC,8250,Developmental Care,Cuidado Desenvolvimental,"Nursing Interventions Classification (NIC), 8th edition",primary,Compatibility primary selected for the diagnosis; consider alternative/context-specific links before finalising a care plan.,Compatibility primary selected for the diagnosis; consider alternative/context-specific links before finalising a care plan.,Mapeamento primário de compatibilidade selecionado para o diagnóstico; considerar vínculos alternativos/específicos ao contexto antes de finalizar o plano de cuidados.,high,curated_current_edition,es,Institutional Spanish NIC 8th edition source reviewed; current code/label cross-check against NIC 8th current classification listing; https://www.salusplay.com/blog/clasificacion-completa-intervenciones-enfermeria-nic-2024/,,2026-09-07,"Selection remains patient/context dependent; use the licensed classification definitions, activities/indicators and scales."
00451,NOC,0117,Preterm Infant Organisation,Organização do Lactente Prematuro,"Nursing Outcomes Classification (NOC), 7th edition",primary,Compatibility primary selected for the diagnosis; consider alternative/context-specific links before finalising a care plan.,Compatibility primary selected for the diagnosis; consider alternative/context-specific links before finalising a care plan.,Mapeamento primário de compatibilidade selecionado para o diagnóstico; considerar vínculos alternativos/específicos ao contexto antes de finalizar o plano de cuidados.,high,curated_current_edition,es,Institutional Spanish NOC 7th edition source reviewed; current code/label cross-check against NOC 7th current classification listing; https://www.salusplay.com/apuntes/pae-y-diagnosticos-de-enfermeria-nanda-noc-y-nic/anexo-2-clasificacion-completa-de-resultados-de-enfermeria-noc-2024-8,,2026-09-07,"Selection remains patient/context dependent; use the licensed classification definitions, activities/indicators and scales."
00452,NIC,8250,Developmental Care,Cuidado Desenvolvimental,"Nursing Interventions Classification (NIC), 8th edition",primary,Compatibility primary selected for the diagnosis; consider alternative/context-specific links before finalising a care plan.,Compatibility primary selected for the diagnosis; consider alternative/context-specific links before finalising a care plan.,Mapeamento primário de compatibilidade selecionado para o diagnóstico; considerar vínculos alternativos/específicos ao contexto antes de finalizar o plano de cuidados.,high,curated_current_edition,es,Institutional Spanish NIC 8th edition source reviewed; current code/label cross-check against NIC 8th current classification listing; https://www.salusplay.com/blog/clasificacion-completa-intervenciones-enfermeria-nic-2024/,,2026-09-07,"Selection remains patient/context dependent; use the licensed classification definitions, activities/indicators and scales."
00452,NOC,0117,Preterm Infant Organisation,Organização do Lactente Prematuro,"Nursing Outcomes Classification (NOC), 7th edition",primary,Compatibility primary selected for the diagnosis; consider alternative/context-specific links before finalising a care plan.,Compatibility primary selected for the diagnosis; consider alternative/context-specific links before finalising a care plan.,Mapeamento primário de compatibilidade selecionado para o diagnóstico; considerar vínculos alternativos/específicos ao contexto antes de finalizar o plano de cuidados.,high,curated_current_edition,es,Institutional Spanish NOC 7th edition source reviewed; current code/label cross-check against NOC 7th current classification listing; https://www.salusplay.com/apuntes/pae-y-diagnosticos-de-enfermeria-nanda-noc-y-nic/anexo-2-clasificacion-completa-de-resultados-de-enfermeria-noc-2024-8,,2026-09-07,"Selection remains patient/context dependent; use the licensed classification definitions, activities/indicators and scales."
00453,NIC,8250,Developmental Care,Cuidado Desenvolvimental,"Nursing Interventions Classification (NIC), 8th edition",primary,Compatibility primary selected for the diagnosis; consider alternative/context-specific links before finalising a care plan.,Compatibility primary selected for the diagnosis; consider alternative/context-specific links before finalising a care plan.,Mapeamento primário de compatibilidade selecionado para o diagnóstico; considerar vínculos alternativos/específicos ao contexto antes de finalizar o plano de cuidados.,high,curated_current_edition,es,Institutional Spanish NIC 8th edition source reviewed; current code/label cross-check against NIC 8th current classification listing; https://www.salusplay.com/blog/clasificacion-completa-intervenciones-enfermeria-nic-2024/,,2026-09-07,"Selection remains patient/context dependent; use the licensed classification definitions, activities/indicators and scales."
00453,NOC,0117,Preterm Infant Organisation,Organização do Lactente Prematuro,"Nursing Outcomes Classification (NOC), 7th edition",primary,Compatibility primary selected for the diagnosis; consider alternative/context-specific links before finalising a care plan.,Compatibility primary selected for the diagnosis; consider alternative/context-specific links before finalising a care plan.,Mapeamento primário de compatibilidade selecionado para o diagnóstico; considerar vínculos alternativos/específicos ao contexto antes de finalizar o plano de cuidados.,high,curated_current_edition,es,Institutional Spanish NOC 7th edition source reviewed; current code/label cross-check against NOC 7th current classification listing; https://www.salusplay.com/apuntes/pae-y-diagnosticos-de-enfermeria-nanda-noc-y-nic/anexo-2-clasificacion-completa-de-resultados-de-enfermeria-noc-2024-8,,2026-09-07,"Selection remains patient/context dependent; use the licensed classification definitions, activities/indicators and scales."
00454,NIC,5420,Spiritual Support,Apoio Espiritual,"Nursing Interventions Classification (NIC), 8th edition",primary,Compatibility primary selected for the diagnosis; consider alternative/context-specific links before finalising a care plan.,Compatibility primary selected for the diagnosis; consider alternative/context-specific links before finalising a care plan.,Mapeamento primário de compatibilidade selecionado para o diagnóstico; considerar vínculos alternativos/específicos ao contexto antes de finalizar o plano de cuidados.,high,curated_current_edition,es,Institutional Spanish NIC 8th edition source reviewed; current code/label cross-check against NIC 8th current classification listing; https://www.salusplay.com/blog/clasificacion-completa-intervenciones-enfermeria-nic-2024/,,2026-09-07,"Selection remains patient/context dependent; use the licensed classification definitions, activities/indicators and scales."
00454,NOC,2001,Spiritual Health,Saúde Espiritual,"Nursing Outcomes Classification (NOC), 7th edition",primary,Compatibility primary selected for the diagnosis; consider alternative/context-specific links before finalising a care plan.,Compatibility primary selected for the diagnosis; consider alternative/context-specific links before finalising a care plan.,Mapeamento primário de compatibilidade selecionado para o diagnóstico; considerar vínculos alternativos/específicos ao contexto antes de finalizar o plano de cuidados.,high,curated_current_edition,es,Institutional Spanish NOC 7th edition source reviewed; current code/label cross-check against NOC 7th current classification listing; https://www.salusplay.com/apuntes/pae-y-diagnosticos-de-enfermeria-nanda-noc-y-nic/anexo-2-clasificacion-completa-de-resultados-de-enfermeria-noc-2024-8,,2026-09-07,"Selection remains patient/context dependent; use the licensed classification definitions, activities/indicators and scales."
00456,NIC,8500,Community Health Development,Desenvolvimento da Saúde Comunitária,"Nursing Interventions Classification (NIC), 8th edition",primary,Compatibility primary selected for the diagnosis; consider alternative/context-specific links before finalising a care plan.,Compatibility primary selected for the diagnosis; consider alternative/context-specific links before finalising a care plan.,Mapeamento primário de compatibilidade selecionado para o diagnóstico; considerar vínculos alternativos/específicos ao contexto antes de finalizar o plano de cuidados.,high,curated_current_edition,es,Institutional Spanish NIC 8th edition source reviewed; current code/label cross-check against NIC 8th current classification listing; https://www.salusplay.com/blog/clasificacion-completa-intervenciones-enfermeria-nic-2024/,,2026-09-07,"Selection remains patient/context dependent; use the licensed classification definitions, activities/indicators and scales."
00456,NOC,2704,Community Resilience,Resiliência da Comunidade,"Nursing Outcomes Classification (NOC), 7th edition",primary,Compatibility primary selected for the diagnosis; consider alternative/context-specific links before finalising a care plan.,Compatibility primary selected for the diagnosis; consider alternative/context-specific links before finalising a care plan.,Mapeamento primário de compatibilidade selecionado para o diagnóstico; considerar vínculos alternativos/específicos ao contexto antes de finalizar o plano de cuidados.,high,current_edition_verified,es,Institutional Spanish NOC 7th edition source reviewed; current code/label cross-check against NOC 7th current classification listing; https://www.salusplay.com/apuntes/pae-y-diagnosticos-de-enfermeria-nanda-noc-y-nic/anexo-2-clasificacion-completa-de-resultados-de-enfermeria-noc-2024-8,,2026-09-07,"Selection remains patient/context dependent; use the licensed classification definitions, activities/indicators and scales."
00456,NOC,2701,Community Health Status,Estado de Saúde da Comunidade,"Nursing Outcomes Classification (NOC), 7th edition",alternative,Use when the desired outcome is overall community health status rather than resilience/coping capacity.,Use when the desired outcome is overall community health status rather than resilience/coping capacity.,"Usar quando o desfecho desejado for o estado geral de saúde da comunidade, e não a capacidade de resiliência/enfrentamento.",high,contextual_current_edition,es,Institutional Spanish NOC 7th edition source reviewed; current code/label cross-check against NOC 7th current classification listing; https://www.salusplay.com/apuntes/pae-y-diagnosticos-de-enfermeria-nanda-noc-y-nic/anexo-2-clasificacion-completa-de-resultados-de-enfermeria-noc-2024-8,,2026-09-07,"Selection remains patient/context dependent; use the licensed classification definitions, activities/indicators and scales."
00460,NIC,5420,Spiritual Support,Apoio Espiritual,"Nursing Interventions Classification (NIC), 8th edition",primary,Compatibility primary selected for the diagnosis; consider alternative/context-specific links before finalising a care plan.,Compatibility primary selected for the diagnosis; consider alternative/context-specific links before finalising a care plan.,Mapeamento primário de compatibilidade selecionado para o diagnóstico; considerar vínculos alternativos/específicos ao contexto antes de finalizar o plano de cuidados.,high,curated_current_edition,es,Institutional Spanish NIC 8th edition source reviewed; current code/label cross-check against NIC 8th current classification listing; https://www.salusplay.com/blog/clasificacion-completa-intervenciones-enfermeria-nic-2024/,,2026-09-07,"Selection remains patient/context dependent; use the licensed classification definitions, activities/indicators and scales."
00460,NOC,2001,Spiritual Health,Saúde Espiritual,"Nursing Outcomes Classification (NOC), 7th edition",primary,Compatibility primary selected for the diagnosis; consider alternative/context-specific links before finalising a care plan.,Compatibility primary selected for the diagnosis; consider alternative/context-specific links before finalising a care plan.,Mapeamento primário de compatibilidade selecionado para o diagnóstico; considerar vínculos alternativos/específicos ao contexto antes de finalizar o plano de cuidados.,high,curated_current_edition,es,Institutional Spanish NOC 7th edition source reviewed; current code/label cross-check against NOC 7th current classification listing; https://www.salusplay.com/apuntes/pae-y-diagnosticos-de-enfermeria-nanda-noc-y-nic/anexo-2-clasificacion-completa-de-resultados-de-enfermeria-noc-2024-8,,2026-09-07,"Selection remains patient/context dependent; use the licensed classification definitions, activities/indicators and scales."
00461,NIC,5244,Breastfeeding Counselling,Aconselhamento sobre Amamentação,"Nursing Interventions Classification (NIC), 8th edition",primary,Compatibility primary selected for the diagnosis; consider alternative/context-specific links before finalising a care plan.,Compatibility primary selected for the diagnosis; consider alternative/context-specific links before finalising a care plan.,Mapeamento primário de compatibilidade selecionado para o diagnóstico; considerar vínculos alternativos/específicos ao contexto antes de finalizar o plano de cuidados.,moderate,current_edition_verified,es,Institutional Spanish NIC 8th edition source reviewed; current code/label cross-check against NIC 8th current classification listing; https://www.salusplay.com/blog/clasificacion-completa-intervenciones-enfermeria-nic-2024/,,2026-09-07,"Selection remains patient/context dependent; use the licensed classification definitions, activities/indicators and scales."
00461,NIC,3660,Wound Care,Cuidados com Feridas,"Nursing Interventions Classification (NIC), 8th edition",alternative,Use when an established nipple-areolar wound/skin lesion requires wound care.,Use when an established nipple-areolar wound/skin lesion requires wound care.,Usar quando uma ferida ou lesão cutânea mamilo-areolar estabelecida exigir cuidados com feridas.,moderate,contextual_current_edition,es,Institutional Spanish NIC 8th edition source reviewed; current code/label cross-check against NIC 8th current classification listing; https://www.salusplay.com/blog/clasificacion-completa-intervenciones-enfermeria-nic-2024/,,2026-09-07,"Selection remains patient/context dependent; use the licensed classification definitions, activities/indicators and scales."
00461,NOC,1101,Tissue Integrity: Skin & Mucous Membranes,Integridade Tissular: Pele e Mucosas,"Nursing Outcomes Classification (NOC), 7th edition",primary,Compatibility primary selected for the diagnosis; consider alternative/context-specific links before finalising a care plan.,Compatibility primary selected for the diagnosis; consider alternative/context-specific links before finalising a care plan.,Mapeamento primário de compatibilidade selecionado para o diagnóstico; considerar vínculos alternativos/específicos ao contexto antes de finalizar o plano de cuidados.,moderate,curated_current_edition,es,Institutional Spanish NOC 7th edition source reviewed; current code/label cross-check against NOC 7th current classification listing; https://www.salusplay.com/apuntes/pae-y-diagnosticos-de-enfermeria-nanda-noc-y-nic/anexo-2-clasificacion-completa-de-resultados-de-enfermeria-noc-2024-8,,2026-09-07,"Selection remains patient/context dependent; use the licensed classification definitions, activities/indicators and scales."
00462,NIC,5244,Breastfeeding Counselling,Aconselhamento sobre Amamentação,"Nursing Interventions Classification (NIC), 8th edition",primary,Compatibility primary selected for the diagnosis; consider alternative/context-specific links before finalising a care plan.,Compatibility primary selected for the diagnosis; consider alternative/context-specific links before finalising a care plan.,Mapeamento primário de compatibilidade selecionado para o diagnóstico; considerar vínculos alternativos/específicos ao contexto antes de finalizar o plano de cuidados.,moderate,current_edition_verified,es,Institutional Spanish NIC 8th edition source reviewed; current code/label cross-check against NIC 8th current classification listing; https://www.salusplay.com/blog/clasificacion-completa-intervenciones-enfermeria-nic-2024/,,2026-09-07,"Selection remains patient/context dependent; use the licensed classification definitions, activities/indicators and scales."
00462,NIC,3590,Skin Surveillance,Supervisão da Pele,"Nursing Interventions Classification (NIC), 8th edition",alternative,Use for skin surveillance when integrity is threatened but not yet impaired.,Use for skin surveillance when integrity is threatened but not yet impaired.,"Usar para vigilância da pele quando a integridade estiver ameaçada, mas ainda não comprometida.",moderate,contextual_current_edition,es,Institutional Spanish NIC 8th edition source reviewed; current code/label cross-check against NIC 8th current classification listing; https://www.salusplay.com/blog/clasificacion-completa-intervenciones-enfermeria-nic-2024/,,2026-09-07,"Selection remains patient/context dependent; use the licensed classification definitions, activities/indicators and scales."
00462,NOC,1902,Risk Control,Controle de Risco,"Nursing Outcomes Classification (NOC), 7th edition",primary,Compatibility primary selected for the diagnosis; consider alternative/context-specific links before finalising a care plan.,Compatibility primary selected for the diagnosis; consider alternative/context-specific links before finalising a care plan.,Mapeamento primário de compatibilidade selecionado para o diagnóstico; considerar vínculos alternativos/específicos ao contexto antes de finalizar o plano de cuidados.,moderate,curated_current_edition,es,Institutional Spanish NOC 7th edition source reviewed; current code/label cross-check against NOC 7th current classification listing; https://www.salusplay.com/apuntes/pae-y-diagnosticos-de-enfermeria-nanda-noc-y-nic/anexo-2-clasificacion-completa-de-resultados-de-enfermeria-noc-2024-8,,2026-09-07,"Selection remains patient/context dependent; use the licensed classification definitions, activities/indicators and scales."
00462,NOC,1101,Tissue Integrity: Skin & Mucous Membranes,Integridade Tissular: Pele e Mucosas,"Nursing Outcomes Classification (NOC), 7th edition",alternative,Use to trend tissue integrity when prevention is focused on maintaining intact tissue.,Use to trend tissue integrity when prevention is focused on maintaining intact tissue.,Usar para acompanhar a evolução da integridade tissular quando a prevenção estiver focada em manter o tecido íntegro.,moderate,contextual_current_edition,es,Institutional Spanish NOC 7th edition source reviewed; current code/label cross-check against NOC 7th current classification listing; https://www.salusplay.com/apuntes/pae-y-diagnosticos-de-enfermeria-nanda-noc-y-nic/anexo-2-clasificacion-completa-de-resultados-de-enfermeria-noc-2024-8,,2026-09-07,"Selection remains patient/context dependent; use the licensed classification definitions, activities/indicators and scales."
00463,NIC,6610,Risk Identification,Identificação de Risco,"Nursing Interventions Classification (NIC), 8th edition",primary,Compatibility primary selected for the diagnosis; consider alternative/context-specific links before finalising a care plan.,Compatibility primary selected for the diagnosis; consider alternative/context-specific links before finalising a care plan.,Mapeamento primário de compatibilidade selecionado para o diagnóstico; considerar vínculos alternativos/específicos ao contexto antes de finalizar o plano de cuidados.,high,curated_current_edition,es,Institutional Spanish NIC 8th edition source reviewed; current code/label cross-check against NIC 8th current classification listing; https://www.salusplay.com/blog/clasificacion-completa-intervenciones-enfermeria-nic-2024/,,2026-09-07,"Selection remains patient/context dependent; use the licensed classification definitions, activities/indicators and scales."
00463,NOC,1908,Risk Detection,Detecção de Risco,"Nursing Outcomes Classification (NOC), 7th edition",primary,Compatibility primary selected for the diagnosis; consider alternative/context-specific links before finalising a care plan.,Compatibility primary selected for the diagnosis; consider alternative/context-specific links before finalising a care plan.,Mapeamento primário de compatibilidade selecionado para o diagnóstico; considerar vínculos alternativos/específicos ao contexto antes de finalizar o plano de cuidados.,high,curated_current_edition,es,Institutional Spanish NOC 7th edition source reviewed; current code/label cross-check against NOC 7th current classification listing; https://www.salusplay.com/apuntes/pae-y-diagnosticos-de-enfermeria-nanda-noc-y-nic/anexo-2-clasificacion-completa-de-resultados-de-enfermeria-noc-2024-8,,2026-09-07,"Selection remains patient/context dependent; use the licensed classification definitions, activities/indicators and scales."
00464,NIC,2870,Post-anaesthesia Care,Cuidados Pós-Anestesia,"Nursing Interventions Classification (NIC), 8th edition",primary,Compatibility primary selected for the diagnosis; consider alternative/context-specific links before finalising a care plan.,Compatibility primary selected for the diagnosis; consider alternative/context-specific links before finalising a care plan.,Mapeamento primário de compatibilidade selecionado para o diagnóstico; considerar vínculos alternativos/específicos ao contexto antes de finalizar o plano de cuidados.,high,curated_current_edition,es,Institutional Spanish NIC 8th edition source reviewed; current code/label cross-check against NIC 8th current classification listing; https://www.salusplay.com/blog/clasificacion-completa-intervenciones-enfermeria-nic-2024/,,2026-09-07,"Selection remains patient/context dependent; use the licensed classification definitions, activities/indicators and scales."
00464,NOC,2304,Surgical Recovery: Convalescence,Recuperação Cirúrgica: Convalescença,"Nursing Outcomes Classification (NOC), 7th edition",primary,Compatibility primary selected for the diagnosis; consider alternative/context-specific links before finalising a care plan.,Compatibility primary selected for the diagnosis; consider alternative/context-specific links before finalising a care plan.,Mapeamento primário de compatibilidade selecionado para o diagnóstico; considerar vínculos alternativos/específicos ao contexto antes de finalizar o plano de cuidados.,high,curated_current_edition,es,Institutional Spanish NOC 7th edition source reviewed; current code/label cross-check against NOC 7th current classification listing; https://www.salusplay.com/apuntes/pae-y-diagnosticos-de-enfermeria-nanda-noc-y-nic/anexo-2-clasificacion-completa-de-resultados-de-enfermeria-noc-2024-8,,2026-09-07,"Selection remains patient/context dependent; use the licensed classification definitions, activities/indicators and scales."
00465,NIC,2870,Post-anaesthesia Care,Cuidados Pós-Anestesia,"Nursing Interventions Classification (NIC), 8th edition",primary,Compatibility primary selected for the diagnosis; consider alternative/context-specific links before finalising a care plan.,Compatibility primary selected for the diagnosis; consider alternative/context-specific links before finalising a care plan.,Mapeamento primário de compatibilidade selecionado para o diagnóstico; considerar vínculos alternativos/específicos ao contexto antes de finalizar o plano de cuidados.,high,curated_current_edition,es,Institutional Spanish NIC 8th edition source reviewed; current code/label cross-check against NIC 8th current classification listing; https://www.salusplay.com/blog/clasificacion-completa-intervenciones-enfermeria-nic-2024/,,2026-09-07,"Selection remains patient/context dependent; use the licensed classification definitions, activities/indicators and scales."
00465,NOC,2304,Surgical Recovery: Convalescence,Recuperação Cirúrgica: Convalescença,"Nursing Outcomes Classification (NOC), 7th edition",primary,Compatibility primary selected for the diagnosis; consider alternative/context-specific links before finalising a care plan.,Compatibility primary selected for the diagnosis; consider alternative/context-specific links before finalising a care plan.,Mapeamento primário de compatibilidade selecionado para o diagnóstico; considerar vínculos alternativos/específicos ao contexto antes de finalizar o plano de cuidados.,high,curated_current_edition,es,Institutional Spanish NOC 7th edition source reviewed; current code/label cross-check against NOC 7th current classification listing; https://www.salusplay.com/apuntes/pae-y-diagnosticos-de-enfermeria-nanda-noc-y-nic/anexo-2-clasificacion-completa-de-resultados-de-enfermeria-noc-2024-8,,2026-09-07,"Selection remains patient/context dependent; use the licensed classification definitions, activities/indicators and scales."
00466,NIC,6340,Suicide Prevention,Prevenção do Suicídio,"Nursing Interventions Classification (NIC), 8th edition",primary,Compatibility primary selected for the diagnosis; consider alternative/context-specific links before finalising a care plan.,Compatibility primary selected for the diagnosis; consider alternative/context-specific links before finalising a care plan.,Mapeamento primário de compatibilidade selecionado para o diagnóstico; considerar vínculos alternativos/específicos ao contexto antes de finalizar o plano de cuidados.,high,curated_current_edition,es,Institutional Spanish NIC 8th edition source reviewed; current code/label cross-check against NIC 8th current classification listing; https://www.salusplay.com/blog/clasificacion-completa-intervenciones-enfermeria-nic-2024/,,2026-09-07,"Selection remains patient/context dependent; use the licensed classification definitions, activities/indicators and scales."
00466,NOC,1902,Risk Control,Controle de Risco,"Nursing Outcomes Classification (NOC), 7th edition",primary,Compatibility primary selected for the diagnosis; consider alternative/context-specific links before finalising a care plan.,Compatibility primary selected for the diagnosis; consider alternative/context-specific links before finalising a care plan.,Mapeamento primário de compatibilidade selecionado para o diagnóstico; considerar vínculos alternativos/específicos ao contexto antes de finalizar o plano de cuidados.,high,curated_current_edition,es,Institutional Spanish NOC 7th edition source reviewed; current code/label cross-check against NOC 7th current classification listing; https://www.salusplay.com/apuntes/pae-y-diagnosticos-de-enfermeria-nanda-noc-y-nic/anexo-2-clasificacion-completa-de-resultados-de-enfermeria-noc-2024-8,,2026-09-07,"Selection remains patient/context dependent; use the licensed classification definitions, activities/indicators and scales."
00467,NIC,6340,Suicide Prevention,Prevenção do Suicídio,"Nursing Interventions Classification (NIC), 8th edition",primary,Compatibility primary selected for the diagnosis; consider alternative/context-specific links before finalising a care plan.,Compatibility primary selected for the diagnosis; consider alternative/context-specific links before finalising a care plan.,Mapeamento primário de compatibilidade selecionado para o diagnóstico; considerar vínculos alternativos/específicos ao contexto antes de finalizar o plano de cuidados.,high,curated_current_edition,es,Institutional Spanish NIC 8th edition source reviewed; current code/label cross-check against NIC 8th current classification listing; https://www.salusplay.com/blog/clasificacion-completa-intervenciones-enfermeria-nic-2024/,,2026-09-07,"Selection remains patient/context dependent; use the licensed classification definitions, activities/indicators and scales."
00467,NOC,1902,Risk Control,Controle de Risco,"Nursing Outcomes Classification (NOC), 7th edition",primary,Compatibility primary selected for the diagnosis; consider alternative/context-specific links before finalising a care plan.,Compatibility primary selected for the diagnosis; consider alternative/context-specific links before finalising a care plan.,Mapeamento primário de compatibilidade selecionado para o diagnóstico; considerar vínculos alternativos/específicos ao contexto antes de finalizar o plano de cuidados.,high,curated_current_edition,es,Institutional Spanish NOC 7th edition source reviewed; current code/label cross-check against NOC 7th current classification listing; https://www.salusplay.com/apuntes/pae-y-diagnosticos-de-enfermeria-nanda-noc-y-nic/anexo-2-clasificacion-completa-de-resultados-de-enfermeria-noc-2024-8,,2026-09-07,"Selection remains patient/context dependent; use the licensed classification definitions, activities/indicators and scales."
00468,NIC,6340,Suicide Prevention,Prevenção do Suicídio,"Nursing Interventions Classification (NIC), 8th edition",primary,Compatibility primary selected for the diagnosis; consider alternative/context-specific links before finalising a care plan.,Compatibility primary selected for the diagnosis; consider alternative/context-specific links before finalising a care plan.,Mapeamento primário de compatibilidade selecionado para o diagnóstico; considerar vínculos alternativos/específicos ao contexto antes de finalizar o plano de cuidados.,high,curated_current_edition,es,Institutional Spanish NIC 8th edition source reviewed; current code/label cross-check against NIC 8th current classification listing; https://www.salusplay.com/blog/clasificacion-completa-intervenciones-enfermeria-nic-2024/,,2026-09-07,"Selection remains patient/context dependent; use the licensed classification definitions, activities/indicators and scales."
00468,NOC,1902,Risk Control,Controle de Risco,"Nursing Outcomes Classification (NOC), 7th edition",primary,Compatibility primary selected for the diagnosis; consider alternative/context-specific links before finalising a care plan.,Compatibility primary selected for the diagnosis; consider alternative/context-specific links before finalising a care plan.,Mapeamento primário de compatibilidade selecionado para o diagnóstico; considerar vínculos alternativos/específicos ao contexto antes de finalizar o plano de cuidados.,high,curated_current_edition,es,Institutional Spanish NOC 7th edition source reviewed; current code/label cross-check against NOC 7th current classification listing; https://www.salusplay.com/apuntes/pae-y-diagnosticos-de-enfermeria-nanda-noc-y-nic/anexo-2-clasificacion-completa-de-resultados-de-enfermeria-noc-2024-8,,2026-09-07,"Selection remains patient/context dependent; use the licensed classification definitions, activities/indicators and scales."
00469,NIC,6610,Risk Identification,Identificação de Risco,"Nursing Interventions Classification (NIC), 8th edition",primary,Compatibility primary selected for the diagnosis; consider alternative/context-specific links before finalising a care plan.,Compatibility primary selected for the diagnosis; consider alternative/context-specific links before finalising a care plan.,Mapeamento primário de compatibilidade selecionado para o diagnóstico; considerar vínculos alternativos/específicos ao contexto antes de finalizar o plano de cuidados.,high,curated_current_edition,es,Institutional Spanish NIC 8th edition source reviewed; current code/label cross-check against NIC 8th current classification listing; https://www.salusplay.com/blog/clasificacion-completa-intervenciones-enfermeria-nic-2024/,,2026-09-07,"Selection remains patient/context dependent; use the licensed classification definitions, activities/indicators and scales."
00469,NOC,1908,Risk Detection,Detecção de Risco,"Nursing Outcomes Classification (NOC), 7th edition",primary,Compatibility primary selected for the diagnosis; consider alternative/context-specific links before finalising a care plan.,Compatibility primary selected for the diagnosis; consider alternative/context-specific links before finalising a care plan.,Mapeamento primário de compatibilidade selecionado para o diagnóstico; considerar vínculos alternativos/específicos ao contexto antes de finalizar o plano de cuidados.,high,curated_current_edition,es,Institutional Spanish NOC 7th edition source reviewed; current code/label cross-check against NOC 7th current classification listing; https://www.salusplay.com/apuntes/pae-y-diagnosticos-de-enfermeria-nanda-noc-y-nic/anexo-2-clasificacion-completa-de-resultados-de-enfermeria-noc-2024-8,,2026-09-07,"Selection remains patient/context dependent; use the licensed classification definitions, activities/indicators and scales."
00471,NIC,3900,Temperature Regulation,Regulação da Temperatura,"Nursing Interventions Classification (NIC), 8th edition",primary,Compatibility primary selected for the diagnosis; consider alternative/context-specific links before finalising a care plan.,Compatibility primary selected for the diagnosis; consider alternative/context-specific links before finalising a care plan.,Mapeamento primário de compatibilidade selecionado para o diagnóstico; considerar vínculos alternativos/específicos ao contexto antes de finalizar o plano de cuidados.,high,curated_current_edition,es,Institutional Spanish NIC 8th edition source reviewed; current code/label cross-check against NIC 8th current classification listing; https://www.salusplay.com/blog/clasificacion-completa-intervenciones-enfermeria-nic-2024/,,2026-09-07,"Selection remains patient/context dependent; use the licensed classification definitions, activities/indicators and scales."
00471,NOC,0800,Thermoregulation,Termorregulação,"Nursing Outcomes Classification (NOC), 7th edition",primary,Compatibility primary selected for the diagnosis; consider alternative/context-specific links before finalising a care plan.,Compatibility primary selected for the diagnosis; consider alternative/context-specific links before finalising a care plan.,Mapeamento primário de compatibilidade selecionado para o diagnóstico; considerar vínculos alternativos/específicos ao contexto antes de finalizar o plano de cuidados.,high,curated_current_edition,es,Institutional Spanish NOC 7th edition source reviewed; current code/label cross-check against NOC 7th current classification listing; https://www.salusplay.com/apuntes/pae-y-diagnosticos-de-enfermeria-nanda-noc-y-nic/anexo-2-clasificacion-completa-de-resultados-de-enfermeria-noc-2024-8,,2026-09-07,"Selection remains patient/context dependent; use the licensed classification definitions, activities/indicators and scales."
00472,NIC,3900,Temperature Regulation,Regulação da Temperatura,"Nursing Interventions Classification (NIC), 8th edition",primary,Compatibility primary selected for the diagnosis; consider alternative/context-specific links before finalising a care plan.,Compatibility primary selected for the diagnosis; consider alternative/context-specific links before finalising a care plan.,Mapeamento primário de compatibilidade selecionado para o diagnóstico; considerar vínculos alternativos/específicos ao contexto antes de finalizar o plano de cuidados.,high,curated_current_edition,es,Institutional Spanish NIC 8th edition source reviewed; current code/label cross-check against NIC 8th current classification listing; https://www.salusplay.com/blog/clasificacion-completa-intervenciones-enfermeria-nic-2024/,,2026-09-07,"Selection remains patient/context dependent; use the licensed classification definitions, activities/indicators and scales."
00472,NOC,0800,Thermoregulation,Termorregulação,"Nursing Outcomes Classification (NOC), 7th edition",primary,Compatibility primary selected for the diagnosis; consider alternative/context-specific links before finalising a care plan.,Compatibility primary selected for the diagnosis; consider alternative/context-specific links before finalising a care plan.,Mapeamento primário de compatibilidade selecionado para o diagnóstico; considerar vínculos alternativos/específicos ao contexto antes de finalizar o plano de cuidados.,high,curated_current_edition,es,Institutional Spanish NOC 7th edition source reviewed; current code/label cross-check against NOC 7th current classification listing; https://www.salusplay.com/apuntes/pae-y-diagnosticos-de-enfermeria-nanda-noc-y-nic/anexo-2-clasificacion-completa-de-resultados-de-enfermeria-noc-2024-8,,2026-09-07,"Selection remains patient/context dependent; use the licensed classification definitions, activities/indicators and scales."
00473,NIC,3900,Temperature Regulation,Regulação da Temperatura,"Nursing Interventions Classification (NIC), 8th edition",primary,Compatibility primary selected for the diagnosis; consider alternative/context-specific links before finalising a care plan.,Compatibility primary selected for the diagnosis; consider alternative/context-specific links before finalising a care plan.,Mapeamento primário de compatibilidade selecionado para o diagnóstico; considerar vínculos alternativos/específicos ao contexto antes de finalizar o plano de cuidados.,high,curated_current_edition,es,Institutional Spanish NIC 8th edition source reviewed; current code/label cross-check against NIC 8th current classification listing; https://www.salusplay.com/blog/clasificacion-completa-intervenciones-enfermeria-nic-2024/,,2026-09-07,"Selection remains patient/context dependent; use the licensed classification definitions, activities/indicators and scales."
00473,NOC,0800,Thermoregulation,Termorregulação,"Nursing Outcomes Classification (NOC), 7th edition",primary,Compatibility primary selected for the diagnosis; consider alternative/context-specific links before finalising a care plan.,Compatibility primary selected for the diagnosis; consider alternative/context-specific links before finalising a care plan.,Mapeamento primário de compatibilidade selecionado para o diagnóstico; considerar vínculos alternativos/específicos ao contexto antes de finalizar o plano de cuidados.,high,curated_current_edition,es,Institutional Spanish NOC 7th edition source reviewed; current code/label cross-check against NOC 7th current classification listing; https://www.salusplay.com/apuntes/pae-y-diagnosticos-de-enfermeria-nanda-noc-y-nic/anexo-2-clasificacion-completa-de-resultados-de-enfermeria-noc-2024-8,,2026-09-07,"Selection remains patient/context dependent; use the licensed classification definitions, activities/indicators and scales."
00474,NIC,3900,Temperature Regulation,Regulação da Temperatura,"Nursing Interventions Classification (NIC), 8th edition",primary,Compatibility primary selected for the diagnosis; consider alternative/context-specific links before finalising a care plan.,Compatibility primary selected for the diagnosis; consider alternative/context-specific links before finalising a care plan.,Mapeamento primário de compatibilidade selecionado para o diagnóstico; considerar vínculos alternativos/específicos ao contexto antes de finalizar o plano de cuidados.,high,curated_current_edition,es,Institutional Spanish NIC 8th edition source reviewed; current code/label cross-check against NIC 8th current classification listing; https://www.salusplay.com/blog/clasificacion-completa-intervenciones-enfermeria-nic-2024/,,2026-09-07,"Selection remains patient/context dependent; use the licensed classification definitions, activities/indicators and scales."
00474,NOC,0800,Thermoregulation,Termorregulação,"Nursing Outcomes Classification (NOC), 7th edition",primary,Compatibility primary selected for the diagnosis; consider alternative/context-specific links before finalising a care plan.,Compatibility primary selected for the diagnosis; consider alternative/context-specific links before finalising a care plan.,Mapeamento primário de compatibilidade selecionado para o diagnóstico; considerar vínculos alternativos/específicos ao contexto antes de finalizar o plano de cuidados.,high,curated_current_edition,es,Institutional Spanish NOC 7th edition source reviewed; current code/label cross-check against NOC 7th current classification listing; https://www.salusplay.com/apuntes/pae-y-diagnosticos-de-enfermeria-nanda-noc-y-nic/anexo-2-clasificacion-completa-de-resultados-de-enfermeria-noc-2024-8,,2026-09-07,"Selection remains patient/context dependent; use the licensed classification definitions, activities/indicators and scales."
00475,NIC,5100,Socialization Enhancement,Melhora da Socialização,"Nursing Interventions Classification (NIC), 8th edition",primary,Compatibility primary selected for the diagnosis; consider alternative/context-specific links before finalising a care plan.,Compatibility primary selected for the diagnosis; consider alternative/context-specific links before finalising a care plan.,Mapeamento primário de compatibilidade selecionado para o diagnóstico; considerar vínculos alternativos/específicos ao contexto antes de finalizar o plano de cuidados.,high,curated_current_edition,es,Institutional Spanish NIC 8th edition source reviewed; current code/label cross-check against NIC 8th current classification listing; https://www.salusplay.com/blog/clasificacion-completa-intervenciones-enfermeria-nic-2024/,,2026-09-07,"Selection remains patient/context dependent; use the licensed classification definitions, activities/indicators and scales."
00475,NOC,1203,Loneliness Severity,Gravidade da Solidão,"Nursing Outcomes Classification (NOC), 7th edition",primary,Compatibility primary selected for the diagnosis; consider alternative/context-specific links before finalising a care plan.,Compatibility primary selected for the diagnosis; consider alternative/context-specific links before finalising a care plan.,Mapeamento primário de compatibilidade selecionado para o diagnóstico; considerar vínculos alternativos/específicos ao contexto antes de finalizar o plano de cuidados.,high,curated_current_edition,es,Institutional Spanish NOC 7th edition source reviewed; current code/label cross-check against NOC 7th current classification listing; https://www.salusplay.com/apuntes/pae-y-diagnosticos-de-enfermeria-nanda-noc-y-nic/anexo-2-clasificacion-completa-de-resultados-de-enfermeria-noc-2024-8,,2026-09-07,"Selection remains patient/context dependent; use the licensed classification definitions, activities/indicators and scales."
00476,NIC,3900,Temperature Regulation,Regulação da Temperatura,"Nursing Interventions Classification (NIC), 8th edition",primary,Compatibility primary selected for the diagnosis; consider alternative/context-specific links before finalising a care plan.,Compatibility primary selected for the diagnosis; consider alternative/context-specific links before finalising a care plan.,Mapeamento primário de compatibilidade selecionado para o diagnóstico; considerar vínculos alternativos/específicos ao contexto antes de finalizar o plano de cuidados.,high,curated_current_edition,es,Institutional Spanish NIC 8th edition source reviewed; current code/label cross-check against NIC 8th current classification listing; https://www.salusplay.com/blog/clasificacion-completa-intervenciones-enfermeria-nic-2024/,,2026-09-07,"Selection remains patient/context dependent; use the licensed classification definitions, activities/indicators and scales."
00476,NOC,0800,Thermoregulation,Termorregulação,"Nursing Outcomes Classification (NOC), 7th edition",primary,Compatibility primary selected for the diagnosis; consider alternative/context-specific links before finalising a care plan.,Compatibility primary selected for the diagnosis; consider alternative/context-specific links before finalising a care plan.,Mapeamento primário de compatibilidade selecionado para o diagnóstico; considerar vínculos alternativos/específicos ao contexto antes de finalizar o plano de cuidados.,high,curated_current_edition,es,Institutional Spanish NOC 7th edition source reviewed; current code/label cross-check against NOC 7th current classification listing; https://www.salusplay.com/apuntes/pae-y-diagnosticos-de-enfermeria-nanda-noc-y-nic/anexo-2-clasificacion-completa-de-resultados-de-enfermeria-noc-2024-8,,2026-09-07,"Selection remains patient/context dependent; use the licensed classification definitions, activities/indicators and scales."
00477,NIC,0180,Energy Management,Controle de Energia,"Nursing Interventions Classification (NIC), 8th edition",primary,Compatibility primary selected for the diagnosis; consider alternative/context-specific links before finalising a care plan.,Compatibility primary selected for the diagnosis; consider alternative/context-specific links before finalising a care plan.,Mapeamento primário de compatibilidade selecionado para o diagnóstico; considerar vínculos alternativos/específicos ao contexto antes de finalizar o plano de cuidados.,high,curated_current_edition,es,Institutional Spanish NIC 8th edition source reviewed; current code/label cross-check against NIC 8th current classification listing; https://www.salusplay.com/blog/clasificacion-completa-intervenciones-enfermeria-nic-2024/,,2026-09-07,"Selection remains patient/context dependent; use the licensed classification definitions, activities/indicators and scales."
00477,NOC,0007,Fatigue Level,Nível de Fadiga,"Nursing Outcomes Classification (NOC), 7th edition",primary,Compatibility primary selected for the diagnosis; consider alternative/context-specific links before finalising a care plan.,Compatibility primary selected for the diagnosis; consider alternative/context-specific links before finalising a care plan.,Mapeamento primário de compatibilidade selecionado para o diagnóstico; considerar vínculos alternativos/específicos ao contexto antes de finalizar o plano de cuidados.,high,curated_current_edition,es,Institutional Spanish NOC 7th edition source reviewed; current code/label cross-check against NOC 7th current classification listing; https://www.salusplay.com/apuntes/pae-y-diagnosticos-de-enfermeria-nanda-noc-y-nic/anexo-2-clasificacion-completa-de-resultados-de-enfermeria-noc-2024-8,,2026-09-07,"Selection remains patient/context dependent; use the licensed classification definitions, activities/indicators and scales."
00478,NIC,1160,Nutritional Monitoring,Monitoração Nutricional,"Nursing Interventions Classification (NIC), 8th edition",primary,Compatibility primary selected for the diagnosis; consider alternative/context-specific links before finalising a care plan.,Compatibility primary selected for the diagnosis; consider alternative/context-specific links before finalising a care plan.,Mapeamento primário de compatibilidade selecionado para o diagnóstico; considerar vínculos alternativos/específicos ao contexto antes de finalizar o plano de cuidados.,high,curated_current_edition,es,Institutional Spanish NIC 8th edition source reviewed; current code/label cross-check against NIC 8th current classification listing; https://www.salusplay.com/blog/clasificacion-completa-intervenciones-enfermeria-nic-2024/,,2026-09-07,"Selection remains patient/context dependent; use the licensed classification definitions, activities/indicators and scales."
00478,NOC,0110,Growth,Crescimento,"Nursing Outcomes Classification (NOC), 7th edition",primary,Compatibility primary selected for the diagnosis; consider alternative/context-specific links before finalising a care plan.,Compatibility primary selected for the diagnosis; consider alternative/context-specific links before finalising a care plan.,Mapeamento primário de compatibilidade selecionado para o diagnóstico; considerar vínculos alternativos/específicos ao contexto antes de finalizar o plano de cuidados.,high,curated_current_edition,es,Institutional Spanish NOC 7th edition source reviewed; current code/label cross-check against NOC 7th current classification listing; https://www.salusplay.com/apuntes/pae-y-diagnosticos-de-enfermeria-nanda-noc-y-nic/anexo-2-clasificacion-completa-de-resultados-de-enfermeria-noc-2024-8,,2026-09-07,"Selection remains patient/context dependent; use the licensed classification definitions, activities/indicators and scales."
00479,NIC,5244,Breastfeeding Counselling,Aconselhamento sobre Amamentação,"Nursing Interventions Classification (NIC), 8th edition",primary,Compatibility primary selected for the diagnosis; consider alternative/context-specific links before finalising a care plan.,Compatibility primary selected for the diagnosis; consider alternative/context-specific links before finalising a care plan.,Mapeamento primário de compatibilidade selecionado para o diagnóstico; considerar vínculos alternativos/específicos ao contexto antes de finalizar o plano de cuidados.,high,current_edition_verified,es,Institutional Spanish NIC 8th edition source reviewed; current code/label cross-check against NIC 8th current classification listing; https://www.salusplay.com/blog/clasificacion-completa-intervenciones-enfermeria-nic-2024/,,2026-09-07,"Selection remains patient/context dependent; use the licensed classification definitions, activities/indicators and scales."
00479,NOC,1000,Breastfeeding Establishment: Infant,Estabelecimento da Amamentação: Lactente,"Nursing Outcomes Classification (NOC), 7th edition",primary,Compatibility primary selected for the diagnosis; consider alternative/context-specific links before finalising a care plan.,Compatibility primary selected for the diagnosis; consider alternative/context-specific links before finalising a care plan.,Mapeamento primário de compatibilidade selecionado para o diagnóstico; considerar vínculos alternativos/específicos ao contexto antes de finalizar o plano de cuidados.,high,curated_current_edition,es,Institutional Spanish NOC 7th edition source reviewed; current code/label cross-check against NOC 7th current classification listing; https://www.salusplay.com/apuntes/pae-y-diagnosticos-de-enfermeria-nanda-noc-y-nic/anexo-2-clasificacion-completa-de-resultados-de-enfermeria-noc-2024-8,,2026-09-07,"Selection remains patient/context dependent; use the licensed classification definitions, activities/indicators and scales."
00479,NOC,1002,Breastfeeding Maintenance,Manutenção da Amamentação,"Nursing Outcomes Classification (NOC), 7th edition",alternative,Use when readiness focuses on sustained breastfeeding.,Use when readiness focuses on sustained breastfeeding.,Usar quando a prontidão estiver voltada à manutenção sustentada da amamentação.,high,contextual_current_edition,es,Institutional Spanish NOC 7th edition source reviewed; current code/label cross-check against NOC 7th current classification listing; https://www.salusplay.com/apuntes/pae-y-diagnosticos-de-enfermeria-nanda-noc-y-nic/anexo-2-clasificacion-completa-de-resultados-de-enfermeria-noc-2024-8,,2026-09-07,"Selection remains patient/context dependent; use the licensed classification definitions, activities/indicators and scales."
00480,NIC,5400,Self-Esteem Enhancement,Melhora da Autoestima,"Nursing Interventions Classification (NIC), 8th edition",primary,Compatibility primary selected for the diagnosis; consider alternative/context-specific links before finalising a care plan.,Compatibility primary selected for the diagnosis; consider alternative/context-specific links before finalising a care plan.,Mapeamento primário de compatibilidade selecionado para o diagnóstico; considerar vínculos alternativos/específicos ao contexto antes de finalizar o plano de cuidados.,high,curated_current_edition,es,Institutional Spanish NIC 8th edition source reviewed; current code/label cross-check against NIC 8th current classification listing; https://www.salusplay.com/blog/clasificacion-completa-intervenciones-enfermeria-nic-2024/,,2026-09-07,"Selection remains patient/context dependent; use the licensed classification definitions, activities/indicators and scales."
00480,NOC,1205,Self-Esteem,Autoestima,"Nursing Outcomes Classification (NOC), 7th edition",primary,Compatibility primary selected for the diagnosis; consider alternative/context-specific links before finalising a care plan.,Compatibility primary selected for the diagnosis; consider alternative/context-specific links before finalising a care plan.,Mapeamento primário de compatibilidade selecionado para o diagnóstico; considerar vínculos alternativos/específicos ao contexto antes de finalizar o plano de cuidados.,high,curated_current_edition,es,Institutional Spanish NOC 7th edition source reviewed; current code/label cross-check against NOC 7th current classification listing; https://www.salusplay.com/apuntes/pae-y-diagnosticos-de-enfermeria-nanda-noc-y-nic/anexo-2-clasificacion-completa-de-resultados-de-enfermeria-noc-2024-8,,2026-09-07,"Selection remains patient/context dependent; use the licensed classification definitions, activities/indicators and scales."
00481,NIC,5400,Self-Esteem Enhancement,Melhora da Autoestima,"Nursing Interventions Classification (NIC), 8th edition",primary,Compatibility primary selected for the diagnosis; consider alternative/context-specific links before finalising a care plan.,Compatibility primary selected for the diagnosis; consider alternative/context-specific links before finalising a care plan.,Mapeamento primário de compatibilidade selecionado para o diagnóstico; considerar vínculos alternativos/específicos ao contexto antes de finalizar o plano de cuidados.,high,curated_current_edition,es,Institutional Spanish NIC 8th edition source reviewed; current code/label cross-check against NIC 8th current classification listing; https://www.salusplay.com/blog/clasificacion-completa-intervenciones-enfermeria-nic-2024/,,2026-09-07,"Selection remains patient/context dependent; use the licensed classification definitions, activities/indicators and scales."
00481,NOC,1205,Self-Esteem,Autoestima,"Nursing Outcomes Classification (NOC), 7th edition",primary,Compatibility primary selected for the diagnosis; consider alternative/context-specific links before finalising a care plan.,Compatibility primary selected for the diagnosis; consider alternative/context-specific links before finalising a care plan.,Mapeamento primário de compatibilidade selecionado para o diagnóstico; considerar vínculos alternativos/específicos ao contexto antes de finalizar o plano de cuidados.,high,curated_current_edition,es,Institutional Spanish NOC 7th edition source reviewed; current code/label cross-check against NOC 7th current classification listing; https://www.salusplay.com/apuntes/pae-y-diagnosticos-de-enfermeria-nanda-noc-y-nic/anexo-2-clasificacion-completa-de-resultados-de-enfermeria-noc-2024-8,,2026-09-07,"Selection remains patient/context dependent; use the licensed classification definitions, activities/indicators and scales."
00482,NIC,5400,Self-Esteem Enhancement,Melhora da Autoestima,"Nursing Interventions Classification (NIC), 8th edition",primary,Compatibility primary selected for the diagnosis; consider alternative/context-specific links before finalising a care plan.,Compatibility primary selected for the diagnosis; consider alternative/context-specific links before finalising a care plan.,Mapeamento primário de compatibilidade selecionado para o diagnóstico; considerar vínculos alternativos/específicos ao contexto antes de finalizar o plano de cuidados.,high,curated_current_edition,es,Institutional Spanish NIC 8th edition source reviewed; current code/label cross-check against NIC 8th current classification listing; https://www.salusplay.com/blog/clasificacion-completa-intervenciones-enfermeria-nic-2024/,,2026-09-07,"Selection remains patient/context dependent; use the licensed classification definitions, activities/indicators and scales."
00482,NOC,1205,Self-Esteem,Autoestima,"Nursing Outcomes Classification (NOC), 7th edition",primary,Compatibility primary selected for the diagnosis; consider alternative/context-specific links before finalising a care plan.,Compatibility primary selected for the diagnosis; consider alternative/context-specific links before finalising a care plan.,Mapeamento primário de compatibilidade selecionado para o diagnóstico; considerar vínculos alternativos/específicos ao contexto antes de finalizar o plano de cuidados.,high,curated_current_edition,es,Institutional Spanish NOC 7th edition source reviewed; current code/label cross-check against NOC 7th current classification listing; https://www.salusplay.com/apuntes/pae-y-diagnosticos-de-enfermeria-nanda-noc-y-nic/anexo-2-clasificacion-completa-de-resultados-de-enfermeria-noc-2024-8,,2026-09-07,"Selection remains patient/context dependent; use the licensed classification definitions, activities/indicators and scales."
00483,NIC,5400,Self-Esteem Enhancement,Melhora da Autoestima,"Nursing Interventions Classification (NIC), 8th edition",primary,Compatibility primary selected for the diagnosis; consider alternative/context-specific links before finalising a care plan.,Compatibility primary selected for the diagnosis; consider alternative/context-specific links before finalising a care plan.,Mapeamento primário de compatibilidade selecionado para o diagnóstico; considerar vínculos alternativos/específicos ao contexto antes de finalizar o plano de cuidados.,high,curated_current_edition,es,Institutional Spanish NIC 8th edition source reviewed; current code/label cross-check against NIC 8th current classification listing; https://www.salusplay.com/blog/clasificacion-completa-intervenciones-enfermeria-nic-2024/,,2026-09-07,"Selection remains patient/context dependent; use the licensed classification definitions, activities/indicators and scales."
00483,NOC,1205,Self-Esteem,Autoestima,"Nursing Outcomes Classification (NOC), 7th edition",primary,Compatibility primary selected for the diagnosis; consider alternative/context-specific links before finalising a care plan.,Compatibility primary selected for the diagnosis; consider alternative/context-specific links before finalising a care plan.,Mapeamento primário de compatibilidade selecionado para o diagnóstico; considerar vínculos alternativos/específicos ao contexto antes de finalizar o plano de cuidados.,high,curated_current_edition,es,Institutional Spanish NOC 7th edition source reviewed; current code/label cross-check against NOC 7th current classification listing; https://www.salusplay.com/apuntes/pae-y-diagnosticos-de-enfermeria-nanda-noc-y-nic/anexo-2-clasificacion-completa-de-resultados-de-enfermeria-noc-2024-8,,2026-09-07,"Selection remains patient/context dependent; use the licensed classification definitions, activities/indicators and scales."
00484,NIC,5350,Relocation Stress Reduction,Redução do Estresse por Mudança,"Nursing Interventions Classification (NIC), 8th edition",primary,Compatibility primary selected for the diagnosis; consider alternative/context-specific links before finalising a care plan.,Compatibility primary selected for the diagnosis; consider alternative/context-specific links before finalising a care plan.,Mapeamento primário de compatibilidade selecionado para o diagnóstico; considerar vínculos alternativos/específicos ao contexto antes de finalizar o plano de cuidados.,high,curated_current_edition,es,Institutional Spanish NIC 8th edition source reviewed; current code/label cross-check against NIC 8th current classification listing; https://www.salusplay.com/blog/clasificacion-completa-intervenciones-enfermeria-nic-2024/,,2026-09-07,"Selection remains patient/context dependent; use the licensed classification definitions, activities/indicators and scales."
00484,NOC,1305,Psychosocial Adjustment: Life Change,Ajuste Psicossocial: Mudança de Vida,"Nursing Outcomes Classification (NOC), 7th edition",primary,Compatibility primary selected for the diagnosis; consider alternative/context-specific links before finalising a care plan.,Compatibility primary selected for the diagnosis; consider alternative/context-specific links before finalising a care plan.,Mapeamento primário de compatibilidade selecionado para o diagnóstico; considerar vínculos alternativos/específicos ao contexto antes de finalizar o plano de cuidados.,high,curated_current_edition,es,Institutional Spanish NOC 7th edition source reviewed; current code/label cross-check against NOC 7th current classification listing; https://www.salusplay.com/apuntes/pae-y-diagnosticos-de-enfermeria-nanda-noc-y-nic/anexo-2-clasificacion-completa-de-resultados-de-enfermeria-noc-2024-8,,2026-09-07,"Selection remains patient/context dependent; use the licensed classification definitions, activities/indicators and scales."
00485,NIC,1240,Weight Gain Assistance,Assistência no Ganho de Peso,"Nursing Interventions Classification (NIC), 8th edition",primary,Compatibility primary selected for the diagnosis; consider alternative/context-specific links before finalising a care plan.,Compatibility primary selected for the diagnosis; consider alternative/context-specific links before finalising a care plan.,Mapeamento primário de compatibilidade selecionado para o diagnóstico; considerar vínculos alternativos/específicos ao contexto antes de finalizar o plano de cuidados.,high,curated_current_edition,es,Institutional Spanish NIC 8th edition source reviewed; current code/label cross-check against NIC 8th current classification listing; https://www.salusplay.com/blog/clasificacion-completa-intervenciones-enfermeria-nic-2024/,,2026-09-07,"Selection remains patient/context dependent; use the licensed classification definitions, activities/indicators and scales."
00485,NOC,1626,Weight Gain Behaviour,Comportamento de Ganho de Peso,"Nursing Outcomes Classification (NOC), 7th edition",primary,Compatibility primary selected for the diagnosis; consider alternative/context-specific links before finalising a care plan.,Compatibility primary selected for the diagnosis; consider alternative/context-specific links before finalising a care plan.,Mapeamento primário de compatibilidade selecionado para o diagnóstico; considerar vínculos alternativos/específicos ao contexto antes de finalizar o plano de cuidados.,high,curated_current_edition,es,Institutional Spanish NOC 7th edition source reviewed; current code/label cross-check against NOC 7th current classification listing; https://www.salusplay.com/apuntes/pae-y-diagnosticos-de-enfermeria-nanda-noc-y-nic/anexo-2-clasificacion-completa-de-resultados-de-enfermeria-noc-2024-8,,2026-09-07,"Selection remains patient/context dependent; use the licensed classification definitions, activities/indicators and scales."
00486,NIC,1240,Weight Gain Assistance,Assistência no Ganho de Peso,"Nursing Interventions Classification (NIC), 8th edition",primary,Compatibility primary selected for the diagnosis; consider alternative/context-specific links before finalising a care plan.,Compatibility primary selected for the diagnosis; consider alternative/context-specific links before finalising a care plan.,Mapeamento primário de compatibilidade selecionado para o diagnóstico; considerar vínculos alternativos/específicos ao contexto antes de finalizar o plano de cuidados.,high,curated_current_edition,es,Institutional Spanish NIC 8th edition source reviewed; current code/label cross-check against NIC 8th current classification listing; https://www.salusplay.com/blog/clasificacion-completa-intervenciones-enfermeria-nic-2024/,,2026-09-07,"Selection remains patient/context dependent; use the licensed classification definitions, activities/indicators and scales."
00486,NOC,1626,Weight Gain Behaviour,Comportamento de Ganho de Peso,"Nursing Outcomes Classification (NOC), 7th edition",primary,Compatibility primary selected for the diagnosis; consider alternative/context-specific links before finalising a care plan.,Compatibility primary selected for the diagnosis; consider alternative/context-specific links before finalising a care plan.,Mapeamento primário de compatibilidade selecionado para o diagnóstico; considerar vínculos alternativos/específicos ao contexto antes de finalizar o plano de cuidados.,high,curated_current_edition,es,Institutional Spanish NOC 7th edition source reviewed; current code/label cross-check against NOC 7th current classification listing; https://www.salusplay.com/apuntes/pae-y-diagnosticos-de-enfermeria-nanda-noc-y-nic/anexo-2-clasificacion-completa-de-resultados-de-enfermeria-noc-2024-8,,2026-09-07,"Selection remains patient/context dependent; use the licensed classification definitions, activities/indicators and scales."
00487,NIC,1280,Weight Reduction Assistance,Assistência na Redução de Peso,"Nursing Interventions Classification (NIC), 8th edition",primary,Compatibility primary selected for the diagnosis; consider alternative/context-specific links before finalising a care plan.,Compatibility primary selected for the diagnosis; consider alternative/context-specific links before finalising a care plan.,Mapeamento primário de compatibilidade selecionado para o diagnóstico; considerar vínculos alternativos/específicos ao contexto antes de finalizar o plano de cuidados.,high,curated_current_edition,es,Institutional Spanish NIC 8th edition source reviewed; current code/label cross-check against NIC 8th current classification listing; https://www.salusplay.com/blog/clasificacion-completa-intervenciones-enfermeria-nic-2024/,,2026-09-07,"Selection remains patient/context dependent; use the licensed classification definitions, activities/indicators and scales."
00487,NOC,1627,Weight Loss Behaviour,Comportamento de Perda de Peso,"Nursing Outcomes Classification (NOC), 7th edition",primary,Compatibility primary selected for the diagnosis; consider alternative/context-specific links before finalising a care plan.,Compatibility primary selected for the diagnosis; consider alternative/context-specific links before finalising a care plan.,Mapeamento primário de compatibilidade selecionado para o diagnóstico; considerar vínculos alternativos/específicos ao contexto antes de finalizar o plano de cuidados.,high,curated_current_edition,es,Institutional Spanish NOC 7th edition source reviewed; current code/label cross-check against NOC 7th current classification listing; https://www.salusplay.com/apuntes/pae-y-diagnosticos-de-enfermeria-nanda-noc-y-nic/anexo-2-clasificacion-completa-de-resultados-de-enfermeria-noc-2024-8,,2026-09-07,"Selection remains patient/context dependent; use the licensed classification definitions, activities/indicators and scales."
00488,NIC,5270,Emotional Support,Apoio Emocional,"Nursing Interventions Classification (NIC), 8th edition",primary,Compatibility primary selected for the diagnosis; consider alternative/context-specific links before finalising a care plan.,Compatibility primary selected for the diagnosis; consider alternative/context-specific links before finalising a care plan.,Mapeamento primário de compatibilidade selecionado para o diagnóstico; considerar vínculos alternativos/específicos ao contexto antes de finalizar o plano de cuidados.,moderate,curated_current_edition,es,Institutional Spanish NIC 8th edition source reviewed; current code/label cross-check against NIC 8th current classification listing; https://www.salusplay.com/blog/clasificacion-completa-intervenciones-enfermeria-nic-2024/,,2026-09-07,"Selection remains patient/context dependent; use the licensed classification definitions, activities/indicators and scales."
00488,NOC,2002,Personal Well-Being,Bem-Estar Pessoal,"Nursing Outcomes Classification (NOC), 7th edition",primary,Compatibility primary selected for the diagnosis; consider alternative/context-specific links before finalising a care plan.,Compatibility primary selected for the diagnosis; consider alternative/context-specific links before finalising a care plan.,Mapeamento primário de compatibilidade selecionado para o diagnóstico; considerar vínculos alternativos/específicos ao contexto antes de finalizar o plano de cuidados.,moderate,curated_current_edition,es,Institutional Spanish NOC 7th edition source reviewed; current code/label cross-check against NOC 7th current classification listing; https://www.salusplay.com/apuntes/pae-y-diagnosticos-de-enfermeria-nanda-noc-y-nic/anexo-2-clasificacion-completa-de-resultados-de-enfermeria-noc-2024-8,,2026-09-07,"Selection remains patient/context dependent; use the licensed classification definitions, activities/indicators and scales."
00489,NIC,5602,Teaching: Disease Process,Ensino: Processo da Doença,"Nursing Interventions Classification (NIC), 8th edition",primary,Compatibility primary selected for the diagnosis; consider alternative/context-specific links before finalising a care plan.,Compatibility primary selected for the diagnosis; consider alternative/context-specific links before finalising a care plan.,Mapeamento primário de compatibilidade selecionado para o diagnóstico; considerar vínculos alternativos/específicos ao contexto antes de finalizar o plano de cuidados.,high,curated_current_edition,es,Institutional Spanish NIC 8th edition source reviewed; current code/label cross-check against NIC 8th current classification listing; https://www.salusplay.com/blog/clasificacion-completa-intervenciones-enfermeria-nic-2024/,,2026-09-07,"Selection remains patient/context dependent; use the licensed classification definitions, activities/indicators and scales."
00489,NOC,1619,Self-Management: Diabetes,Autogestão do Diabetes,"Nursing Outcomes Classification (NOC), 7th edition",primary,Compatibility primary selected for the diagnosis; consider alternative/context-specific links before finalising a care plan.,Compatibility primary selected for the diagnosis; consider alternative/context-specific links before finalising a care plan.,Mapeamento primário de compatibilidade selecionado para o diagnóstico; considerar vínculos alternativos/específicos ao contexto antes de finalizar o plano de cuidados.,high,curated_current_edition,es,Institutional Spanish NOC 7th edition source reviewed; current code/label cross-check against NOC 7th current classification listing; https://www.salusplay.com/apuntes/pae-y-diagnosticos-de-enfermeria-nanda-noc-y-nic/anexo-2-clasificacion-completa-de-resultados-de-enfermeria-noc-2024-8,,2026-09-07,"Selection remains patient/context dependent; use the licensed classification definitions, activities/indicators and scales."
00490,NIC,3900,Temperature Regulation,Regulação da Temperatura,"Nursing Interventions Classification (NIC), 8th edition",primary,Compatibility primary selected for the diagnosis; consider alternative/context-specific links before finalising a care plan.,Compatibility primary selected for the diagnosis; consider alternative/context-specific links before finalising a care plan.,Mapeamento primário de compatibilidade selecionado para o diagnóstico; considerar vínculos alternativos/específicos ao contexto antes de finalizar o plano de cuidados.,high,curated_current_edition,es,Institutional Spanish NIC 8th edition source reviewed; current code/label cross-check against NIC 8th current classification listing; https://www.salusplay.com/blog/clasificacion-completa-intervenciones-enfermeria-nic-2024/,,2026-09-07,"Selection remains patient/context dependent; use the licensed classification definitions, activities/indicators and scales."
00490,NOC,0800,Thermoregulation,Termorregulação,"Nursing Outcomes Classification (NOC), 7th edition",primary,Compatibility primary selected for the diagnosis; consider alternative/context-specific links before finalising a care plan.,Compatibility primary selected for the diagnosis; consider alternative/context-specific links before finalising a care plan.,Mapeamento primário de compatibilidade selecionado para o diagnóstico; considerar vínculos alternativos/específicos ao contexto antes de finalizar o plano de cuidados.,high,curated_current_edition,es,Institutional Spanish NOC 7th edition source reviewed; current code/label cross-check against NOC 7th current classification listing; https://www.salusplay.com/apuntes/pae-y-diagnosticos-de-enfermeria-nanda-noc-y-nic/anexo-2-clasificacion-completa-de-resultados-de-enfermeria-noc-2024-8,,2026-09-07,"Selection remains patient/context dependent; use the licensed classification definitions, activities/indicators and scales."
00491,NIC,2080,Fluid/Electrolyte Management,Controle de Líquidos/Eletrólitos,"Nursing Interventions Classification (NIC), 8th edition",primary,Compatibility primary selected for the diagnosis; consider alternative/context-specific links before finalising a care plan.,Compatibility primary selected for the diagnosis; consider alternative/context-specific links before finalising a care plan.,Mapeamento primário de compatibilidade selecionado para o diagnóstico; considerar vínculos alternativos/específicos ao contexto antes de finalizar o plano de cuidados.,high,curated_current_edition,es,Institutional Spanish NIC 8th edition source reviewed; current code/label cross-check against NIC 8th current classification listing; https://www.salusplay.com/blog/clasificacion-completa-intervenciones-enfermeria-nic-2024/,,2026-09-07,"Selection remains patient/context dependent; use the licensed classification definitions, activities/indicators and scales."
00491,NOC,0606,Electrolyte Balance,Equilíbrio Eletrolítico,"Nursing Outcomes Classification (NOC), 7th edition",primary,Compatibility primary selected for the diagnosis; consider alternative/context-specific links before finalising a care plan.,Compatibility primary selected for the diagnosis; consider alternative/context-specific links before finalising a care plan.,Mapeamento primário de compatibilidade selecionado para o diagnóstico; considerar vínculos alternativos/específicos ao contexto antes de finalizar o plano de cuidados.,high,curated_current_edition,es,Institutional Spanish NOC 7th edition source reviewed; current code/label cross-check against NOC 7th current classification listing; https://www.salusplay.com/apuntes/pae-y-diagnosticos-de-enfermeria-nanda-noc-y-nic/anexo-2-clasificacion-completa-de-resultados-de-enfermeria-noc-2024-8,,2026-09-07,"Selection remains patient/context dependent; use the licensed classification definitions, activities/indicators and scales."
00492,NIC,4120,Fluid Management,Controle de Líquidos,"Nursing Interventions Classification (NIC), 8th edition",primary,Compatibility primary selected for the diagnosis; consider alternative/context-specific links before finalising a care plan.,Compatibility primary selected for the diagnosis; consider alternative/context-specific links before finalising a care plan.,Mapeamento primário de compatibilidade selecionado para o diagnóstico; considerar vínculos alternativos/específicos ao contexto antes de finalizar o plano de cuidados.,high,curated_current_edition,es,Institutional Spanish NIC 8th edition source reviewed; current code/label cross-check against NIC 8th current classification listing; https://www.salusplay.com/blog/clasificacion-completa-intervenciones-enfermeria-nic-2024/,,2026-09-07,"Selection remains patient/context dependent; use the licensed classification definitions, activities/indicators and scales."
00492,NOC,0601,Fluid Balance,Equilíbrio Hídrico,"Nursing Outcomes Classification (NOC), 7th edition",primary,Compatibility primary selected for the diagnosis; consider alternative/context-specific links before finalising a care plan.,Compatibility primary selected for the diagnosis; consider alternative/context-specific links before finalising a care plan.,Mapeamento primário de compatibilidade selecionado para o diagnóstico; considerar vínculos alternativos/específicos ao contexto antes de finalizar o plano de cuidados.,high,curated_current_edition,es,Institutional Spanish NOC 7th edition source reviewed; current code/label cross-check against NOC 7th current classification listing; https://www.salusplay.com/apuntes/pae-y-diagnosticos-de-enfermeria-nanda-noc-y-nic/anexo-2-clasificacion-completa-de-resultados-de-enfermeria-noc-2024-8,,2026-09-07,"Selection remains patient/context dependent; use the licensed classification definitions, activities/indicators and scales."
00493,NIC,4720,Cognitive Stimulation,Estimulação Cognitiva,"Nursing Interventions Classification (NIC), 8th edition",primary,Compatibility primary selected for the diagnosis; consider alternative/context-specific links before finalising a care plan.,Compatibility primary selected for the diagnosis; consider alternative/context-specific links before finalising a care plan.,Mapeamento primário de compatibilidade selecionado para o diagnóstico; considerar vínculos alternativos/específicos ao contexto antes de finalizar o plano de cuidados.,moderate,curated_current_edition,es,Institutional Spanish NIC 8th edition source reviewed; current code/label cross-check against NIC 8th current classification listing; https://www.salusplay.com/blog/clasificacion-completa-intervenciones-enfermeria-nic-2024/,,2026-09-07,"Selection remains patient/context dependent; use the licensed classification definitions, activities/indicators and scales."
00493,NOC,0900,Cognition,Cognição,"Nursing Outcomes Classification (NOC), 7th edition",primary,Compatibility primary selected for the diagnosis; consider alternative/context-specific links before finalising a care plan.,Compatibility primary selected for the diagnosis; consider alternative/context-specific links before finalising a care plan.,Mapeamento primário de compatibilidade selecionado para o diagnóstico; considerar vínculos alternativos/específicos ao contexto antes de finalizar o plano de cuidados.,moderate,curated_current_edition,es,Institutional Spanish NOC 7th edition source reviewed; current code/label cross-check against NOC 7th current classification listing; https://www.salusplay.com/apuntes/pae-y-diagnosticos-de-enfermeria-nanda-noc-y-nic/anexo-2-clasificacion-completa-de-resultados-de-enfermeria-noc-2024-8,,2026-09-07,"Selection remains patient/context dependent; use the licensed classification definitions, activities/indicators and scales."
00494,NIC,5390,Self-Awareness Enhancement,Melhora da Autoconsciência,"Nursing Interventions Classification (NIC), 8th edition",primary,Compatibility primary selected for the diagnosis; consider alternative/context-specific links before finalising a care plan.,Compatibility primary selected for the diagnosis; consider alternative/context-specific links before finalising a care plan.,Mapeamento primário de compatibilidade selecionado para o diagnóstico; considerar vínculos alternativos/específicos ao contexto antes de finalizar o plano de cuidados.,moderate,curated_current_edition,es,Institutional Spanish NIC 8th edition source reviewed; current code/label cross-check against NIC 8th current classification listing; https://www.salusplay.com/blog/clasificacion-completa-intervenciones-enfermeria-nic-2024/,,2026-09-07,"Selection remains patient/context dependent; use the licensed classification definitions, activities/indicators and scales."
00494,NOC,1205,Self-Esteem,Autoestima,"Nursing Outcomes Classification (NOC), 7th edition",primary,Compatibility primary selected for the diagnosis; consider alternative/context-specific links before finalising a care plan.,Compatibility primary selected for the diagnosis; consider alternative/context-specific links before finalising a care plan.,Mapeamento primário de compatibilidade selecionado para o diagnóstico; considerar vínculos alternativos/específicos ao contexto antes de finalizar o plano de cuidados.,moderate,curated_current_edition,es,Institutional Spanish NOC 7th edition source reviewed; current code/label cross-check against NOC 7th current classification listing; https://www.salusplay.com/apuntes/pae-y-diagnosticos-de-enfermeria-nanda-noc-y-nic/anexo-2-clasificacion-completa-de-resultados-de-enfermeria-noc-2024-8,,2026-09-07,"Selection remains patient/context dependent; use the licensed classification definitions, activities/indicators and scales."
00495,NIC,7100,Family Integrity Promotion,Promoção da Integridade Familiar,"Nursing Interventions Classification (NIC), 8th edition",primary,Compatibility primary selected for the diagnosis; consider alternative/context-specific links before finalising a care plan.,Compatibility primary selected for the diagnosis; consider alternative/context-specific links before finalising a care plan.,Mapeamento primário de compatibilidade selecionado para o diagnóstico; considerar vínculos alternativos/específicos ao contexto antes de finalizar o plano de cuidados.,high,curated_current_edition,es,Institutional Spanish NIC 8th edition source reviewed; current code/label cross-check against NIC 8th current classification listing; https://www.salusplay.com/blog/clasificacion-completa-intervenciones-enfermeria-nic-2024/,,2026-09-07,"Selection remains patient/context dependent; use the licensed classification definitions, activities/indicators and scales."
00495,NOC,2603,Family Integrity,Integridade Familiar,"Nursing Outcomes Classification (NOC), 7th edition",primary,Compatibility primary selected for the diagnosis; consider alternative/context-specific links before finalising a care plan.,Compatibility primary selected for the diagnosis; consider alternative/context-specific links before finalising a care plan.,Mapeamento primário de compatibilidade selecionado para o diagnóstico; considerar vínculos alternativos/específicos ao contexto antes de finalizar o plano de cuidados.,high,curated_current_edition,es,Institutional Spanish NOC 7th edition source reviewed; current code/label cross-check against NOC 7th current classification listing; https://www.salusplay.com/apuntes/pae-y-diagnosticos-de-enfermeria-nanda-noc-y-nic/anexo-2-clasificacion-completa-de-resultados-de-enfermeria-noc-2024-8,,2026-09-07,"Selection remains patient/context dependent; use the licensed classification definitions, activities/indicators and scales."
00496,NIC,7100,Family Integrity Promotion,Promoção da Integridade Familiar,"Nursing Interventions Classification (NIC), 8th edition",primary,Compatibility primary selected for the diagnosis; consider alternative/context-specific links before finalising a care plan.,Compatibility primary selected for the diagnosis; consider alternative/context-specific links before finalising a care plan.,Mapeamento primário de compatibilidade selecionado para o diagnóstico; considerar vínculos alternativos/específicos ao contexto antes de finalizar o plano de cuidados.,high,curated_current_edition,es,Institutional Spanish NIC 8th edition source reviewed; current code/label cross-check against NIC 8th current classification listing; https://www.salusplay.com/blog/clasificacion-completa-intervenciones-enfermeria-nic-2024/,,2026-09-07,"Selection remains patient/context dependent; use the licensed classification definitions, activities/indicators and scales."
00496,NOC,2603,Family Integrity,Integridade Familiar,"Nursing Outcomes Classification (NOC), 7th edition",primary,Compatibility primary selected for the diagnosis; consider alternative/context-specific links before finalising a care plan.,Compatibility primary selected for the diagnosis; consider alternative/context-specific links before finalising a care plan.,Mapeamento primário de compatibilidade selecionado para o diagnóstico; considerar vínculos alternativos/específicos ao contexto antes de finalizar o plano de cuidados.,high,curated_current_edition,es,Institutional Spanish NOC 7th edition source reviewed; current code/label cross-check against NOC 7th current classification listing; https://www.salusplay.com/apuntes/pae-y-diagnosticos-de-enfermeria-nanda-noc-y-nic/anexo-2-clasificacion-completa-de-resultados-de-enfermeria-noc-2024-8,,2026-09-07,"Selection remains patient/context dependent; use the licensed classification definitions, activities/indicators and scales."
00497,NIC,5220,Body Image Enhancement,Melhora da Imagem Corporal,"Nursing Interventions Classification (NIC), 8th edition",primary,Compatibility primary selected for the diagnosis; consider alternative/context-specific links before finalising a care plan.,Compatibility primary selected for the diagnosis; consider alternative/context-specific links before finalising a care plan.,Mapeamento primário de compatibilidade selecionado para o diagnóstico; considerar vínculos alternativos/específicos ao contexto antes de finalizar o plano de cuidados.,high,curated_current_edition,es,Institutional Spanish NIC 8th edition source reviewed; current code/label cross-check against NIC 8th current classification listing; https://www.salusplay.com/blog/clasificacion-completa-intervenciones-enfermeria-nic-2024/,,2026-09-07,"Selection remains patient/context dependent; use the licensed classification definitions, activities/indicators and scales."
00497,NOC,1200,Body Image,Imagem Corporal,"Nursing Outcomes Classification (NOC), 7th edition",primary,Compatibility primary selected for the diagnosis; consider alternative/context-specific links before finalising a care plan.,Compatibility primary selected for the diagnosis; consider alternative/context-specific links before finalising a care plan.,Mapeamento primário de compatibilidade selecionado para o diagnóstico; considerar vínculos alternativos/específicos ao contexto antes de finalizar o plano de cuidados.,high,curated_current_edition,es,Institutional Spanish NOC 7th edition source reviewed; current code/label cross-check against NOC 7th current classification listing; https://www.salusplay.com/apuntes/pae-y-diagnosticos-de-enfermeria-nanda-noc-y-nic/anexo-2-clasificacion-completa-de-resultados-de-enfermeria-noc-2024-8,,2026-09-07,"Selection remains patient/context dependent; use the licensed classification definitions, activities/indicators and scales."
00499,NIC,5602,Teaching: Disease Process,Ensino: Processo da Doença,"Nursing Interventions Classification (NIC), 8th edition",primary,Compatibility primary selected for the diagnosis; consider alternative/context-specific links before finalising a care plan.,Compatibility primary selected for the diagnosis; consider alternative/context-specific links before finalising a care plan.,Mapeamento primário de compatibilidade selecionado para o diagnóstico; considerar vínculos alternativos/específicos ao contexto antes de finalizar o plano de cuidados.,high,curated_current_edition,es,Institutional Spanish NIC 8th edition source reviewed; current code/label cross-check against NIC 8th current classification listing; https://www.salusplay.com/blog/clasificacion-completa-intervenciones-enfermeria-nic-2024/,,2026-09-07,"Selection remains patient/context dependent; use the licensed classification definitions, activities/indicators and scales."
00499,NOC,1803,Knowledge: Disease Management,Conhecimento: Controle da Doença,"Nursing Outcomes Classification (NOC), 7th edition",primary,Compatibility primary selected for the diagnosis; consider alternative/context-specific links before finalising a care plan.,Compatibility primary selected for the diagnosis; consider alternative/context-specific links before finalising a care plan.,Mapeamento primário de compatibilidade selecionado para o diagnóstico; considerar vínculos alternativos/específicos ao contexto antes de finalizar o plano de cuidados.,high,curated_current_edition,es,Institutional Spanish NOC 7th edition source reviewed; current code/label cross-check against NOC 7th current classification listing; https://www.salusplay.com/apuntes/pae-y-diagnosticos-de-enfermeria-nanda-noc-y-nic/anexo-2-clasificacion-completa-de-resultados-de-enfermeria-noc-2024-8,,2026-09-07,"Selection remains patient/context dependent; use the licensed classification definitions, activities/indicators and scales."
00500,NIC,6540,Infection Control,Controle de Infecção,"Nursing Interventions Classification (NIC), 8th edition",primary,Compatibility primary selected for the diagnosis; consider alternative/context-specific links before finalising a care plan.,Compatibility primary selected for the diagnosis; consider alternative/context-specific links before finalising a care plan.,Mapeamento primário de compatibilidade selecionado para o diagnóstico; considerar vínculos alternativos/específicos ao contexto antes de finalizar o plano de cuidados.,high,curated_current_edition,es,Institutional Spanish NIC 8th edition source reviewed; current code/label cross-check against NIC 8th current classification listing; https://www.salusplay.com/blog/clasificacion-completa-intervenciones-enfermeria-nic-2024/,,2026-09-07,"Selection remains patient/context dependent; use the licensed classification definitions, activities/indicators and scales."
00500,NOC,1924,Risk Control: Infectious Process,Controle de Risco: Processo Infeccioso,"Nursing Outcomes Classification (NOC), 7th edition",primary,Compatibility primary selected for the diagnosis; consider alternative/context-specific links before finalising a care plan.,Compatibility primary selected for the diagnosis; consider alternative/context-specific links before finalising a care plan.,Mapeamento primário de compatibilidade selecionado para o diagnóstico; considerar vínculos alternativos/específicos ao contexto antes de finalizar o plano de cuidados.,high,curated_current_edition,es,Institutional Spanish NOC 7th edition source reviewed; current code/label cross-check against NOC 7th current classification listing; https://www.salusplay.com/apuntes/pae-y-diagnosticos-de-enfermeria-nanda-noc-y-nic/anexo-2-clasificacion-completa-de-resultados-de-enfermeria-noc-2024-8,,2026-09-07,"Selection remains patient/context dependent; use the licensed classification definitions, activities/indicators and scales."
